player_id,player_display_name,position,team,opponent_team,avg_avg_expected_yac,avg_avg_intended_air_yards,avg_avg_separation,avg_avg_time_to_los,avg_avg_yac_above_expectation,avg_carries,avg_catch_percentage,avg_endzone_target_share,avg_endzone_targets,avg_inside_5_carry_share,avg_inside_5_target_share,avg_offense_snap_share,avg_percent_attempts_gte_eight_defenders,avg_percent_share_of_intended_air_yards,avg_racr,avg_receiving_air_yards,avg_receiving_epa,avg_receiving_yards,avg_receptions,avg_redzone_carry_share,avg_redzone_target_share,avg_rush_pct_over_expected,avg_rush_yards_over_expected_per_att,avg_rushing_epa,avg_rushing_yards,avg_scored_touchdown,avg_wopr,target_share,passing_tds_allowed_to_RB,passing_tds_allowed_to_WR,rushing_tds_allowed_to_RB,rushing_tds_allowed_to_QB,passing_tds_allowed_to_TE,implied_total,opponent_encoded,rush_matchup_value,pass_matchup_value,season,week,depth_chart_rank,predicted_touchdown_probability,merge_name,price,market_implied_prob,model_edge
00-0033553,James Conner,RB,ARI,NO,0.0,0.0,0.0,1.4654956414612852,0.0,15.458951079125148,0.0,-0.2989187578693765,-0.2958735256887429,0.6652435372357249,0.7072505957940428,0.9585349680560216,1.9205143643964833,0.0,-1.6757104093173745,-4.942203044998644,2.5952477310841933,37.580180252798435,4.167895689630791,1.8734217963962063,2.603757447104459,1.5120479460045613,2.80355513827462,1.9814138456286443,97.34872063233352,2.0313998045689017,1.0359978687452798,0.06666667014360428,-0.784670027937213,1.52390123508045,0.5790112389768709,0.00019132883031764192,0.0025489126294381136,0.6086868757148314,22,2.115415255932129,-0.35736324994046087,2025.0,1.0,-1.0477273370802078,0.607986116912806,james conner,-155.0,0.6078431372549019,0.0001429796579041076
00-0034844,Saquon Barkley,RB,PHI,DAL,0.0,0.0,0.0,1.6106354127599845,0.0,24.063239682114194,0.0,-0.14746696026980294,-0.19158055415037245,1.6607217924134283,-0.32705920834784485,1.6998965470933738,0.7575185577692031,0.0,0.7005309131292493,11.923369995330665,-0.06837500827824408,7.917629526393836,1.0044956557534053,1.407145100972859,-0.40874471267159035,1.5703052363043544,2.177512215666944,1.9850885893117747,125.3793506819719,1.1609796479254562,0.6819928318189039,0.1111111119389534,-0.4156252486010924,2.065219482344678,-0.6931903270022539,0.6542454202363093,0.051659742860038146,1.3077136466110257,8,0.14614885084371448,-0.30066583576402733,2025.0,1.0,-1.0477273370802078,0.5961590447166615,saquon barkley,-185.0,0.6491228070175439,-0.0529637623008824
00-0036223,Jonathan Taylor,RB,IND,MIA,0.0,0.0,0.0,1.5433992315671563,0.0,27.278585338825998,0.0,-0.30018497706863334,-0.2970335806059041,1.7402228347537658,-0.3363176382878436,2.037669137104132,1.4147430682965032,0.0,0.024709489669736788,3.588131950932677,-0.6590896732975714,6.224026013289078,1.1583169278767758,1.7527058780802471,0.4642389986730985,1.4825257694063319,1.699927807290864,-0.4204450296275543,133.94954257045273,1.7185798635621152,-0.05571179142767932,0.05128205195069313,-0.6827569662163543,0.7338619354010841,-1.1711510023196212,1.8411477044333205e-05,0.29680161283146717,0.49218241389879896,19,-0.37093920153303883,-0.29193538736249075,2025.0,1.0,-1.0477273370802078,0.5772820440508635,jonathan taylor,-180.0,0.6428571428571429,-0.06557509880627943
00-0035700,Josh Jacobs,RB,GB,DET,0.0,0.0,0.0,1.5229802219800084,0.0,17.814767537736962,0.0,-0.2949891922364232,-0.28905123709449065,1.5303716328378516,-0.27793627078907485,1.0819415041831753,1.4836046247930803,0.0,-0.1288118872991131,-4.983374407217709,0.9814087679452187,20.41535589303887,1.8810059789940603,1.2279306107310215,-0.7051664135806285,2.2358506587127933,0.3891415814061785,-1.24193352571401,72.97051016800093,2.5876513052743717,-0.1273712812890863,0.03999999910593033,1.584184086531179,1.3586952356836177,-0.23986177798243088,1.0923931475436526,0.32728641679654513,0.6086868757148314,10,0.581961066010071,-0.3438990469668444,2025.0,1.0,-1.0477273370802078,0.5758831778824891,josh jacobs,-160.0,0.6153846153846154,-0.03950143750212631
00-0037248,James Cook,RB,BUF,BAL,0.0,0.0,0.0,1.1499586771553678,0.0,12.899346820333056,0.0,-0.2977394348449014,-0.29495206479285485,0.7746661912658822,3.1403757163931707,0.2155099232635498,0.8805220902757616,0.0,-0.42625830591140285,0.5527723820472951,1.026809313736777,12.584771669882334,1.3512243330131326,1.1444604398443348,0.4172942338367104,1.5045635246638804,2.689640686729526,1.282821107639541,71.45706646515201,2.286527305612703,-0.4011614370703114,0.0,0.2961505253716937,0.46992837664964765,-0.8244183307425869,0.13876356505374152,0.35180540354769163,0.8416957993468962,2,-0.09328851856414938,0.4547122253034362,2025.0,1.0,-1.0477273370802078,0.5734366042343695,james cook,105.0,0.4878048780487805,0.08563172618558901
00-0038542,Bijan Robinson,RB,ATL,TB,0.0,0.0,0.0,1.7200308125398347,0.0,19.707222502218347,0.0,-0.29873199311373494,-0.29563691385424307,2.2016661741092673,-0.3347768140355012,2.0302336375984065,0.36933481425537334,0.0,-0.12969628299838792,10.444490266723562,-0.6104909199402208,11.922658066627221,2.6455072959957167,1.6268021315083934,0.22986293702865665,2.334606947310861,1.8183695353022937,1.391277733469934,95.26686520350806,1.9658651009835812,1.1629374192143027,0.13513512909412384,-0.6821024198665372,1.440923377515286,-0.8702122719058668,0.14003041387088902,0.040340912980190824,0.026164566634669394,29,-0.0005144991969665371,-0.30922116031293545,2025.0,1.0,-1.0477273370802078,0.5685286831925283,bijan robinson,-175.0,0.6363636363636364,-0.0678349531711081
00-0039139,Jahmyr Gibbs,RB,DET,GB,0.0,0.0,0.0,1.2309985366622318,0.0,16.908162527777883,0.0,0.47028330863805035,0.5504079220140985,1.0643682069405043,0.08081816032373614,0.9911649871782621,0.5197363886564694,0.0,3.8364658532006306,-1.3308497706482996,2.612175644130423,46.58736648868315,4.06456622478805,1.185867548380027,0.012426227693592121,1.471627832584246,1.6254791943868891,1.8352802297732083,92.01142276274993,2.4095795722308995,1.1169763223954923,0.15625,1.5599140399425293,1.0493457725540178,-0.8633152511615524,0.006718519543583356,0.0393256623309879,0.026164566634669394,11,-0.12265182192222215,0.7856775807272234,2025.0,1.0,-1.0477273370802078,0.5639538457444043,jahmyr gibbs,-105.0,0.5121951219512195,0.0517587237931848
00-0037840,Kyren Williams,RB,LA,HOU,0.0,0.0,0.0,1.5728545139556482,0.0,23.817253802539717,0.0,-0.23628640616203547,-0.23514171457885136,1.708154841626446,-0.2847977045043007,2.0775226400813542,1.1326660762164324,0.0,-0.00023081989410546734,-1.8216022250396942,-0.4898873930691808,6.834748354694492,1.4065252186181707,1.678074972748431,0.3837553963686371,2.331256447194722,1.3299069755121362,0.5634885488903116,106.06753811920574,1.5655664269512868,-0.5060211598634383,0.1071428582072258,-0.7757818505942148,0.5683165579300359,0.0900762803314344,0.640230009708119,1.0215182075338964,0.200921259358718,12,1.281422556874984,-0.36722019109417564,2025.0,1.0,-1.0477273370802078,0.5628559529186722,kyren williams,-140.0,0.5833333333333334,-0.020477380414661184
00-0032764,Derrick Henry,RB,BAL,BUF,0.0,0.0,0.0,1.458504079565472,0.0,22.683229229324194,0.0,-0.30018497706863334,-0.2970335806059041,1.7209829954893545,-0.3237127513169323,1.1069981868617431,1.9970939291240708,0.0,1.4701994994100802,-0.5087842468892735,1.5311983031712046,16.65443588331802,1.584888595918738,1.6583789470057766,-0.6742036238275388,2.0200090377119184,1.0052213435854642,2.4344687147114294,128.08583955642325,0.7727084085420277,0.1780764074926465,0.10000000149011612,-0.026119812622289244,1.3164319510031357,-0.1094909053494918,0.0009965931172776533,0.7027349007928921,0.49218241389879896,3,1.0053910934595647,-0.3538091266377762,2025.0,1.0,-1.0477273370802078,0.5554527657040265,derrick henry,-145.0,0.5918367346938775,-0.03638396898985108
00-0036900,Ja'Marr Chase,WR,CIN,CLE,1.0530343027617177,1.0571663890284464,1.5586793413804647,0.0,2.596826262397935,0.3304334144982804,1.6780881400424912,3.078287579515109,3.830505238636027,0.0,1.3412989115568257,1.4968617292571957,0.0,1.7250098253637383,0.04450683729319163,1.7885883935229971,1.8213418302825368,2.8114022963058134,2.9394196824435737,5.370276476028458e-11,1.7581200726128006,0.0,0.0,0.17961188769756764,2.9339329122850755,1.0544960077115069,1.9065299821846358,1.747202057906459,0.00022142102909294124,0.3479891885012944,0.25582402967661827,0.4559935967827969,0.8917797996835549,0.9509908242503988,7,0.0,2.120053121260926,2025.0,1.0,-0.7858069365503105,0.5466596020961829,jamarr chase,-130.0,0.5652173913043478,-0.018557789208164865
00-0036158,J.K. Dobbins,RB,DEN,TEN,0.0,0.0,0.0,1.0481750190532209,0.0,13.95107970682121,0.0,-0.30018497706863334,-0.2970335806059041,1.3465598600647952,-0.33612977457779547,0.73439515589455,0.8202496524680096,0.0,-0.6133875891490549,-3.815444556771695,-0.6156642626912949,10.417370859528848,1.8707713820449094,0.7892216259110387,0.669265436323174,0.9790648522761011,0.09472172669805579,1.244298800075332,61.41873755860423,1.3651481138088821,-0.012521889755486766,0.08571428805589676,-0.03912341064459293,1.3622331167342887,0.9003993306264244,0.3230993026910642,0.09122735975292752,0.7251913375308637,30,1.3579079661758846,0.32521455355637374,2025.0,1.0,-1.0477273370802078,0.5411702645184149,jk dobbins,160.0,0.38461538461538464,0.15655487990303024
00-0039893,Brian Thomas Jr.,WR,JAX,CAR,2.124225463378951,1.153926926963154,1.4252646298256522,0.0,1.6774638253917797,0.4920156727633056,1.5519288915264362,1.5918932746121766,1.2615929340855083,0.0,0.578998605559395,1.143296185972244,0.0,3.1433749045602277,-0.03750052603343489,1.8797978199138403,2.1929550691527484,2.5194961572543972,2.4759757562742415,0.0,1.0438604375932297,0.0,0.0,0.7521374130151683,7.916270691915107,2.7838807507274876,3.1827513220244104,2.268174680518176,0.24761513033179824,2.5028275438753598,0.3293142212970917,0.3630198727704601,0.6629451961853446,0.6057035912842055,4,0.0,3.4466400642684847,2025.0,1.0,-0.7858069365503105,0.5226115853659603,brian thomas,130.0,0.43478260869565216,0.08782897667030815
00-0031408,Mike Evans,WR,TB,ATL,0.4683985563824032,2.0595932545668676,0.9877666748597229,0.0,0.9142314977343231,1.9398750659154304e-12,1.9776717799462908,2.619693618161539,2.562084604701476,0.0,1.1073127057648462,0.4991821602284831,0.0,2.1213524904838956,-0.1530901628465626,2.031206987426055,2.4622510285433323,2.3477304529640115,2.039379364697497,0.0,0.3778590639252554,0.0,0.0,1.2367804069331053e-12,1.9398750659154304e-11,1.8387491018094195,1.7505993849612145,3.2667054636477464,0.40596432302653357,0.09836865549633474,0.5228075199062638,0.0021455164619609253,1.4738024923697968,0.6057035912842055,1,0.0,0.5493140388440716,2025.0,1.0,-0.7858069365503105,0.5221576120602943,mike evans,110.0,0.47619047619047616,0.045967135869818154
00-0038597,Chase Brown,RB,CIN,CLE,0.0,0.0,0.0,1.2870007350534638,0.0,18.640243306645385,0.0,2.9691261857844347,3.367478692484864,2.67368519194974,-0.25949540911336505,2.40634761875639,1.065848904413151,0.0,0.2735916893015864,8.731200086854233,1.5906307917575153,28.436876958739465,3.733154061418565,2.868513570177192,0.5440345383600602,1.4750700708964202,1.0168946986695893,1.1983207632850943,83.26510009751823,0.9934824575231022,1.1917295931550944,0.08163265138864517,-0.7947994276166305,1.1156771343227871,-0.93657264004553,0.4559935967827969,0.6558806722345255,0.9582002611629286,7,0.24037047057581304,-0.38126432746063327,2025.0,1.0,-1.0477273370802078,0.521273090074291,chase brown,-150.0,0.6,-0.07872690992570897
00-0039361,Bucky Irving,RB,TB,ATL,0.0,0.0,0.0,1.393516617594122,0.0,16.501459999134028,0.0,-0.30018497706863334,-0.2970335806059041,2.052915705263114,-0.31880367160127254,0.5344874020931443,0.22571490785603376,0.0,-0.8775175624329163,-10.566508025734288,2.6315766284637934,41.94350660762141,3.1967016425994927,0.3527098984818915,0.49109482994730513,1.5799560403042336,2.2119485619597734,2.185864782920879,91.64686176935682,0.31189191898025564,0.1658725079910098,0.16129031777381897,0.9802901256720705,0.9889414560151615,-0.34526766462202924,0.0021455164619609253,0.8445559613314039,0.6086868757148314,1,-0.005862691419101794,1.0666252150598141,2025.0,1.0,-1.0477273370802078,0.5189053525174976,bucky irving,-140.0,0.5833333333333334,-0.06442798081583578
00-0036912,DeVonta Smith,WR,PHI,DAL,0.7282203452050138,0.6243408532018431,1.480281121825782,0.0,-0.47061441029945505,0.2400000000000042,1.7898704900460152,0.9016066840765916,0.5139615621836916,0.0,1.1069778223073994,1.1740267496132422,0.0,1.265350916340373,0.022630687266247597,0.31497695641808054,2.095551333877052,1.0438710253073429,1.8633936415503682,0.015000000000000263,0.6551377649776696,0.0,0.0,-0.11384191274643143,0.2400000000000042,1.0630718122809157,1.7095850078180281,2.619509773613047,0.08689154506380958,2.2182223398059615,0.36571496937304,0.6542454202363093,-0.972111831145493,1.296278057216592,8,0.0,2.4400958679068094,2025.0,1.0,0.2717012128747659,0.5158925708546805,devonta smith,180.0,0.35714285714285715,0.1587497137118234
00-0036875,Rhamondre Stevenson,RB,NE,LV,0.0,0.0,0.0,1.3710372304744303,0.0,13.450220071057512,0.0,-0.1445300515038157,-0.11926885617511575,-0.03570941802930923,1.0591899748152611,0.882810643077237,0.5785711871458891,0.0,-0.0578392011803152,-3.8536071962695697,1.2456567691249951,14.010667240948962,1.4821089085255852,1.1082467175265205,0.7180550816350806,1.8167775477898982,1.2011875122210585,-1.216403468741896,59.91792271170465,0.6218740594084446,-0.45860699964382823,0.043478261679410934,-0.36012739519804265,0.7107433158731468,-0.6980337358909129,0.006288777438944995,0.478507587281738,0.200921259358718,18,0.028567178832562802,0.03935129216371993,2025.0,1.0,-1.0477273370802078,0.5023573426921848,rhamondre stevenson,155.0,0.39215686274509803,0.11020047994708676
00-0037744,Trey McBride,TE,ARI,NO,1.260636290982123,0.008790166587323603,1.0960907171194412,0.0,0.22329771402933216,0.0111974400089809,1.2429435419923853,0.6745672890009485,1.0075636292786343,0.00559872000449045,4.373065275270354,1.3876406314537242,0.0,0.8331817667777449,0.3077968907431906,0.5267546277068593,0.8883796424538476,1.981773243449049,3.026608811109151,0.001244160010267592,1.7470708234897407,0.0,0.0,0.00673029227956795,0.0223948800179618,0.9263422559003555,1.4553444627510843,2.1537598006560503,0.002536758874332544,1.152033629477524,0.940133972219178,0.00019132883031764192,-1.1236081812382388,0.6057035912842055,22,0.0,-0.6998853220167711,2025.0,1.0,-0.7858069365503105,0.5002346802387899,trey mcbride,200.0,0.3333333333333333,0.1669013469054566
00-0035676,A.J. Brown,WR,PHI,DAL,0.673563549731462,1.1143208319733522,0.49319376803250986,0.0,1.542090587698745,3.3839697949846376e-12,1.134463748338919,3.9760564408423127,3.1479156280330165,0.0,1.851275525282237,1.4882589557152133,0.0,2.822006026666588,-0.10406658251430591,1.9761141979149428,1.5494174221317727,2.1298374203399986,2.0685944140225754,4.618750363415722e-13,1.9212401891996929,0.0,0.0,2.683981774366957e-12,2.308440982439013e-11,2.149635373705009,3.4944355344285385,1.4730485382611205,0.08689154506380958,2.2182223398059615,0.36571496937304,0.6542454202363093,-0.972111831145493,1.296278057216592,8,0.0,4.833967956290482,2025.0,1.0,-0.7858069365503105,0.4992517465499092,aj brown,160.0,0.38461538461538464,0.11463636193452459
00-0033280,Christian McCaffrey,RB,SF,SEA,0.0,0.0,0.0,1.8050548091798246,0.0,14.118304736470664,0.0,1.0549230267255885,0.7855766053786911,1.4458529768086343,0.6165397371842593,2.1272339196852332,1.484640743122,0.0,0.6767971604527214,16.37613945111381,-2.7047568463136358,38.24755044465543,3.9726396541979834,1.9678201858054636,0.5157896463696837,1.5777289193907647,-0.3153095611490148,-0.3423178190281492,56.683604530608214,-0.5496851945740974,2.729698650976872,0.1764705926179886,-0.1909636504061551,1.2054671981071876,-1.1328310542609543,0.018899639194145917,0.01173331776615443,0.14266902845070178,27,-0.28204702703444084,0.12122824650286554,2025.0,1.0,-1.0477273370802078,0.4914989147645449,christian mccaffrey,-155.0,0.6078431372549019,-0.11634422249035703
00-0039337,Malik Nabers,WR,NYG,WAS,1.7662951080400109,1.2193088147655324,1.3489957940677606,0.0,4.516711247774202,0.07588288847924866,1.7168901374624985,2.802054340745215,2.5599096650720665,0.0,2.2083634246012744,1.2631216056532246,0.0,2.4082056498307614,0.2508609838884539,1.527858453748479,1.7641914370153946,3.022499995701989,2.3241484162134203,0.003112839443306541,2.9905875953538246,0.0,0.0,-0.023092955230486892,0.16629568095630917,1.5004022921770062,2.626451992742098,1.5549386265005436,0.1440231463734399,-0.8518001741098444,1.3852244550998638,0.0423015298569259,0.8451690103941416,-0.6028017240974708,31,0.0,1.148419791651131,2025.0,1.0,-0.7858069365503105,0.4854281721415581,malik nabers,150.0,0.4,0.08542817214155807
00-0031381,Davante Adams,WR,LA,HOU,2.5328956208542834,0.6415586326054621,1.9902401894737813,0.0,1.1032660407739012,7.194920260587241e-10,1.4526946084453294,1.5362225622593018,1.8897825013084575,0.0,2.1968504476520683,1.1723770561617222,0.0,1.551736538404358,0.7918335356291859,0.8731159373017134,0.21328638518670917,1.8404876884211054,1.8981531501513402,0.0,2.20386702901755,0.0,0.0,-1.3453181609954719e-09,-3.4990753704877316e-10,1.4542195049265108,1.6829806269237824,2.1445472618243917,0.004568383060241701,-0.7301005858194966,0.7193721535638331,0.640230009708119,2.019692966589213,0.20286848615698008,12,0.0,0.9653357192575293,2025.0,1.0,0.2717012128747659,0.48444975492695735,davante adams,145.0,0.40816326530612246,0.0762864896208349
00-0039075,Puka Nacua,WR,LA,HOU,2.291469004063936,0.21350692478234554,2.0060662768804205,0.0,0.9460409842583551,1.310317591040381,2.206352474936403,-0.23418762603869334,-0.2934227319286543,0.036000036845690996,0.6993484396932004,0.8380448266411485,0.0,0.9230430722868782,6.117906026993929,0.3359120755223937,1.7408192705519945,2.066740461767212,2.692303658955474,0.03426360104377647,3.156876837511026,0.0,0.0,0.2913495594273065,5.662440681780898,0.30555859011166575,2.283376019234409,3.765971008964973,0.004568383060241701,-0.7301005858194966,0.7193721535638331,0.640230009708119,2.019692966589213,0.20286848615698008,12,0.0,1.461189429589899,2025.0,1.0,-0.7858069365503105,0.4740636266917415,puka nacua,140.0,0.4166666666666667,0.05739696002507483
00-0035659,Terry McLaurin,WR,WAS,NYG,0.4349262386983846,1.8984854441996621,1.5366140554209806,0.0,-0.4732603469443498,0.0038698494410150707,1.000006183010756,1.57085402928341,1.4629465271685358,0.0,0.3208287481215812,1.0941501086388938,0.0,1.7925283369313076,-0.4292977043405452,1.4603264717496467,0.16739811064041268,0.3571096703410023,0.5151337109969257,1.0721394614760986e-19,0.9547394717889914,0.0,0.0,-0.00949713151173797,0.002902521769298255,1.4604974830827784,1.2478561152790932,2.7341558971482396,0.14487185015671714,0.9226260165850404,1.5483106638366353,0.04163390726041955,-0.36300564958777193,0.7783472077673022,23,0.0,1.8239778506579312,2025.0,1.0,-0.7858069365503105,0.4736411977650505,terry mclaurin,130.0,0.43478260869565216,0.03885858906939832
00-0037238,Drake London,WR,ATL,TB,0.7193463119665525,1.231188919788199,0.8845867213952732,0.0,0.5958246183889904,0.05184000000069836,0.8379466942898318,2.4977798360956656,2.437461893890016,0.0,1.9444739953492862,1.3131882622209665,0.0,1.607781816222128,-0.17936889456529476,2.2200471458644024,1.1773845208027856,1.7837642142043308,1.496984198173322,0.0,1.5708295076129977,0.0,0.0,-0.12284722320722131,-0.15552000000209507,-0.1233718297977288,2.0871785614370895,3.62653660919363,0.025981254321015893,0.9885991703763608,0.28578677890963833,0.14003041387088902,-1.00702798723705,0.03022486967388346,29,0.0,2.696935202037221,2025.0,1.0,-0.7858069365503105,0.472999619182324,drake london,125.0,0.4444444444444444,0.028555174737879607
00-0036555,Chuba Hubbard,RB,CAR,JAX,0.0,0.0,0.0,1.5031094084517946,0.0,16.01253357828923,0.0,-0.3001849770672166,-0.29703358060453133,0.7153764044972436,-0.33632356720379103,2.432173059774714,0.9369730288218644,0.0,-0.23270756286150823,-1.4688534115209892,-0.318741420674396,11.890396139834,3.025253360035365,0.633306845246285,1.1916813023940929,1.7055158472914567,-0.7355839532775984,-1.029206673719055,59.42366115010124,0.5969369040934704,1.0696133099606617,0.2083333283662796,-0.722547850454109,0.5506199639806301,0.2669036782516365,0.011525896246087252,0.49652906229359506,-0.2068443569973954,14,0.6555523404291732,-0.2880739648813222,2025.0,1.0,-1.0477273370802078,0.4672229095967499,chuba hubbard,-105.0,0.5121951219512195,-0.04497221235446963
00-0033906,Alvin Kamara,RB,NO,ARI,0.0,0.0,0.0,1.3989553712057927,0.0,18.453568851052392,0.0,-0.3001849473464943,-0.2970335493343573,0.2091936289729941,-0.33629815054166257,1.7390942336783541,1.782391383827466,0.0,0.8606050836468238,2.0857733004056707,-1.157679201354974,29.5400349417712,4.7214982841397655,1.217551229832491,-0.23500880075170144,1.7336346728303567,-0.3757843673290026,-2.118606691089636,70.625607845044,-0.8748697601591788,2.320985480481871,0.17241379618644714,-0.5392884165320901,0.7537948253594833,0.8661318385294787,0.38529087637959203,0.053538254902184085,-0.9058711278935898,0,1.7983237819323217,-0.29736721132359467,2025.0,1.0,-1.0477273370802078,0.46480472435346065,alvin kamara,-105.0,0.5121951219512195,-0.04739039759775887
00-0039040,De'Von Achane,RB,MIA,IND,0.0,0.0,0.0,1.6674057676443297,0.0,12.33086688981548,0.0,-0.04606747445123373,-0.008577845255086832,0.8413073612080579,-0.2721466855306794,1.1925829827320575,2.538913230398117,0.0,-0.32976931338505605,1.8321020755099324,0.9241338664708436,36.01895757336934,4.497602411221473,0.7346870870702531,-0.2186865701197882,0.3814463359234693,-2.0899801504599154,-0.7329086734443657,51.38292998588,0.6358340359874306,1.5248746722423334,0.0,-0.6591281962281731,2.2584909707478875,0.23344247213687294,0.4204453003175361,0.4237453885163826,0.14266902845070178,13,0.7094425265271975,-0.33546240780245457,2025.0,1.0,-1.0477273370802078,0.4627612533017534,devon achane,-140.0,0.5833333333333334,-0.12057208003157999
00-0033293,Aaron Jones,RB,MIN,CHI,0.0,0.0,0.0,1.3309184526618383,0.0,14.550560007824213,0.0,0.2338315637695879,0.17474600937672163,-0.31180407282532135,0.08773564400980302,1.112631281302712,-0.3114990204423426,0.0,-0.2274947491456372,1.6707294653660119,0.7124169901101991,23.76106961908365,3.1232354301743035,1.7833442754452897,0.6946577707247558,1.406638953954828,-0.767080496047486,-0.6842482121102539,60.842957570490306,0.19530162248496055,0.9157337287027288,0.15789473056793213,-0.7952876036320621,0.8983722222546537,0.38936581745409937,0.018730127067081995,0.34390651568834923,0.026164566634669394,5,1.7688158509008218,-0.3816314223810828,2025.0,1.0,-1.0477273370802078,0.4620253146864367,aaron jones,165.0,0.37735849056603776,0.08466682412039894
00-0035685,David Montgomery,RB,DET,GB,0.0,0.0,0.0,1.056267809645411,0.0,14.739952534495455,0.0,-0.30018497706863334,-0.2970335806059041,1.2727445626496874,-0.33632356784160716,0.2809552939743433,1.8128948026182472,0.0,-0.22277605601004524,-3.0040303115290805,1.8270498637571084,31.500540733250055,3.6341807590095114,1.1072389600426902,-0.21851220552038125,1.0340216651736016,0.16771803903163207,0.0870799449599781,59.37577827726725,1.6319271027672266,0.6028132898563883,0.07407407462596893,1.5599140399425293,1.0493457725540178,-0.8633152511615524,0.006718519543583356,0.0393256623309879,0.026164566634669394,11,-0.14602490428120415,0.4220275375677143,2025.0,1.0,-0.059137814707410856,0.4602680023406918,david montgomery,165.0,0.37735849056603776,0.08290951177465405
00-0034348,Courtland Sutton,WR,DEN,TEN,0.25424033879174524,1.9988968333597996,1.0473665046834555,0.0,-0.26826218494023957,6.929709168936625e-11,1.4339133155970678,2.5759922884800677,2.39529080893714,0.0,-0.20911617528974166,1.3511163670379125,0.0,2.900052162888325,-0.351033464399791,1.8853190054979516,0.4585161053083761,0.9715557479326051,1.1709670772307268,0.0,3.22685473763142,0.0,0.0,1.1841123880271759e-11,3.4648545844683124e-10,1.811402173691306,2.0231230293231537,1.0974834440477221,0.1729508360200416,0.8336096275676413,1.0852457470108379,0.3230993026910642,-0.8500542419539782,0.72079933560627,30,0.0,4.576385575402326,2025.0,1.0,-0.7858069365503105,0.4598072893739905,courtland sutton,135.0,0.425531914893617,0.03427537448037349
00-0036252,Michael Pittman,WR,IND,MIA,0.7622711644304451,0.484093739963477,1.210454982988811,0.0,0.33262947391376974,7.598802471123077e-08,1.3060397189024169,0.09649082484697441,0.20179970779925852,0.0,2.4839609448174267,1.4375771176683492,0.0,0.30201838990866314,-0.019697345753104674,0.6190512432085665,1.155488219028408,1.3266996837221827,1.6234802487381284,1.617170669863338e-13,0.4669910884879726,0.0,0.0,-1.8401913396086466e-09,3.4389461960163455e-07,0.9054203920204481,1.233573166300204,1.2525752237703653,0.025831640722662735,-0.40403987495538085,0.1499082121284306,1.8411477044333205e-05,-0.21590187946681136,0.4906078469621411,19,0.0,0.2853312819754108,2025.0,1.0,-0.7858069365503105,0.45018865015882326,michael pittman,215.0,0.31746031746031744,0.1327283326985058
00-0034857,Josh Allen,QB,BUF,BAL,0.0,0.0,0.0,0.0,0.0,1.710042350201543,0.0,0.0,0.0,1.541956944489658,8.145612996781521e-15,0.5969843662986137,0.0,0.0,0.0,-1.276648307084595e-16,5.859110379185815e-17,3.0639559370030276e-16,2.5532966141691898e-17,1.1696295901063936,2.7407373793215947e-15,0.0,0.0,2.021325572941788,1.8490134772096816,1.8504884262888033,5.571337774840891e-19,0.0,0.2495864173130084,0.46992837664964765,0.3064634631103538,-0.2777660082919321,0.35180540354769163,0.8117342874523106,2,0.26643859989131435,0.0,2025.0,1.0,-0.5346699743522593,0.448580482607668,josh allen,-120.0,0.5454545454545454,-0.09687406284687744
00-0038117,Wan'Dale Robinson,WR,NYG,WAS,0.7534365588865425,0.7692305550135718,1.8825600258614732,0.0,2.0201105860254973,0.032851394451210984,1.4255055820664422,1.7070322323964675,1.3903607672716995,0.0,1.205453701616982,0.8078745474541751,0.0,1.1090715282891692,0.16161372405676072,0.34165444963631636,0.1479912929746708,0.8467319062596977,1.182177246779754,1.1372115451807693e-07,1.751364586658121,0.0,0.0,-0.1097291707718698,0.010620427703304559,0.8857175649790489,1.2893746806829107,2.660454663980316,0.1440231463734399,-0.8518001741098444,1.3852244550998638,0.0423015298569259,0.8451690103941416,-0.6028017240974708,31,0.0,0.5737493528644002,2025.0,1.0,0.2717012128747659,0.44812102183098423,wandale robinson,400.0,0.2,0.24812102183098422
00-0038134,Kenneth Walker III,RB,SEA,SF,0.0,0.0,0.0,1.8301397714342122,0.0,15.883642820542661,0.0,-0.30018497706863334,-0.2970335806059041,2.0133606112765365,-0.33632356804234925,1.1972403381433643,0.9084369670324665,0.0,-0.9011741579038315,-7.270181240402472,-0.20887934717218432,18.19847842737146,2.8503819025190613,0.8932654948236802,1.2181085914650678,1.4817407582682385,-1.0147689557371489,-1.4899896996167017,49.30165757976099,-0.19819725523385956,0.7711638722174362,0.190476194024086,-0.744494501137238,1.3648492237382353,0.4577404134203687,0.07610628606238043,0.43346494774779437,-0.4398532806294602,28,1.0515065214494044,-0.3153476857375444,2025.0,1.0,-1.0477273370802078,0.4455983347507113,kenneth walker,120.0,0.45454545454545453,-0.008947119794743219
00-0038120,Breece Hall,RB,NYJ,PIT,0.0,0.0,0.0,1.3480489836487435,0.0,11.518775231705233,0.0,1.5301665967352982,1.8918842317521791,0.22690189959490933,1.4018448330204958,1.0432456431394284,-0.2858137420386165,0.0,0.2390505355067218,-5.981604082853601,-0.018080185165531386,19.897007953472972,2.505794780042185,2.327492462252823,0.25350576391304175,0.958311575073377,-0.9648358963655916,-0.46251251816242767,48.842080822461796,-0.2052499793350649,-0.052563421401112,0.1428571492433548,-0.789245378233371,1.593982830113538,-0.21764331811646254,0.17510400000085355,0.9716705527988907,-1.0806278206176383,26,1.2633119898937564,-0.37780414525579736,2025.0,1.0,-1.0477273370802078,0.4455172786697887,breece hall,170.0,0.37037037037037035,0.07514690829941834
00-0039901,Keon Coleman,WR,BUF,BAL,-0.22851673479701412,0.3913198832403268,-0.0825690042018481,0.0,0.6591724360900527,0.0,-0.11476251433329371,2.770259370145262,2.2135962174124337,0.0,-0.041972858746646434,0.8094625474402669,0.0,0.4786400323844302,-0.43758295676030273,0.7102034310826107,0.06699683497276872,0.05812647609589845,-0.3340717911919926,0.0,1.2008562971020844,0.0,0.0,0.0,0.0,1.1667410095828221,0.5532458489505608,1.9353310861416528,0.2495864173130084,-0.92388745452576,0.3064634631103538,0.13876356505374152,-0.04622701354322105,0.8358950799283343,2,0.0,0.2444134632044371,2025.0,1.0,-0.7858069365503105,0.44309343671165846,keon coleman,210.0,0.3225806451612903,0.12051279155036815
00-0036407,Jerry Jeudy,WR,CLE,CIN,0.8512049408791028,0.5369165824722428,0.9665050842500167,0.0,-0.7687266370932216,9.554646133720259e-08,1.104842455750548,-0.038363724923477956,0.25689425607522826,0.0,1.042352383562447,1.453213374415499,0.0,1.7288745628617752,-0.19415121106647024,1.6099456800012388,0.7429534179207397,1.895438974878827,2.7926897930620824,0.0,0.9325563008697476,0.0,0.0,7.008822783042021e-08,1.241594806471723e-06,-0.1519186795515075,1.8793678963502756,2.671621703857204,0.14406839149616812,1.2520729878788766,0.682001209886511,0.02068966173588597,-0.3133479154172427,-0.3150623632923098,6,0.0,2.0927081522647497,2025.0,1.0,-0.7858069365503105,0.4384074822627792,jerry jeudy,200.0,0.3333333333333333,0.10507414892944589
00-0034827,DJ Moore,WR,CHI,MIN,2.833666626843126,0.5141577141618447,2.150247884628088,0.0,0.43608180835427274,1.5417835436170564,1.9757329894098918,0.23249360175269934,0.40527035624680297,0.0,0.5942781432355075,1.4494539642040947,0.0,0.9323983161239416,1.3979457671298716,0.6345335905635328,0.30862145648759365,0.9898011719987777,1.973511414412192,2.4376640746856354e-06,0.7574861874542836,0.0,0.0,0.029316985735351984,7.695268060722131,-0.45668384112529004,1.5043180533662306,2.906124928698586,0.004554193728072087,0.4738415459365699,1.0094296039730843,0.011265675138067815,-0.38711438284210903,-0.3150623632923098,20,0.0,1.2013212873448333,2025.0,1.0,-0.7858069365503105,0.4357512481795316,dj moore,195.0,0.3389830508474576,0.09676819733207398
00-0037256,Rachaad White,RB,TB,ATL,0.0,0.0,0.0,0.3602949330474931,0.0,9.425348769149435,0.0,-0.30012700209459653,-0.2969856667229216,0.179302671754489,1.768727894981895,0.7736015513685803,0.40769651384958006,0.0,-1.089786218773583,-9.767634274141512,-0.5952391468794106,30.07221887228293,4.076444321770173,0.6444823051921251,1.8020050659171458,0.7537361981857805,0.5543831403532088,0.023436799689353492,43.23247492854185,0.866290775651268,0.7873345637964928,0.03125,0.9802901256720705,0.9889414560151615,-0.34526766462202924,0.0021455164619609253,0.8445559613314039,0.6086868757148314,1,0.15109141083114394,2.622952368337945,2025.0,1.0,-0.059137814707410856,0.4306750999122271,rachaad white,320.0,0.23809523809523808,0.192579861816989
00-0038544,Quentin Johnston,WR,LAC,KC,1.0403003359885499,1.2041469541403904,1.6175257906802258,0.0,0.2573044503976815,0.013597651217226085,1.0003037812365598,1.824909608993704,2.0200965637434547,0.0,0.05970934889167272,0.5204101782917999,0.0,0.8488009681787151,-0.383799287413347,0.711360528696249,0.7968277803907192,0.13290498508531404,0.6666238446612068,0.0,0.8673772069688963,0.0,0.0,-0.004713062635125567,0.02511142166727491,0.3238629478478344,0.7932390249889356,2.7341558971482396,8.371811567089089e-05,-0.9263441472329689,0.3062931744427471,0.42358837173250996,-0.20532069976174622,-0.14241874680921315,15,0.0,0.09879914317627785,2025.0,1.0,0.2717012128747659,0.4260133771622834,quentin johnston,370.0,0.2127659574468085,0.21324741971547487
00-0033885,David Njoku,TE,CLE,CIN,0.6379196749400873,0.5551666175784906,1.2045792800572885,0.0,0.12204930491658542,9.259691606270321e-08,1.1177131251538548,2.876147963824812,4.209505679870234,0.0,1.8373484233995978,1.2846694624048625,0.0,0.8255192623836346,-0.2011999145269035,1.093801954018043,-1.948667927434674,0.3872201289687126,1.968387696247682,0.0,4.824275408007499,0.0,0.0,-1.2969345384687998e-07,-2.015721770379504e-07,2.11937149910734,1.2775082916623681,1.9353310861416528,0.14406839149616812,1.2520729878788766,0.682001209886511,0.02068966173588597,-0.3133479154172427,-0.3150623632923098,6,0.0,0.7100329966781251,2025.0,1.0,-0.7858069365503105,0.42357754451877083,david njoku,230.0,0.30303030303030304,0.1205472414884678
00-0037240,Jameson Williams,WR,DET,GB,1.5019692127992987,0.9824402001905957,1.7027032394555157,0.0,1.2876995721681463,1.2007440995551717,1.490884850533134,0.4055306765208843,0.5583095052025772,0.20000001591732347,0.4440210987686957,0.91397387301069,0.0,1.014684461655443,0.9389633283985893,0.3322319123041553,0.9864184126196135,1.9633316404797325,0.9431286468755659,0.057147942243386395,0.12945617562595013,0.0,0.0,0.5633690410604936,2.0318365594493106,2.61571051665098,0.8552557371083647,1.1864330756706964,0.5384524493903544,0.21734192246880002,0.28890089217950304,0.006718519543583356,-1.0101598171625743,0.03022486967388346,11,0.0,0.38736882964798586,2025.0,1.0,0.2717012128747659,0.4228927788188462,jameson williams,220.0,0.3125,0.11039277881884618
00-0036322,Justin Jefferson,WR,MIN,CHI,1.8823736949110046,1.441403407092535,1.9720533730656802,0.0,0.7415371549739224,0.0025316054650128925,1.798894333922835,1.311246857470072,1.5500457116010458,4.455831512947906e-10,-0.5186798702262702,1.4734254688704655,0.0,1.9572622650209814,0.08942437898539107,1.8546029814637992,2.097781507617087,2.691593754108894,2.653885908547484,5.6422379625487136e-05,1.5299927016000647,0.0,0.0,-0.0007514745905608342,0.005902463888679731,1.1955345176369414,1.961650726405081,1.050667977932424,0.00010983569931633911,-0.08001789442429967,0.8545060836529463,0.018730127067081995,-0.07059338395201661,0.03022486967388346,5,0.0,1.3819208777712373,2025.0,1.0,-0.7858069365503105,0.42256661720755856,justin jefferson,135.0,0.425531914893617,-0.0029652976860584657
00-0034960,Jakobi Meyers,WR,LV,NE,1.5722938398361628,1.8435182953762181,0.9140511706065126,0.0,0.8215123429620803,0.019528608607635764,1.096626160056992,2.338180184909439,2.5514805918042067,0.0003134566563839999,1.909607808740557,1.234559695780044,0.0,1.557065095258327,-0.37728930771919406,1.7069089593149995,0.4380820610526044,1.0205079738036504,0.9766573518705816,4.5616939262040213e-05,1.9572196234386774,0.0,0.0,0.03183169310554358,0.37652082399589426,0.9143497699481374,1.3570257583701977,1.6416457787540508,0.4325480897247216,1.02575211781541,0.9511240259601391,0.0865507203666982,-0.817527767074249,-0.4877059797754064,21,0.0,3.2578810179723483,2025.0,1.0,-0.7858069365503105,0.4211161493973712,jakobi meyers,225.0,0.3076923076923077,0.11342384170506348
00-0034753,Mark Andrews,TE,BAL,BUF,-0.3688907466343395,0.07982937386708414,-0.1347641729463175,0.0,-0.3255609219952802,0.3782488758822823,0.19765900378240775,3.9949868521125462,2.176265826345845,0.0,2.480974024110328,0.278406507510403,0.0,-0.03951495874316426,0.8067804312326811,-0.09038814284704934,1.6952405847052152,0.6560501453332604,0.148605623361019,6.268502512825465e-07,2.5157962267844445,0.0,0.0,0.3869405823383803,0.5164801369449549,3.228299638974818,0.2512630723798052,1.3584024147259277,0.17592314667794764,0.7433989500794301,0.6292644325350345,0.0009965931172776533,1.0363150188943484,0.4906078469621411,3,0.0,1.561399606610394,2025.0,1.0,-0.7858069365503105,0.4183874849567797,mark andrews,205.0,0.32786885245901637,0.09051863249776332
00-0037816,Romeo Doubs,WR,GB,DET,0.2168682945065634,0.7355790969327481,0.11778584173286037,0.0,0.15010051033199068,3.2081986908663733e-10,0.13008262790633596,0.8345957784236276,0.4815287098529148,0.0,-0.5790640310327548,0.5008963079153289,0.0,0.5073054483703299,-0.439484425927859,0.5463685633363417,0.8090620575319718,-0.0035901439103570502,-0.11932681699228957,0.0,0.1986462200250412,0.0,0.0,1.6627602269288007e-10,3.5290185599530125e-09,0.24830223708498422,0.606926747735833,2.5206767812531012,0.5440000000005462,0.8266413628661022,0.5703999344392803,1.0923931475436526,-0.1218628149200145,0.6057035912842055,10,0.0,0.795855754027988,2025.0,1.0,1.3292093622998422,0.41832850323091486,romeo doubs,230.0,0.30303030303030304,0.11529820020061182
00-0036139,Rico Dowdle,RB,CAR,JAX,0.0,0.0,0.0,1.6328192708228857,0.0,19.708828327005037,0.0,-0.2377599168586318,-0.21285268745188357,-0.5712582919325078,-0.3056918583394635,1.4709853644263085,1.0101274765265134,0.0,-0.09080013367699392,-2.9356483794724224,0.3198587170197503,10.745308229613546,1.592002589047885,1.0093212639545583,-0.3391368225907806,1.2955936034283602,0.48465725162045836,-1.5152670084931532,90.43744967539128,-0.7145712886872154,-0.41548323632732814,0.09090909361839294,-0.722547850454109,0.5506199639806301,0.2669036782516365,0.011525896246087252,0.49652906229359506,-0.2068443569973954,14,0.9647622444502438,-0.36299878071702335,2025.0,1.0,-0.059137814707410856,0.4138882249499716,rico dowdle,320.0,0.23809523809523808,0.1757929868547335
00-0033858,Jonnu Smith,TE,PIT,NYJ,0.4345186475767411,-0.5153454215797074,0.5994075469249843,0.0,0.5943763253374915,0.032558354295584055,0.7688254728573325,-0.21194331752734902,-0.0828550177778208,1.0529736628792796e-06,-0.3707095576725864,-0.01510023467048672,0.0,-0.2740645687601424,2.807964742247258,-0.6379666637094041,1.9222167146779057,0.5465221140333376,1.251679528705255,0.010368634399202362,1.733395407685237,0.0,0.0,-0.018179373826155146,-0.0014511526903971319,2.0770617056616008,0.24821045481219406,1.9533225819179703,0.000142386169557008,1.3726909680781727,0.8274730153199176,0.5127020912071784,0.04293917271434121,-0.372610235453342,24,0.0,0.24952813311390368,2025.0,1.0,-0.7858069365503105,0.4118396816511789,jonnu smith,400.0,0.2,0.2118396816511789
00-0039894,Xavier Worthy,WR,KC,LAC,2.717316108055741,0.7363295999389595,1.9877274668245697,0.0,-0.011657912244634925,2.1802617549998704,1.4590392052740666,1.4368311538910452,1.8893712512036758,0.0012098923932362521,-0.5801580333252511,0.78604420225971,0.0,1.0075586369663772,-0.15278750419098253,0.8000168649913652,0.23111325545457476,0.7381095508032234,1.5533893685075217,0.10230348640127798,2.6268028650633353,0.0,0.0,0.47349164749002426,12.338680392104315,2.075470417259581,1.0524127322489327,1.050667977932424,0.3841885034220886,0.6747029113778164,0.32388472428757914,0.034127456509507964,-1.035394127268207,0.5481557191231733,17,0.0,3.5594836821527327,2025.0,1.0,-0.7858069365503105,0.411322012990955,xavier worthy,125.0,0.4444444444444444,-0.03312243145348942
00-0037228,Jaylen Warren,RB,PIT,NYJ,0.0,0.0,0.0,0.7085738305076974,0.0,9.600337860044558,0.0,-0.22356129388832938,-0.2358909862385815,0.19850005546882782,-0.33632356804234925,0.768905412643904,-0.27162259931942134,0.0,2.3164487430167706,0.6473284840086071,-0.24872300765795022,34.03129148288533,3.9510236946545545,1.3325116958416883,0.5731902212900001,0.9960433976844499,0.6217036621544859,0.4986895478048788,49.66459662069708,-0.8262743297426942,1.7795799522991254,0.03448275849223137,-0.7951451981841925,1.6359319127833656,0.32949399619453723,0.5127020912071784,0.38071055824563893,-0.381601049721444,24,1.303057018913214,-0.3815464649310849,2025.0,1.0,-1.0477273370802078,0.40935395548589654,jaylen warren,165.0,0.37735849056603776,0.031995464919858774
00-0033923,Kareem Hunt,RB,KC,LAC,0.0,0.0,0.0,0.8642358116599341,0.0,11.00035535764397,0.0,0.14723392820887232,0.17474569803491014,1.1889910287917704,0.1066558057404455,0.14361439155232167,0.9603896046303017,0.0,1.1227692789332735,-2.7458915735111855,0.23985261859001686,14.868389842897928,1.676209822280559,0.37332402393973374,-0.3330224616530266,0.4826262179161871,-1.08814714230788,0.5041235644618329,44.71964818355966,0.5853041873979791,-0.15422370898356463,0.0,0.8850228278244463,1.2815540547135587,-0.7858343778420348,0.034127456509507964,0.03114541297959848,0.5504346448068151,17,-0.30893717530605685,0.06299658247633239,2025.0,1.0,-0.059137814707410856,0.4062087281656528,kareem hunt,370.0,0.2127659574468085,0.19344277071884428
00-0037267,Jerome Ford,RB,CLE,CIN,0.0,0.0,0.0,0.5109978783613875,0.0,8.876736336051586,0.0,0.8213995885790615,1.0134704780240693,-0.263877831524804,-0.3363200104061507,1.246159647013217,-0.7974760381414931,0.0,-0.38948351097591144,-1.6063743099759868,0.8415439878040085,26.564811252778252,3.2585706699748407,0.26460837526708,1.03937242514773,0.6913253808657519,3.2357732452625076,1.4305862998050387,66.8887269437422,1.3593781259126358,0.5282969093979677,0.0,-0.16548156822510846,1.5746925533739782,0.007308522243978456,0.02068966173588597,0.26521236513489355,-0.3233488188134278,6,0.18035538406630822,0.36302860354787087,2025.0,1.0,-0.059137814707410856,0.39879760184191404,jerome ford,145.0,0.40816326530612246,-0.009365663464208418
00-0039849,Marvin Harrison Jr.,WR,ARI,NO,1.055875334107729,2.167397841455603,0.9907066868554288,0.0,-0.1889495349591248,0.0,1.0213408025198565,2.0190210829009407,2.324522058864685,0.0,-0.5982129656543035,1.008716327120867,0.0,2.793408888452642,-0.4565976339455237,2.3322973419357753,0.40578985179636595,1.1601989597682147,0.8942283529511655,0.0,0.5800752555952233,0.0,0.0,0.0,0.0,-0.48384856853640335,1.8739116505901419,0.5415485923471274,0.002536758874332544,1.152033629477524,0.940133972219178,0.00019132883031764192,-1.1236081812382388,0.6057035912842055,22,0.0,1.510660322955293,2025.0,1.0,-0.7858069365503105,0.3958892764715511,marvin harrison,150.0,0.4,-0.004110723528448934
00-0030506,Travis Kelce,TE,KC,LAC,0.815298676636129,0.648804932842602,1.9843437195545053,0.0,-1.2848507945669354,0.0005224281609017884,1.5113525572740458,-0.5886823799386955,-0.5167752249851231,0.00010448557111997149,-0.5004901775894262,1.195444912215833,0.0,0.6038386456894936,-0.2691036547624516,0.4567959430029069,-0.0819522083581954,0.15819803756172324,1.1840978298951963,6.530352675770399e-05,0.9707960287496298,0.0,0.0,-4.818182135588173e-05,0.0005224291088913643,-0.7110196068939636,0.6135704372023578,1.593728522637957,0.3841885034220886,0.6747029113778164,0.32388472428757914,0.034127456509507964,-1.035394127268207,0.5481557191231733,17,0.0,-0.6498652355902619,2025.0,1.0,-0.7858069365503105,0.3934267719037511,travis kelce,165.0,0.37735849056603776,0.01606828133771332
00-0036275,D'Andre Swift,RB,CHI,MIN,0.0,0.0,0.0,1.0836181088812564,0.0,12.603484695458599,0.0,-0.300184889278322,-0.2970334756748677,0.5995092888301814,-0.33359963524257474,1.4160510200058205,0.5352095207227976,0.0,-0.5110769673604989,-5.061958914273083,0.3695042592212934,24.372628868179298,2.857466835024348,0.8268567469061509,-0.7282747589963399,0.4953612552049559,-1.9292005735859865,-1.223506515575916,46.909921539504936,-0.8398775606055914,0.6997127307139912,0.0833333358168602,-0.7758439276759787,1.1795740569603832,0.7324845934376844,0.011265675138067815,0.24129936355963535,-0.3233488188134278,20,1.2448148283733202,-0.38207681866108495,2025.0,1.0,-1.0477273370802078,0.39231503031876946,dandre swift,170.0,0.37037037037037035,0.021944659948399114
00-0036963,Amon-Ra St. Brown,WR,DET,GB,0.8367837099921952,0.8917448139618364,1.8420103051580765,0.0,0.5202160859156278,0.10513407265335012,2.055625368754571,2.3168418142857936,2.4136566643234163,1.485277215247353e-10,1.559042772103077,1.0820287772307764,0.0,1.8142254791405834,0.06828621179464651,0.8835206331835846,3.7268377851918593,1.8941591195984142,2.642527068052083,0.007854720291197227,2.92177140669443,0.0,0.0,0.02871231192403703,0.7901129087137172,2.7024125728286843,1.6518464753197895,0.863990834008912,0.5384524493903544,0.21734192246880002,0.28890089217950304,0.006718519543583356,-1.0101598171625743,0.03022486967388346,11,0.0,3.069925774598935,2025.0,1.0,-0.7858069365503105,0.3891684019277164,amonra st brown,140.0,0.4166666666666667,-0.027498264738950284
00-0036973,Travis Etienne,RB,JAX,CAR,0.0,0.0,0.0,0.7231875870504841,0.0,11.922981681606492,0.0,-0.28084222763165895,-0.27590269985665317,0.9082315792573454,-0.33632356799899166,0.7104060790080651,0.16995791794666998,0.0,0.810877683494899,-1.3822091322497516,0.9811703395241445,22.312168054583157,2.1304888365779466,0.3378793405295771,0.6252053631336936,0.4785071188661049,-0.25204362147516973,-1.3651670550506116,40.67707097468563,-0.9325045040213215,0.5015290569037442,0.16129031777381897,0.2875263179988627,2.2097173453746346,-0.7738093324243939,0.3630198727704601,0.5816989684746182,0.6086868757148314,4,-0.3123723853803461,0.598657923925971,2025.0,1.0,-1.0477273370802078,0.38499743384849144,travis etienne,160.0,0.38461538461538464,0.00038204923310680705
00-0039065,Sam LaPorta,TE,DET,GB,1.1232100876222748,0.7904828995009934,1.4719302079412073,0.0,1.160324107566847,2.437439154029505e-05,1.5555745690699998,2.4050186087015604,2.3843718307858937,0.0,-0.3145004638674572,1.389981894755908,0.0,1.1275630938616188,0.1012449804584433,0.4414797238627843,0.8732817379764009,1.0110693950522494,1.2358567703312346,0.0,1.0038812159567516,0.0,0.0,3.246421360655194e-06,9.74975661611802e-05,2.2348191317318746,0.987199882438854,0.863990834008912,0.5384524493903544,0.21734192246880002,0.28890089217950304,0.006718519543583356,-1.0101598171625743,0.03022486967388346,11,0.0,-0.6338472382843029,2025.0,1.0,-0.7858069365503105,0.38156477396897237,sam laporta,235.0,0.29850746268656714,0.08305731128240523
00-0039384,Tyrone Tracy Jr.,RB,NYG,WAS,0.0,0.0,0.0,0.6554132238929402,0.0,14.000506670104489,0.0,1.6655285765929655,1.8877460915481883,0.03154531263606151,3.1417763848123332,1.3223392802593934,0.9396848443156066,0.0,-0.41628992419650657,3.6904849454517556,0.06939695817502213,22.65502923550063,2.638297008696515,1.4700819109997656,0.10991214576672309,0.04069956028160484,-0.29276211850151185,-2.9317002740502596,45.22105163743995,0.5165452646128191,1.268893875068115,0.0714285746216774,-0.16567951166243475,0.5065280516478641,1.564780871453472,0.0423015298569259,0.6407707731623349,-0.6146099733535088,31,2.9304727302400746,-0.028679652912945445,2025.0,1.0,-1.0477273370802078,0.3805464730957768,tyrone tracy,160.0,0.38461538461538464,-0.00406891151960781
00-0031588,Stefon Diggs,WR,NE,LV,0.9296336650651832,1.4124224235260838,1.1349042415769803,0.0,-0.5060331166059475,0.11178154632691974,1.9158433869580205,0.5409286388449073,0.4559583124975467,0.0,-0.46248941901291346,0.9713733369229223,0.0,1.9219887225298284,-0.2456391655812443,0.977821324814224,0.4779363344409237,0.7760582915850366,1.472665614351996,0.010047897694885254,-0.006174963750309285,0.0,0.0,0.17161325100997057,0.6639646730192691,0.6498779693911915,1.8642711079383254,1.1864330756706964,0.09957702341202204,-0.4495746620489957,0.3635280941336133,0.006288777438944995,0.34462197626938657,0.20286848615698008,18,0.0,-0.05379592769509876,2025.0,1.0,-0.7858069365503105,0.37866813678092354,stefon diggs,175.0,0.36363636363636365,0.01503177314455989
00-0036358,CeeDee Lamb,WR,DAL,PHI,1.2323091964965551,0.6300612026153934,1.6010830956527111,0.0,4.254632964993081,0.46711672790294834,1.6692682051562426,2.460735782596004,2.064275397088832,6.770663778191579e-05,-0.32384402418366476,0.8991749753088062,0.0,1.355242192556952,0.2801161052601299,0.7524167437408725,1.4459502891676936,2.16179093866997,2.2753272609290414,0.006235021867996665,1.9010168990188394,0.0,0.0,-0.1985400650864328,1.4332908289429143,1.9606841234526189,2.0451216061471897,1.1082653340569026,0.00013541841122680749,1.4394737315695219,0.14145055455138655,0.014318203708053883,-0.043317055178838104,-0.660349596258503,25,0.0,3.742377771448123,2025.0,1.0,-0.7858069365503105,0.3783243426806965,ceedee lamb,145.0,0.40816326530612246,-0.02983892262542598
00-0039338,Brock Bowers,TE,LV,NE,1.8150443858822816,0.6387258381665194,1.6302474471893256,0.0,0.2786187279714236,0.5579305112636997,2.158259059329262,-0.7539291894021156,-0.7301215549274821,0.0,-0.4799196825644546,1.3769941129712184,0.0,0.514799075982541,0.40749828765743723,0.3524777190896415,1.3666304445188535,1.6519889546661155,2.2735173620140126,0.0,-0.5207679391669288,0.0,0.0,-0.33528406740589783,-0.08268197027975244,-0.4659285814500505,0.9218884419120212,1.338170745866776,0.4325480897247216,1.02575211781541,0.9511240259601391,0.0865507203666982,-0.817527767074249,-0.4877059797754064,21,0.0,-0.6608285270714696,2025.0,1.0,-0.7858069365503105,0.37796752199113925,brock bowers,190.0,0.3448275862068966,0.03313993578424268
00-0038997,Josh Downs,WR,IND,MIA,-0.015770441151121285,-0.2376382529991738,-0.11644743244001976,0.0,0.32350368932726553,0.004031079291166499,-0.27548858147132854,-0.53855052595174,-0.5991237221644806,0.0,-0.5443635040829977,0.22301823345938537,0.0,-0.30650496130029975,-0.41995600215041046,-0.22039006604902034,0.10336692592503884,0.24790177581139555,0.2690393430351539,0.0,-0.1283029897586983,0.0,0.0,-0.0035167865587319956,-0.004031079291166499,0.48993076657144247,0.4143530877117334,2.0462791559370834,0.025831640722662735,-0.40403987495538085,0.1499082121284306,1.8411477044333205e-05,-0.21590187946681136,0.4906078469621411,19,0.0,-0.11462434539598997,2025.0,1.0,1.3292093622998422,0.37784783039715486,josh downs,270.0,0.2702702702702703,0.10757756012688457
00-0037261,Khalil Shakir,WR,BUF,BAL,2.836641366493932,1.6838783787109433,1.7955783433440595,0.0,-0.3521021904449228,0.012256226944613908,1.2172434071159406,1.0900399314386267,0.9296907603953196,0.0,0.0071882933337945945,0.4525655162173283,0.0,0.9920210600168158,-0.18204943198712417,0.9977887941675354,0.03982200299576692,0.4218816037221271,0.7260984175508173,1.2538266926042053e-05,0.18525894084724176,0.0,0.0,-0.006242856793866096,0.026017045841882264,0.8185048034735771,1.0899606216005993,0.899817766832715,0.2495864173130084,-0.92388745452576,0.3064634631103538,0.13876356505374152,-0.04622701354322105,0.8358950799283343,2,0.0,-0.1925238358805314,2025.0,1.0,0.2717012128747659,0.3709174256834396,khalil shakir,225.0,0.3076923076923077,0.0632251179911319
00-0039915,Ladd McConkey,WR,LAC,KC,1.9357476087188765,1.2256201581042008,2.189372287386804,0.0,-0.6803111188865247,0.0,2.193988853663748,1.302358901570456,1.6063102793064605,0.0,-0.6073113852241876,0.8314578557014661,0.0,1.1621792979112995,0.19923964857867482,1.2537739402636547,1.8728347126116296,2.103524041492056,2.079355768656959,0.0,-0.008415351894985901,0.0,0.0,0.0,0.0,1.5258210413229572,1.295162077002282,0.9653298374242536,8.371811567089089e-05,-0.9263441472329689,0.3062931744427471,0.42358837173250996,-0.20532069976174622,-0.14241874680921315,15,0.0,-0.27699028756358535,2025.0,1.0,-0.7858069365503105,0.3694114873412984,ladd mcconkey,180.0,0.35714285714285715,0.012268630198441266
00-0036894,Pat Freiermuth,TE,PIT,NYJ,0.13561585071347831,0.12963749871988484,0.8297159791358028,0.0,-0.5012608790880924,0.0,0.8125408724765422,1.243408642143489,0.9198272880088199,0.0,-0.564207598140247,0.2923028311246903,0.0,0.3268320749841983,0.01195831267273294,-0.014149485011566114,-0.5882445895461886,0.30586097405874024,1.0137331329539883,0.0,0.7378642560706269,0.0,0.0,0.0,0.0,0.43579522733277226,0.5427536183689001,2.5206767812531012,0.000142386169557008,1.3726909680781727,0.8274730153199176,0.5127020912071784,0.04293917271434121,-0.372610235453342,24,0.0,-0.09746083143510147,2025.0,1.0,0.2717012128747659,0.36912086905346336,pat freiermuth,425.0,0.19047619047619047,0.1786446785772729
00-0036259,Jauan Jennings,WR,SF,SEA,0.4258360660439495,1.8382764215409477,1.0078104443525793,0.0,-0.4320102828033976,0.0,1.4556172924477877,0.7906784236361218,0.8372206987151127,0.0,-0.5129710803780685,1.3687347754177162,0.0,2.0245323301247713,-0.33944335544078486,1.5449032568537426,0.18928853632192594,0.9813581327567008,1.2853497254737274,0.0,0.0646067891629684,0.0,0.0,0.0,0.0,-0.36645330640025375,1.5880308307789903,1.0635979433115617,0.13824379861637803,0.5248410733036718,0.16721027097005325,0.018899639194145917,-1.095276266476215,0.14532061399594787,27,0.0,0.4785177586688859,2025.0,1.0,-0.7858069365503105,0.36859532717862414,jauan jennings,155.0,0.39215686274509803,-0.02356153556647389
00-0038976,Marvin Mims Jr.,WR,DEN,TEN,2.4180038541370372,0.5412212836831534,1.6090816333840743,0.0,3.5841005558269043,1.125133477508852,1.2329040145502146,1.9345004691109244,1.8269679101619045,0.0,0.32372283296075005,-0.6576584650436664,0.0,0.8759125183043661,0.2436016946634496,0.05246681077075681,2.3097470052198896,1.4966267332794168,1.1793096343950347,1.8772071734808116e-06,-0.20324483481271396,0.0,0.0,-0.6144609064452269,1.0295229815892248,1.376350735356397,0.5429507281576462,0.38588685232125386,0.1729508360200416,0.8336096275676413,1.0852457470108379,0.3230993026910642,-0.8500542419539782,0.72079933560627,30,0.0,0.2985503844909734,2025.0,1.0,1.3292093622998422,0.361621458378712,marvin mims,245.0,0.2898550724637681,0.07176638591494389
00-0038996,Tucker Kraft,TE,GB,DET,-0.4826658335648558,-0.7601931940684351,-0.45736851183523014,0.0,0.009350162166005588,0.25361651966344223,-0.6012741428533607,-0.055185339679526546,-0.3687198299230909,0.0,0.11138979718775104,0.9583808794131952,0.0,-0.7048451487601571,1.7762121018840193,-0.5157066666922145,1.2355175298350685,0.6700646126961421,-0.13687920257402925,0.0,-0.4592200330349047,0.0,0.0,0.17091668425245796,0.5072330393268845,-0.2647432331113584,-0.1996333181670174,1.4959776399662053,0.5440000000005462,0.8266413628661022,0.5703999344392803,1.0923931475436526,-0.1218628149200145,0.6057035912842055,10,0.0,-0.541589477296088,2025.0,1.0,-0.7858069365503105,0.3597726786694013,tucker kraft,215.0,0.31746031746031744,0.04231236120908388
00-0039910,Jayden Daniels,QB,WAS,NYG,0.0,0.0,0.0,0.0,0.0,3.236623360361177,0.0,0.0,0.0,0.876753384327557,0.0,0.6634387458347952,0.0,0.0,0.0,0.0,0.0,0.0,0.0,1.679827364513739,0.0,0.0,0.0,4.602935547942299,4.276875876321701,-0.024542424912321358,0.0,0.0,0.14487185015671714,1.407427926258998,1.5483106638366353,-0.6674802733865333,0.24911473274314194,0.7548733037955666,23,-0.20233925759915689,0.0,2025.0,1.0,-0.5346699743522593,0.35794262847065916,jayden daniels,170.0,0.37037037037037035,-0.012427741899711187
00-0033881,Evan Engram,TE,DEN,TEN,0.7420524717715182,0.31282334771134324,1.7230533533587438,0.0,-0.41631099106721015,6.832183887338761e-07,1.8716510621494857,-0.6843552377509536,-0.6933510099448681,8.396678336808923e-14,1.1872858603260432,0.7046085129050095,0.0,0.29475300970371404,-0.08311558377360236,0.1335782844091912,-0.2352955013206882,0.20620369059341367,1.6555564846714357,6.860197353734879e-11,0.6910898113581074,0.0,0.0,6.916015180408674e-07,8.870249402008077e-06,-0.5644311107704891,0.8981104540897661,0.6705255197623297,0.1729508360200416,0.8336096275676413,1.0852457470108379,0.3230993026910642,-0.8500542419539782,0.72079933560627,30,0.0,-0.5643269128454217,2025.0,1.0,-0.7858069365503105,0.3546615951730414,evan engram,205.0,0.32786885245901637,0.026792742714025042
00-0038555,Tank Bigsby,RB,JAX,CAR,0.0,0.0,0.0,1.1874098518063567,0.0,11.451201572631312,0.0,-0.30018497706863334,-0.2970335806059041,0.27712701938263457,-0.33632356804234925,-0.07467644389288464,1.6673547647893014,0.0,-0.23391194497710996,4.21877213632804,-0.5384383783795972,1.3650146234082428,0.4030592044353676,1.263346324901909,-0.7291717324658743,0.908713071518192,-0.9693102469695385,-0.2434943326296492,40.18275218357722,0.2635807113916497,-0.2669834134052033,0.032258063554763794,0.2875263179988627,2.2097173453746346,-0.7738093324243939,0.3630198727704601,0.5816989684746182,0.6086868757148314,4,0.0012146098751508866,-0.3820887648992882,2025.0,1.0,0.9294517076653861,0.35371574172438836,tank bigsby,155.0,0.39215686274509803,-0.03844112102070968
00-0036550,Rashod Bateman,WR,BAL,BUF,-0.14870970613818496,0.11694070597804243,-0.1657821576257127,0.0,-0.15402386784885794,3.1589208922853353e-06,-0.4894903065110369,1.4271367212452117,0.7452553758998173,0.0,-0.3683938372613186,0.23708713585020752,0.0,-0.16397128840223987,-0.15744531182681207,-0.06610748714783186,0.04134174843794283,-0.18485587404164927,-0.5896888113697338,0.0,0.38379518420757147,0.0,0.0,7.964424810927628e-06,5.6860576061136e-05,1.3509945559064251,-0.028599887820994686,1.3584024147259277,0.17592314667794764,0.7433989500794301,0.6292644325350345,0.0009965931172776533,1.0363150188943484,0.4906078469621411,3,0.0,0.9722736883867321,2025.0,1.0,0.2717012128747659,0.3488225180781996,rashod bateman,245.0,0.2898550724637681,0.05896744561443146
00-0030061,Zach Ertz,TE,WAS,NYG,0.29415764873432304,0.14718441960381606,0.8087306058373227,0.0,1.3267768905620332,1.1549515281561304e-10,0.8273962081191195,2.558154231312331,2.7072011855980658,5.774757640780652e-11,3.452261905180884,0.20857902494454356,0.0,0.19024640643396457,0.11730110670313439,-0.1670592585329629,1.4907705081911435,0.3767390966858941,0.5458349626445952,2.324452153726865e-11,1.180737817234473,0.0,0.0,5.258410360314611e-11,4.6198061126245217e-10,1.6135212278987339,0.08825238529780632,0.3265871491567517,0.14487185015671714,0.9226260165850404,1.5483106638366353,0.04163390726041955,-0.36300564958777193,0.7783472077673022,23,0.0,-0.20691152546412173,2025.0,1.0,-0.7858069365503105,0.3467208403468153,zach ertz,200.0,0.3333333333333333,0.013387507013481958
00-0036182,Nick Westbrook-Ikhine,WR,MIA,IND,-0.5369053261630177,0.625779206948267,-0.44497307642242717,0.0,0.2043135967920646,0.0,-0.06114484719040764,1.427764572115,1.3355663413838728,0.0,-0.5743163752331255,1.492741060019062,0.0,0.26590092867310444,-0.4451050905551215,0.3610274440678816,-0.7296749465249888,-0.15254423547623436,-0.21054956991935608,0.0,0.09778986413646366,0.0,0.0,0.0,0.0,0.692401765367554,0.2988767723291968,1.3848592124648182,0.03123261088096967,2.5988928233991215,0.7841042425196798,0.4204453003175361,0.175692369560446,0.14532061399594787,13,0.0,1.5821301827937948,2025.0,1.0,2.3867175117249184,0.346200263377161,nick westbrookikhine,550.0,0.15384615384615385,0.19235410953100712
00-0038608,Kayshon Boutte,WR,NE,LV,0.3015398829826201,1.9131474116663674,1.0885459935399295,0.0,2.1655249877876535,0.0,1.4575355524051132,-0.5704632590583252,-0.6014440657838453,0.0,-0.34017544506528946,1.0995590670255426,0.0,1.726892389206713,-0.4568356129513783,1.146178977247012,-0.12766000248213422,0.37880142595821886,0.44379376568080653,0.0,-0.8420021870228803,0.0,0.0,0.0,0.0,0.20970494438549314,1.2840200113131612,1.1864330756706964,0.09957702341202204,-0.4495746620489957,0.3635280941336133,0.006288777438944995,0.34462197626938657,0.20286848615698008,18,0.0,-0.5976660278858422,2025.0,1.0,0.2717012128747659,0.3352781018579629,kayshon boutte,650.0,0.13333333333333333,0.2019447685246296
00-0034829,Mike Gesicki,TE,CIN,CLE,-0.015547816140514564,-0.21739110605203985,0.18796319952248272,0.0,-0.24157138478783485,0.0,0.5873454295750862,-0.7891792904243211,-0.7735258033768326,0.0,-0.1993510464854435,-0.4706728433231556,0.0,-0.16646282908350177,0.35843787407999966,-0.07005520444906066,0.7358589743862122,0.6453249583016,1.46437691180593,0.0,-0.5476662091093883,0.0,0.0,0.0,0.0,-0.7709298976008008,0.026067505151574633,0.8499715325767968,0.00022142102909294124,0.3479891885012944,0.25582402967661827,0.4559935967827969,0.8917797996835549,0.9509908242503988,7,0.0,-0.42931315074281545,2025.0,1.0,0.2717012128747659,0.32730100546729535,mike gesicki,310.0,0.24390243902439024,0.08339856644290511
00-0037746,Brian Robinson,RB,SF,SEA,0.0,0.0,0.0,1.329507478069713,0.0,13.414536277386391,0.0,-0.2942225021701582,-0.292275406678178,0.7546659507367245,-0.3287571079535977,0.8271693420002256,0.09677435166206125,0.0,0.292681851036952,2.17247671871829,-0.0306919000523594,12.552925335894058,1.9224287316473838,0.4714520993972522,-0.11442107625686583,0.808333935450856,-1.3533139390351838,-2.354799713733981,53.54884968936237,-0.4249203815448991,-0.021680879391214627,0.03333333507180214,-0.1909636504061551,1.2054671981071876,-1.1328310542609543,0.018899639194145917,0.01173331776615443,0.14266902845070178,27,-0.5394941338974808,-0.1335553820163319,2025.0,1.0,-0.059137814707410856,0.3261909634046156,brian robinson,450.0,0.18181818181818182,0.1443727815864338
00-0039165,Zach Charbonnet,RB,SEA,SF,0.0,0.0,0.0,0.3310939510920813,0.0,9.865556962503224,0.0,-0.30018497706863334,-0.2970335806059041,0.19085441387542063,-0.33632356804234925,0.9544149668516634,-0.10107184408483932,0.0,-0.10415817536759545,-6.39250697910824,-0.3758599989632934,19.018558605988748,2.631702581107154,0.3974734338173228,-0.6994840503552133,0.3974255886034834,-0.11432821024688979,-0.08592929735234514,44.423242490826425,0.10041321400790686,0.1801032772918443,0.0,-0.744494501137238,1.3648492237382353,0.4577404134203687,0.07610628606238043,0.43346494774779437,-0.4398532806294602,28,0.5998429505124074,-0.3810712493841741,2025.0,1.0,-0.059137814707410856,0.32062838532839205,zach charbonnet,370.0,0.2127659574468085,0.10786242788158354
00-0034351,Dallas Goedert,TE,PHI,DAL,0.1455341467068659,-0.2451260503786271,0.5477120180045288,0.0,-0.4302448835417531,0.0008707129344000253,0.5074672739518049,2.6797415041425943,1.2804342371986686,0.0,1.2473285324888816,0.5520037835976876,0.0,-0.02472785970817271,0.10641854295434422,-0.37794885176057835,0.4304014089793099,0.07756679898729224,0.3895239383753368,7.915572366811753e-05,3.885541126415237,0.0,0.0,-0.0004001432072994256,0.0008707129344000253,1.2553314470634829,0.7596774650297433,0.1168685104929078,0.08689154506380958,2.2182223398059615,0.36571496937304,0.6542454202363093,-0.972111831145493,1.296278057216592,8,0.0,-0.4748289213963761,2025.0,1.0,-0.7858069365503105,0.3197862850329459,dallas goedert,280.0,0.2631578947368421,0.05662839029610384
00-0037247,George Pickens,WR,DAL,PHI,1.4373303737533474,2.381620055115441,1.0225682975554555,0.0,3.311574258002653,0.05324890583368826,1.0029756005230275,0.49779812831063835,0.377086897677092,4.950924051009747e-10,-0.4760025731265653,1.261269725189728,0.0,2.463534037609847,-0.34961838270505763,1.8700834796031354,-0.5850347276960427,1.1386994780814323,0.502301334345352,1.8565964637977692e-10,0.6150749512629988,0.0,0.0,-0.004068237669313778,0.20022375917818613,0.4991364882143994,1.654869725307537,0.7416852250607091,0.00013541841122680749,1.4394737315695219,0.14145055455138655,0.014318203708053883,-0.043317055178838104,-0.660349596258503,25,0.0,1.7764765239144469,2025.0,1.0,0.2717012128747659,0.3178084096330878,george pickens,220.0,0.3125,0.005308409633087818
00-0034791,Nick Chubb,RB,HOU,LA,0.0,0.0,0.0,0.9651933387951478,0.0,12.26096288227471,0.0,-0.2557960847451063,-0.2603480239868449,-0.26682334754179166,0.3013907188489907,0.09141570988542899,0.5749499875251257,0.0,0.0583018187705435,-2.2364896177357263,-1.9447999993533998,6.270213313659212,0.7478219139665608,-0.2235077076276186,-0.3136803585057463,1.0969473842926118,0.4837836065591338,0.09478970366338563,43.39698418597532,0.5196966787000755,-0.8030930842890511,0.03125,-0.4177373076262094,0.5534599807783283,-1.287642433512732,0.2593192376750045,0.40731454088457875,-0.4981055115374764,16,-0.7265295446079396,-0.2770958599891517,2025.0,1.0,-1.0477273370802078,0.31157318557145064,nick chubb,205.0,0.32786885245901637,-0.01629566688756573
00-0036893,Najee Harris,RB,LAC,KC,0.0,0.0,0.0,0.558864400055673,0.0,11.8071948812898,0.0,-0.30018483809446966,-0.29703347337372504,-0.38177759810814704,-0.33631763860834574,0.062299592909516616,0.5198555115127778,0.0,-0.2302877575369047,-6.854353625021925,-1.0626430507146774,7.836774231762176,1.4261604798406422,-0.43744485694516183,0.455778361998715,0.7941977375719063,0.4458652536520717,0.4017830287190259,54.81674548474824,-0.37916616799713465,-0.1416621549416849,0.17241379618644714,-0.7954018657661818,0.4686810809528817,-0.8247954796678909,0.42358837173250996,0.30023173190573393,-0.14859212608937922,15,-0.5922376455844416,-0.38179865698541793,2025.0,1.0,-0.059137814707410856,0.311509289859107,najee harris,185.0,0.3508771929824561,-0.039367903123349146
00-0039916,Ricky Pearsall,WR,SF,SEA,0.06557863207111364,0.37564780903030315,0.08711009341000558,0.0,0.08892213733744289,0.8194556650781353,0.31404814845519513,0.08262285200951837,0.2366477861104723,0.0,0.44465304869099487,0.3733597821133057,0.0,0.3975703521596982,-0.1898500798764715,1.1539765776536703,-0.06337918481376978,1.4337222643769274,0.9197698596629607,0.05050901449332331,0.2221111935918187,0.0,0.0,-0.26479797541445144,2.865578589893051,0.9751752128351013,0.676876463667504,0.5722574138750216,0.13824379861637803,0.5248410733036718,0.16721027097005325,0.018899639194145917,-1.095276266476215,0.14532061399594787,27,0.0,0.652343458896877,2025.0,1.0,0.2717012128747659,0.31003901893748403,ricky pearsall,165.0,0.37735849056603776,-0.06731947162855373
00-0036389,Jalen Hurts,QB,PHI,DAL,0.0,0.0,0.0,0.0,0.0,3.133895789094998,0.0,1.3576021661302545e-15,3.258245198712612e-14,3.4921676042637353,1.629122599356306e-14,0.6412521362755177,0.0,0.0,0.0,9.73218065256835e-14,-9.138209306107538e-14,2.1277471784743228e-16,7.092490594914421e-17,2.0353421001905883,8.14561299678153e-15,0.0,0.0,-0.7668358899597991,1.778676185133408,3.4160255553825487,2.240748087755247e-15,0.0,0.08689154506380958,2.065219482344678,0.36571496937304,1.790506823365136,0.051659742860038146,1.266622156706262,8,4.471450049778389,0.0,2025.0,1.0,-0.5346699743522593,0.3091345868070573,jalen hurts,-150.0,0.6,-0.2908654131929427
00-0035208,Olamide Zaccheaus,WR,CHI,MIN,1.028982819344409,-0.07693271577127432,1.4191487750799243,0.0,1.4075316644670484,0.4000000387259081,0.9948719364294755,0.6633591939432085,0.7963222268689998,0.0,1.2361800810985022,0.19615160181882194,0.0,0.08704602540556391,1.577284402766141,-0.19379052006071398,1.7124341544255575,0.9857801084337128,1.280972987561307,0.0,0.2595910468250511,0.0,0.0,0.23501078603019543,3.200000372622619,1.8962321550707897,0.377649902123788,0.3265871491567517,0.004554193728072087,0.4738415459365699,1.0094296039730843,0.011265675138067815,-0.38711438284210903,-0.3150623632923098,20,0.0,0.6636349670971571,2025.0,1.0,1.3292093622998422,0.3075712011242475,olamide zaccheaus,400.0,0.2,0.1075712011242475
00-0033699,Austin Ekeler,RB,WAS,NYG,0.0,0.0,0.0,-0.43316403799260106,0.0,7.722844100601919,0.0,-0.2928667721202345,-0.2891081083982705,-0.22675087979541902,-0.3335890496585252,0.9457864302644657,-0.22309510478433245,0.0,-0.8117214768058922,-6.9723051017691695,-0.32304777434698045,28.884807295069166,3.436998911190827,-0.5652550825723578,-0.291075813105368,-0.4407338325000542,-0.33565100088169497,-0.0994306862056963,25.33638270444331,-0.0881362883262296,1.0520384287288416,0.06666667014360428,-0.16196650716595312,1.407427926258998,1.9259780622088303,0.04163390726041955,0.24911473274314194,0.78344356843888,23,0.12957166354878594,-0.19648222014076908,2025.0,1.0,-1.0477273370802078,0.3071225874947906,austin ekeler,170.0,0.37037037037037035,-0.06324778287557975
00-0030035,Adam Thielen,WR,MIN,CHI,0.5051436981843527,2.249902495782395,0.9671558601596308,0.0,-0.2544537562099591,5.947198301321819e-06,1.971968411823665,2.7777843110311236,2.2226587746112307,0.0,-0.6071774312910342,0.7391795698337218,0.0,1.714169210642302,-0.1601071931274442,1.4643774436249108,2.580107495422433,1.7583715558815372,1.317966120371971,6.581085192942538e-07,3.2517764477868414,0.0,0.0,1.1536181715708735e-06,3.431852304769538e-05,2.1951073978862548,1.5717523730726959,0.37572120210040566,0.00010983569931633911,-0.08001789442429967,0.8545060836529463,0.018730127067081995,-0.07059338395201661,0.03022486967388346,5,0.0,2.798043322463671,2025.0,1.0,1.3292093622998422,0.30663868931104377,adam thielen,310.0,0.24390243902439024,0.06273625028665353
00-0035640,DK Metcalf,WR,PIT,NYJ,-0.030496541615325255,0.6558422394907085,-0.11282915113071143,0.0,-0.5595233265487668,8.980903082941809e-12,-0.08878908244402713,0.02965007441464818,0.1327683239323386,0.0,-0.3821336659762036,1.1960818005923024,0.0,0.5462622988447426,-0.11150661430141937,0.7037435465216223,0.17295234219608338,0.540380070151806,0.24648930594337687,0.0,-0.8195952716479307,0.0,0.0,1.9977257710655403e-12,5.38854184976508e-11,0.2574114040732721,0.9091015326280016,0.517663919213778,0.000142386169557008,1.3726909680781727,0.8274730153199176,0.5127020912071784,0.04293917271434121,-0.372610235453342,24,0.0,-0.4226739098175879,2025.0,1.0,-0.7858069365503105,0.3054326655794367,dk metcalf,190.0,0.3448275862068966,-0.03939492062745986
00-0034837,Calvin Ridley,WR,TEN,DEN,0.251464878074446,2.70394049107527,1.0435952771572932,0.0,1.5279945499856555,0.5507381288543198,1.6491936970881196,-0.5570441694616959,-0.5898595334037117,0.0,-0.2691135063686038,1.2248117088094626,0.0,1.9790888457813345,-0.2386134601471723,1.5846270799636375,1.9950664990811329,1.4779709295975358,0.7417446560908931,0.00018723850721545282,0.23859077353461847,0.0,0.0,0.26639189868439,5.572628207713851,0.24878464477667625,1.2496080545499184,0.5911551265456578,0.39210959995269856,1.2370130276572788,0.5065032889604215,0.5441931306439546,-0.5350232199993614,-1.2358283178688252,9,0.0,1.0835153572491174,2025.0,1.0,-0.7858069365503105,0.3039980591486851,calvin ridley,265.0,0.273972602739726,0.030025456408959095
00-0038393,Dontayvion Wicks,WR,GB,DET,-0.19124997094776117,1.0882557130516806,0.5327991927852221,0.0,-0.007132523024346522,1.1372116720418924e-06,1.0815429488022386,-0.09858617093053826,-0.18003389426142025,0.0,1.4445647548456981,0.3281255331483558,0.0,0.5723155923997663,0.06820651423315421,0.188461413274147,-0.06620737216838406,-0.1635884237418007,0.22209233823546695,0.0,1.1505159306984487,0.0,0.0,-4.2742597993880784e-07,1.1372116720418924e-06,0.22215969289542986,0.44968626800556316,1.0832515029880463,0.5440000000005462,0.8266413628661022,0.5703999344392803,1.0923931475436526,-0.1218628149200145,0.6057035912842055,10,0.0,1.9798932269360978,2025.0,1.0,2.3867175117249184,0.3038848839041937,dontayvion wicks,310.0,0.24390243902439024,0.059982444879803476
00-0035261,Tony Pollard,RB,TEN,DEN,0.0,0.0,0.0,0.18928881958844146,0.0,13.299045459520592,0.0,-0.3000638064945609,-0.296894276847265,0.6979384255050354,-0.3363235680420871,0.6207867802678882,0.28609213549612034,0.0,-0.09548722098278456,-3.2623517097313934,-2.2790665903564142,9.849159329221832,1.8050512571961579,0.5652792259536104,-0.4542421341875117,0.2095064388802122,-0.5543492393119065,-0.5486881562822797,52.72952439768999,0.12279866284072007,0.25983034880459877,0.0,0.9196769293080647,1.5670464104425708,-0.38137766105078924,0.5441931306439546,0.19335150351687974,-1.255384513341687,9,0.07951554487173207,-0.06682863933107183,2025.0,1.0,-1.0477273370802078,0.30025877708857013,tony pollard,145.0,0.40816326530612246,-0.10790448821755233
00-0035710,Daniel Jones,QB,IND,MIA,0.0,0.0,0.0,0.0,0.0,1.078206194472274,0.0,0.0,0.0,2.31205955549628,0.0,0.5657170900394416,0.0,0.0,8.46311809865574e-09,8.939168158695162e-08,6.744841194661271e-09,1.1002053118394041e-07,6.876283198996276e-09,0.8504244917704584,0.0,0.0,0.0,1.7336984199393497,1.026222252199647,1.145507912830254,6.077195153031899e-10,0.0,0.025831640722662735,0.7338619354010841,0.1499082121284306,-0.8344545294914549,0.29680161283146717,0.4705683855118468,19,-0.47992358751132774,0.0,2025.0,1.0,-0.5346699743522593,0.2993452191785756,daniel jones,190.0,0.3448275862068966,-0.04548236702832098
00-0036265,AJ Dillon,RB,PHI,DAL,0.0,0.0,0.0,0.3470886615707125,0.0,11.68006913535745,0.0,-0.2964776167817754,-0.2941809117232085,-0.3433094840720473,-0.331783662117855,0.13266103348207614,0.18678391802175093,0.0,-1.2544252910543885,-0.16382798945419566,0.10199076900915136,14.065198448646722,1.212324481106913,0.5778027625089469,-0.5559079953787651,0.3211741659671648,-0.7526061317640296,-0.7756346592257193,37.1771652342957,0.5104938299118449,-0.5339247534601375,0.0,-0.4156252486010924,2.065219482344678,-0.6931903270022539,0.6542454202363093,0.051659742860038146,1.3077136466110257,8,-0.16592918350313626,-0.33806113890316797,2025.0,1.0,1.918041230038183,0.29176429117341357,aj dillon,800.0,0.1111111111111111,0.18065318006230247
00-0039363,Isaac Guerendo,RB,SF,SEA,0.0,0.0,0.0,0.07970539822364339,0.0,10.637856920862228,0.0,-0.30018497706863334,-0.2970335806059041,0.3834495430162175,-0.33632356804234925,0.8042146509489347,0.43035987236332646,0.0,-0.009767177819727453,12.825204077691916,1.5249109635178884,37.965522679144975,3.053020160356516,-0.17289964251025153,-0.7291717324658743,-0.025722529575461273,0.027723558738688734,-0.06885221971924643,44.23335825467073,0.000406640301937944,0.8739027609464863,0.0,-0.1909636504061551,1.2054671981071876,-1.1328310542609543,0.018899639194145917,0.01173331776615443,0.14266902845070178,27,-0.650353549614125,-0.3820887648992882,2025.0,1.0,0.9294517076653861,0.2913528150049541,isaac guerendo,800.0,0.1111111111111111,0.18024170389384297
00-0033591,Noah Brown,WR,WAS,NYG,-0.011121730454816682,1.0111457943513285,0.28588070380013564,0.0,0.12037355484127428,2.437445889755408e-05,0.5900996800136703,-0.7133877706639543,-0.7050140717225497,0.0,-0.599634859856224,0.6646492095236114,0.0,0.9625596036492178,-0.43262196912940926,1.0542994431734938,-1.2019573383486566,0.46467912834287756,0.5421778341069856,1.2187194800231191e-05,-0.4647124474974165,0.0,0.0,-2.7037767905610697e-05,-2.437411241209562e-05,-0.5946534281680614,1.3267160226645185,-0.017351221448826254,0.14487185015671714,0.9226260165850404,1.5483106638366353,0.04163390726041955,-0.36300564958777193,0.7783472077673022,23,0.0,-0.0050180741838790266,2025.0,1.0,1.3292093622998422,0.29018950121460474,noah brown,370.0,0.2127659574468085,0.07742354376779623
00-0038543,Jaxon Smith-Njigba,WR,SEA,SF,0.9333833554925578,0.9176527432699096,1.7000911992381929,0.0,1.8033839933767644,0.39690241895287115,1.4354034693388678,-0.37726757255487947,-0.41397097463672816,0.0,-0.3497178683641709,1.3663221237148473,0.0,2.310147778187836,-0.03859545004138714,1.186892237266073,0.8204182603121847,1.2430638346892469,1.5200856253992165,0.0,1.323972944613832,0.0,0.0,-0.01417760815953735,1.9540992933120842,0.7517301752710001,2.174165155148808,0.517663919213778,0.011719920818414258,0.8387623519893944,0.8853782884082708,0.07610628606238043,0.20567511962097468,-0.4301581076143742,28,0.0,2.2088016535309327,2025.0,1.0,-0.7858069365503105,0.2899704586613817,jaxon smithnjigba,140.0,0.4166666666666667,-0.12669620800528497
00-0036554,Nico Collins,WR,HOU,LA,1.439214711607302,2.205846647736543,1.0648328554352082,0.0,0.2589198531963613,0.0008707129344070377,1.302755893083673,0.39175718865557657,0.18387970592347072,0.0,-0.11189672277298075,0.7056043841564632,0.0,1.6019005305390037,-0.37146931490658963,1.777927390500839,0.5566224489708653,1.1052201320063695,1.0362952534722452,0.0,0.17577140196054553,0.0,0.0,0.00030083754001883784,0.006094990540849262,0.16556785307912855,1.3828674509559458,0.44942228151588665,0.0864087790216946,-0.7593623277122326,0.09731049999264452,0.2593192376750045,0.12500673803151008,-0.4877059797754064,16,0.0,-0.10600248728844898,2025.0,1.0,-0.7858069365503105,0.28978064727011404,nico collins,145.0,0.40816326530612246,-0.11838261803600841
00-0038606,Parker Washington,WR,JAX,CAR,-0.1448624663378173,0.16026008941340486,0.45618350572922317,0.0,0.8576441752522058,0.0,0.34366604636088216,0.8899751466203887,0.3510023273501314,0.0,2.8872870172493967,1.0509790110834811,0.0,0.01835087084892357,0.02955636766909274,0.14912718256051108,0.7768792253616766,0.3061210651725637,0.46060862857912355,0.0,0.7590893152144068,0.0,0.0,0.0,0.0,1.0987854709646625,0.25329922607303973,-0.061730480117486976,0.24761513033179824,2.5028275438753598,0.3293142212970917,0.3630198727704601,0.6629451961853446,0.6057035912842055,4,0.0,2.8705391571409353,2025.0,1.0,2.3867175117249184,0.2894578736725845,parker washington,425.0,0.19047619047619047,0.09898168319639405
00-0037197,Isiah Pacheco,RB,KC,LAC,0.0,0.0,0.0,0.21173694630302917,0.0,11.528108264848994,0.0,-0.09468084466961442,-0.1271930396519456,-0.583160767468136,0.1844849258831773,0.18111677838702328,-0.23608533141949767,0.0,0.5960553057724377,-3.0157925049696845,-0.4398273729758038,7.52560982870095,1.561381602141482,-0.19716522208635084,-0.43319853659966545,0.5771580507249717,-0.40676442194420076,-1.9562322899449935,39.959918247203966,-0.6782444699659675,-0.2583632837251153,0.0,0.8850228278244463,1.2815540547135587,-0.7858343778420348,0.034127456509507964,0.03114541297959848,0.5504346448068151,17,-0.49905575244573736,-0.049554181595161,2025.0,1.0,-1.0477273370802078,0.2885171523530659,isiah pacheco,150.0,0.4,-0.11148284764693411
00-0038979,Cedric Tillman,WR,CLE,CIN,0.6449359227115088,2.0030721046048114,0.6385053486926242,0.0,1.4719809371151373,0.05203124456839667,0.7638866920896259,1.5752499188416351,2.442220443193113,0.0,1.783464914576114,1.1762680767493925,0.0,1.1031120656328188,-0.5008046040334924,2.1270765853668863,-0.3696796894122909,0.9729336739109969,0.8490473742474409,0.0,0.9447383192237333,0.0,0.0,-0.12484335567782937,-0.257711111926973,0.810169984739015,0.774110564330322,0.13551022534728321,0.14406839149616812,1.2520729878788766,0.682001209886511,0.02068966173588597,-0.3133479154172427,-0.3150623632923098,6,0.0,2.1102704328180524,2025.0,1.0,0.2717012128747659,0.2881175727721674,cedric tillman,280.0,0.2631578947368421,0.024959678035325283
00-0038559,Michael Wilson,WR,ARI,NO,0.8631018703394837,0.8485120823036715,0.29171620589279773,0.0,1.3033631198831195,0.0,-0.09674542805054927,-0.5914179731174274,-0.6204339519259978,0.0,-0.6054574352638148,1.0156070686758871,0.0,0.6084817579020764,-0.21069738018057257,0.36230998534981396,-0.15663848957980928,0.13884427552748976,-0.2623595845133407,0.0,-0.9005224836858172,0.0,0.0,0.0,0.0,-0.14151663752536772,0.34926599179246576,-0.017351221448826254,0.002536758874332544,1.152033629477524,0.940133972219178,0.00019132883031764192,-1.1236081812382388,0.6057035912842055,22,0.0,-0.5550041982287894,2025.0,1.0,0.2717012128747659,0.28553170964669317,michael wilson,450.0,0.18181818181818182,0.10371352782851134
00-0038794,Jaleel McLaughlin,RB,DEN,TEN,0.0,0.0,0.0,0.473038109783314,0.0,8.831244255325258,0.0,-0.30018497706863334,-0.2970335806059041,-0.6914745557283605,-0.30129365748296955,-0.6006267077045407,-0.3085251326626893,0.0,-0.2883873256442563,-7.078688322220132,-0.7984747231218434,6.294688060017609,1.7511772460052681,0.6279734911649735,-0.6973137522996811,1.2331336941232,1.627101239831436,1.152732731901272,51.0235251122646,-0.8865278647047626,-0.40661863585011426,0.06896551698446274,-0.03912341064459293,1.3622331167342887,0.9003993306264244,0.3230993026910642,0.09122735975292752,0.7251913375308637,30,1.177851210800743,-0.36597559543143476,2025.0,1.0,1.918041230038183,0.28417783050174983,jaleel mclaughlin,850.0,0.10526315789473684,0.178914672607013
00-0037740,Garrett Wilson,WR,NYJ,PIT,1.6209081230691649,1.2745159449898165,1.7967447775794296,0.0,-1.0411179756876325,0.0004370959931736695,1.9777162385108382,1.6897062652225574,1.5902872594341264,0.0,-0.5745071302796382,1.403506485769403,0.0,1.7615660209172341,-0.056746462791190846,0.8193172629530695,0.7793276970723025,1.1471025494681601,1.6351925995799723,4.0102483616855306e-11,0.4294451903765092,0.0,0.0,4.648155785101276e-05,0.0012225539821800453,1.5548851170706044,1.3715497947705784,0.08091688443848173,0.001490943521874055,1.2900674123838214,0.5804319182870316,0.17510400000085355,1.865923671352754,-1.0631847013857285,26,0.0,1.3927983266590473,2025.0,1.0,-0.7858069365503105,0.26840761367189875,garrett wilson,220.0,0.3125,-0.04409238632810125
00-0034796,Lamar Jackson,QB,BAL,BUF,0.0,0.0,0.0,0.0,0.0,1.3116968731495198,0.0,0.0,0.0,-0.6478501686827547,0.0,-1.2475545742643162,0.0,0.0,0.0,0.0,0.0,0.0,0.0,0.8472544044292003,0.0,0.0,0.0,2.514443772016405,3.066573124400333,1.1562802843096038,0.0,0.0,0.17592314667794764,1.3164319510031357,0.6292644325350345,-0.8305297618384718,0.7027349007928921,0.4705683855118468,3,-0.4754591658416671,0.0,2025.0,1.0,-0.5346699743522593,0.2675856454105811,lamar jackson,205.0,0.32786885245901637,-0.06028320704843526
00-0038621,DeMario Douglas,WR,NE,LV,1.618159746634932,0.012896077746531964,1.6846566246647567,0.0,-0.8579113869747195,0.2929070237630863,1.3169780271283975,1.7452107871035456,1.171256353111913,0.0,0.8675026471545481,0.6376074748156906,0.0,-0.08027683524820467,0.12369706420834281,-0.5498339796303657,0.433763281942948,0.11481792733125042,0.58367355454573,0.0,0.0571890473648354,0.0,0.0,0.09656507672776679,1.4979841840684203,1.4989961433784642,0.16463901761957583,0.08091688443848173,0.09957702341202204,-0.4495746620489957,0.3635280941336133,0.006288777438944995,0.34462197626938657,0.20286848615698008,18,0.0,-0.012565168377699882,2025.0,1.0,1.3292093622998422,0.2660438329036695,demario douglas,340.0,0.22727272727272727,0.03877110563094224
00-0031236,Brandin Cooks,WR,NO,ARI,-0.04857413194716937,1.2971458952531056,0.2848624900216097,0.0,-0.34748939703005577,0.023446278689305086,0.2516498501171495,-0.2685315643288109,-0.25792703244675924,0.0,0.3318009526451003,0.451549755076818,0.0,1.1850148825300386,-0.29044780271049403,1.2800142431933075,-1.2855769788775862,0.24854694915351813,0.1844519647577269,0.0046543160392428975,-0.6552962029958486,0.0,0.0,-0.014868923394538006,0.025485382451768426,-0.167762494980522,0.9829537443845638,1.420936608016963,0.05862511054304977,-0.36477974961271786,1.0697734357303403,0.38529087637959203,-0.9663170254650739,-0.8905410849026318,0,0.0,-0.46223690033947057,2025.0,1.0,1.3292093622998422,0.26400084739109975,brandin cooks,750.0,0.11764705882352941,0.14635378856757034
00-0033110,Tyler Higbee,TE,LA,HOU,-0.20991187634521397,-0.7732358520298542,-0.15544338793250942,0.0,0.1778937772057147,1.508446851255845e-13,-0.28267539451266094,0.2963003975151737,0.22588312175814057,0.0,2.5013214140364775,-0.34862801049518133,0.0,-0.7017029818744945,0.9661913731692673,-0.9492013553400831,0.04846043290925445,-0.4554352050298611,-0.11937138554185805,0.0,1.0013396094276177,0.0,0.0,-1.0378749456786571e-13,1.508446851255845e-13,0.2785968395126366,-0.3791882048287336,0.4125716649319251,0.004568383060241701,-0.7301005858194966,0.7193721535638331,0.640230009708119,2.019692966589213,0.20286848615698008,12,0.0,1.1737648893982962,2025.0,1.0,-0.7858069365503105,0.26369197281078904,tyler higbee,360.0,0.21739130434782608,0.04630066846296296
00-0035229,T.J. Hockenson,TE,MIN,CHI,1.751209864808078,1.2228153406507418,2.132974703603263,0.0,-0.7994769099773791,2.514078085426398e-13,1.5876767326570338,-0.5563808310853526,-0.6099797192133943,0.0,-0.6036340542108899,0.4015704206977504,0.0,0.4850653670675322,-0.0952997993991718,0.3956763550075028,-0.10612340106875318,0.7088663364928706,0.6819085851285586,0.0,-0.522008160409403,0.0,0.0,-1.2552521027135546e-12,0.0,-0.8131993294424074,0.30270928204955727,0.7791376287034363,0.00010983569931633911,-0.08001789442429967,0.8545060836529463,0.018730127067081995,-0.07059338395201661,0.03022486967388346,5,0.0,-0.5529933371324939,2025.0,1.0,-0.7858069365503105,0.26281631042098164,tj hockenson,215.0,0.31746031746031744,-0.05464400703933581
00-0037614,John Metchie III,WR,PHI,DAL,-0.280415115726909,0.07679959760708574,-0.06967347074329663,0.0,-1.2625849758388308,0.0024186661409375102,0.0645284225376184,0.39335236487905073,0.3195465709309146,0.0,1.8551533383583756,0.08798858662010135,0.0,0.004592243916002702,-0.3203402000041732,0.17944355269039314,-0.8948217633575416,-0.11618415007230345,0.2143604851982583,0.0024186661409375102,1.0283990616427465,0.0,0.0,-0.0007106227005642498,0.009674664563750041,-0.6867928284555432,0.3603003383065837,0.08091688443848173,0.08689154506380958,2.2182223398059615,0.36571496937304,0.6542454202363093,-0.972111831145493,1.296278057216592,8,0.0,3.1458364009521316,2025.0,1.0,2.3867175117249184,0.25767188708536315,john metchie,1300.0,0.07142857142857142,0.18624331565679172
00-0037545,Rashid Shaheed,WR,NO,ARI,0.2504346467423836,2.8086855445262735,1.024305973208161,0.0,-0.012813279483896314,0.7516810818240223,0.521697369513057,0.4627231613282621,0.5123544056044037,0.0,1.2375163789187258,0.8405042157386785,0.0,2.4803608044101524,-0.39763439931499145,2.933428751052767,-0.39885936830861385,1.4092611007642941,0.7554201893173944,0.030458186637266762,0.31874782507840105,0.0,0.0,0.32535905814142324,4.536103497438021,1.64887350956601,2.0899211886318074,0.5076072794744486,0.05862511054304977,-0.36477974961271786,1.0697734357303403,0.38529087637959203,-0.9663170254650739,-0.8905410849026318,0,0.0,0.2099617361263174,2025.0,1.0,0.2717012128747659,0.2573426083153382,rashid shaheed,360.0,0.21739130434782608,0.03995130396751209
00-0032392,Austin Hooper,TE,NE,LV,-0.053610419075551224,-0.3417448978043253,-0.270877764230856,0.0,-0.20472820773759873,0.0,-0.2507788213627103,-0.24018767107920624,-0.2137263281838619,0.0,-0.600618010204772,-0.1282988445690253,0.0,-0.4679804162570917,0.38011297170585506,-0.4112931158789352,-0.3683762766989889,0.08021953295610129,0.3003275016283768,0.0,-0.5796978773211189,0.0,0.0,0.0,0.0,-0.2286661893089506,-0.09199940618349693,0.8179276785932916,0.09957702341202204,-0.4495746620489957,0.3635280941336133,0.006288777438944995,0.34462197626938657,0.20286848615698008,18,0.0,-0.5182570934454335,2025.0,1.0,0.2717012128747659,0.25693917106353487,austin hooper,600.0,0.14285714285714285,0.11408202820639202
00-0036328,Antonio Gibson,RB,NE,LV,0.0,0.0,0.0,0.7281217143754785,0.0,9.452410809734172,0.0,-0.30018496672014,-0.2970335708736404,0.39939227422760665,-0.3363136855837308,0.37104626071083097,-0.7952838710167836,0.0,-1.133115195476071,0.03888530586807494,-0.37386248579488063,7.477211191464143,0.88015116627344,-0.48452802239239384,-0.7127889937089605,1.005923882924161,1.0958866213493654,-1.1941566842918783,44.91808332708116,-0.6287479162565806,-0.37548786703072873,0.2142857164144516,-0.36012739519804265,0.7107433158731468,-0.6980337358909129,0.006288777438944995,0.478507587281738,0.200921259358718,18,-0.5672032825441151,-0.3773180252410052,2025.0,1.0,0.9294517076653861,0.2555427369634508,antonio gibson,1000.0,0.09090909090909091,0.1646336460543599
00-0035662,Marquise Brown,WR,KC,LAC,1.8697871530042443,0.7273653654776554,0.9781014863026812,0.0,-1.5514571038240759,0.0870352730939879,0.5381027349942361,-0.30179188197658535,-0.2137325843424444,0.0,0.03524964614554804,-0.004950925135827009,0.0,0.8970916739761683,-0.501460180302942,0.8279441955568552,-0.6025182810702562,0.11307687835300893,0.3287009588531528,0.0,-0.08057652371700415,0.0,0.0,-0.11313959047073327,-0.5031367430890611,-0.7125552985697083,0.8114422009835878,0.5076072794744486,0.3841885034220886,0.6747029113778164,0.32388472428757914,0.034127456509507964,-1.035394127268207,0.5481557191231733,17,0.0,0.38296119055933975,2025.0,1.0,0.2717012128747659,0.255429240905059,marquise brown,205.0,0.32786885245901637,-0.0724396115539574
00-0036626,Dyami Brown,WR,JAX,CAR,0.9677171415435583,0.7824244753541058,0.6592040006853672,0.0,-0.4069802567906138,0.23040039391263753,0.6863542372009653,-0.7552445346652956,-0.7637484076023455,0.0,-0.3681453837096171,0.11859205462922767,0.0,0.22911072408970803,1.0983986912071397,0.004297667751495167,-0.834512749057432,0.14210295390501815,0.22374698062047338,0.0,-0.9343119809433299,0.0,0.0,0.07773028901413517,1.785600013363429,-0.8084545008409333,-0.05354490160169617,-0.017351221448826254,0.24761513033179824,2.5028275438753598,0.3293142212970917,0.3630198727704601,0.6629451961853446,0.6057035912842055,4,0.0,-0.5552647470543304,2025.0,1.0,1.3292093622998422,0.2554150273606694,dyami brown,425.0,0.19047619047619047,0.06493883688447893
00-0038465,Malik Heath,WR,GB,DET,-0.9265156575001782,-0.9329181292002474,-1.020142137998659,0.0,-0.26605201427221914,0.0,-1.013796075352233,1.4851347048072505,1.0463626557285386,0.0,2.77337381553204,-0.9340585038465065,0.0,-0.8608546251438224,0.04029819765644859,-0.9808923883826153,0.1532014234010696,-0.9377526560764777,-0.6210185831706996,0.0,0.2889132099528209,0.0,0.0,0.0,0.0,1.9252070335604343,-0.9134003053979938,0.6705255197623297,0.5440000000005462,0.8266413628661022,0.5703999344392803,1.0923931475436526,-0.1218628149200145,0.6057035912842055,10,0.0,0.9081395019429178,2025.0,1.0,4.501733810575071,0.25274841745868315,malik heath,900.0,0.1,0.15274841745868314
00-0036980,Elijah Moore,WR,BUF,BAL,0.6902676912778997,1.049202752528573,1.3662605064567241,0.0,-2.398502408127606,0.05185007765780405,0.15418140527573754,0.39582228375703377,0.7483405175520473,0.0,-0.5409439935960582,0.6481026050740417,0.0,0.814113050964496,-0.6916578801438874,0.5730440122994069,-2.5316968349366706,-0.6395555353478002,-0.32631116898346935,2.4563947637711074e-07,-0.41258759978188697,0.0,0.0,-0.022631788674651283,0.051839705183170534,-0.7390748455613212,0.36090584846119883,0.17025151217672152,0.2495864173130084,-0.92388745452576,0.3064634631103538,0.13876356505374152,-0.04622701354322105,0.8358950799283343,2,0.0,-0.4497334978799227,2025.0,1.0,2.3867175117249184,0.2490378342879301,elijah moore,900.0,0.1,0.1490378342879301
00-0038519,Nikko Remigio,WR,KC,LAC,-0.9265156575001782,-0.9329181292002474,-1.020142137998659,0.0,-0.26605201427221914,0.0,-1.013796075352233,-0.8463714680102491,-0.8533033571740235,0.0,-0.6073113852241876,-2.219040178888397,0.0,-0.8608546251438224,-0.9174226051870823,-1.251578667352797,-0.47516039754990697,-1.2960114679151984,-1.450966398219011,0.0,-1.0089781538107605,0.0,0.0,0.0,0.0,-0.8187264409242717,-1.5223845778265004,2.2485958445286,0.3841885034220886,0.6747029113778164,0.32388472428757914,0.034127456509507964,-1.035394127268207,0.5481557191231733,17,0.0,-0.7063167552823529,2025.0,1.0,5.559241960000148,0.24552788466981162,nikko remigio,1400.0,0.06666666666666667,0.17886121800314497
00-0036309,Darnell Mooney,WR,ATL,TB,1.242953889035367,1.203047401771158,0.8428623402488031,0.0,-0.7687967579820444,8.477381998477743e-06,1.1150288603557785,-0.8342722499565833,-0.8425223409767153,0.0,-0.5951006253165672,1.3116935177949498,0.0,1.3559903737752288,-0.26539407239063556,0.6833267174747802,0.8600390739496637,1.1332785554016418,0.4151649195992788,1.0662809290445825e-06,-0.8421465841498214,0.0,0.0,-3.1244491133279024e-06,2.22194855143542e-05,-0.6795942423651452,0.8798768255552927,0.08091688443848173,0.025981254321015893,0.9885991703763608,0.28578677890963833,0.14003041387088902,-1.00702798723705,0.03022486967388346,29,0.0,-0.48623450865550777,2025.0,1.0,0.2717012128747659,0.24375391294516316,darnell mooney,260.0,0.2777777777777778,-0.03402386483261463
00-0031610,Darren Waller,TE,MIA,IND,1.2885725968848507,0.6507957704739067,2.0739829349582797,0.0,0.8837122041734575,0.0,1.3908970992916827,-0.6016876648477789,-0.6260751015921938,0.0,-0.36227365531295025,0.15599129069659243,0.0,0.30239804261414055,-0.03840763296308597,0.04890825232035234,0.17659051550635976,0.3708910592298206,0.5723534528734043,0.0,-0.7229000432963769,0.0,0.0,0.0,0.0,-0.5935246850945783,0.6750540563192226,0.5415485923471274,0.03123261088096967,2.5988928233991215,0.7841042425196798,0.4204453003175361,0.175692369560446,0.14532061399594787,13,0.0,-0.5953340003728149,2025.0,1.0,-0.7858069365503105,0.24267720692602843,darren waller,380.0,0.20833333333333334,0.034343873592695084
00-0036613,Jaylen Waddle,WR,MIA,IND,0.02336296398918327,-0.11691617534864493,-0.0416307912863656,0.0,0.4639957197717179,0.032826150214959486,0.10153101801026305,-0.5992134340870036,-0.5825083389512838,8.082812774647862e-13,0.8121986414243384,0.3404920563894812,0.0,0.3088853824233322,-0.3886624001863442,0.5527177039988808,1.1450505340467134,0.5774791363306018,0.4939430903917634,0.015813213880643776,0.24650410601428133,0.0,0.0,-0.019682774673219015,-0.025250607686879104,-0.37223050281870323,0.3403148494048158,1.1167158757850248,0.03123261088096967,2.5988928233991215,0.7841042425196798,0.4204453003175361,0.175692369560446,0.14532061399594787,13,0.0,1.8896242971474277,2025.0,1.0,0.2717012128747659,0.24242598906411172,jaylen waddle,205.0,0.32786885245901637,-0.08544286339490464
00-0034407,Ray-Ray McCloud,WR,ATL,TB,-0.44369213673423474,-0.7817432332319063,-0.5457481947501562,0.0,0.8607076042339471,0.8182188715949984,-0.503947502460588,-0.8046343212965255,-0.8236373734672321,7.542234256279324e-14,-0.6073113821945785,0.5521246447072891,0.0,-0.7345430108929175,1.468894943157925,-0.824639570098715,0.048071400943305975,-0.22118630817125717,-0.16020964152002035,0.050000000005020445,-0.7248880592563517,0.0,0.0,0.5815262775972275,8.000000858799352,-0.7712224510340412,-0.36964262444631885,0.5589779691947664,0.025981254321015893,0.9885991703763608,0.28578677890963833,0.14003041387088902,-1.00702798723705,0.03022486967388346,29,0.0,-0.3315484402623815,2025.0,1.0,1.3292093622998422,0.24108345189956065,rayray mccloud,400.0,0.2,0.04108345189956064
00-0034775,Christian Kirk,WR,HOU,LA,0.3857734741126564,0.10214274305302358,-0.05268409594567656,0.0,0.1455098162458647,0.0003236363040597539,-0.14708308971951503,1.6937605599107932,1.028194101999425,0.0,1.2976659620238056,0.29020426314470876,0.0,-0.06001495524249345,-0.24205525353479787,0.597884603716507,-0.019606715580850108,0.3686879730299165,0.024210228537162044,0.0,0.47432808999787285,0.0,0.0,-0.00018871586635215183,0.0019113392357877237,-0.4457506753885741,0.6868111469836212,0.3265871491567517,0.0864087790216946,-0.7593623277122326,0.09731049999264452,0.2593192376750045,0.12500673803151008,-0.4877059797754064,16,0.0,0.045276606897098205,2025.0,1.0,0.2717012128747659,0.23964558824159085,christian kirk,250.0,0.2857142857142857,-0.04606869747269485
00-0030279,Keenan Allen,WR,LAC,KC,1.7843878333796561,1.0232604654682909,1.9235851312361518,0.0,-0.7119726505749857,1.610292212370243e-06,1.3763920907725213,2.6093046060582017,2.407882187516232,0.0,0.49132777858675497,1.3654136780189035,0.0,1.7607612294099448,-0.18148781461673386,1.1294036235466114,0.8165710264319869,1.276934381559453,1.6652278189487544,5.686057775443664e-08,1.9926603669551315,0.0,0.0,2.4957653714391405e-07,6.059062286583595e-06,1.1726520098765107,1.9019103107377155,-0.10333589097644184,8.371811567089089e-05,-0.9263441472329689,0.3062931744427471,0.42358837173250996,-0.20532069976174622,-0.14241874680921315,15,0.0,0.5816412429777963,2025.0,1.0,1.3292093622998422,0.2318242687144711,keenan allen,275.0,0.26666666666666666,-0.03484239795219557
00-0036040,Juwan Johnson,TE,NO,ARI,0.53196801239875,0.23727150263798033,0.5145752008940516,0.0,0.10402442893099537,0.0,0.35280697171830944,-0.7504242298257893,-0.7714834786488597,0.0,0.08821102195825276,0.6492132598031103,0.0,0.4643308588999108,-0.17303496066940657,0.4229134816135646,-0.7184177141586711,0.37361090957878684,0.6102177486976456,0.0,0.6154674694212312,0.0,0.0,0.0,0.0,-0.31651197587329405,0.5779290040535326,0.45887113785120476,0.05862511054304977,-0.36477974961271786,1.0697734357303403,0.38529087637959203,-0.9663170254650739,-0.8905410849026318,0,0.0,-0.6266943529433556,2025.0,1.0,-0.7858069365503105,0.23178651061988345,juwan johnson,450.0,0.18181818181818182,0.04996832880170163
00-0036410,Tee Higgins,WR,CIN,CLE,0.0865159473750412,1.5022743174693245,0.9131590052457603,0.0,0.5541567612026717,1.006667436594251e-13,1.8875422109614408,4.2415460912381935,5.481902319671896,0.0,2.0365893275521927,0.7416371114282677,0.0,1.853301234278882,-0.12330486206092736,1.682459183497348,2.610306206151643,2.284412744325345,2.6974442722400305,0.0,1.8239485135277909,0.0,0.0,6.587984146323257e-15,4.106952908073283e-13,2.9721760433710673,1.6450281736688193,-0.27156666252339173,0.00022142102909294124,0.3479891885012944,0.25582402967661827,0.4559935967827969,0.8917797996835549,0.9509908242503988,7,0.0,2.1872916170415446,2025.0,1.0,0.2717012128747659,0.23049213073815808,tee higgins,120.0,0.45454545454545453,-0.22405332380729645
00-0036567,Elijah Mitchell,RB,KC,LAC,0.0,0.0,0.0,-0.0032395461812387448,0.0,9.568152263643473,0.0,-0.30018497706863334,-0.2970335806059041,0.3038593934445929,-0.33632356804234925,-0.6530744194880677,1.022992633977494,0.0,-0.019248146936035455,-1.0464439762659303,-0.38128117072657675,-0.40288510635782593,0.16829564362518384,-0.2938624814345752,-0.63456179562955,0.8636565756557694,0.7626937197607444,0.1256312404321138,44.67310293881218,0.5040128714061543,-1.2393683893594607,0.07999999821186066,0.8850228278244463,1.2815540547135587,-0.7858343778420348,0.034127456509507964,0.03114541297959848,0.5504346448068151,17,-0.5312806287052813,-0.2757917205665355,2025.0,1.0,1.918041230038183,0.23010349287257822,elijah mitchell,1000.0,0.09090909090909091,0.1391944019634873
00-0039880,Malik Washington,WR,MIA,IND,0.14437922714524173,-0.2555260695725108,0.4669954121793593,0.0,1.1248087202121713,0.4693852197585833,0.7113647276573226,-0.2269656460696025,-0.23252881773579043,0.0,-0.6073113852241876,0.6247343891267242,0.0,-0.040276803054691696,0.10625089512170062,-0.3452404431159418,-0.02353181117390211,-0.07442465586840837,0.24015848452509872,0.005619105950963616,-0.9355492698025689,0.0,0.0,-0.6197844661031778,-3.9595000536268774,-0.7710577750100184,0.17692265564975662,0.0012399088520657871,0.03123261088096967,2.5988928233991215,0.7841042425196798,0.4204453003175361,0.175692369560446,0.14532061399594787,13,0.0,-0.5544889991039958,2025.0,1.0,1.3292093622998422,0.22798591677955976,malik washington,425.0,0.19047619047619047,0.037509726303369295
00-0039342,Xavier Legette,WR,CAR,JAX,-0.04611719902175416,1.5623310189156767,0.2608062528394511,0.0,-0.4071539453673353,0.2796998649091137,0.37800975368836626,-0.28416177406801757,-0.18006319533135207,0.0,0.2025587745014997,0.5011110035396689,0.0,1.2366444266378835,-0.6548431733471998,1.8613084738597465,-1.060847877271511,-0.19402010481680793,0.4021631356119742,0.0,-0.630758066094855,0.0,0.0,-0.10336075896813,0.6473043208601994,-0.6686996988400601,1.6057400406569593,0.08091688443848173,0.016736398843874546,-0.7649560682930315,0.7992125030064359,0.011525896246087252,0.4002143512051058,-0.19996661897024537,14,0.0,-0.5156555069956893,2025.0,1.0,0.2717012128747659,0.2270077829846006,xavier legette,250.0,0.2857142857142857,-0.05870650272968511
00-0036442,Joe Burrow,QB,CIN,CLE,0.0,0.0,0.0,0.0,0.0,-0.3265864296957869,0.0,0.0,0.0,0.712603561593095,0.0,0.658093645956359,0.0,0.0,0.0,0.0,0.0,0.0,0.0,-0.6106574655063912,0.0,0.0,0.0,1.1568059434559272,0.06198538789601287,1.1529370023410248,0.0,0.0,0.00022142102909294124,1.1156771343227871,0.25582402967661827,0.9950591152588049,0.6558806722345255,0.9254562547657984,7,-0.07970730331801788,0.0,2025.0,1.0,-0.5346699743522593,0.2268630098655936,joe burrow,550.0,0.15384615384615385,0.07301685601943975
00-0040666,Omarion Hampton,RB,LAC,KC,0.0,0.0,0.0,-0.99872550205741,0.0,0.0,0.0,-0.30018497706863334,-0.2970335806059041,-0.8479817939836569,-0.33632356804234925,-1.7639623899655292,-0.8017257358173722,0.0,-0.0358621016224909,0.0,-0.004909855083988829,0.0,0.0,-1.1615917784114431,-0.7291717324658743,-0.9512122945681584,-0.13265365192899384,0.3369303775584414,0.0,-0.9384268197770832,-1.3307604457256241,0.0,-0.7954018657661818,0.4686810809528817,-0.8247954796678909,0.42358837173250996,0.30023173190573393,-0.14859212608937922,15,-0.8204560346096273,-0.3820887648992882,2025.0,1.0,-1.0477273370802078,0.2253484232427772,omarion hampton,150.0,0.4,-0.17465157675722282
00-0034159,Will Dissly,TE,LAC,KC,-0.7002104139089864,-0.7503961051043384,-0.7854778471445572,0.0,-0.08196549430104089,0.0,-0.7145930998224154,-0.6952910267387457,-0.7731428493502981,0.0,-0.6073113851551953,-0.2450645101647489,0.0,-0.7274957141408616,0.6825087798550638,-0.9356208478105119,-0.09193970041192238,-0.387636305583394,-0.32910011286776036,0.0,-0.5888307563605053,0.0,0.0,0.0,0.0,-0.5975092278973096,-0.7154841613582938,0.37572120210040566,8.371811567089089e-05,-0.9263441472329689,0.3062931744427471,0.42358837173250996,-0.20532069976174622,-0.14241874680921315,15,0.0,-0.5908321334307408,2025.0,1.0,-0.7858069365503105,0.2252039980747448,will dissly,650.0,0.13333333333333333,0.09187066474141148
00-0038797,Emanuel Wilson,RB,GB,DET,0.0,0.0,0.0,-0.33283301272473226,0.0,6.113269219355065,0.0,-0.30018497706863334,-0.2970335806059041,0.4747610760662603,-0.33632356804234925,-0.6096005255273974,0.4529566943170344,0.0,-0.09416556107390117,-1.11214861682491,-0.14350999345817397,1.0108242435212225,0.27014959978261016,-0.04214893796932496,-0.7111100695074487,-0.25265413394021596,0.5782565630885278,1.214813193329214,29.234023959518233,1.3962905594929151,-1.182321570777036,0.03999999910593033,1.584184086531179,1.3586952356836177,-0.23986177798243088,1.0923931475436526,0.32728641679654513,0.6086868757148314,10,-0.16345202839660367,-0.3533547240364906,2025.0,1.0,0.9294517076653861,0.22442167991306503,emanuel wilson,650.0,0.13333333333333333,0.0910883465797317
00-0038551,Kendre Miller,RB,NO,ARI,0.0,0.0,0.0,-0.44920451088728347,0.0,7.921379047844108,0.0,-0.30018497706863334,-0.2970335806059041,-0.8144272798469071,-0.33632356804234925,-0.13726038835106963,-0.627525088584186,0.0,0.10962299845244337,3.961694005756368,0.2710989711916599,7.6475027312599195,0.9935191277517683,0.17053238346561111,-0.7291717324658743,-0.3012285653962765,0.020388507997204045,-0.09559053061692714,27.538178798710646,-0.30978062624399405,-0.2399050579308958,0.029411764815449715,-0.5392884165320901,0.7537948253594833,0.8661318385294787,0.38529087637959203,0.053538254902184085,-0.9058711278935898,0,0.6458450057916433,-0.3820887648992882,2025.0,1.0,-0.059137814707410856,0.21872600252082303,kendre miller,600.0,0.14285714285714285,0.07586885966368018
00-0035644,Noah Fant,TE,CIN,CLE,1.9754522883593257,-0.15646825492155386,1.915125152359551,0.0,2.9466614554387234,0.0,1.0018306434610775,-0.3142177217407255,-0.34499728450796024,0.0,-0.507762804426173,0.18665117553407504,0.0,-0.12167020717455466,-0.41804466809912466,-0.6232558073360536,-1.2637747092322513,0.14721707674104698,0.33756987711048425,0.0,-0.31706137145911495,0.0,0.0,0.0,0.0,-0.8187253032105754,0.11525857814293673,0.899817766832715,0.00022142102909294124,0.3479891885012944,0.25582402967661827,0.4559935967827969,0.8917797996835549,0.9509908242503988,7,0.0,-0.2908420532846043,2025.0,1.0,-0.7858069365503105,0.2184979797361232,noah fant,700.0,0.125,0.0934979797361232
00-0040162,Dylan Sampson,RB,CLE,CIN,0.0,0.0,0.0,-0.99872550205741,0.0,0.0,0.0,-0.30018497706863334,-0.2970335806059041,-0.8479817939836569,-0.33632356804234925,-1.7639623899655292,-0.8017257358173722,0.0,-0.0358621016224909,0.0,-0.004909855083988829,0.0,0.0,-1.1615917784114431,-0.7291717324658743,-0.9512122945681584,-0.13265365192899384,0.3369303775584414,0.0,-0.9384268197770832,-1.3307604457256241,0.0,-0.16548156822510846,1.5746925533739782,0.007308522243978456,0.02068966173588597,0.26521236513489355,-0.3233488188134278,6,-0.8204560346096273,-0.3820887648992882,2025.0,1.0,-1.0477273370802078,0.21848645467321368,dylan sampson,170.0,0.37037037037037035,-0.15188391569715667
00-0033891,Zay Jones,WR,ARI,NO,-0.8395438707253928,-0.7260646654587465,-0.8607076983302498,0.0,-0.2549174653444892,0.00011836524938411108,-0.8486440119357677,-0.795536176345835,-0.7823264587120841,2.0469807381557086e-07,-0.5819071154416373,-0.7630688408364898,0.0,-0.7008442486866928,-0.2798494910387464,-0.589857354647882,-0.45135651733737053,-0.7535749560208781,-0.7963426128151666,4.827664458766063e-07,-0.8883036268565714,0.0,0.0,-0.00010409011667310952,-0.00028992236181578265,-0.8098937959520177,-0.9135494788297148,0.21910635068534276,0.002536758874332544,1.152033629477524,0.940133972219178,0.00019132883031764192,-1.1236081812382388,0.6057035912842055,22,0.0,-0.5379569892725897,2025.0,1.0,1.3292093622998422,0.21793968492194038,zay jones,600.0,0.14285714285714285,0.07508254206479753
00-0039150,Bryce Young,QB,CAR,JAX,0.0,0.0,0.0,0.0,0.0,0.005056314457653085,0.0,0.0,0.0,-0.5164062878026784,0.0,0.6562707950212042,0.0,0.0,0.0,0.0,0.0,0.0,0.0,0.3235240993729402,0.0,0.0,0.0,0.8716940971035926,0.6349474344843368,1.306724866741851,0.0,0.0,0.016736398843874546,0.5506199639806301,0.7992125030064359,-0.7882829370886739,0.49652906229359506,-0.21176341836908058,14,-0.4426648453392294,0.0,2025.0,1.0,-0.5346699743522593,0.2177390550901085,bryce young,550.0,0.15384615384615385,0.06389290124395464
00-0038824,Ryan Miller,WR,TB,ATL,-0.8990245016178109,-0.8513822422436828,-0.9684223512199138,0.0,-0.29174158207429624,0.0,-0.9387899377839523,0.40876451551635407,0.5737855400263178,0.0,-0.4024805234620411,-0.6336602694914919,0.0,-0.8188651545455797,0.25428942214844974,-0.7961030971856593,-0.04697277563348616,-0.843816645036862,-0.686547163261844,0.0,-0.008892265865478614,0.0,0.0,0.0,0.0,1.15302120753903,-0.927482774301944,-0.10333589097644184,0.40596432302653357,0.09836865549633474,0.5228075199062638,0.0021455164619609253,1.4738024923697968,0.6057035912842055,1,0.0,0.19915262613887316,2025.0,1.0,4.501733810575071,0.21717694534392176,ryan miller,1300.0,0.07142857142857142,0.14574837391535034
00-0033282,Curtis Samuel,WR,BUF,BAL,-0.592731349781735,-0.7430299441776601,-0.546864287917559,0.0,-0.17830382031096967,0.39807222288407035,-0.6305233900473429,-0.778472785307317,-0.8011382288946417,3.790705379123827e-07,0.4175645942214355,-0.5561241949047574,0.0,-0.6888156350143754,0.05066648452004111,-1.0434995020396436,-0.6288395730525732,-0.8534114597821534,-0.6315375380711175,0.00023944591669308577,-0.003315027064728203,0.0,0.0,-0.12148347277671305,1.2780961500409969,-0.4517419034451664,-0.8735306405493939,1.2696438973886064,0.2495864173130084,-0.92388745452576,0.3064634631103538,0.13876356505374152,-0.04622701354322105,0.8358950799283343,2,0.0,-0.2736534289320876,2025.0,1.0,4.501733810575071,0.214953359465858,curtis samuel,850.0,0.10526315789473684,0.10969020157112117
00-0039847,Theo Johnson,TE,NYG,WAS,2.225819608808138,0.2288200502332173,1.6544630148782156,0.0,0.16867921829840687,0.0,0.8137816475887187,-0.8181152471869785,-0.824151796083609,0.0,-0.5855900177627724,1.0134371733234144,0.0,0.18082867197908892,0.4497613514203579,-0.19680882144502193,-0.6964284397136146,0.19772970865261455,0.22310939012956582,0.0,-0.9921093975667072,0.0,0.0,0.0,0.0,-0.2017093929606864,0.35375651912154976,0.21910635068534276,0.1440231463734399,-0.8518001741098444,1.3852244550998638,0.0423015298569259,0.8451690103941416,-0.6028017240974708,31,0.0,-0.6964209385306998,2025.0,1.0,-0.7858069365503105,0.21205021323878923,theo johnson,370.0,0.2127659574468085,-0.0007157442080192866
00-0040122,Ashton Jeanty,RB,LV,NE,0.0,0.0,0.0,-0.99872550205741,0.0,0.0,0.0,-0.30018497706863334,-0.2970335806059041,-0.8479817939836569,-0.33632356804234925,-1.7639623899655292,-0.8017257358173722,0.0,-0.0358621016224909,0.0,-0.004909855083988829,0.0,0.0,-1.1615917784114431,-0.7291717324658743,-0.9512122945681584,-0.13265365192899384,0.3369303775584414,0.0,-0.9384268197770832,-1.3307604457256241,0.0,1.0965917696951994,1.459786425110501,0.6033515959465557,0.0865507203666982,0.1017715225980411,-0.4981055115374764,21,-0.8204560346096273,-0.3820887648992882,2025.0,1.0,-1.0477273370802078,0.21102543425638917,ashton jeanty,-120.0,0.5454545454545454,-0.3344291111981562
00-0037666,Jalen Tolbert,WR,DAL,PHI,-0.8842939101921052,-0.8201960732601032,-0.9409687877907102,0.0,-0.2888043708131009,0.0,-0.9316781016587596,1.5095649190231477,1.2919361207207254,0.0,2.4894372356120837,0.026824621227323913,0.0,-0.7892295407446495,-0.05532912851622755,-0.3566197503346495,0.6919342842362894,-0.43243684119509246,-0.35288596468159167,0.0,2.2908757421361967,0.0,0.0,0.0,0.0,2.67602300510193,-0.27187123592583246,0.48292278613678186,0.00013541841122680749,1.4394737315695219,0.14145055455138655,0.014318203708053883,-0.043317055178838104,-0.660349596258503,25,0.0,4.338379781790793,2025.0,1.0,1.3292093622998422,0.21084013843259095,jalen tolbert,600.0,0.14285714285714285,0.0679829955754481
00-0036849,Tutu Atwell,WR,LA,HOU,-0.8973622296129397,-0.9148894017153273,-0.991369248142329,0.0,-0.272697506469769,0.08916361551516261,-0.9910586150549291,-0.8462461316248058,-0.8531874041384538,0.0006046617608082811,-0.6047970172569296,-1.0808515276052617,0.0,-0.8423756162769608,-0.26048154429401066,-0.540184676018266,0.274998318926466,-0.5507188460193032,-0.6641722507530909,0.00054122599665724,-0.9999326472032443,0.0,0.0,-0.09340885375638168,0.015824937094141695,-0.8186699274878112,-0.24275245116742553,0.6705255197623297,0.004568383060241701,-0.7301005858194966,0.7193721535638331,0.640230009708119,2.019692966589213,0.20286848615698008,12,0.0,-0.7016103525011862,2025.0,1.0,1.3292093622998422,0.20581263736740202,tutu atwell,390.0,0.20408163265306123,0.0017310047143407892
00-0039356,Ja'Tavion Sanders,TE,CAR,JAX,-0.7366859329101028,-0.8477955538721308,-0.8038822160199237,0.0,0.04330015177863535,0.0,-0.8445149106526183,-0.6649327642182186,-0.7195977441481195,0.0,-0.34164064192178845,-0.17580824569338235,0.0,-0.755329312587883,-0.06652337447704976,-0.8532896163097717,-0.3285255236267058,-0.8862743501788379,-0.919048336029578,0.0,-0.7575501723093021,0.0,0.0,0.0,0.0,-0.5986663751113276,-0.9384300116645615,0.08091688443848173,0.016736398843874546,-0.7649560682930315,0.7992125030064359,0.011525896246087252,0.4002143512051058,-0.19996661897024537,14,0.0,-0.5920225612613395,2025.0,1.0,-0.7858069365503105,0.2030539345484109,jatavion sanders,425.0,0.19047619047619047,0.012577744072220426
00-0033555,Mack Hollins,WR,NE,LV,-0.6988806174544937,-0.5374930706514207,-0.7368117342521029,0.0,-0.24897956022982456,7.687477101755711e-07,-0.740925976808438,-0.1695956126791425,-0.2979560714085297,0.0,-0.5858057401687631,0.17573046749805038,0.0,-0.6652668868062213,-0.14088970294383707,-0.16298595642342867,0.5181622149793726,-0.19832686149573708,-0.4008530378617241,0.0,-0.617084808564886,0.0,0.0,7.853058532463061e-07,9.8255075431438e-06,-0.16643355048170336,-0.4123990449646509,-0.061730480117486976,0.09957702341202204,-0.4495746620489957,0.3635280941336133,0.006288777438944995,0.34462197626938657,0.20286848615698008,18,0.0,-0.4513130092827413,2025.0,1.0,2.3867175117249184,0.2004340244376113,mack hollins,700.0,0.125,0.0754340244376113
00-0039851,Drake Maye,QB,NE,LV,0.0,0.0,0.0,0.0,0.0,0.7872495459314944,0.0,0.0,0.0,-0.3399769629683303,0.0,0.40748625040788183,0.0,0.0,0.0,0.0,0.0,0.0,0.0,-0.5958708720994003,0.0,0.0,0.0,-1.0588366749009497,0.9475374987359638,0.025625442056197736,0.0,0.0,0.09957702341202204,0.7107433158731468,0.3635280941336133,-0.8092958795153987,0.478507587281738,0.18626346722812706,18,-0.47425195368067974,0.0,2025.0,1.0,-0.5346699743522593,0.20005445857257662,drake maye,350.0,0.2222222222222222,-0.022167763649645594
00-0039793,AJ Barner,TE,SEA,SF,-0.8746276701998399,-0.9287885945752803,-0.9430289905913848,0.0,-0.25748228376459714,0.0,-0.9720807661171776,-0.031998009559559205,0.17891543835182505,0.0,2.6127271393617457,-0.7444658423776572,0.0,-0.8583799636973682,0.44141859780611564,-0.9117175057336139,0.09104506580587499,-0.8323569194047852,-0.5741543300911259,0.0,0.9508703507304613,0.0,0.0,0.0,0.0,1.2532782655802581,-0.8294848072323641,0.517663919213778,0.011719920818414258,0.8387623519893944,0.8853782884082708,0.07610628606238043,0.20567511962097468,-0.4301581076143742,28,0.0,0.07143745925317545,2025.0,1.0,-0.7858069365503105,0.19850597417224147,aj barner,400.0,0.2,-0.0014940258277585383
00-0035228,Kyler Murray,QB,ARI,NO,0.0,0.0,0.0,0.0,0.0,0.6602848246718295,0.0,0.0,0.0,-0.3409932972979204,0.0,0.6188547310169029,0.0,0.0,0.0,0.0,0.0,0.0,0.0,0.5406221619631383,0.0,0.0,0.0,0.43439705900399056,1.1428473864808664,0.5329095269264161,0.0,0.0,0.002536758874332544,1.52390123508045,0.940133972219178,-0.8337607315230074,0.0025489126294381136,0.5842903528253347,22,-0.4792828533557011,0.0,2025.0,1.0,-0.5346699743522593,0.1978776030549745,kyler murray,190.0,0.3448275862068966,-0.14694998315192206
00-0038935,Brenton Strange,TE,JAX,CAR,-0.6850578857132805,-0.7707931400369308,-0.6800188588798072,0.0,-0.2707124562361066,0.0,-0.45035595016728186,-0.7059161095299276,-0.6855133621230173,0.0,-0.3551034292028046,0.2276845701174825,0.0,-0.6408350256494744,-0.2441310454478066,-0.7581991108433677,-0.6532257659101811,-0.525475856573987,-0.2264905911897496,0.0,-0.7941245088366443,0.0,0.0,0.0,0.0,-0.7946723450335348,-0.5556180521323448,-0.061730480117486976,0.24761513033179824,2.5028275438753598,0.3293142212970917,0.3630198727704601,0.6629451961853446,0.6057035912842055,4,0.0,-0.5918954475878322,2025.0,1.0,-0.7858069365503105,0.1974170752661969,brenton strange,370.0,0.2127659574468085,-0.015348882180611617
00-0034386,Justin Watson,WR,HOU,LA,-0.9258215212538219,-0.9325479408931571,-1.0198815560472565,0.0,-0.26716386638684175,0.0,-1.0134909297836219,0.7725811399355917,1.048069323630513,0.0,-0.6070666759253568,-0.390917033002956,0.0,-0.8605071340888006,-0.39886649341906577,0.10640684972797221,0.7212300424645215,-0.24963082963878036,-0.8785088817809089,0.0,-0.5969540176949267,0.0,0.0,0.0,0.0,1.2450607097749298,-0.5842432082696039,0.4277454934525099,0.0864087790216946,-0.7593623277122326,0.09731049999264452,0.2593192376750045,0.12500673803151008,-0.4877059797754064,16,0.0,-0.497543545397358,2025.0,1.0,4.501733810575071,0.1970089419479572,justin watson,1700.0,0.05555555555555555,0.14145338639240165
00-0037834,Brock Purdy,QB,SF,SEA,0.0,0.0,0.0,0.0,0.0,0.016593382974198313,0.0,0.0,0.0,-0.32819208668155553,0.0,0.6423265389203194,0.0,0.0,0.0,0.0,0.0,0.0,0.0,-0.5576640967175911,0.0,0.0,0.0,0.37836795981555527,0.1298517059239893,-0.28536879535311677,0.0,0.0,0.13824379861637803,1.2054671981071876,0.16721027097005325,-0.7586971969626878,0.01173331776615443,0.12940248357138312,27,-0.46088404700502855,0.0,2025.0,1.0,-0.5346699743522593,0.19653124944789183,brock purdy,550.0,0.15384615384615385,0.04268509560173797
00-0034270,Tyler Conklin,TE,LAC,KC,2.4764493654745943,-0.06263153213676118,2.3338065037351354,0.0,-1.03053234744441,0.05190771362955731,1.838881185825483,-0.7893109804541603,-0.7979938184867977,1.649930828266362e-11,1.0016666855598846,0.970868428694181,0.0,-0.009436568402190692,1.2574689533248307,-0.47121672546461163,0.4083865237266547,0.4753343944836543,1.3335659205584045,1.0499559659784862e-11,0.28946050217247726,0.0,0.0,-0.1700424812937236,1.3868061550802973e-08,0.9539304370207445,0.26785099105017285,-0.5086918277615873,8.371811567089089e-05,-0.9263441472329689,0.3062931744427471,0.42358837173250996,-0.20532069976174622,-0.14241874680921315,15,0.0,-0.34941891872847197,2025.0,1.0,0.2717012128747659,0.19547524287614637,tyler conklin,475.0,0.17391304347826086,0.021562199397885506
00-0036997,Javonte Williams,RB,DAL,PHI,0.0,0.0,0.0,-0.9367288037151561,0.0,3.246162571197152,0.0,-0.3001848590115984,-0.2970334763078101,-0.6012626382259666,-0.33450609148290616,0.34229634119826874,-0.7466258983721263,0.0,0.1578334640480928,-8.407584863421892,-1.50573859153488,10.425070510992345,3.202551767630011,-0.7639355538616039,-0.09039996906732281,-0.9077596856093745,-0.16019302458179738,0.1001934784391505,11.11446616694166,-0.5024367936159027,0.5402930860385952,0.13793103396892548,-0.7951756815147963,1.6698384136967568,-1.1898827036747603,0.014318203708053883,0.352748729714453,-0.672862204261525,25,-0.7625799601012387,-0.3818357981174481,2025.0,1.0,-1.0477273370802078,0.1949752068097873,javonte williams,225.0,0.3076923076923077,-0.1127171008825204
00-0033040,Tyreek Hill,WR,MIA,IND,0.7477301613503526,1.757749876601057,1.4097546261898009,0.0,-0.5211761395580455,0.11424827884353721,1.6923101418010686,1.4795086392895405,1.5844303013953782,9.550393331935667e-09,1.741374951144813,1.2047587835896278,0.0,3.3152104027090825,-0.20237642993040944,1.5538454766510725,0.7736080112491065,1.4948012595901523,1.7476933628531006,1.4662974400499327e-06,2.9030571227203326,0.0,0.0,0.03211225329321804,0.6739421163484365,0.9137108773825968,2.3129650081799804,-0.5564979977381926,0.03123261088096967,2.5988928233991215,0.7841042425196798,0.4204453003175361,0.175692369560446,0.14532061399594787,13,0.0,7.382537462630503,2025.0,1.0,-0.7858069365503105,0.19317860400605807,tyreek hill,135.0,0.425531914893617,-0.23235331088755895
00-0039732,Bo Nix,QB,DEN,TEN,0.0,0.0,0.0,0.0,0.0,0.7321809120589876,0.0,0.0003294294062444116,0.011200599812309996,-0.6420538674483663,0.0018667666910189807,0.6698560793495506,0.0,0.0,0.011200599812309996,0.02240119962461999,0.0434571455525958,0.02240119962461999,0.011200599812309996,0.27519218720433025,0.0012445110995289964,0.0,0.0,0.44177940397919113,0.4774731894598677,-0.5617013969660968,0.0005710977675247273,0.0,0.1729508360200416,1.3622331167342887,1.0852457470108379,0.4618460541417891,0.09122735975292752,0.6980123201388226,30,0.5273218489803797,0.0,2025.0,1.0,-0.5346699743522593,0.187601048295564,bo nix,350.0,0.2222222222222222,-0.0346211739266582
00-0034383,Dalton Schultz,TE,HOU,LA,0.9952323362856176,0.15547040681355767,1.3177524172761756,0.0,0.6048459456509004,0.0,0.47222863308622914,0.23639205692947748,0.3900637519696447,0.0,-0.6072924452115032,0.8046885403778635,0.0,-0.13273645947065796,-0.27323553660595845,0.0724051533997282,-0.7582288673090697,-0.11747531350576303,0.16604505287415236,0.0,0.005935114220013929,0.0,0.0,0.0,0.0,0.5658113738169632,0.3784760148498664,-0.2875885895151443,0.0864087790216946,-0.7593623277122326,0.09731049999264452,0.2593192376750045,0.12500673803151008,-0.4877059797754064,16,0.0,-0.3278526186558447,2025.0,1.0,-0.7858069365503105,0.18684375900213526,dalton schultz,360.0,0.21739130434782608,-0.03054754534569082
00-0039021,Roschon Johnson,RB,CHI,MIN,0.0,0.0,0.0,-0.775472356681316,0.0,3.3669947351812946,0.0,-0.30018497706863334,-0.2970335806059041,0.0917183990725028,-0.33632356804234925,-0.23595126759009435,-0.36171620332962345,0.0,0.07495217597948178,1.403801747543257,0.4068287194639553,3.051090966562351,0.38276853269101174,-0.4490903020028124,-0.4662306755831664,-0.5557631734997602,-0.06367785052894748,-0.21754950149662283,6.689741774870727,-0.004573644656745492,-1.008867695724811,0.2083333283662796,-0.7758439276759787,1.1795740569603832,0.7324845934376844,0.011265675138067815,0.24129936355963535,-0.3233488188134278,20,-0.08042755495660307,-0.37858681461243066,2025.0,1.0,0.9294517076653861,0.18503054842507385,roschon johnson,300.0,0.25,-0.06496945157492615
00-0033873,Patrick Mahomes,QB,KC,LAC,0.0,0.0,0.0,0.0,0.0,0.10575489560871648,0.0,3.940272552730235e-18,1.970136276365115e-16,-0.6662616811372946,9.850681381825575e-17,0.5898443521460217,0.0,0.0,0.0,-0.0003137431681472768,-0.00012633178292697575,0.000627104320634638,0.00031348849102843954,0.8267849771933856,2.1890403233819708e-17,0.0,0.0,0.36380629346977666,0.4763046703792893,1.1601677970380202,1.6043403806300855e-05,0.0,0.3841885034220886,1.2815540547135587,0.32388472428757914,-0.6975984783130357,0.03114541297959848,0.5274293691685907,17,-0.3260111968652157,0.0,2025.0,1.0,-0.5346699743522593,0.1824792193356877,patrick mahomes,550.0,0.15384615384615385,0.028633065489533843
00-0029263,Russell Wilson,QB,NYG,WAS,0.0,0.0,0.0,0.0,0.0,0.48879191326557636,0.0,0.0,0.0,1.026493064299478,0.0,0.6481643606621941,0.0,0.0,0.0,-4.125769919396211e-09,-1.5869274456895242e-09,4.125769919396211e-09,4.125769919396211e-09,0.6227837171792012,0.0,0.0,0.0,0.5548343813813398,1.0135037230607862,1.1704274251212927,2.3737704898486105e-10,0.0,0.1440231463734399,0.5065280516478641,1.3852244550998638,-0.6648015647874393,0.6407707731623349,-0.6097903039662883,31,-0.3109461500359273,0.0,2025.0,1.0,-0.5346699743522593,0.18110857493374036,russell wilson,750.0,0.11764705882352941,0.06346151611021095
00-0037741,Jahan Dotson,WR,PHI,DAL,-0.9263956393749163,-0.9326902231993918,-1.0198727258288243,0.0,-0.26614689720354956,0.006718468449822914,-1.0135116293859041,0.27318797665810646,0.19765278217248675,0.0,-0.6060347947293601,-0.2965881602270608,0.0,-0.8606863071705554,-0.2772497901016469,-0.8027879373767932,-0.8058205821737594,-1.1167033549570837,-1.1426521841912352,0.0,-1.0055379429123616,0.0,0.0,0.005053081452041867,0.08734004121114171,-0.8185603328736951,-0.7935141562943615,1.3751798812186444,0.08689154506380958,2.2182223398059615,0.36571496937304,0.6542454202363093,-0.972111831145493,1.296278057216592,8,0.0,-0.6998122066058188,2025.0,1.0,1.3292093622998422,0.18048583685890807,jahan dotson,800.0,0.1111111111111111,0.06937472574779696
00-0039918,Caleb Williams,QB,CHI,MIN,0.0,0.0,0.0,0.0,0.0,0.6370498498365098,0.0,0.0,0.0,-0.6583750279600162,0.0,0.6336810902079836,0.0,0.0,0.0,0.0,0.0,0.0,0.0,-0.4084566216001669,0.0,0.0,0.0,-0.6349088277306273,0.9080116421628556,-0.6517676541813467,0.0,0.0,0.004554193728072087,1.1795740569603832,1.0094296039730843,-0.7893270247564147,0.24129936355963535,-0.3254853856825685,20,-0.4643583581150115,0.0,2025.0,1.0,-0.5346699743522593,0.1781828746150856,caleb williams,650.0,0.13333333333333333,0.04484954128175228
00-0036427,Tyler Johnson,WR,NYJ,PIT,-0.628731458361739,-0.7102176807479931,-0.563881121760446,0.0,0.15022195940804933,0.0,-0.7229309234483222,0.7669444157770742,0.29186144016133014,0.0,-0.5901091929181708,-1.334083870615351,0.0,-0.7046142131896225,-0.24068975795783532,-0.8717276231611294,-0.37329247038361274,-0.8165256725829974,-0.8324309714133697,0.0,0.4873945833128382,0.0,0.0,0.0,0.0,-0.8084672345021079,-0.8709724826124754,0.4125716649319251,0.001490943521874055,1.2900674123838214,0.5804319182870316,0.17510400000085355,1.865923671352754,-1.0631847013857285,26,0.0,1.4773648384537559,2025.0,1.0,1.3292093622998422,0.1763327790967484,tyler johnson,1400.0,0.06666666666666667,0.10966611243008174
00-0036290,Cole Kmet,TE,CHI,MIN,-0.6862770012531049,-0.7549966922571041,-0.7027778040724102,0.0,-0.22454697312216482,2.6687389975583097e-05,-0.7183523805787807,0.06506637137346313,0.2083505388968634,1.2187194876138977e-05,2.5343387750240725,1.4024909434481998,0.0,-0.6917389655413428,-0.046866534658582204,-0.7592299676583413,0.28561225083536157,-0.4950948130548638,-0.18814698748840558,6.0935974505554286e-06,0.06325796825401088,0.0,0.0,1.9066066050457618e-05,2.6306874060462532e-05,0.9365750183165524,-0.7944870292326042,-0.5332588542334142,0.004554193728072087,0.4738415459365699,1.0094296039730843,0.011265675138067815,-0.38711438284210903,-0.3150623632923098,20,0.0,-0.46944542574801235,2025.0,1.0,-0.7858069365503105,0.175762908800478,cole kmet,650.0,0.13333333333333333,0.04242957546714468
00-0038563,Tre Tucker,WR,LV,NE,-0.4219329162130533,1.2898177556368036,0.007061957564354701,0.0,-0.14560751384269136,0.7252159354753666,-0.3540735686185924,1.1533258642350324,1.2099291712950282,0.0008707132552199866,-0.6073113852241876,1.3639417020189422,0.0,0.7347517117941629,-0.5503013237542067,1.5138279777226578,-0.4889605439519729,-0.16692352438851144,-0.3490213592527061,0.002264417560285453,-0.38234558701463106,0.0,0.0,-0.380029411430348,0.8878898698771556,1.103838216975675,0.6699932840686783,-0.1792046491982605,0.4325480897247216,1.02575211781541,0.9511240259601391,0.0865507203666982,-0.817527767074249,-0.4877059797754064,21,0.0,0.131151145541712,2025.0,1.0,0.2717012128747659,0.17464896056240203,tre tucker,450.0,0.18181818181818182,-0.00716922125577979
00-0039792,Devontez Walker,WR,BAL,BUF,-0.9265156575001782,-0.9329181292002474,-1.020142137998659,0.0,-0.26605201427221914,0.0,-1.013796075352233,2.6508608018288196,1.7238732581791159,0.0,-0.6073113852241876,-1.4753365951908575,0.0,-0.8608546251438224,-0.062356681516785466,-0.6104049242453146,0.9467576999738939,-0.48470609225991457,-0.9328985356585249,0.0,-1.0089781538107605,0.0,0.0,0.0,0.0,3.422932848849275,-0.9158734667420506,-0.10333589097644184,0.17592314667794764,0.7433989500794301,0.6292644325350345,0.0009965931172776533,1.0363150188943484,0.4906078469621411,3,0.0,-0.7063167552823529,2025.0,1.0,3.444225661149995,0.1745453448898964,devontez walker,1100.0,0.08333333333333333,0.09121201155656307
00-0035500,Greg Dortch,WR,ARI,NO,-0.9155502181612594,-0.9288018762795894,-1.008726578986069,0.0,-0.25400923863376107,0.4360561555298926,-1.0061970592257945,-0.8327949557630401,-0.8428870277958371,1.4738261369441555e-07,-0.5763476125116448,-1.0255411787902764,0.0,-0.8575563788787284,1.1507602460219355,-1.2314751122697623,-0.08412778383774479,-0.4741757717117806,-0.3428046463929517,0.018023941001648613,-0.12163291656977449,0.0,0.0,0.3240830604909468,3.0959420271123297,-0.801418173330903,-1.0860868301136293,-0.10333589097644184,0.002536758874332544,1.152033629477524,0.940133972219178,0.00019132883031764192,-1.1236081812382388,0.6057035912842055,22,0.0,0.5316680977138688,2025.0,1.0,2.3867175117249184,0.1725552286383911,greg dortch,700.0,0.125,0.047555228638391095
00-0039424,Devaughn Vele,WR,NO,ARI,-0.7226494867958485,-0.7369392428418027,-0.8153105096823753,0.0,-0.28064903388254075,0.0,-0.7690745167255271,-0.04983459236290163,0.037923397600771916,0.0,-0.6073113852241876,-0.10357291171579307,0.0,-0.6432331592974304,-0.07031194886190191,-0.5150457814822599,0.45355061407744646,-0.3362938677255526,-0.44145275578226273,0.0,0.055564293135669504,0.0,0.0,0.0,0.0,0.28082481470162257,-0.5170546826661572,0.030088479581798607,0.05862511054304977,-0.36477974961271786,1.0697734357303403,0.38529087637959203,-0.9663170254650739,-0.8905410849026318,0,0.0,0.028335848370585795,2025.0,1.0,2.3867175117249184,0.17154114389407002,devaughn vele,650.0,0.13333333333333333,0.03820781056073669
00-0033857,JuJu Smith-Schuster,WR,KC,LAC,-0.8527701492930305,-0.9084374439804094,-0.9780951035136228,0.0,-0.23696106568977032,5.485623684829469e-09,-0.9679943960650127,-0.8081012408342196,-0.8135554104538629,2.6734989077688735e-10,-0.5638161104071452,-0.3705910206255428,0.0,-0.8248742988139269,1.4642833027037419,-0.983348864473163,-0.5579099434538756,-0.7714433123230484,-0.7638093375130868,2.6734989077688735e-10,-0.6665089774396108,0.0,0.0,-1.0560388343409605e-09,1.6456871054488407e-08,-0.17862689420565517,-1.0254096679011806,-0.1792046491982605,0.3841885034220886,0.6747029113778164,0.32388472428757914,0.034127456509507964,-1.035394127268207,0.5481557191231733,17,0.0,-0.3045034571799037,2025.0,1.0,1.3292093622998422,0.170547594368222,juju smithschuster,475.0,0.17391304347826086,-0.0033654491100388595
00-0034975,Justice Hill,RB,BAL,BUF,0.0,0.0,0.0,-0.9983909401047185,0.0,2.671415329174489,0.0,-0.25953409672974037,-0.27502224663419517,-0.7139501048680895,-0.33632356804234925,0.16595970992299938,-0.8017255217961701,0.0,-0.6702471107206942,-6.6105123316100585,1.1165601530408016,33.84372416333863,3.878182594356952,-1.0913000711430159,-0.10302208490605352,-0.9511266693275894,-0.13318795162493965,0.6535577999034348,13.993080584568641,1.0598066263820474,1.6996225935450617,0.043478261679410934,-0.026119812622289244,1.3164319510031357,-0.1094909053494918,0.0009965931172776533,0.7027349007928921,0.49218241389879896,3,-0.7749442458926895,-0.059951329771754235,2025.0,1.0,-0.059137814707410856,0.16822830280586035,justice hill,550.0,0.15384615384615385,0.014382148959706492
00-0033090,Hunter Henry,TE,NE,LV,0.39575618836562765,0.35408783316059883,0.3042341512182068,0.0,-0.18639416857933164,0.0,0.6861583619646654,2.721077146641527,2.832170996802646,0.0,0.821090849413254,1.0093445122168214,0.0,0.59878416829662,0.16407943275605627,0.11318098234456621,0.8016377427450921,0.3428714003931072,0.9378401762460871,0.0,0.8734778852140097,0.0,0.0,0.0,0.0,0.8964202353976555,0.8793191601933593,-0.49587425541769675,0.09957702341202204,-0.4495746620489957,0.3635280941336133,0.006288777438944995,0.34462197626938657,0.20286848615698008,18,0.0,0.11835203457388808,2025.0,1.0,-0.7858069365503105,0.16816329444939154,hunter henry,220.0,0.3125,-0.14433670555060846
00-0038040,Zamir White,RB,LV,NE,0.0,0.0,0.0,-0.5211974943428386,0.0,6.372448518075661,0.0,-0.30018497706863334,-0.2970335806059041,0.3299164746684374,-0.33632356804234925,-0.9448272274793962,-0.43422250202834267,0.0,-0.15782205631742205,-1.7655941657747936,-0.003993601110632411,2.8692044397854426,0.3274968297242928,0.05355589419956685,-0.7249147313915422,-0.579310830994764,-0.2881408114406225,-1.3818054319917628,15.781089573757336,0.5031639151029059,-1.125147237028631,0.0,1.0965917696951994,1.459786425110501,0.6033515959465557,0.0865507203666982,0.1017715225980411,-0.4981055115374764,21,0.36873832185469824,-0.3767038576209114,2025.0,1.0,-0.059137814707410856,0.1681532093570897,zamir white,1100.0,0.08333333333333333,0.08481987602375636
00-0033955,Jeremy McNichols,RB,WAS,NYG,0.0,0.0,0.0,-0.9987252104903251,0.0,2.933987275040439,0.0,-0.29938418724644095,-0.2964174041270641,0.9210848003672067,-0.33632356804234925,-0.5321073595448073,-0.8017253505792081,0.0,0.6856608137618886,6.090110614137526,-0.8096272008397654,6.067443216740283,1.8942053378403372,-0.350281559602207,0.14469659837354962,-0.9512121689872122,-0.13265389605220082,0.49874104327996643,10.057559583077747,-0.8131280023996795,0.0708694403582549,0.08571428805589676,-0.16196650716595312,1.407427926258998,1.9259780622088303,0.04163390726041955,0.24911473274314194,0.78344356843888,23,0.4720473196963098,-0.01186006772776729,2025.0,1.0,0.9294517076653861,0.16715765645532737,jeremy mcnichols,500.0,0.16666666666666666,0.0004909897886607173
00-0038611,Chris Rodriguez Jr.,RB,WAS,NYG,0.0,0.0,0.0,-0.3824451917920037,0.0,4.7136501816513015,0.0,-0.30018497706863334,-0.2970335806059041,-0.6900405683703319,-0.33632356804234925,-1.1360725191155996,-0.44493929879100536,0.0,-0.06257116753393809,-0.08247110498673933,-0.0014329751440945032,0.23819449053571842,0.03518102726322536,-0.8816546987514943,-0.7291717324658743,-0.05908460191225631,0.7711574813119623,0.39743148557155467,22.29721796726065,-0.3103287124544937,-1.3147959569836363,0.02857142873108387,-0.16196650716595312,1.407427926258998,1.9259780622088303,0.04163390726041955,0.24911473274314194,0.78344356843888,23,-0.37448653235667084,-0.3820887648992882,2025.0,1.0,1.918041230038183,0.16686268605322968,chris rodriguez,180.0,0.35714285714285715,-0.19028017108962747
00-0039923,J.J. McCarthy,QB,MIN,CHI,0.0,0.0,0.0,0.0,0.0,-1.3071694798374134,0.0,0.0,0.0,-0.6723030877914214,0.0,-2.56098439666957,0.0,0.0,0.0,0.0,0.0,0.0,0.0,-0.9578492491376489,0.0,0.0,0.0,-0.17502678613289624,-0.8839130758322821,-0.6517676541813467,0.0,0.0,0.00010983569931633911,0.8983722222546537,0.8545060836529463,-0.7593773321090909,0.34390651568834923,0.015680516257895214,5,-0.48000776785945054,0.0,2025.0,1.0,-0.5346699743522593,0.1663950089275411,jj mccarthy,600.0,0.14285714285714285,0.02353786607039826
00-0035689,Dawson Knox,TE,BUF,BAL,-0.7954071108873912,-0.8060594165794187,-0.8645063802047566,0.0,-0.3469379322368332,0.0,-0.8785418246461235,-0.8143341594833379,-0.8254627314256986,0.0,-0.6041417806785526,0.3311217731064319,0.0,-0.7612058162958705,0.002673189495148307,-0.5636623663373899,0.22885491157746463,-0.19295194641983385,-0.45332616216933286,0.0,-0.6319079291719394,0.0,0.0,0.0,0.0,-0.7993454237387037,-0.618412806436444,-0.24664354539543265,0.2495864173130084,-0.92388745452576,0.3064634631103538,0.13876356505374152,-0.04622701354322105,0.8358950799283343,2,0.0,-0.5848686810297307,2025.0,1.0,0.2717012128747659,0.1663356538114318,dawson knox,475.0,0.17391304347826086,-0.007577389666829054
00-0037801,KaVontae Turpin,WR,DAL,PHI,-0.5392496304582901,-0.9132680852523424,-0.7590485720798211,0.0,-0.054916189556659306,2.0487948411532675,-0.8352240490207192,0.4961268162976078,0.3254530043423926,0.0,-0.44358845225387517,-0.7189873789815611,0.0,-0.849195767119143,0.08745094932053134,-0.9361837536080945,-0.4891115469666546,-0.7214169827091822,-0.8844913884069951,0.08000026768477278,0.9588090505687198,0.0,0.0,0.7169581266157589,15.219749457104154,-0.7331499399841785,-0.7188818614177406,0.17025151217672152,0.00013541841122680749,1.4394737315695219,0.14145055455138655,0.014318203708053883,-0.043317055178838104,-0.660349596258503,25,0.0,2.3019647046400706,2025.0,1.0,2.3867175117249184,0.16519506838910272,kavontae turpin,750.0,0.11764705882352941,0.04754800956557331
00-0036971,Trevor Lawrence,QB,JAX,CAR,0.0,0.0,0.0,0.0,0.0,0.19586323394315014,0.0,0.0,0.0,1.2724757294161277,0.0,0.6462373378086457,0.0,0.0,0.0,0.0,0.0,0.0,0.0,1.5531481749236422,0.0,0.0,0.0,0.3984380024010236,-0.29373949002968214,2.2229987312473702,0.0,0.0,0.24761513033179824,2.2097173453746346,0.3293142212970917,0.6220197434566809,0.5816989684746182,0.5842903528253347,4,1.824799306905862,0.0,2025.0,1.0,-0.5346699743522593,0.16412626664247468,trevor lawrence,400.0,0.2,-0.035873733357525334
00-0033576,Eric Saubert,TE,SEA,SF,-0.9262887576188031,-0.9327625401319062,-1.0197560508383772,0.0,-0.265932983564988,0.0,-1.0134785258960337,0.028307246021468824,0.177972266848393,0.0,0.4168902195713241,-0.9550350464765376,0.0,-0.8607634723670083,-0.07338847429001706,-1.1010436478449235,-0.05809301044224293,-1.0839687327309404,-0.9713170070154888,0.0,-0.6462203565999264,0.0,0.0,0.0,0.0,0.8780631296598734,-1.185346077192071,-0.16475345715600934,0.011719920818414258,0.8387623519893944,0.8853782884082708,0.07610628606238043,0.20567511962097468,-0.4301581076143742,28,0.0,-0.5623584824961635,2025.0,1.0,1.3292093622998422,0.1613290392591555,eric saubert,1600.0,0.058823529411764705,0.1025055098473908
00-0037291,Jalen Nailor,WR,MIN,CHI,-0.2241371271711659,0.47972485177176477,0.49721246441228417,0.0,-0.49175737979748957,0.02253272956337623,0.562317377760602,0.3788267046063942,0.5669554065000129,0.0008062333903291874,-0.3978061274474702,-0.1805343783197375,0.0,-0.15200971592096443,-0.3625760920766717,-0.10309313975442636,1.1769679655868697,0.1346426810994504,-0.10754740886389003,0.0026783797766452354,-0.8770336673773165,0.0,0.0,-0.03351714083106617,-0.1262860056578727,1.1577158377531327,-0.4733289198446313,-0.306983614460072,0.00010983569931633911,-0.08001789442429967,0.8545060836529463,0.018730127067081995,-0.07059338395201661,0.03022486967388346,5,0.0,-0.5977958396298322,2025.0,1.0,0.2717012128747659,0.15899525149878035,jalen nailor,450.0,0.18181818181818182,-0.02282293031940147
00-0030564,DeAndre Hopkins,WR,BAL,BUF,0.08188658443637063,0.6694607850836789,-0.09454560690177115,0.0,-0.3831722341258576,1.651998699393559e-05,0.44386625433240456,-0.011029118654552356,0.11560727523084859,0.0,0.0456203085494793,-0.2665929088133412,0.0,0.5068712266224173,-0.23203297498186728,0.8648633373359464,0.6173138275865843,0.2881944404978913,0.7648557224391386,2.8165095453976467e-06,-0.449136123136815,0.0,0.0,3.682128276431958e-06,6.797529841600591e-05,0.0641394698835984,0.42961594862709857,-0.306983614460072,0.17592314667794764,0.7433989500794301,0.6292644325350345,0.0009965931172776533,1.0363150188943484,0.4906078469621411,3,0.0,-0.03158709396454657,2025.0,1.0,1.3292093622998422,0.15878156745508135,deandre hopkins,425.0,0.19047619047619047,-0.03169462302110912
00-0031687,Raheem Mostert,RB,LV,NE,0.0,0.0,0.0,-0.9081041253222445,0.0,6.192450844511072,0.0,-0.3001817086714971,-0.29702985482236355,-0.6088539036785964,0.19215354861717915,-0.28006761425880616,-0.7797036661196596,0.0,-0.24615865498736617,-2.077039322724722,0.3304931399668431,12.908451533004301,2.0223044534957157,-0.33685215117272144,0.5500691175287719,-0.848080683999698,-0.123474144740817,-1.3160131818817684,19.528334339795915,-0.8858323717165086,-0.2831240554656488,0.0833333358168602,1.0965917696951994,1.459786425110501,0.6033515959465557,0.0865507203666982,0.1017715225980411,-0.4981055115374764,21,-0.013331326748097517,1.236091086045146,2025.0,1.0,1.918041230038183,0.15804755360695527,raheem mostert,750.0,0.11764705882352941,0.04040049478342586
00-0039919,Rome Odunze,WR,CHI,MIN,1.0655001673547326,0.9067472149600322,0.1834174060184549,0.0,0.9005976103607275,0.008587007049706332,0.1798804877534562,1.6938868459749044,1.570184472831588,0.0,-0.2709741560164266,1.1658770503180167,0.0,0.6384396101155632,-0.5246280862643112,1.313141374694414,-0.2647228960626594,0.20350581921948446,-0.17565934005031023,0.0,0.5096359615699319,0.0,0.0,0.004325400702200067,0.053463957491297065,-0.4499270753692799,1.152353282339396,-0.5332588542334142,0.004554193728072087,0.4738415459365699,1.0094296039730843,0.011265675138067815,-0.38711438284210903,-0.3150623632923098,20,0.0,0.9336631700957008,2025.0,1.0,0.2717012128747659,0.1563935462274809,rome odunze,215.0,0.31746031746031744,-0.16106677123283655
00-0033288,George Kittle,TE,SF,SEA,2.402461279755513,0.8141592597891231,1.9591486560185278,0.0,1.9762769769466813,3.1589492255694832e-06,2.247684041510441,-0.05733502540537462,0.007943505595006306,0.0,0.22748115306027433,1.4724685983344385,0.0,0.6316522480993845,0.7790581858588037,0.5157810964113533,2.7129182870110835,2.5167626062710693,2.0060897886635765,1.8242002830763302e-16,0.43736924648950504,0.0,0.0,1.7833028485249066e-06,6.318009009744827e-06,-0.5225402539196325,0.8073919767445796,-0.6560939865925492,0.13824379861637803,0.5248410733036718,0.16721027097005325,0.018899639194145917,-1.095276266476215,0.14532061399594787,27,0.0,-0.6907800352739402,2025.0,1.0,-0.7858069365503105,0.15569065214622818,george kittle,150.0,0.4,-0.24430934785377184
00-0039810,Jermaine Burton,WR,CIN,CLE,-0.41798318740330986,1.251567007615375,-0.5746953851778858,0.0,0.2302757343061825,0.0,-0.6151638929763124,0.6735577525658373,1.2505142880122126,0.0,-0.6073113852241876,-0.6541472460597401,0.0,-0.14909639668822067,-0.6042767530204195,1.1835107282390802,-1.1697051884094212,-0.26078896234144944,-0.9328985356585249,0.0,0.12540695552704928,0.0,0.0,0.0,0.0,-0.8187264409242717,-0.14676920548665268,-0.49587425541769675,0.00022142102909294124,0.3479891885012944,0.25582402967661827,0.4559935967827969,0.8917797996835549,0.9509908242503988,7,0.0,0.4523670495840907,2025.0,1.0,4.501733810575071,0.15496310955244072,jermaine burton,600.0,0.14285714285714285,0.01210596669529787
00-0037086,Grant Calcaterra,TE,PHI,DAL,-0.8504694687096317,-0.9215555226312528,-0.8761426856470457,0.0,-0.25708089721517474,0.0,-0.8922779275994588,-0.2462789345887411,-0.4816825795902745,0.0,-0.05423071451947915,0.9836660290705308,0.0,-0.8523789415853125,0.00019540953544055587,-0.566079331109301,0.35462804349097227,-0.3723350061696712,-0.7591577261022455,0.0,-0.7487336615346657,0.0,0.0,0.0,0.0,-0.20789028130053921,-0.398868409537482,-0.38645594554592155,0.08689154506380958,2.2182223398059615,0.36571496937304,0.6542454202363093,-0.972111831145493,1.296278057216592,8,0.0,-0.694008409896702,2025.0,1.0,0.2717012128747659,0.15489681930756535,grant calcaterra,1400.0,0.06666666666666667,0.08823015264089869
00-0037005,Tommy Tremble,TE,CAR,JAX,-0.5961761098864001,-0.8108852590361663,-0.8021922743611347,0.0,-0.1334484535912864,4.1561054142877425e-09,-0.7990604105325793,-0.7167132326975046,-0.7195469062448212,1.2473476504186676e-11,0.5004212595930755,0.6021965498862065,0.0,-0.7828533705131848,0.9043726056364717,-0.8353676895091978,0.37300227256593793,-0.332556149062732,-0.17540134650187023,8.382261995625123e-10,-0.6146173901687229,0.0,0.0,1.0195926819493983e-09,1.6540799470666898e-08,-0.20688116222953912,-0.5661090752204075,-0.5086918277615873,0.016736398843874546,-0.7649560682930315,0.7992125030064359,0.011525896246087252,0.4002143512051058,-0.19996661897024537,14,0.0,-0.5270481418018097,2025.0,1.0,0.2717012128747659,0.15213170739232135,tommy tremble,475.0,0.17391304347826086,-0.021781336085939518
00-0036945,Justin Fields,QB,NYJ,PIT,0.0,0.0,0.0,0.0,0.0,-0.005881237640373385,0.0,0.0,0.0,-0.08817086965962614,0.0,-1.7322709218149064,0.0,0.0,0.0,0.0,0.0,0.0,0.0,-0.29146476402500127,0.0,0.0,0.0,0.24667972890548207,0.3396446371678972,-0.021334405560770556,0.0,0.0,0.001490943521874055,1.593982830113538,0.5804319182870316,-0.13195692978403226,0.9716705527988907,-1.06467817322024,26,-0.18496915659378127,0.0,2025.0,1.0,-0.5346699743522593,0.15036890348923138,justin fields,200.0,0.3333333333333333,-0.18296442984410194
00-0038454,Keaton Mitchell,RB,BAL,BUF,0.0,0.0,0.0,0.029174835084689956,0.0,9.468630228295286,0.0,0.1390489740937923,-0.009130345296336873,-0.8479817939836569,-0.33632356804234925,-0.30149112309615844,-0.4472567665648077,0.0,-0.2829705319329967,-3.846051699716715,0.6619573397191431,19.882118605232463,1.3319759206798867,-0.6763277417233928,-0.5194930364115188,-0.7148585420996851,-1.6160190835786463,0.12252003172269402,44.92381478086986,-0.7571023199899798,-0.2649738803165615,0.0,-0.026119812622289244,1.3164319510031357,-0.1094909053494918,0.0009965931172776533,0.7027349007928921,0.49218241389879896,3,-0.5062620113326475,-0.2742146207373166,2025.0,1.0,1.918041230038183,0.14939095583490708,keaton mitchell,850.0,0.10526315789473684,0.044127797940170244
00-0038041,Jake Ferguson,TE,DAL,PHI,0.9625209899609063,-0.22131256517448727,0.8467878041959896,0.0,-0.10623756601865589,0.0,0.930649853135166,-0.8436129005074144,-0.8506075324140738,0.0,-0.606973928953524,0.23961436813963605,0.0,-0.3308160688316424,0.23588974398587198,-0.5639166456398695,-1.9148465352817503,-0.27331227391121843,0.435026192725597,0.0,-0.9662825360034715,0.0,0.0,0.0,0.0,-0.8184801116478209,0.17700777354796784,-0.14241976178333884,0.00013541841122680749,1.4394737315695219,0.14145055455138655,0.014318203708053883,-0.043317055178838104,-0.660349596258503,25,0.0,-0.692528330698428,2025.0,1.0,-0.7858069365503105,0.14905277942547465,jake ferguson,260.0,0.2777777777777778,-0.12872499835230314
00-0033589,David Moore,WR,CAR,JAX,-0.5735666330274362,-0.4222368848394167,-0.6543690309942249,0.0,-0.43218562745578526,0.24000351605753867,-0.6723703140101766,0.27232644260903005,0.0866379915620979,0.04800000073835476,-0.448033015823829,0.17258315226766668,0.0,-0.5252054302631506,-0.1706379991992643,-0.12744774687130106,0.01876301383490746,-0.2677091575194766,-0.47119785143313087,0.03000000896433391,0.17905523709018933,0.0,0.0,-0.32328189991985373,1.4989036356271179e-05,0.3312673289835669,-0.17242304157404623,-0.5086918277615873,0.016736398843874546,-0.7649560682930315,0.7992125030064359,0.011525896246087252,0.4002143512051058,-0.19996661897024537,14,0.0,-0.10742754587168298,2025.0,1.0,3.444225661149995,0.1471013019206823,david moore,750.0,0.11764705882352941,0.029454243097152888
00-0039875,Ray Davis,RB,BUF,BAL,0.0,0.0,0.0,-0.7545844206279647,0.0,6.191766931763021,0.0,-0.30018497706863334,-0.2970335806059041,-0.43371834208351834,0.359200232247295,-0.6518006706193382,-0.34210695605821223,0.0,1.1372884840155868,-1.2308853031810831,0.7525976849455205,9.628926739293535,1.075167271098202,-0.8190759756270595,-0.4108787035315089,-0.5880846972501879,0.21932168561291462,-1.155804306403914,16.266501750286917,-0.018587411314589544,-0.63796819139099,0.09677419066429138,0.2961505253716937,0.46992837664964765,-0.8244183307425869,0.13876356505374152,0.35180540354769163,0.8416957993468962,2,-0.7124505161112523,-0.1497679375781878,2025.0,1.0,-0.059137814707410856,0.146067225276319,ray davis,450.0,0.18181818181818182,-0.03575095654186283
00-0034855,Baker Mayfield,QB,TB,ATL,0.0,0.0,0.0,0.0,0.0,-0.5254440328844732,0.0,0.0,0.0,-0.6697758153647924,0.0,0.46271550206221146,0.0,0.0,1.824200328380832e-15,7.600834399556774e-15,2.6915896593460837e-15,9.12100127946813e-15,1.520166879911355e-15,-0.33040809034418217,0.0,0.0,0.0,0.06379368817961005,0.13370888279754534,-0.506901142219291,9.683754929199724e-17,0.0,0.40596432302653357,0.9889414560151615,0.5228075199062638,-0.825919925593851,0.8445559613314039,0.5842903528253347,1,-0.4766039777959873,0.0,2025.0,1.0,-0.5346699743522593,0.14417499376723295,baker mayfield,550.0,0.15384615384615385,-0.00967116007892091
00-0037263,Tyler Allgeier,RB,ATL,TB,0.0,0.0,0.0,0.07129441129338684,0.0,7.201883751336547,0.0,-0.30018497706863334,-0.2970335806059041,-0.7793764392589944,-0.33632001040643383,-0.8406084534300236,-0.2229707867427967,0.0,-0.18253704484060856,-1.8756743352783722,0.14283512005954233,2.5306805491528506,0.33628287371789006,-0.8388834592961968,-0.7251617069516876,0.5011303570842315,0.17180761647502205,0.21874860121980808,27.3839288575335,-0.5797426089923444,-1.2021754407274048,0.054054055362939835,-0.6821024198665372,1.440923377515286,-0.8702122719058668,0.14003041387088902,0.040340912980190824,0.026164566634669394,29,-0.7255619976787401,-0.38178408253185836,2025.0,1.0,-0.059137814707410856,0.14417291445009325,tyler allgeier,265.0,0.273972602739726,-0.12979968828963276
00-0037525,Jordan Mason,RB,MIN,CHI,0.0,0.0,0.0,-0.7427192127125097,0.0,4.170446516087098,0.0,-0.30018497706863334,-0.2970335806059041,-0.6205901565055033,-0.33632356804234925,-0.9097808107835901,-0.5207053782451262,0.0,0.08488937199371721,1.7345941856346179,-0.42656861143317365,3.5543888259306184,0.5975335692449634,-0.6908092484483522,-0.613448919239374,-0.6507816882148136,0.10827906418853381,0.3278603381007864,18.26975380483286,-0.8734079407163188,-0.5136551979123563,0.0,-0.7952876036320621,0.8983722222546537,0.38936581745409937,0.018730127067081995,0.34390651568834923,0.026164566634669394,5,-0.406530588783219,-0.38205159404231676,2025.0,1.0,-0.059137814707410856,0.14383826601827943,jordan mason,170.0,0.37037037037037035,-0.22653210435209092
00-0035249,Josh Oliver,TE,MIN,CHI,-0.6008496476802123,-0.5939472450625483,-0.6198714703236092,0.0,-0.20391653303684984,0.0,-0.5862564951754369,-0.4066305986510416,-0.41407866157260415,0.0,-0.3943950972975673,-0.16544957983932437,0.0,-0.6650130468709219,0.2939991007298157,-0.7784291260891608,0.03646579663434044,-0.5222160961032107,-0.7269159424180144,0.0,-0.8833274247341648,0.0,0.0,0.0,0.0,-0.41850641844978365,-0.8274795490106044,-0.5785139636890596,0.00010983569931633911,-0.08001789442429967,0.8545060836529463,0.018730127067081995,-0.07059338395201661,0.03022486967388346,5,0.0,-0.6667553869514561,2025.0,1.0,0.2717012128747659,0.1428535846982172,josh oliver,650.0,0.13333333333333333,0.00952025136488388
00-0039751,Jordan Whittington,WR,LA,HOU,0.4919781595545415,-0.19536284506787494,0.5445005749940124,0.0,0.07484823192073398,0.0,0.15533595848970674,-0.3756272167038107,-0.45089895852415796,0.0,-0.6073113852241876,-0.16807633480779832,0.0,-0.1176972769123906,2.163233289276893,-0.3505326146979344,0.6277215908015089,0.22244141074011067,0.40667180153812366,0.0,-0.7761240129533967,0.0,0.0,0.0,0.0,-0.8187264409242717,-0.20301876243838352,-0.3612896689306253,0.004568383060241701,-0.7301005858194966,0.7193721535638331,0.640230009708119,2.019692966589213,0.20286848615698008,12,0.0,-0.5851620843845765,2025.0,1.0,2.3867175117249184,0.14266456438856823,jordan whittington,850.0,0.10526315789473684,0.03740140649383139
00-0038933,Dalton Kincaid,TE,BUF,BAL,1.5348966472846535,1.224137573871303,1.9589055640583357,0.0,0.8903723432659478,0.0,1.0616422641577725,-0.4950279107005948,-0.4748456632928645,0.0,-0.6072664512543544,-0.5015355263325983,0.0,0.8745757091888898,-0.39202252437770185,0.5364852998812034,-0.7508192415323905,-0.12905583740420412,0.4635403700122526,0.0,0.5267378722323967,0.0,0.0,0.0,0.0,-0.5815996090967579,0.9117645367156807,-0.6287973161381485,0.2495864173130084,-0.92388745452576,0.3064634631103538,0.13876356505374152,-0.04622701354322105,0.8358950799283343,2,0.0,-0.2116880580934387,2025.0,1.0,-0.7858069365503105,0.14250414270823725,dalton kincaid,350.0,0.2222222222222222,-0.07971807951398496
00-0033908,Cooper Kupp,WR,SEA,SF,-0.18801018127211747,-0.09244970627347603,-0.12114934154438364,0.0,-0.11368515016498494,0.005717939114076904,-0.12328847411221232,0.13311633461671207,-0.05313359000919415,0.0,-0.33097548362762547,0.9925853521753648,0.0,-0.019547094235736966,-0.2843287531485443,0.09949244260072092,-0.21482856581268828,0.030414881944556427,0.17449242414452315,0.0005708252758534957,-0.48317194289066073,0.0,0.0,-0.00030339258455116283,0.021604409526772943,0.1932012462117152,0.8375508076303183,-0.2875885895151443,0.011719920818414258,0.8387623519893944,0.8853782884082708,0.07610628606238043,0.20567511962097468,-0.4301581076143742,28,0.0,-0.04930025546947097,2025.0,1.0,0.2717012128747659,0.14169683888991397,cooper kupp,265.0,0.273972602739726,-0.13227576384981204
00-0039146,Jayden Reed,WR,GB,DET,-0.22887392092691528,-0.7801114343447773,-0.13408759205165993,0.0,0.2486137454912882,0.7614363723840699,-0.3887509792223031,-0.5814899397717348,-0.6649149332677158,2.437439154029505e-05,-0.3947495583158945,0.24950710473229493,0.0,-0.725782791754335,1.546475502882271,0.07665610350626596,-0.8208882835324949,-0.13419395507809745,-0.29310288522196876,0.02265721850450406,0.3270542574733606,0.0,0.0,0.27372593559326686,6.245401468221653,-0.5042900566957953,0.18565988002423459,-0.5676527374197047,0.5440000000005462,0.8266413628661022,0.5703999344392803,1.0923931475436526,-0.1218628149200145,0.6057035912842055,10,0.0,0.9555834210149291,2025.0,1.0,-0.7858069365503105,0.14071888159056495,jayden reed,230.0,0.30303030303030304,-0.1623114214397381
00-0039376,Spencer Rattler,QB,NO,ARI,0.0,0.0,0.0,0.0,0.0,-0.17965986797032935,0.0,0.0,0.0,-0.6723030877914214,0.0,0.36575538522710455,0.0,0.0,0.0,0.0,0.0,0.0,0.0,-0.9578492491376489,0.0,0.0,0.0,1.574395559585262,0.8136736185258561,-0.6517676541813467,0.0,0.0,0.05862511054304977,0.7537948253594833,1.0697734357303403,0.7113779065722189,0.053538254902184085,-0.894095222250008,0,-0.48000776785945054,0.0,2025.0,1.0,-0.5346699743522593,0.14046275226614166,spencer rattler,550.0,0.15384615384615385,-0.013383401580012194
00-0039064,Zay Flowers,WR,BAL,BUF,0.6142530868445637,2.2354054141878117,1.4142899988334479,0.0,2.5990334027997237,0.3352241853979378,1.1058157473548509,-0.25241140026902464,-0.4234375431697995,0.0,-0.20881700824838384,0.7845760308355013,0.0,2.021723851016182,-0.34986417018534555,1.4552854334268677,0.7489240383713986,0.9556022397492017,0.44789675724635886,0.04354554585728205,-0.49022699496091937,0.0,0.0,-0.14853000915767617,0.5600918877413646,-0.6370344034397378,2.078642862809567,-0.7052280395362033,0.17592314667794764,0.7433989500794301,0.6292644325350345,0.0009965931172776533,1.0363150188943484,0.4906078469621411,3,0.0,-0.0811104032376201,2025.0,1.0,-0.7858069365503105,0.1403757324565212,zay flowers,200.0,0.3333333333333333,-0.1929576008768121
00-0039921,Trey Benson,RB,ARI,NO,0.0,0.0,0.0,-0.7686141079613162,0.0,3.678292428160437,0.0,-0.30018497706863334,-0.2970335806059041,-0.7359705094640859,-0.33632356804234925,-1.0010369552328082,-0.7150919765198012,0.0,-0.12228484440899327,-2.5268684629525846,0.15866971569884894,4.750666060608278,0.6333876371406142,-1.134120735671718,-0.7291717324658743,-0.6187195084171624,0.14249669711286095,0.4786112604118139,22.229162053021838,-0.752043392359583,-1.0900620846138462,0.0,-0.784670027937213,1.52390123508045,0.5790112389768709,0.00019132883031764192,0.0025489126294381136,0.6086868757148314,22,-0.7938823657567899,-0.3820887648992882,2025.0,1.0,-0.059137814707410856,0.13975140192978056,trey benson,320.0,0.23809523809523808,-0.09834383616545753
00-0036355,Justin Herbert,QB,LAC,KC,0.0,0.0,0.0,0.0,0.0,0.2748062287483619,0.0,0.0,0.0,-0.11937863267239049,2.0633699284645836e-09,0.49151414084102407,0.0,0.0,0.0,-1.3303477467157005e-05,3.369018603082841e-06,1.8938144483026957e-05,1.9003694715506317e-06,0.07671092623560792,1.3756446558035425e-09,0.0,0.0,0.8914493051440072,0.010782647718032664,-0.462054580526593,4.0696168736003435e-08,0.0,8.371811567089089e-05,0.4686810809528817,0.3062931744427471,0.8650393174688242,0.30023173190573393,-0.15490243471233664,15,0.628037993925761,0.0,2025.0,1.0,-0.5346699743522593,0.13958908653950022,justin herbert,550.0,0.15384615384615385,-0.014257067306653631
00-0039798,Isaiah Davis,RB,NYJ,PIT,0.0,0.0,0.0,-0.7771135013614536,0.0,3.6697321279786705,0.0,0.419357820419671,0.5026976285873382,-0.8479817939836569,0.4273151247253309,-0.6487858032789472,-0.5490602545341442,0.0,-0.15656607686130922,-0.5918284452591243,0.5085242688530858,7.7129072237960346,1.0067332527912014,-0.6784714650055144,-0.3214631533330098,-0.7265816882221214,-0.05547511908050889,1.1398842644234664,24.705450133311118,-0.4347476537017957,-0.7130952775239711,0.0,-0.789245378233371,1.593982830113538,-0.21764331811646254,0.17510400000085355,0.9716705527988907,-1.0806278206176383,26,-0.531924548516398,-0.38031109501938404,2025.0,1.0,0.9294517076653861,0.13933367637248648,isaiah davis,1100.0,0.08333333333333333,0.05600034303915315
00-0039737,Tip Reiman,TE,ARI,NO,-0.9265156575001782,-0.9329181292002474,-1.020142137998659,0.0,-0.26605201427221914,0.0,-1.013796075352233,-0.8463714680102491,-0.8533033571740235,0.0,-0.6073113852241876,-0.6828490496369976,0.0,-0.8608546251438224,-0.28083861075590194,-1.2174545745823708,-0.26149301841058475,-0.9260096290528009,-0.9328985356585249,0.0,-1.0089781538107605,0.0,0.0,0.0,0.0,-0.8187264409242717,-1.3049255937201965,-0.3945740744940103,0.002536758874332544,1.152033629477524,0.940133972219178,0.00019132883031764192,-1.1236081812382388,0.6057035912842055,22,0.0,-0.7063167552823529,2025.0,1.0,0.2717012128747659,0.13911600395147156,tip reiman,1500.0,0.0625,0.07661600395147156
00-0032211,Tyler Lockett,WR,TEN,DEN,-0.9053710615843845,-0.9012235188629568,-1.0034490745365479,0.0,-0.2805656536164497,8.621666959624134e-12,-0.9906861484443727,-0.47705096098594574,-0.5146213382074242,0.0,-0.5973860620943306,0.4816898433102869,0.0,-0.839385302841984,0.03704464111869697,-0.6963262439228962,-0.49316749543923577,-0.5674347104892877,-0.331643629162502,0.0,2.929685912270067,0.0,0.0,-1.52419635768684e-12,3.340895946854353e-11,-0.7604817096014702,-0.3113997542734748,0.13551022534728321,0.39210959995269856,1.2370130276572788,0.5065032889604215,0.5441931306439546,-0.5350232199993614,-1.2358283178688252,9,0.0,4.944310854484679,2025.0,1.0,1.3292093622998422,0.1378189131047161,tyler lockett,500.0,0.16666666666666666,-0.028847753561950545
00-0036415,Van Jefferson,WR,TEN,DEN,-0.9119370769953765,-0.9027079935304341,-1.0032621916006197,0.0,-0.2696107491537932,1.1377248338995798e-06,-0.9866664683962844,-0.5097485842313996,-0.5917653961349968,0.0,-0.5918295776029887,0.17149783471953922,0.0,-0.843427174583327,-0.5384609760748843,-0.6559226927267653,-0.6116030552077639,-0.856380530962295,-0.9985864434239607,0.0,-0.5749162709373349,0.0,0.0,-1.9969460136571862e-07,4.553979201779567e-06,-0.43514841435287965,-0.6705516413631692,0.030088479581798607,0.39210959995269856,1.2370130276572788,0.5065032889604215,0.5441931306439546,-0.5350232199993614,-1.2358283178688252,9,0.0,-0.08358731744211936,2025.0,1.0,3.444225661149995,0.13723841095643755,van jefferson,950.0,0.09523809523809523,0.04200031571834231
00-0037664,Alec Pierce,WR,IND,MIA,-0.031188239517250728,1.9688597417420117,-0.10443319255085112,0.0,-0.29957518771240965,0.0,0.297072903552772,3.148358325355634,3.390852402758159,0.0,0.5028275231410644,0.7677293606261434,0.0,1.2141829245421922,-0.5715228674044761,2.794651460713579,0.9560803936929703,1.1098501206719467,0.18021698497133248,0.0,-0.029680125175864186,0.0,0.0,0.0,0.0,1.6350140950908,1.1676805668990917,-0.8639688644076574,0.025831640722662735,-0.40403987495538085,0.1499082121284306,1.8411477044333205e-05,-0.21590187946681136,0.4906078469621411,19,0.0,-0.04836336427961571,2025.0,1.0,0.2717012128747659,0.1335553146420124,alec pierce,350.0,0.2222222222222222,-0.08866690758020981
00-0039794,Braelon Allen,RB,NYJ,PIT,0.0,0.0,0.0,-0.7636093933462234,0.0,4.734860602686424,0.0,-0.30018497706863334,-0.2970335806059041,-0.8335137159301709,-0.33632356804234925,-0.5796335344789065,-0.7143244130452034,0.0,0.8584473335106226,-0.03755023676581831,0.20942455217657216,5.500800901694696,0.7168798898428876,-0.8653745097892034,-0.7277862838691849,-0.6442319209733993,-0.15767222721303753,-0.6306443956612925,17.74124697380896,-0.913229153105488,-0.9277092442917053,0.08571428805589676,-0.789245378233371,1.593982830113538,-0.21764331811646254,0.17510400000085355,0.9716705527988907,-1.0806278206176383,26,-0.6435477027708872,-0.3820827241379049,2025.0,1.0,-0.059137814707410856,0.13319208405659047,braelon allen,250.0,0.2857142857142857,-0.15252220165769523
00-0035537,Ty Johnson,RB,BUF,BAL,0.0,0.0,0.0,-0.9987255019757906,0.0,3.7945638900782326,0.0,-0.1926930477782554,-0.1944509814840097,-0.8431079925010677,-0.2779403884232282,-0.24773217485473795,-0.8017257357073888,0.0,1.4762046741657,19.509695662022636,2.2943642085734655,25.874588235046616,1.4067804416578515,-0.6858069442331984,0.24360355008469528,-0.9512122944913453,-0.1326536519107627,-0.2665067483287639,17.28721463818935,-0.609450554264608,0.3283742744333972,0.06451612710952759,0.2961505253716937,0.46992837664964765,-0.8244183307425869,0.13876356505374152,0.35180540354769163,0.8416957993468962,2,-0.670426788392823,0.32793607980526784,2025.0,1.0,0.9294517076653861,0.13300007902591549,ty johnson,800.0,0.1111111111111111,0.02188896791480438
00-0035250,Devin Singletary,RB,NYG,WAS,0.0,0.0,0.0,-0.9830085110747299,0.0,5.061948596156087,0.0,-0.30018497706863334,-0.2970335806059041,-0.36337955272469946,-0.33632356617030407,-0.5520492902523346,-0.7796482430887535,0.0,0.39134226654880366,-1.3460964535219515,-0.20103509820617504,6.420105790699522,0.9431567020453446,-0.7279195591827965,-0.728557360661504,-0.9385734950211452,-0.1388126301266711,-0.1514329883121889,18.42746932954513,-0.3015123935113058,-0.70237810576752,0.0357142873108387,-0.16567951166243475,0.5065280516478641,1.564780871453472,0.0423015298569259,0.6407707731623349,-0.6146099733535088,31,-0.20234231930897525,-0.38183000102663545,2025.0,1.0,-0.059137814707410856,0.13290913272929059,devin singletary,750.0,0.11764705882352941,0.015262073905761175
00-0039066,Michael Mayer,TE,LV,NE,-0.7937961882551526,-0.7855130113481359,-0.6644393097537851,0.0,-0.19519491826814925,0.0,-0.741210625894563,-0.8453564261927791,-0.8524955133762862,0.0,-0.6072552170587672,0.4809690116953356,0.0,-0.6968797207270655,-0.36711620683050944,-0.6297068301352506,-0.4711004066703851,-0.7514452032464769,-0.7648952287506253,0.0,-0.7690687763081279,0.0,0.0,0.0,0.0,-0.8071376353660465,-0.7765905662151269,-0.1792046491982605,0.4325480897247216,1.02575211781541,0.9511240259601391,0.0865507203666982,-0.817527767074249,-0.4877059797754064,21,0.0,-0.683963571783863,2025.0,1.0,0.2717012128747659,0.1313513728393365,michael mayer,750.0,0.11764705882352941,0.0137043140158071
00-0038104,Tyquan Thornton,WR,KC,LAC,-0.8890300030754957,-0.9040622928659395,-0.9731108437431971,0.0,-0.2523384401019925,0.04186313818078427,-0.9805001488857455,0.44662966945605603,0.13799677910712946,7.897324682857564e-07,-0.6060913426650192,-0.9743611719131928,0.0,-0.8331002059069541,-0.8097126967284246,-0.63746713365064,-1.9925862555946727,-1.128434405252968,-1.2299234744940821,0.002016176716236334,-1.0072647850836065,0.0,0.0,0.0423206887273067,0.5541014492606553,-0.8173834617015024,-0.6540662984531036,-0.3257098162814355,0.3841885034220886,0.6747029113778164,0.32388472428757914,0.034127456509507964,-1.035394127268207,0.5481557191231733,17,0.0,-0.704306488704735,2025.0,1.0,3.444225661149995,0.13010107822323796,tyquan thornton,550.0,0.15384615384615385,-0.02374507562291589
00-0038951,Sean Tucker,RB,TB,ATL,0.0,0.0,0.0,-0.9708611958510839,0.0,6.165005992631658,0.0,-0.30018497706863334,-0.2970335806059041,-0.5835544053660201,-0.33632356804234925,-1.0503524227134013,-0.778698912174931,0.0,0.22626317861180048,1.2177328648308785,-0.04501272398516702,4.191475510321187,0.630882586310783,-0.848913442680059,-0.7291717324658743,-0.8974736932632579,-0.048992772316549985,0.5118164001445089,29.53530596360997,-0.5883447694325451,-0.7258957279955335,0.0,0.9802901256720705,0.9889414560151615,-0.34526766462202924,0.0021455164619609253,0.8445559613314039,0.6086868757148314,1,-0.6522559363509902,-0.3820887648992882,2025.0,1.0,0.9294517076653861,0.12807576146216273,sean tucker,600.0,0.14285714285714285,-0.014781381394980114
00-0036970,Kyle Pitts,TE,ATL,TB,-0.03085285224701224,0.41861199894066814,-0.1407836463501726,0.0,1.2570309341215589,8.842956788829764e-08,0.3859834153680587,1.2608682648652545,1.1615111971973353,0.0,-0.6065086233533618,-0.2943116043384841,0.0,-0.2795634242118776,-0.22378333352123886,-0.07219933191940175,-0.08516433002254079,-0.24627775658361883,-0.05476783227971626,0.0,1.4932544385323838,0.0,0.0,-1.4601523424634275e-07,-3.5371827155319054e-07,0.9074685621542428,-0.055802190041322905,-0.5564979977381926,0.025981254321015893,0.9885991703763608,0.28578677890963833,0.14003041387088902,-1.00702798723705,0.03022486967388346,29,0.0,-0.6139024321909623,2025.0,1.0,-0.7858069365503105,0.12794388716884772,kyle pitts,275.0,0.26666666666666666,-0.13872277949781894
00-0038783,Nate Adkins,TE,DEN,TEN,-0.9265156575001782,-0.9329181292002474,-1.020142137998659,0.0,-0.26605201427221914,0.0,-1.013796075352233,-0.7766092357528985,-0.7731051477362119,0.0,-0.3682827072685438,-0.71877571710189,0.0,-0.8608546251438224,1.0410036887118044,-1.2219764127450148,-0.09962863540962749,-0.8477727338748762,-0.8099378930539942,0.0,-0.6124539180486129,0.0,0.0,0.0,0.0,0.144345506903031,-1.2279897684009877,-0.3257098162814355,0.1729508360200416,0.8336096275676413,1.0852457470108379,0.3230993026910642,-0.8500542419539782,0.72079933560627,30,0.0,-0.67319901239688,2025.0,1.0,1.3292093622998422,0.12621042999552612,nate adkins,1300.0,0.07142857142857142,0.054781858566954694
00-0039746,Will Shipley,RB,PHI,DAL,0.0,0.0,0.0,-0.99872550205741,0.0,4.066176470588235,0.0,-0.30018497706863334,-0.2970335806059041,-0.8479817939836569,-0.33632356804234925,-1.4308099073999434,-0.8017257358173722,0.0,-0.0358621016224909,0.0,-0.004909855083988829,0.0,0.0,-1.099576696333325,-0.7291717324658743,-0.9512122945681584,-0.13265365192899384,-0.14829315254038525,12.205882352941176,-0.9384268197770832,-1.3307604457256241,0.09756097197532654,-0.4156252486010924,2.065219482344678,-0.6931903270022539,0.6542454202363093,0.051659742860038146,1.3077136466110257,8,-0.7971200200144435,-0.3820887648992882,2025.0,1.0,-0.059137814707410856,0.12586344108112624,will shipley,750.0,0.11764705882352941,0.008216382257596827
00-0040242,Jacory Croskey-Merritt,RB,WAS,NYG,0.0,0.0,0.0,-0.99872550205741,0.0,0.0,0.0,-0.30018497706863334,-0.2970335806059041,-0.8479817939836569,-0.33632356804234925,-1.7639623899655292,-0.8017257358173722,0.0,-0.0358621016224909,0.0,-0.004909855083988829,0.0,0.0,-1.1615917784114431,-0.7291717324658743,-0.9512122945681584,-0.13265365192899384,0.3369303775584414,0.0,-0.9384268197770832,-1.3307604457256241,0.0,-0.16196650716595312,1.407427926258998,1.9259780622088303,0.04163390726041955,0.24911473274314194,0.78344356843888,23,-0.8204560346096273,-0.3820887648992882,2025.0,1.0,-0.059137814707410856,0.12574902718762765,jacory croskeymerritt,330.0,0.23255813953488372,-0.10680911234725607
00-0037348,Tanner Conner,WR,MIA,IND,-0.9265156575001782,-0.9329181292002474,-1.020142137998659,0.0,-0.26605201427221914,0.0,-1.013796075352233,-0.8463714680102491,-0.8533033571740235,0.0,-0.6073113852241876,-1.7677055657959053,0.0,-0.8608546251438224,-0.9053043238656391,-0.5337631648651199,-0.9666620237840993,-1.2763004529575872,-1.1866460601779467,0.0,-0.35680551634635066,0.0,0.0,0.0,0.0,-0.8187264409242717,-0.7738626820244537,-0.4104237218742793,0.03123261088096967,2.5988928233991215,0.7841042425196798,0.4204453003175361,0.175692369560446,0.14532061399594787,13,0.0,0.6421704173688915,2025.0,1.0,1.3292093622998422,0.12530761211152383,tanner conner,1100.0,0.08333333333333333,0.0419742787781905
00-0040730,RJ Harvey,RB,DEN,TEN,0.0,0.0,0.0,-0.99872550205741,0.0,0.0,0.0,-0.30018497706863334,-0.2970335806059041,-0.8479817939836569,-0.33632356804234925,-1.7639623899655292,-0.8017257358173722,0.0,-0.0358621016224909,0.0,-0.004909855083988829,0.0,0.0,-1.1615917784114431,-0.7291717324658743,-0.9512122945681584,-0.13265365192899384,0.3369303775584414,0.0,-0.9384268197770832,-1.3307604457256241,0.0,-0.03912341064459293,1.3622331167342887,0.9003993306264244,0.3230993026910642,0.09122735975292752,0.7251913375308637,30,-0.8204560346096273,-0.3820887648992882,2025.0,1.0,-0.059137814707410856,0.12507452497901014,rj harvey,165.0,0.37735849056603776,-0.2522839655870276
00-0039050,Payne Durham,TE,TB,ATL,-0.6578073589126859,-0.583589489794163,-0.06302938489141907,0.0,-0.2793573366023239,0.0,-0.34001994233633215,0.2531620751885563,0.18383848910866185,0.0,0.1654821911762339,0.23432561993258622,0.0,-0.6692730761214061,0.11671128106863707,-0.3108341024349393,0.6612466717639679,-0.21782304830947258,-0.2236509581039349,0.0,-0.6505121689316375,0.0,0.0,0.0,0.0,0.8882587617546052,-0.5034253993416649,-0.7274176688705336,0.40596432302653357,0.09836865549633474,0.5228075199062638,0.0021455164619609253,1.4738024923697968,0.6057035912842055,1,0.0,-0.4291492770019519,2025.0,1.0,0.2717012128747659,0.12461754906472158,payne durham,330.0,0.23255813953488372,-0.10794059047016213
00-0039917,Michael Penix Jr.,QB,ATL,TB,0.0,0.0,0.0,0.0,0.0,-0.526343325646382,0.0,0.0,0.0,-0.037340774978309926,0.0,-0.031461454105933484,0.0,0.0,0.0,0.0,0.0,0.0,0.0,-0.5267258662216159,0.0,0.0,0.0,-0.579770318997067,-0.7551374639000454,-0.6517676541813467,0.0,0.0,0.025981254321015893,1.440923377515286,0.28578677890963833,-0.27268301853394133,0.040340912980190824,0.015680516257895214,29,-0.32736302144301144,0.0,2025.0,1.0,-0.5346699743522593,0.1240731907229752,michael penix,800.0,0.1111111111111111,0.012962079611864089
00-0037276,Ty Chandler,RB,MIN,CHI,0.0,0.0,0.0,-0.7933799635862673,0.0,2.859731461617763,0.0,-0.30018497706863334,-0.2970335806059041,-0.8374983176492606,-0.33632356804234925,-1.2276199660603841,-0.6788735310497445,0.0,-0.09491766742091386,-0.4418700710915964,-0.03260142875335298,1.0565545112758572,0.17563415674799943,-1.0329249191220489,-0.6920929974989013,-0.8554108412223559,-0.2716808405481503,0.2721148302316104,8.55887014821192,-0.9297047242362825,-1.219277103790853,0.0,-0.7952876036320621,0.8983722222546537,0.38936581745409937,0.018730127067081995,0.34390651568834923,0.026164566634669394,5,-0.7073284572149826,-0.3820768549887381,2025.0,1.0,0.9294517076653861,0.12326488714540354,ty chandler,1600.0,0.058823529411764705,0.06444135773363883
00-0036919,Kenneth Gainwell,RB,PIT,NYJ,0.0,0.0,0.0,-0.988617722390326,0.0,4.097326015306761,0.0,-0.30018497706863334,-0.2970335806059041,-0.8423420502810377,-0.33632356797008656,-0.610457509742384,-0.7987526576687171,0.0,-0.3065228524323445,-1.5735166710834092,0.4263143661333193,10.233568412836368,1.312615196572636,-0.5912564290814968,0.13617823861749992,-0.9413035797911045,-0.13428901096360313,-0.32832773567067214,11.987799041011517,-0.7527041847226642,-0.2841427120980336,0.09756097197532654,-0.7951451981841925,1.6359319127833656,0.32949399619453723,0.5127020912071784,0.38071055824563893,-0.381601049721444,24,-0.3348648906614703,-0.3817284355296764,2025.0,1.0,-0.059137814707410856,0.12171729207651609,kenneth gainwell,500.0,0.16666666666666666,-0.04494937459015057
00-0040236,Kyle Monangai,RB,CHI,MIN,0.0,0.0,0.0,-0.99872550205741,0.0,0.0,0.0,-0.30018497706863334,-0.2970335806059041,-0.8479817939836569,-0.33632356804234925,-1.7639623899655292,-0.8017257358173722,0.0,-0.0358621016224909,0.0,-0.004909855083988829,0.0,0.0,-1.1615917784114431,-0.7291717324658743,-0.9512122945681584,-0.13265365192899384,0.3369303775584414,0.0,-0.9384268197770832,-1.3307604457256241,0.0,-0.7758439276759787,1.1795740569603832,0.7324845934376844,0.011265675138067815,0.24129936355963535,-0.3233488188134278,20,-0.8204560346096273,-0.3820887648992882,2025.0,1.0,-0.059137814707410856,0.12113911073174999,kyle monangai,550.0,0.15384615384615385,-0.032707043114403866
00-0035567,Craig Reynolds,RB,DET,GB,0.0,0.0,0.0,-0.9333779793462114,0.0,4.830900820645757,0.0,-0.30018497706863334,-0.2970335806059041,-0.7604452385164304,-0.33632356804234925,-0.7990042400854195,-0.7119817837984705,0.0,1.4801713116885815,-0.25232162585775303,1.563544710653889,15.74511373043283,1.0877201002639412,-0.9332489526367385,-0.7291717324658743,-0.8658903710298793,-0.09557367624534276,0.15936426834438408,22.15433151726377,-0.923986156849098,-0.7047473146944486,0.0625,1.5599140399425293,1.0493457725540178,-0.8633152511615524,0.006718519543583356,0.0393256623309879,0.026164566634669394,11,-0.7525789966801478,-0.3820887648992882,2025.0,1.0,0.9294517076653861,0.12101285345623262,craig reynolds,2000.0,0.047619047619047616,0.07339380583718501
00-0033526,Samaje Perine,RB,CIN,CLE,0.0,0.0,0.0,-0.9987254906581995,0.0,1.081429801381423,0.0,-0.23954188638828666,-0.222684185858022,-0.8440555894300364,-0.24622603009201374,-0.7795605841462608,-0.8017257282926987,0.0,2.45750997906496,3.591847410259779,1.980560760721122,26.771337868518128,1.965833867113767,-1.0711364128440355,-0.6773779362284417,-0.9512122800797803,-0.1326536517829142,0.10815509099162263,5.957424926910748,-0.9112211100588702,-0.1323455684832575,0.05882352963089943,-0.7947994276166305,1.1156771343227871,-0.93657264004553,0.4559935967827969,0.6558806722345255,0.9582002611629286,7,-0.796645875561614,-0.3820552269363622,2025.0,1.0,-0.059137814707410856,0.12009646201265772,samaje perine,500.0,0.16666666666666666,-0.046570204654008934
00-0038489,Ben VanSumeren,RB,PHI,DAL,0.0,0.0,0.0,-0.99872550205741,0.0,0.0,0.0,-0.30018497706863334,-0.2970335806059041,-0.8479817939836569,-0.33632356804234925,-1.7639623899655292,-0.8017257358173722,0.0,-0.0358621016224909,0.0,-0.004909855083988829,0.0,0.0,-1.1615917784114431,-0.7291717324658743,-0.9512122945681584,-0.13265365192899384,0.3369303775584414,0.0,-0.9384268197770832,-1.3307604457256241,0.0,-0.4156252486010924,2.065219482344678,-0.6931903270022539,0.6542454202363093,0.051659742860038146,1.3077136466110257,8,-0.8204560346096273,-0.3820887648992882,0.0,0.0,1.918041230038183,0.11974447527896534,ben vansumeren,2500.0,0.038461538461538464,0.08128293681742688
00-0038685,Chris Brooks,RB,GB,DET,0.0,0.0,0.0,-0.99872550205741,0.0,7.124999999999999,0.0,-0.30018497706863334,-0.2970335806059041,-0.8479817939836569,-0.33632356804234925,-0.9907363529972104,-0.8017257358173722,0.0,-0.0358621016224909,0.0,-0.004909855083988829,0.0,0.0,-0.6930333804878845,-0.7291717324658743,-0.9512122945681584,-0.13265365192899384,-0.06812843434509691,42.24999999999999,-0.9384268197770832,-1.3307604457256241,0.0,1.584184086531179,1.3586952356836177,-0.23986177798243088,1.0923931475436526,0.32728641679654513,0.6086868757148314,10,-0.5454578538548579,-0.3820887648992882,2025.0,1.0,-0.059137814707410856,0.11888716515130529,chris brooks,650.0,0.13333333333333333,-0.01444616818202804
00-0035631,Drew Sample,TE,CIN,CLE,-0.9265156519847452,-0.9329181269816033,-1.020142128652186,0.0,-0.26605201191118466,0.03110400000025141,-1.0137960663029584,-0.8045338090035415,-0.8052070558578861,0.01036800030907428,-0.5786414297738712,0.4970051009336484,0.0,-0.8608546229943524,1.1554536222565985,-1.1747742568922712,-0.21115015190982964,-1.005810526873291,-0.8302753112699074,0.00518400015453714,-0.9892732886357506,0.0,0.0,-0.046016845779790885,-0.12441600000100564,-0.7389848340893683,-1.252544548800235,-0.49587425541769675,0.00022142102909294124,0.3479891885012944,0.25582402967661827,0.4559935967827969,0.8917797996835549,0.9509908242503988,7,0.0,-0.6944845910751661,2025.0,1.0,1.3292093622998422,0.11843027272171514,drew sample,1200.0,0.07692307692307693,0.04150719579863821
00-0037311,Ko Kieft,TE,TB,ATL,-0.9265156575001782,-0.9329181292002474,-1.020142137998659,0.0,-0.26605201427221914,0.0,-1.013796075352233,-0.8463714680102491,-0.8533033571740235,0.0,-0.36694167122060056,-1.424147150466744,0.0,-0.8608546251438224,-0.576822720531233,-0.7059931084482298,-0.8135334038561516,-1.212899715579181,-1.3415346059606297,0.0,-0.5208694216384854,0.0,0.0,0.0,0.0,-0.6859912715639623,-0.9464094598118173,-1.0109510868808644,0.40596432302653357,0.09836865549633474,0.5228075199062638,0.0021455164619609253,1.4738024923697968,0.6057035912842055,1,0.0,-0.3289089338165224,2025.0,1.0,1.3292093622998422,0.11832225894071025,ko kieft,1300.0,0.07142857142857142,0.04689368751213882
00-0036876,Kylen Granson,TE,PHI,DAL,-0.9261563786976165,-0.9326382391793134,-1.0196062117076978,0.0,-0.26580647131986784,4.065581731200332e-05,-1.0132668562076643,-0.8463688600340691,-0.8533000465480602,0.0,-0.6072616595048346,-0.5373315962000216,0.0,-0.8606700160850258,0.35572838591992534,-0.3134674517261897,-0.6346221482534515,-0.2856594362899924,-0.3785804052636529,0.0,0.3996297531802927,0.0,0.0,0.00011532731730629539,8.124796533512683e-05,-0.8187235467259837,-0.4756901122974014,-0.3348328711917347,0.08689154506380958,2.2182223398059615,0.36571496937304,0.6542454202363093,-0.972111831145493,1.296278057216592,8,0.0,-0.6396961998171057,2025.0,1.0,1.3292093622998422,0.11802312747494594,kylen granson,2500.0,0.038461538461538464,0.07956158901340747
00-0040719,Bhayshul Tuten,RB,JAX,CAR,0.0,0.0,0.0,-0.99872550205741,0.0,0.0,0.0,-0.30018497706863334,-0.2970335806059041,-0.8479817939836569,-0.33632356804234925,-1.7639623899655292,-0.8017257358173722,0.0,-0.0358621016224909,0.0,-0.004909855083988829,0.0,0.0,-1.1615917784114431,-0.7291717324658743,-0.9512122945681584,-0.13265365192899384,0.3369303775584414,0.0,-0.9384268197770832,-1.3307604457256241,0.0,0.2875263179988627,2.2097173453746346,-0.7738093324243939,0.3630198727704601,0.5816989684746182,0.6086868757148314,4,-0.8204560346096273,-0.3820887648992882,2025.0,1.0,-0.059137814707410856,0.11765991244172308,bhayshul tuten,450.0,0.18181818181818182,-0.06415826937645874
00-0040208,Tahj Brooks,RB,CIN,CLE,0.0,0.0,0.0,-0.99872550205741,0.0,0.0,0.0,-0.30018497706863334,-0.2970335806059041,-0.8479817939836569,-0.33632356804234925,-1.7639623899655292,-0.8017257358173722,0.0,-0.0358621016224909,0.0,-0.004909855083988829,0.0,0.0,-1.1615917784114431,-0.7291717324658743,-0.9512122945681584,-0.13265365192899384,0.3369303775584414,0.0,-0.9384268197770832,-1.3307604457256241,0.0,-0.7947994276166305,1.1156771343227871,-0.93657264004553,0.4559935967827969,0.6558806722345255,0.9582002611629286,7,-0.8204560346096273,-0.3820887648992882,2025.0,1.0,0.9294517076653861,0.11746350734340302,tahj brooks,850.0,0.10526315789473684,0.012200349448666187
00-0039796,Rasheen Ali,RB,BAL,BUF,0.0,0.0,0.0,-0.99872550205741,0.0,2.2857142857142856,0.0,-0.30018497706863334,-0.2970335806059041,-0.8479817939836569,-0.33632356804234925,-1.2194303773335604,-0.8017257358173722,0.0,-0.0358621016224909,0.0,-0.004909855083988829,0.0,0.0,-0.7513641245234319,-0.7291717324658743,-0.9512122945681584,-0.13265365192899384,-0.12479780576228615,4.959183673469386,-0.9384268197770832,-1.3307604457256241,0.06666667014360428,-0.026119812622289244,1.3164319510031357,-0.1094909053494918,0.0009965931172776533,0.7027349007928921,0.49218241389879896,3,-0.5548458362643343,-0.3820887648992882,2025.0,1.0,0.9294517076653861,0.11730586174185537,rasheen ali,1400.0,0.06666666666666667,0.0506391950751887
00-0036422,Adam Trautman,TE,DEN,TEN,-0.9265106697728676,-0.9329123009893364,-1.020130895496178,0.0,-0.2660532270628315,0.0,-1.0137846024453625,-0.18316497312050126,-0.20376806980517242,0.0,-0.6064070838183214,-0.3308884000978564,0.0,-0.8608490764365132,1.292438292739436,-1.0219819341523928,-0.22892424310480317,-0.9373847041565764,-0.8969298738694109,0.0,-0.27483684124477725,0.0,0.0,0.0,0.0,0.24743188724525064,-1.0951720519581836,-0.3945740744940103,0.1729508360200416,0.8336096275676413,1.0852457470108379,0.3230993026910642,-0.8500542419539782,0.72079933560627,30,0.0,-0.6450012011790018,2025.0,1.0,0.2717012128747659,0.11673345495487848,adam trautman,950.0,0.09523809523809523,0.02149535971678325
00-0037617,Hassan Haskins,RB,LAC,KC,0.0,0.0,0.0,-0.9951047452326307,0.0,3.687602667896978,0.0,-0.30018497706863334,-0.2970335806059041,-0.6321757660362379,-0.33632356804234925,-0.5682204689417415,-0.7994072710782648,0.0,0.9382416553854239,2.3299429678352266,1.2617283754973085,13.432607947725058,0.8912911927894572,-0.66887756745728,-0.7291717324658743,-0.9478393956106956,-0.13713074913248505,-0.021034584217740484,12.613145464688154,0.032917648866863956,-0.7506103193926758,0.0,-0.7954018657661818,0.4686810809528817,-0.8247954796678909,0.42358837173250996,0.30023173190573393,-0.14859212608937922,15,-0.6651747786373052,-0.3820887648992882,2025.0,1.0,0.9294517076653861,0.11644636063184637,hassan haskins,900.0,0.1,0.01644636063184636
00-0040179,DJ Giddens,RB,IND,MIA,0.0,0.0,0.0,-0.99872550205741,0.0,0.0,0.0,-0.30018497706863334,-0.2970335806059041,-0.8479817939836569,-0.33632356804234925,-1.7639623899655292,-0.8017257358173722,0.0,-0.0358621016224909,0.0,-0.004909855083988829,0.0,0.0,-1.1615917784114431,-0.7291717324658743,-0.9512122945681584,-0.13265365192899384,0.3369303775584414,0.0,-0.9384268197770832,-1.3307604457256241,0.0,-0.6827569662163543,0.7338619354010841,-1.1711510023196212,1.8411477044333205e-05,0.29680161283146717,0.49218241389879896,19,-0.8204560346096273,-0.3820887648992882,2025.0,1.0,-0.059137814707410856,0.11583837739126153,dj giddens,500.0,0.16666666666666666,-0.05082828927540513
00-0037120,Tyler Goodson,RB,IND,MIA,0.0,0.0,0.0,-0.8747693259307827,0.0,2.9326149150683483,0.0,1.8775842895841321,1.8014076342355239,-0.803304817563329,1.7509023332595661,-1.17382950376119,-0.6888488347983013,0.0,-0.04784151585897766,3.406163607050888,0.16150007258687277,2.3890543097778973,0.4872190370693961,-1.0216975347789699,-0.37777335032844295,-0.7820641589515419,-0.09493761898794137,0.7671315788629679,14.395151968766672,-0.2363159553317377,-0.8282785594279112,0.05128205195069313,-0.6827569662163543,0.7338619354010841,-1.1711510023196212,1.8411477044333205e-05,0.29680161283146717,0.49218241389879896,19,-0.7988779994273816,-0.3555432092208832,2025.0,1.0,0.9294517076653861,0.11565522095700269,tyler goodson,800.0,0.1111111111111111,0.0045441098458915835
00-0040692,Jarquez Hunter,RB,LA,HOU,0.0,0.0,0.0,-0.99872550205741,0.0,0.0,0.0,-0.30018497706863334,-0.2970335806059041,-0.8479817939836569,-0.33632356804234925,-1.7639623899655292,-0.8017257358173722,0.0,-0.0358621016224909,0.0,-0.004909855083988829,0.0,0.0,-1.1615917784114431,-0.7291717324658743,-0.9512122945681584,-0.13265365192899384,0.3369303775584414,0.0,-0.9384268197770832,-1.3307604457256241,0.0,-0.7757818505942148,0.5683165579300359,0.0900762803314344,0.640230009708119,1.0215182075338964,0.200921259358718,12,-0.8204560346096273,-0.3820887648992882,2025.0,1.0,0.9294517076653861,0.1151629498168209,jarquez hunter,900.0,0.1,0.015162949816820898
00-0039738,Blake Corum,RB,LA,HOU,0.0,0.0,0.0,-0.99872550205741,0.0,4.13445112341991,0.0,-0.30018497706863334,-0.2970335806059041,-0.5781414198682718,-0.33632356804234925,-1.2070835178313304,-0.8017257358173722,0.0,-0.517633813161202,-0.11239384029974384,0.010213891281136566,2.420068869291948,0.323764966139585,-0.9727829667366354,-0.7291717324658743,-0.9512122945681584,-0.13265365192899384,-0.9156060582113628,8.359634209252473,-0.9384268197770832,-0.9980590448389394,0.02500000037252903,-0.7757818505942148,0.5683165579300359,0.0900762803314344,0.640230009708119,1.0215182075338964,0.200921259358718,12,-0.6807025938297078,-0.3820887648992882,2025.0,1.0,-0.059137814707410856,0.11505237599585101,blake corum,500.0,0.16666666666666666,-0.051614290670815646
00-0040734,TreVeyon Henderson,RB,NE,LV,0.0,0.0,0.0,-0.99872550205741,0.0,0.0,0.0,-0.30018497706863334,-0.2970335806059041,-0.8479817939836569,-0.33632356804234925,-1.7639623899655292,-0.8017257358173722,0.0,-0.0358621016224909,0.0,-0.004909855083988829,0.0,0.0,-1.1615917784114431,-0.7291717324658743,-0.9512122945681584,-0.13265365192899384,0.3369303775584414,0.0,-0.9384268197770832,-1.3307604457256241,0.0,-0.36012739519804265,0.7107433158731468,-0.6980337358909129,0.006288777438944995,0.478507587281738,0.200921259358718,18,-0.8204560346096273,-0.3820887648992882,2025.0,1.0,-0.059137814707410856,0.1145639285390889,treveyon henderson,140.0,0.4166666666666667,-0.3021027381275778
00-0036187,Reggie Gilliam,RB,BUF,BAL,0.0,0.0,0.0,-0.99872550205741,0.0,0.0,0.0,-0.30018497706863334,-0.2970335806059041,-0.8479817939836569,-0.33632356804234925,-1.7639623899655292,-0.8017257358173722,0.0,-0.0358621016224909,0.0,-0.004909855083988829,0.0,0.0,-1.1615917784114431,-0.7291717324658743,-0.9512122945681584,-0.13265365192899384,0.3369303775584414,0.0,-0.9384268197770832,-1.3307604457256241,0.0,0.2961505253716937,0.46992837664964765,-0.8244183307425869,0.13876356505374152,0.35180540354769163,0.8416957993468962,2,-0.8204560346096273,-0.3820887648992882,0.0,0.0,1.918041230038183,0.11442087962657432,reggie gilliam,1600.0,0.058823529411764705,0.05559735021480962
00-0039355,Luke McCaffrey,WR,WAS,NYG,-0.9265156575001782,-0.9329181292002474,-1.020142137998659,0.0,-0.26605201427221914,0.0,-1.013796075352233,-0.7745464729102685,-0.7728509768628286,0.0,-0.5886656081632947,-1.2570051756721636,0.0,-0.8608546251438224,-0.49917193446498187,-1.102321288005737,-0.1619432043846331,-1.0496269258765738,-0.8346821271712291,0.0,-0.9006666990054892,0.0,0.0,0.0,0.0,-0.8187264409242717,-1.1153139901795772,-0.5332588542334142,0.14487185015671714,0.9226260165850404,1.5483106638366353,0.04163390726041955,-0.36300564958777193,0.7783472077673022,23,0.0,-0.5667549943231517,2025.0,1.0,3.444225661149995,0.11412545967724372,luke mccaffrey,1300.0,0.07142857142857142,0.04269688824867229
00-0040202,Devin Neal,RB,NO,ARI,0.0,0.0,0.0,-0.99872550205741,0.0,0.0,0.0,-0.30018497706863334,-0.2970335806059041,-0.8479817939836569,-0.33632356804234925,-1.7639623899655292,-0.8017257358173722,0.0,-0.0358621016224909,0.0,-0.004909855083988829,0.0,0.0,-1.1615917784114431,-0.7291717324658743,-0.9512122945681584,-0.13265365192899384,0.3369303775584414,0.0,-0.9384268197770832,-1.3307604457256241,0.0,-0.5392884165320901,0.7537948253594833,0.8661318385294787,0.38529087637959203,0.053538254902184085,-0.9058711278935898,0,-0.8204560346096273,-0.3820887648992882,2025.0,1.0,0.9294517076653861,0.11372706203210979,devin neal,1300.0,0.07142857142857142,0.042298490603538366
00-0035891,Cody White,WR,SEA,SF,-0.9265156575001782,-0.9329181292002474,-1.020142137998659,0.0,-0.26605201427221914,0.0,-1.013796075352233,-0.8463714680102491,-0.8533033571740235,0.0,-0.6073113852241876,-1.22986198743036,0.0,-0.8608546251438224,0.09484438369716428,-1.0986428067483953,-0.2666622813757934,-0.9682023793808753,-0.5208889794515044,0.0,-1.0089781538107605,0.0,0.0,0.0,0.0,-0.8187264409242717,-1.069474581657977,-0.4826796820855352,0.011719920818414258,0.8387623519893944,0.8853782884082708,0.07610628606238043,0.20567511962097468,-0.4301581076143742,28,0.0,-0.7063167552823529,2025.0,1.0,4.501733810575071,0.11367551227328275,cody white,2000.0,0.047619047619047616,0.06605646465423513
00-0040238,LeQuint Allen Jr.,RB,JAX,CAR,0.0,0.0,0.0,-0.99872550205741,0.0,0.0,0.0,-0.30018497706863334,-0.2970335806059041,-0.8479817939836569,-0.33632356804234925,-1.7639623899655292,-0.8017257358173722,0.0,-0.0358621016224909,0.0,-0.004909855083988829,0.0,0.0,-1.1615917784114431,-0.7291717324658743,-0.9512122945681584,-0.13265365192899384,0.3369303775584414,0.0,-0.9384268197770832,-1.3307604457256241,0.0,0.2875263179988627,2.2097173453746346,-0.7738093324243939,0.3630198727704601,0.5816989684746182,0.6086868757148314,4,-0.8204560346096273,-0.3820887648992882,2025.0,1.0,0.9294517076653861,0.11353313655600504,lequint allen,900.0,0.1,0.013533136556005035
00-0040715,Cam Skattebo,RB,NYG,WAS,0.0,0.0,0.0,-0.99872550205741,0.0,0.0,0.0,-0.30018497706863334,-0.2970335806059041,-0.8479817939836569,-0.33632356804234925,-1.7639623899655292,-0.8017257358173722,0.0,-0.0358621016224909,0.0,-0.004909855083988829,0.0,0.0,-1.1615917784114431,-0.7291717324658743,-0.9512122945681584,-0.13265365192899384,0.3369303775584414,0.0,-0.9384268197770832,-1.3307604457256241,0.0,-0.16567951166243475,0.5065280516478641,1.564780871453472,0.0423015298569259,0.6407707731623349,-0.6146099733535088,31,-0.8204560346096273,-0.3820887648992882,2025.0,1.0,0.9294517076653861,0.11299947799665322,cam skattebo,310.0,0.24390243902439024,-0.13090296102773702
00-0040142,Kaleb Johnson,RB,PIT,NYJ,0.0,0.0,0.0,-0.99872550205741,0.0,0.0,0.0,-0.30018497706863334,-0.2970335806059041,-0.8479817939836569,-0.33632356804234925,-1.7639623899655292,-0.8017257358173722,0.0,-0.0358621016224909,0.0,-0.004909855083988829,0.0,0.0,-1.1615917784114431,-0.7291717324658743,-0.9512122945681584,-0.13265365192899384,0.3369303775584414,0.0,-0.9384268197770832,-1.3307604457256241,0.0,-0.7951451981841925,1.6359319127833656,0.32949399619453723,0.5127020912071784,0.38071055824563893,-0.381601049721444,24,-0.8204560346096273,-0.3820887648992882,2025.0,1.0,0.9294517076653861,0.1126311018959141,kaleb johnson,275.0,0.26666666666666666,-0.15403556477075256
00-0037085,Tyler Badie,RB,DEN,TEN,0.0,0.0,0.0,-0.99872550205741,0.0,5.081632653061225,0.0,-0.30018497706863334,-0.2970335806059041,-0.8479817939836569,-0.33632356804234925,-1.1271048803821195,-0.8017257358173722,0.0,-0.11232398091850213,-0.673469387755102,0.24180928363963472,5.020408163265305,0.4897959183673469,-1.1615917784114431,0.08241849097994126,-0.9512122945681584,-0.13265365192899384,0.9076562797636976,40.61224489795918,-0.28045050943851446,-1.0108185463967074,0.07999999821186066,-0.03912341064459293,1.3622331167342887,0.9003993306264244,0.3230993026910642,0.09122735975292752,0.7251913375308637,30,-0.8204560346096273,0.028398363933591374,2025.0,1.0,0.9294517076653861,0.11252834720504862,tyler badie,1400.0,0.06666666666666667,0.04586168053838195
00-0040649,Robbie Ouzts,RB,SEA,SF,0.0,0.0,0.0,-0.99872550205741,0.0,0.0,0.0,-0.30018497706863334,-0.2970335806059041,-0.8479817939836569,-0.33632356804234925,-1.7639623899655292,-0.8017257358173722,0.0,-0.0358621016224909,0.0,-0.004909855083988829,0.0,0.0,-1.1615917784114431,-0.7291717324658743,-0.9512122945681584,-0.13265365192899384,0.3369303775584414,0.0,-0.9384268197770832,-1.3307604457256241,0.0,-0.744494501137238,1.3648492237382353,0.4577404134203687,0.07610628606238043,0.43346494774779437,-0.4398532806294602,28,-0.8204560346096273,-0.3820887648992882,0.0,0.0,1.918041230038183,0.11244233578382118,robbie ouzts,1700.0,0.05555555555555555,0.056886780228265627
00-0033376,Patrick Ricard,RB,BAL,BUF,0.0,0.0,0.0,-0.99872550205741,0.0,0.0,0.0,-0.30018497706863334,-0.2970335806059041,-0.8479817939836569,-0.33632356804234925,-1.7639623899655292,-0.8017257358173722,0.0,-0.0358621016224909,0.0,-0.004909855083988829,0.0,0.0,-1.1615917784114431,-0.7291717324658743,-0.9512122945681584,-0.13265365192899384,0.3369303775584414,0.0,-0.9384268197770832,-1.3307604457256241,0.0,-0.026119812622289244,1.3164319510031357,-0.1094909053494918,0.0009965931172776533,0.7027349007928921,0.49218241389879896,3,-0.8204560346096273,-0.3820887648992882,0.0,0.0,1.918041230038183,0.11230595751302426,patrick ricard,1600.0,0.058823529411764705,0.053482428101259555
00-0030565,Geno Smith,QB,LV,NE,0.0,0.0,0.0,0.0,0.0,-0.5056645124231278,0.0,0.0,0.0,-0.6533881641591743,0.0,0.4839481203086747,0.0,0.0,0.0,-3.2751691810536184e-06,-5.90152773574087e-07,-8.187922952634046e-07,4.093961476317023e-07,-0.38256021398176815,0.0,0.0,0.0,0.4033807042332956,-0.21577820353150232,-0.5671206903433503,5.707927099387528e-09,0.0,0.4325480897247216,1.459786425110501,0.9511240259601391,-0.48726010986703977,0.1017715225980411,-0.49606833665280037,21,-0.3541109670182495,0.0,2025.0,1.0,-0.5346699743522593,0.11186062644640278,geno smith,650.0,0.13333333333333333,-0.02147270688693055
00-0040078,Brashard Smith,RB,KC,LAC,0.0,0.0,0.0,-0.99872550205741,0.0,0.0,0.0,-0.30018497706863334,-0.2970335806059041,-0.8479817939836569,-0.33632356804234925,-1.7639623899655292,-0.8017257358173722,0.0,-0.0358621016224909,0.0,-0.004909855083988829,0.0,0.0,-1.1615917784114431,-0.7291717324658743,-0.9512122945681584,-0.13265365192899384,0.3369303775584414,0.0,-0.9384268197770832,-1.3307604457256241,0.0,0.8850228278244463,1.2815540547135587,-0.7858343778420348,0.034127456509507964,0.03114541297959848,0.5504346448068151,17,-0.8204560346096273,-0.3820887648992882,2025.0,1.0,0.9294517076653861,0.11160176720116372,brashard smith,600.0,0.14285714285714285,-0.031255375655979134
00-0035243,Miles Sanders,RB,DAL,PHI,0.0,0.0,0.0,-0.9972857239028265,0.0,2.181935336552701,0.0,-0.30018497706857716,-0.2970335806058401,-0.7983805320781293,-0.33632356804234925,-0.8104828677024306,-0.8012892624651892,0.0,-0.03296263174159587,-6.259732327526841,-2.079500179304525,5.686072123200751,1.7922561045156795,-0.9699779170065521,-0.1679321445528443,-0.9501033532855512,-0.13075746823135223,-0.1269973528691864,6.0918999349241245,-0.898302067960767,-0.41400808947034995,0.11428571492433548,-0.7951756815147963,1.6698384136967568,-1.1898827036747603,0.014318203708053883,0.352748729714453,-0.672862204261525,25,-0.792567980972183,-0.3818665024566902,2025.0,1.0,-0.059137814707410856,0.11159572870661734,miles sanders,850.0,0.10526315789473684,0.006332570811880503
00-0040198,Ollie Gordon II,RB,MIA,IND,0.0,0.0,0.0,-0.99872550205741,0.0,0.0,0.0,-0.30018497706863334,-0.2970335806059041,-0.8479817939836569,-0.33632356804234925,-1.7639623899655292,-0.8017257358173722,0.0,-0.0358621016224909,0.0,-0.004909855083988829,0.0,0.0,-1.1615917784114431,-0.7291717324658743,-0.9512122945681584,-0.13265365192899384,0.3369303775584414,0.0,-0.9384268197770832,-1.3307604457256241,0.0,-0.6591281962281731,2.2584909707478875,0.23344247213687294,0.4204453003175361,0.4237453885163826,0.14266902845070178,13,-0.8204560346096273,-0.3820887648992882,2025.0,1.0,0.9294517076653861,0.11150144484234836,ollie gordon,255.0,0.28169014084507044,-0.17018869600272207
00-0035125,Alec Ingold,RB,MIA,IND,0.0,0.0,0.0,-0.99872550205741,0.0,0.0,0.0,-0.30018497706863334,-0.2970335806059041,-0.8479817939836569,-0.33632356804234925,-1.7639623899655292,-0.8017257358173722,0.0,-0.0358621016224909,0.0,-0.004909855083988829,0.0,0.0,-1.1615917784114431,-0.7291717324658743,-0.9512122945681584,-0.13265365192899384,0.3369303775584414,0.0,-0.9384268197770832,-1.3307604457256241,0.0,-0.6591281962281731,2.2584909707478875,0.23344247213687294,0.4204453003175361,0.4237453885163826,0.14266902845070178,13,-0.8204560346096273,-0.3820887648992882,0.0,0.0,1.918041230038183,0.11150144484234836,alec ingold,1700.0,0.05555555555555555,0.05594588928679281
00-0040644,Trevor Etienne,RB,CAR,JAX,0.0,0.0,0.0,-0.99872550205741,0.0,0.0,0.0,-0.30018497706863334,-0.2970335806059041,-0.8479817939836569,-0.33632356804234925,-1.7639623899655292,-0.8017257358173722,0.0,-0.0358621016224909,0.0,-0.004909855083988829,0.0,0.0,-1.1615917784114431,-0.7291717324658743,-0.9512122945681584,-0.13265365192899384,0.3369303775584414,0.0,-0.9384268197770832,-1.3307604457256241,0.0,-0.722547850454109,0.5506199639806301,0.2669036782516365,0.011525896246087252,0.49652906229359506,-0.2068443569973954,14,-0.8204560346096273,-0.3820887648992882,2025.0,1.0,0.9294517076653861,0.11117146468292799,trevor etienne,950.0,0.09523809523809523,0.015933369444832757
00-0039299,George Holani,RB,SEA,SF,0.0,0.0,0.0,-0.99872550205741,0.0,0.0,0.0,-0.30018497706863334,-0.2970335806059041,-0.8479817939836569,-0.33632356804234925,-1.6254741445383678,-0.8017257358173722,0.0,0.20041198929230777,-1.0,-0.39163853144997923,-1.0,1.0,-1.1615917784114431,-0.7291717324658743,-0.9512122945681584,-0.13265365192899384,0.3369303775584414,0.0,-0.9384268197770832,-0.7274367766121739,0.0,-0.744494501137238,1.3648492237382353,0.4577404134203687,0.07610628606238043,0.43346494774779437,-0.4398532806294602,28,-0.8204560346096273,-0.3820887648992882,2025.0,1.0,0.9294517076653861,0.11059041042434023,george holani,1600.0,0.058823529411764705,0.051766881012575525
00-0040586,Jaydon Blue,RB,DAL,PHI,0.0,0.0,0.0,-0.99872550205741,0.0,0.0,0.0,-0.30018497706863334,-0.2970335806059041,-0.8479817939836569,-0.33632356804234925,-1.7639623899655292,-0.8017257358173722,0.0,-0.0358621016224909,0.0,-0.004909855083988829,0.0,0.0,-1.1615917784114431,-0.7291717324658743,-0.9512122945681584,-0.13265365192899384,0.3369303775584414,0.0,-0.9384268197770832,-1.3307604457256241,0.0,-0.7951756815147963,1.6698384136967568,-1.1898827036747603,0.014318203708053883,0.352748729714453,-0.672862204261525,25,-0.8204560346096273,-0.3820887648992882,2025.0,1.0,0.9294517076653861,0.11056934434090578,jaydon blue,750.0,0.11764705882352941,-0.007077714482623634
00-0038738,Hunter Luepke,RB,DAL,PHI,0.0,0.0,0.0,-0.99872550205741,0.0,0.0,0.0,-0.30018497706863334,-0.2970335806059041,-0.8479817939836569,-0.33632356804234925,-1.7639623899655292,-0.8017257358173722,0.0,-0.0358621016224909,0.0,-0.004909855083988829,0.0,0.0,-1.1615917784114431,-0.7291717324658743,-0.9512122945681584,-0.13265365192899384,0.3369303775584414,0.0,-0.9384268197770832,-1.3307604457256241,0.0,-0.7951756815147963,1.6698384136967568,-1.1898827036747603,0.014318203708053883,0.352748729714453,-0.672862204261525,25,-0.8204560346096273,-0.3820887648992882,0.0,0.0,1.918041230038183,0.11056934434090578,hunter luepke,1700.0,0.05555555555555555,0.05501378878535022
00-0039305,Jack Westover,RB,NE,LV,0.0,0.0,0.0,-0.99872550205741,0.0,0.0,0.0,-0.30018497706863334,-0.2970335806059041,-0.8479817939836569,-0.33632356804234925,-1.7639623899655292,-0.8017257358173722,0.0,-0.0358621016224909,0.0,-0.004909855083988829,0.0,0.0,-1.1615917784114431,-0.7291717324658743,-0.9512122945681584,-0.13265365192899384,0.3369303775584414,0.0,-0.9384268197770832,-1.3307604457256241,0.0,-0.36012739519804265,0.7107433158731468,-0.6980337358909129,0.006288777438944995,0.478507587281738,0.200921259358718,18,-0.8204560346096273,-0.3820887648992882,2025.0,1.0,0.9294517076653861,0.11051637559417853,jack westover,1300.0,0.07142857142857142,0.0390878041656071
00-0037594,Julius Chestnut,RB,TEN,DEN,0.0,0.0,0.0,-0.99872550205741,0.0,3.090814205960148,0.0,-0.30018497706863334,-0.2970335806059041,-0.6224996315432676,-0.33632356804234925,-0.8099111325508795,-0.8017257358173722,0.0,-0.1411327906357582,1.4667261805629548,-1.8397120929981605,1.668816545828631,0.33628627080615814,-0.3634352498261797,-0.7291717324658743,-0.9512122945681584,-0.13265365192899384,0.03747956183453361,14.507487682588875,-0.9384268197770832,-0.7947630432542707,0.0,0.9196769293080647,1.5670464104425708,-0.38137766105078924,0.5441931306439546,0.19335150351687974,-1.255384513341687,9,-0.404490864143201,-0.3820887648992882,2025.0,1.0,-0.059137814707410856,0.11042281815820051,julius chestnut,950.0,0.09523809523809523,0.015184722920105281
00-0039163,C.J. Stroud,QB,HOU,LA,0.0,0.0,0.0,0.0,0.0,-0.31186775433081554,0.0,0.0003612077898476569,0.011197441485277366,-0.6659099327732415,0.0,0.5191965948469267,0.0,0.0,0.0,0.11197432642319402,-0.00813105437210388,0.0,8.842957961797754e-08,-0.5122795470460639,0.0011197441652132246,0.0,0.0,-0.5476546428980049,-0.17818599040998584,-0.6516699568655182,0.0007569179873569626,0.0,0.0864087790216946,0.5534599807783283,0.09731049999264452,0.20594068259904558,0.40731454088457875,-0.49606833665280037,16,-0.18785614766597838,0.0,2025.0,1.0,-0.5346699743522593,0.10997099516261374,cj stroud,650.0,0.13333333333333333,-0.023362338170719588
00-0038705,Emari Demercado,RB,ARI,NO,0.0,0.0,0.0,-0.9981996453321313,0.0,2.3695080288702055,0.0,-0.29994173523925843,-0.29681175532176446,-0.8478768432482306,-0.33632356804234925,-0.7946392894635309,-0.8010742564149189,0.0,-0.14820201729296215,-0.7887756031953581,-0.24073026100418118,3.8127529362555626,0.6922799844647994,-1.1615164003737921,0.21227331153609028,-0.9506639586141468,-0.1326588476490372,0.7087188281760133,17.67090406760183,-0.6277020921253382,-0.7082716967251631,0.10526315867900848,-0.784670027937213,1.52390123508045,0.5790112389768709,0.00019132883031764192,0.0025489126294381136,0.6086868757148314,22,-0.8203831188841381,-0.37510460404130525,2025.0,1.0,0.9294517076653861,0.1097399612272004,emari demercado,1000.0,0.09090909090909091,0.018830870318109483
00-0026498,Matthew Stafford,QB,LA,HOU,0.0,0.0,0.0,0.0,0.0,-0.24838757479336449,0.0,0.0,0.0,0.9857108914287965,2.632434076845343e-06,0.6752745578998816,0.0,0.0,0.0,1.7594524073048098e-13,-5.491397664214276e-15,0.0,0.0,0.5429265608182176,7.521240579243122e-07,0.0,0.0,-0.560841741749097,-0.666748666232859,-0.6517675114143199,7.921343858162952e-16,0.0,0.004568383060241701,0.5683165579300359,0.7193721535638331,1.7342726561902124,1.0215182075338964,0.18626346722812706,12,1.9494522659610998,0.0,2025.0,1.0,-0.5346699743522593,0.10971107292419668,matthew stafford,1300.0,0.07142857142857142,0.03828250149562526
00-0029892,Kyle Juszczyk,RB,SF,SEA,0.0,0.0,0.0,-0.99872550205741,0.0,0.0,0.0,-0.30018497706863334,-0.2970335806059041,-0.8479817939836569,-0.33632356804234925,-1.7639623899655292,-0.8017257358173722,0.0,-0.0358621016224909,0.0,-0.004909855083988829,0.0,0.0,-1.1615917784114431,-0.7291717324658743,-0.9512122945681584,-0.13265365192899384,0.3369303775584414,0.0,-0.9384268197770832,-1.3307604457256241,0.0,-0.1909636504061551,1.2054671981071876,-1.1328310542609543,0.018899639194145917,0.01173331776615443,0.14266902845070178,27,-0.8204560346096273,-0.3820887648992882,0.0,0.0,1.918041230038183,0.10950556181227812,kyle juszczyk,1000.0,0.09090909090909091,0.01859647090318721
00-0039407,Dylan Laube,RB,LV,NE,0.0,0.0,0.0,-0.99872550205741,0.0,0.0,0.0,-0.30018497706863334,-0.2970335806059041,-0.8479817939836569,-0.33632356804234925,-1.7639623899655292,-0.8017257358173722,0.0,-0.0358621016224909,0.0,-0.004909855083988829,0.0,0.0,-1.1615917784114431,-0.7291717324658743,-0.9512122945681584,-0.13265365192899384,0.3369303775584414,0.0,-0.9384268197770832,-1.3307604457256241,0.0,1.0965917696951994,1.459786425110501,0.6033515959465557,0.0865507203666982,0.1017715225980411,-0.4981055115374764,21,-0.8204560346096273,-0.3820887648992882,2025.0,1.0,0.9294517076653861,0.10934546470484983,dylan laube,2000.0,0.047619047619047616,0.06172641708580222
00-0040583,Woody Marks,RB,HOU,LA,0.0,0.0,0.0,-0.99872550205741,0.0,0.0,0.0,-0.30018497706863334,-0.2970335806059041,-0.8479817939836569,-0.33632356804234925,-1.7639623899655292,-0.8017257358173722,0.0,-0.0358621016224909,0.0,-0.004909855083988829,0.0,0.0,-1.1615917784114431,-0.7291717324658743,-0.9512122945681584,-0.13265365192899384,0.3369303775584414,0.0,-0.9384268197770832,-1.3307604457256241,0.0,-0.4177373076262094,0.5534599807783283,-1.287642433512732,0.2593192376750045,0.40731454088457875,-0.4981055115374764,16,-0.8204560346096273,-0.3820887648992882,2025.0,1.0,1.918041230038183,0.10885822095852256,woody marks,600.0,0.14285714285714285,-0.03399892189862029
00-0036842,Kene Nwangwu,RB,NYJ,PIT,0.0,0.0,0.0,-0.99872550205741,0.0,1.8351477011638446,0.0,-0.30018497706863334,-0.2970335806059041,-0.8180243235895663,-0.33632356804234925,-1.417878472483221,-0.8017257358173722,0.0,-0.13077536608816126,-0.2407630904424359,0.07001871663827024,1.6135438473452628,0.14828381839660035,-1.1361425733805575,-0.7243033286608134,-0.9512122945681584,-0.13265365192899384,-0.06172121066765236,3.9949297478045818,-0.9384268197770832,-1.2471701893953313,0.0,-0.789245378233371,1.593982830113538,-0.21764331811646254,0.17510400000085355,0.9716705527988907,-1.0806278206176383,26,-0.8052571354044037,-0.38206753793657416,2025.0,1.0,1.918041230038183,0.10859689829173542,kene nwangwu,2200.0,0.043478260869565216,0.06511863742217021
00-0034869,Sam Darnold,QB,SEA,SF,0.0,0.0,0.0,0.0,0.0,-0.02975248991304402,0.0,0.0,0.0,-0.010818736461072247,0.0,0.6633113037872117,0.0,0.0,0.0,0.0,0.0,0.0,0.0,-0.7131587183526099,0.0,0.0,0.0,-0.7021973782758496,-0.6470064733557094,-0.5675660351114826,0.0,0.0,0.011719920818414258,1.3648492237382353,0.8853782884082708,-0.5291664146117466,0.43346494774779437,-0.4392073529960564,28,-0.43292135533672754,0.0,2025.0,1.0,-0.5346699743522593,0.10843449814320477,sam darnold,800.0,0.1111111111111111,-0.0026766129679063333
00-0037004,Hunter Long,TE,JAX,CAR,-0.9265156575001782,-0.9329181292002474,-1.020142137998659,0.0,-0.26605201427221914,0.0,-1.013796075352233,-0.8463714680102491,-0.8533033571740235,0.0,-0.6073113852241876,-1.0757681709639875,0.0,-0.8608546251438224,-0.16002545737525667,-1.1794739836998291,-0.6515721867071769,-1.1798033004468726,-1.2648422224269444,0.0,-1.0089781538107605,0.0,0.0,0.0,0.0,-0.8187264409242717,-1.2361563719354225,-0.5994008485806408,0.24761513033179824,2.5028275438753598,0.3293142212970917,0.3630198727704601,0.6629451961853446,0.6057035912842055,4,0.0,-0.7063167552823529,2025.0,1.0,1.3292093622998422,0.10781324376590473,hunter long,1200.0,0.07692307692307693,0.030890166842827804
00-0034521,Allen Lazard,WR,NYJ,PIT,-0.3908054787328034,-0.43291168219347376,-0.13721330303685744,0.0,-0.12766777466371823,3.791333904187718e-06,-0.46641050348956636,-0.6232024526137739,-0.5905050912916089,0.0,-0.538282611252172,0.9279002305504308,0.0,-0.4791324182227999,-0.4805991731497589,0.09526753663110545,-1.2542678281318709,-0.5850278835096321,-0.6545926762793236,0.0,-0.551759507782901,0.0,0.0,-7.588303355983265e-06,6.75014466177516e-09,-0.5688075062512663,0.07915210866981588,-0.5086918277615873,0.001490943521874055,1.2900674123838214,0.5804319182870316,0.17510400000085355,1.865923671352754,-1.0631847013857285,26,0.0,-0.03908998960150127,2025.0,1.0,4.501733810575071,0.1077482648315221,allen lazard,850.0,0.10526315789473684,0.0024851069367852613
00-0040205,Kalel Mullings,RB,TEN,DEN,0.0,0.0,0.0,-0.99872550205741,0.0,0.0,0.0,-0.30018497706863334,-0.2970335806059041,-0.8479817939836569,-0.33632356804234925,-1.7639623899655292,-0.8017257358173722,0.0,-0.0358621016224909,0.0,-0.004909855083988829,0.0,0.0,-1.1615917784114431,-0.7291717324658743,-0.9512122945681584,-0.13265365192899384,0.3369303775584414,0.0,-0.9384268197770832,-1.3307604457256241,0.0,0.9196769293080647,1.5670464104425708,-0.38137766105078924,0.5441931306439546,0.19335150351687974,-1.255384513341687,9,-0.8204560346096273,-0.3820887648992882,2025.0,1.0,0.9294517076653861,0.10697701861873034,kalel mullings,850.0,0.10526315789473684,0.0017138607239935016
00-0035021,Ashton Dulin,WR,IND,MIA,-0.925244570104931,-0.9300927620135131,-1.0186573538359254,0.0,-0.26553373619918236,1.0832168331354586,-1.011726005538406,-0.6995438621677463,-0.76134805140395,0.0,-0.3667921891746311,-1.4218210628756487,0.0,-0.8588474863207762,-0.865882591474129,-0.9070077145026397,-1.0072874309853528,-1.2493506145266975,-1.4212844343729312,0.01800000018565965,-0.7073182068203108,0.0,0.0,0.5442530219683027,9.112358155109902,-0.7538565527647789,-1.1802707713844156,-0.9803787975216425,0.025831640722662735,-0.40403987495538085,0.1499082121284306,1.8411477044333205e-05,-0.21590187946681136,0.4906078469621411,19,0.0,-0.5036428202303818,2025.0,1.0,3.444225661149995,0.10669673884283042,ashton dulin,1500.0,0.0625,0.044196738842830416
00-0033572,Jamal Agnew,WR,ATL,TB,-0.2980828751041809,0.9441791459115438,0.08088609348886468,0.0,-1.2833384000860282,0.2911327917390284,-0.16198660724263453,-0.046433915286723006,0.18387315628234105,0.0,-0.6032230049822798,-0.817313340145809,0.0,0.0787536916411723,-0.24988576228694281,0.1996183407763138,-0.6757573943032901,-0.14721153078769242,-0.5548509407845643,0.006454980514559674,0.7332664828917503,0.0,0.0,-0.19274065347622532,0.009258722009576753,0.20180530918591694,-0.36287741371983756,-0.49587425541769675,0.025981254321015893,0.9885991703763608,0.28578677890963833,0.14003041387088902,-1.00702798723705,0.03022486967388346,29,0.0,1.5920319001809993,2025.0,1.0,4.501733810575071,0.1059951720150762,jamal agnew,1400.0,0.06666666666666667,0.03932850534840954
00-0039868,Troy Franklin,WR,DEN,TEN,-0.08728683175671538,-0.29944244165225437,-0.2999753718538109,0.0,0.3069031591524991,0.009141409193340574,-0.6396488002413813,-0.3959479176140263,-0.4142946992968492,0.0,-0.5980179502252722,-0.714745560554254,0.0,-0.4829106698078897,-0.6245482139583334,-0.13134283942015637,-1.0049517478288141,-0.8275758827050004,-0.6359232974335959,0.0,-0.6107911095750276,0.0,0.0,-0.0012966460349134678,0.032263797152966726,-0.676467905862142,-0.2628326884133616,-0.6815081890208908,0.1729508360200416,0.8336096275676413,1.0852457470108379,0.3230993026910642,-0.8500542419539782,0.72079933560627,30,0.0,-0.20971934916599247,2025.0,1.0,0.2717012128747659,0.10592686400204127,troy franklin,600.0,0.14285714285714285,-0.036930278855101584
00-0038619,Andrei Iosivas,WR,CIN,CLE,-0.850448375964011,-0.8023618712923102,-0.7515295648908299,0.0,-0.14796880707548554,0.0,-0.7414991328330494,0.009659889840709684,-0.06117502757745222,0.0,-0.14100849372486454,0.7506504284172657,0.0,-0.7846590550199847,-0.05969124987076653,0.057635878855622054,0.27424085495723116,0.43057280828008737,-0.0424209161370898,0.0,-0.31965955977298804,0.0,0.0,0.0,0.0,0.47071871275819976,-0.28107729679457194,-0.7201819251882229,0.00022142102909294124,0.3479891885012944,0.25582402967661827,0.4559935967827969,0.8917797996835549,0.9509908242503988,7,0.0,-0.002232855793306408,2025.0,1.0,1.3292093622998422,0.10547406999712068,andrei iosivas,370.0,0.2127659574468085,-0.10729188744968783
00-0037258,Dameon Pierce,RB,HOU,LA,0.0,0.0,0.0,-0.9940661188735618,0.0,2.7246384784068147,0.0,-0.30018497706863334,-0.2970335806059041,-0.8427810381156118,-0.33631763864898706,-1.054529562966199,-0.799011502637337,0.0,-0.06774645363021428,-0.13745367340727574,-0.0692845650876329,0.240959969966146,0.1758006614609443,-1.1380798630132698,-0.7291295804250338,-0.948114126851091,-0.13396578395667988,-0.10854291755853718,8.432578723488332,-0.8682735818139281,-1.23072950286957,0.0714285746216774,-0.4177373076262094,0.5534599807783283,-1.287642433512732,0.2593192376750045,0.40731454088457875,-0.4981055115374764,16,-0.8181018834675854,-0.38207811325765834,2025.0,1.0,-0.059137814707410856,0.10529494137724536,dameon pierce,330.0,0.23255813953488372,-0.12726319815763837
00-0032385,Sterling Shepard,WR,TB,ATL,0.038219280197254644,-0.384886882135682,-0.1967992568774294,0.0,-0.3902841184440014,0.4854239937369451,-0.21119770212426028,-0.45152304060455795,-0.4809656252137724,0.0,-0.36110737075615207,-0.5093131859188967,0.0,-0.3569916585103448,-0.24424478600787028,-0.14112544315573097,-0.39563928462459585,-0.25357148915151045,-0.4204452467986453,0.015535382931478527,-0.48913528288897673,0.0,0.0,0.3688743422975889,6.215410069964907,-0.8079802348505526,-0.29332155328543613,-0.7274176688705336,0.40596432302653357,0.09836865549633474,0.5228075199062638,0.0021455164619609253,1.4738024923697968,0.6057035912842055,1,0.0,-0.23565537665130526,2025.0,1.0,3.444225661149995,0.10427477993013337,sterling shepard,450.0,0.18181818181818182,-0.07754340188804845
00-0039364,Sione Vaki,RB,DET,GB,0.0,0.0,0.0,-0.99872550205741,0.0,2.857142857142857,0.0,-0.30018497706863334,-0.2970335806059041,-0.8479817939836569,-0.33632356804234925,-1.4012550805134394,-0.8017257358173722,0.0,0.013321484304678617,2.7551020408163263,0.6272779195781183,3.1224489795918364,0.18367346938775508,-1.1615917784114431,-0.7291717324658743,-0.9512122945681584,-0.13265365192899384,-0.6391684118224833,6.122448979591836,-0.9384268197770832,-1.1998553808821752,0.0625,1.5599140399425293,1.0493457725540178,-0.8633152511615524,0.006718519543583356,0.0393256623309879,0.026164566634669394,11,-0.8204560346096273,-0.3820887648992882,2025.0,1.0,1.918041230038183,0.10393710739349796,sione vaki,2500.0,0.038461538461538464,0.0654755689319595
00-0035719,Deebo Samuel Sr.,WR,WAS,NYG,2.2252322395435695,-0.21597556937350768,1.7111745542914008,0.0,2.2725137477819213,3.3878721446232123,1.0582660926082652,-0.8168481380832756,-0.8289767503301724,0.0010578100718215875,-0.5972196313777873,0.8904234315577801,0.0,-0.12495792471687447,1.3850961753799158,-0.37332892920954136,0.7768577658646716,0.7126537380724398,0.8907468153539996,0.13593625955801253,-0.1937402896565977,0.0,0.0,-0.9536603189885023,13.187607838282553,0.9125448218985384,0.4882563945494117,-1.1064895295665433,0.14487185015671714,0.9226260165850404,1.5483106638366353,0.04163390726041955,-0.36300564958777193,0.7783472077673022,23,0.0,0.3441356841805486,2025.0,1.0,0.2717012128747659,0.10200478490970881,deebo samuel,195.0,0.3389830508474576,-0.2369782659377488
00-0037745,Velus Jones Jr.,RB,NO,ARI,0.0,0.0,0.0,-0.99872550205741,0.0,1.3799622649062542,0.0,-0.13455817384195928,-0.1243340576521506,-0.8479817939836569,-0.33632356804234925,-1.1566379873828596,-0.8017257358173722,0.0,-0.13986440514560333,5.468539368676544,0.15142943441792575,3.9483303035280386,0.4913784749872967,-1.1615678481886633,-0.7289742714153941,-0.9512122945681584,-0.13265365192899384,0.4694389307221779,7.653005233711636,-0.9331406957341967,-0.6894552981920228,0.0,-0.5392884165320901,0.7537948253594833,0.8661318385294787,0.38529087637959203,0.053538254902184085,-0.9058711278935898,0,-0.8204296940390082,-0.38205491127350266,2025.0,1.0,1.918041230038183,0.1019897847728984,velus jones,1900.0,0.05,0.051989784772898395
00-0033854,Dare Ogunbowale,RB,HOU,LA,0.0,0.0,0.0,-0.9881026770957445,0.0,1.1384227176533395,0.0,0.039533857910972546,0.008045319877148118,-0.8479739265581867,0.06861067943194911,-0.6042063320662522,-0.796561596742296,0.0,-0.006755799695968919,-0.3628588439258365,-1.2575848523023219,3.754449724978316,0.5256345771878601,-1.1349588363932552,1.1975444830831272,-0.9460430358008689,-0.14039820405985667,0.7777574226639152,10.71972792257178,-0.9297598362982823,-0.6902243528476456,0.1071428582072258,-0.4177373076262094,0.5534599807783283,-1.287642433512732,0.2593192376750045,0.40731454088457875,-0.4981055115374764,16,-0.8177893879410653,0.10478423677069833,2025.0,1.0,0.9294517076653861,0.10171597377358063,dare ogunbowale,1000.0,0.09090909090909091,0.01080688286448972
00-0036862,Ben Skowronek,WR,PIT,NYJ,-0.9252651208419134,-0.9316330949687739,-1.0189296863292496,0.0,-0.266068010856806,0.02109567268112011,-1.0118480904342082,-0.7237421547813965,-0.7195976831320864,0.0,-0.5961645062535136,-1.0538128907864859,0.0,-0.8596401937148596,1.6485893542799581,-1.0042272383759885,0.08393283227386422,-0.6890581366321454,-0.8732202602481698,2.9249269353061987e-06,-0.8990470876799158,0.0,0.0,-0.04377006556607783,-0.010471064286089639,-0.7711686805419645,-1.0483129312666435,-0.5994008485806408,0.000142386169557008,1.3726909680781727,0.8274730153199176,0.5127020912071784,0.04293917271434121,-0.372610235453342,24,0.0,-0.541670615957476,2025.0,1.0,2.3867175117249184,0.10098148691722016,ben skowronek,1300.0,0.07142857142857142,0.02955291548864873
00-0033943,Josh Reynolds,WR,NYJ,PIT,-0.7782516357813375,-0.7673296810861027,-0.8595746967122874,0.0,-0.16451839486912295,2.4946953008172442e-11,-0.8396272447892391,-0.31396027293307865,-0.41908181393718247,0.0,-0.5640273632656847,-0.4947447175364962,0.0,-0.7534045480964329,-0.7121425561176354,-0.6904973649376194,-0.7434166277748089,-0.997093860808757,-1.168862377239219,4.157825625274928e-12,-0.27068633632701256,0.0,0.0,3.364641466505193e-12,1.247347650408621e-10,-0.19941227609579848,-0.885084668559772,-0.3945740744940103,0.001490943521874055,1.2900674123838214,0.5804319182870316,0.17510400000085355,1.865923671352754,-1.0631847013857285,26,0.0,0.37108475882453856,2025.0,1.0,0.2717012128747659,0.09955289649415344,josh reynolds,900.0,0.1,-0.00044710350584656333
00-0033106,Jared Goff,QB,DET,GB,0.0,0.0,0.0,0.0,0.0,-0.41469706570602216,0.0,0.0,0.0,-0.39375616076510084,0.0,0.6608756270250816,0.0,0.0,0.0012189980874005855,0.004353564210019386,0.0015012100619579297,0.00609499111827576,0.0008707130498951524,-0.7349751955463317,0.00017414258947492665,0.0,0.0,-0.4010073890892523,-0.7966122058630316,-0.6478613190285144,0.0001073163848129819,0.0,0.5384524493903544,1.0493457725540178,0.28890089217950304,-0.8075716211138535,0.0393256623309879,0.015680516257895214,11,-0.4762216772115678,0.0,2025.0,1.0,-0.5346699743522593,0.09800061369780831,jared goff,1300.0,0.07142857142857142,0.026572042269236887
00-0036637,Noah Gray,TE,KC,LAC,-0.4318784341184692,-0.4887732419100899,-0.2101955296024857,0.0,-0.21800334001845312,1.1372808182895914e-06,-0.32541500741098844,-0.2593349303463917,-0.17065228562567847,2.30990312515412e-11,-0.5116980600784642,-0.21605108533192352,0.0,-0.6308666053396202,-0.2130157791403935,-0.8868145960056284,-0.08488286276755208,-0.6735085010698877,-0.5533510104547766,2.274500073056467e-07,-0.14667360029738188,0.0,0.0,-3.1349643894716215e-06,1.1372808182895914e-06,0.0032697381394626835,-0.925740116790228,-0.7861547534109203,0.3841885034220886,0.6747029113778164,0.32388472428757914,0.034127456509507964,-1.035394127268207,0.5481557191231733,17,0.0,-0.6817288992975427,2025.0,1.0,0.2717012128747659,0.09750140745310217,noah gray,400.0,0.2,-0.10249859254689785
00-0037837,Calvin Austin III,WR,PIT,NYJ,0.499948900110626,1.341287384749995,1.2526022787130313,0.0,-0.8106273197257539,0.0002711676301356668,1.5689240101729154,-0.5771587347859649,-0.5920231824247925,0.0,-0.564306452956623,0.4778051171182578,0.0,0.9613090645428595,-0.17899197669204356,0.3749678563796757,0.5383201336618322,0.34637150809601935,0.43397121927961285,1.0833062372694635e-05,-0.3941098660466744,0.0,0.0,0.00025911269156946433,0.0021921681344002097,-0.4359171457766986,0.5996978460282811,-1.0373065233222356,0.000142386169557008,1.3726909680781727,0.8274730153199176,0.5127020912071784,0.04293917271434121,-0.372610235453342,24,0.0,0.21458479999920171,2025.0,1.0,0.2717012128747659,0.09539667703072764,calvin austin,400.0,0.2,-0.10460332296927237
00-0031484,Chris Manhertz,TE,NYG,WAS,-0.9265156575001782,-0.9329181292002474,-1.020142137998659,0.0,-0.26605201427221914,0.0,-1.013796075352233,0.0036213043768648116,-0.1866842592559676,0.0,0.00718564177646574,-0.8551410459065033,0.0,-0.8608546251438224,0.3192937064575973,-1.1216087174906288,-0.236907912295476,-1.0487490209958013,-1.0470402201173667,0.0,-0.4486388807997793,0.0,0.0,0.0,0.0,0.19933444652033652,-1.160909204106116,-1.0245994221080648,0.1440231463734399,-0.8518001741098444,1.3852244550998638,0.0423015298569259,0.8451690103941416,-0.6028017240974708,31,0.0,-0.37760166305817217,0.0,0.0,2.3867175117249184,0.09509644236505606,chris manhertz,1900.0,0.05,0.045096442365056055
00-0037239,Chris Olave,WR,NO,ARI,0.4791888660918138,0.7418027969560621,0.7859437520998824,0.0,-0.29361167322567944,0.03110400011549515,0.47371180897305065,1.247579032055368,1.5965870075703117,0.0,2.480999353727276,0.2227812792604774,0.0,1.5431813563691537,-0.25266765985400186,1.3612650783718852,-1.8202052239885944,1.094093834511617,1.145903233538223,0.0,2.0622362365515468,0.0,0.0,0.027522664500390318,0.21772800080846605,-0.537351599609937,1.294010366231578,-1.0245994221080648,0.05862511054304977,-0.36477974961271786,1.0697734357303403,0.38529087637959203,-0.9663170254650739,-0.8905410849026318,0,0.0,1.4131625146406268,2025.0,1.0,-0.7858069365503105,0.09494054554750292,chris olave,195.0,0.3389830508474576,-0.2440425052999547
00-0023459,Aaron Rodgers,QB,PIT,NYJ,0.0,0.0,0.0,0.0,0.0,-0.821690176605908,0.0,0.0,0.0,-0.6721590191853473,0.0,0.19580485793407934,0.0,0.0,0.0,-5.988282166547825e-11,-1.8615552073929733e-11,-5.988788888841133e-11,1.4970705416369563e-11,-0.9551251844665267,1.871021475612881e-12,0.0,0.0,0.25365520093338173,-0.38939172244136905,-0.6515854656792213,6.059751232807967e-13,0.0,0.000142386169557008,1.6359319127833656,0.8274730153199176,1.2225911557427216,0.38071055824563893,-0.38234636933931243,24,-0.47647642070537677,0.0,2025.0,1.0,-0.5346699743522593,0.09437203640227523,aaron rodgers,1200.0,0.07692307692307693,0.017448959479198306
00-0039074,Davis Allen,TE,LA,HOU,-0.22310445484344385,-0.7906790626603112,-0.12761159237388242,0.0,-0.38045211826880737,0.0,-0.18917158904556158,-0.26827117759774904,-0.10352040731768385,0.0,-0.048634238582850785,-0.20449064977377204,0.0,-0.7736312869832775,-0.35796975247911766,-1.0564837794192865,-0.6799489819142643,-0.8854854067295286,-0.6457594840611961,0.0,-0.06748983656668926,0.0,0.0,0.0,0.0,-0.7707471952746233,-0.9702147457055039,-1.0245994221080648,0.004568383060241701,-0.7301005858194966,0.7193721535638331,0.640230009708119,2.019692966589213,0.20286848615698008,12,0.0,0.17417832678888837,2025.0,1.0,1.3292093622998422,0.0942659360065865,davis allen,1700.0,0.05555555555555555,0.03871038045103095
00-0033375,Tim Patrick,WR,JAX,CAR,-0.5971439848877274,-0.4185994231402269,-0.26332045699969003,0.0,-0.2903322932876547,0.0,-0.4420020598145292,-0.12963181878655866,0.09799537471682677,0.0,0.8798288206256281,0.2767530188355107,0.0,-0.5019024574525021,-0.6564351064982628,-0.495485418372179,-0.2251243363904238,-0.7841277401193495,-0.7132610430200997,0.0,-0.04047420918075969,0.0,0.0,0.0,0.0,0.15907757125692126,-0.771303683388969,-0.7482203743000111,0.24761513033179824,2.5028275438753598,0.3293142212970917,0.3630198727704601,0.6629451961853446,0.6057035912842055,4,0.0,1.2529970838355051,2025.0,1.0,3.444225661149995,0.09339665798285872,tim patrick,700.0,0.125,-0.03160334201714128
00-0039359,Cade Stover,TE,HOU,LA,-0.9265156575001782,-0.9329181292002474,-1.020142137998659,0.0,-0.26605201427221914,0.0,-1.013796075352233,-0.4640229308495548,-0.48138032908527617,0.0,-0.6073113852241876,-0.5532683430112262,0.0,-0.8608546251438224,-0.36722184522020757,-1.1247252194084474,-0.5013780340331797,-1.0194946944087453,-0.7463657278272074,0.0,-0.5634812857364768,0.0,0.0,0.0,0.0,-0.20659502634631682,-1.0869654776820648,-1.0245994221080648,0.0864087790216946,-0.7593623277122326,0.09731049999264452,0.2593192376750045,0.12500673803151008,-0.4877059797754064,16,0.0,-0.5401896655531105,2025.0,1.0,0.2717012128747659,0.09334980680033877,cade stover,950.0,0.09523809523809523,-0.001888288437756458
00-0039052,Trey Palmer,WR,NO,ARI,-0.9020258508006269,-0.9067675398387448,-1.001964201492248,0.0,-0.285700850997097,0.0009487304316830054,-0.9957794713671372,-0.8052045529698556,-0.7989296848570854,0.0,-0.607297905018521,-1.0906644656467053,0.0,-0.8424227078712807,-0.5356100818830472,-0.5067897743994251,-0.48547053587267697,-0.9054039428513924,-1.1207310757343685,0.0,-0.8382255813051152,0.0,0.0,0.00020219442688095327,0.006319296972267422,-0.7292805138897676,-0.7812670228002502,-0.4332767929966968,0.05862511054304977,-0.36477974961271786,1.0697734357303403,0.38529087637959203,-0.9663170254650739,-0.8905410849026318,0,0.0,-0.5884785024897689,2025.0,1.0,4.501733810575071,0.0932746047849368,trey palmer,1900.0,0.05,0.04327460478493679
00-0039041,Elijah Higgins,TE,ARI,NO,-0.9265156575001782,-0.9329181292002474,-1.020142137998659,0.0,-0.26605201427221914,0.0,-1.013796075352233,-0.8204962908043003,-0.8319576196112146,0.0,-0.555704787273109,-0.9829464682686149,0.0,-0.8608546251438224,-0.08437893174855152,-0.9450230468153193,-0.49197288364858766,-1.0221637462486788,-1.0096481610777746,0.0,-0.9476488728272309,0.0,0.0,0.0,0.0,-0.7835944497790123,-1.0256450650529698,-0.7052280395362033,0.002536758874332544,1.152033629477524,0.940133972219178,0.00019132883031764192,-1.1236081812382388,0.6057035912842055,22,0.0,-0.706173639110935,2025.0,1.0,1.3292093622998422,0.09295308240239507,elijah higgins,1100.0,0.08333333333333333,0.00961974906906174
00-0038618,Xavier Hutchinson,WR,HOU,LA,-0.9265156575001782,-0.9329181292002474,-1.020142137998659,0.0,-0.26605201427221914,0.00016939378282355334,-1.013796075352233,-0.6709223906638824,-0.6929815946204875,2.1937054586507906e-06,-0.6073113852241876,-0.07538250526004858,0.0,-0.8608546251438224,-0.3391576828629096,-0.3559350611030724,-0.8046016110729768,-0.789143104074429,-0.7629745492276213,1.6998187345838203e-05,-0.9806792983702406,0.0,0.0,6.070645583864717e-05,0.001285710005847925,-0.8187264409242717,-0.6089269120343743,-0.6560939865925492,0.0864087790216946,-0.7593623277122326,0.09731049999264452,0.2593192376750045,0.12500673803151008,-0.4877059797754064,16,0.0,-0.6919776853868752,2025.0,1.0,3.444225661149995,0.09267055894140927,xavier hutchinson,600.0,0.14285714285714285,-0.05018658391573358
00-0034854,KhaDarel Hodge,WR,ATL,TB,-0.9238765324441282,-0.9256270647190395,-1.0158660521172105,0.0,-0.2603172996485164,0.0001880739938629823,-1.0109532576495972,0.15629213291518623,0.18139388059257422,0.0001880739938629823,-0.607285460537369,-0.5742746847773169,0.0,-0.8564921491568375,0.8741895674666635,-0.17543497622128776,-0.25880072623886635,-0.6651592851656045,-0.8153950816312168,3.761479933310065e-05,0.1840783457389017,0.0,0.0,-0.0001227273786510389,0.0,-0.4522098585961517,-0.638607578327151,-0.8353669125952112,0.025981254321015893,0.9885991703763608,0.28578677890963833,0.14003041387088902,-1.00702798723705,0.03022486967388346,29,0.0,0.8675493619476512,2025.0,1.0,3.444225661149995,0.09266738802887302,khadarel hodge,750.0,0.11764705882352941,-0.02497967079465639
00-0035535,Darius Slayton,WR,NYG,WAS,-0.8530150374473348,-0.31422277472051474,-0.8024498496154867,0.0,-0.2530759639874812,0.25866240000323504,-0.7889856817801782,0.022677356029721433,0.15525409282522168,0.0,-0.6063081661647325,0.8825588306939162,0.0,-0.43527783644789875,-0.18428185889365048,-0.012025869943302795,0.002369047093246956,-0.3007803297038165,-0.8183277816678456,0.12373248005561836,-0.6896791002982411,0.0,0.0,0.08282343870170766,1.6452863999579719,0.889797158391138,-0.11345020961357674,-1.0245994221080648,0.1440231463734399,-0.8518001741098444,1.3852244550998638,0.0423015298569259,0.8451690103941416,-0.6028017240974708,31,0.0,-0.5582467744163953,2025.0,1.0,1.3292093622998422,0.0926468876113571,darius slayton,390.0,0.20408163265306123,-0.11143474504170413
00-0038809,Ben Sims,TE,GB,DET,-0.9265156575001782,-0.9329181292002474,-1.020142137998659,0.0,-0.26605201427221914,0.0,-1.013796075352233,0.5383952177599007,0.2690384095442663,0.0,-0.36596285787513017,-0.8813463811616602,0.0,-0.8608546251438224,-0.2538592035549764,-0.9114195828931138,-0.39059844694526286,-1.0382575718849691,-1.1037709362553993,0.0,-0.10155940723557806,0.0,0.0,0.0,0.0,-0.6854507585641373,-1.0853813861999186,-0.8500442360418261,0.5440000000005462,0.8266413628661022,0.5703999344392803,1.0923931475436526,-0.1218628149200145,0.6057035912842055,10,0.0,-0.4344215081396882,2025.0,1.0,2.3867175117249184,0.09204089906672074,ben sims,2000.0,0.047619047619047616,0.04442185144767312
00-0026158,Joe Flacco,QB,CLE,CIN,0.0,0.0,0.0,0.0,0.0,-0.891733403403366,0.0,0.0,0.0,-0.6723030877914214,0.0,0.647772646244366,0.0,0.0,0.0,0.0,0.0,0.0,0.0,-0.7618497485859889,0.0,0.0,0.0,-0.7908486508056894,-0.7884578187940204,-0.6517676541813467,0.0,0.0,0.14406839149616812,1.5746925533739782,0.682001209886511,-0.7515150722110349,0.26521236513489355,-0.3254853856825685,6,-0.46975440644348215,0.0,2025.0,1.0,-0.5346699743522593,0.09115698814812292,joe flacco,1400.0,0.06666666666666667,0.02449032148145626
00-0033077,Dak Prescott,QB,DAL,PHI,0.0,0.0,0.0,0.0,0.0,-0.8445775334252537,0.0,0.0,0.0,0.1979356165579709,0.0,0.4641356769424141,0.0,0.0,1.2803175712546102e-12,1.1639250395495215e-11,3.105861200522818e-12,1.280317543504474e-11,1.1639250395495203e-12,-0.3384511913382482,2.3278501137867137e-13,0.0,0.0,-0.19777509045564004,-0.812189808107855,-0.4182580275238389,8.72832206773955e-14,0.0,0.00013541841122680749,1.6698384136967568,0.14145055455138655,-0.7770793348606702,0.352748729714453,-0.6666512876230322,25,-0.45758360251106317,0.0,2025.0,1.0,-0.5346699743522593,0.08966606168885731,dak prescott,750.0,0.11764705882352941,-0.0279809971346721
00-0038115,Daniel Bellinger,TE,NYG,WAS,-0.6992091651292004,-0.7283655416772955,-0.5807080689415953,0.0,0.014272325621601413,6.823270635630308e-07,-0.5769620940452744,-0.8463677855160743,-0.8533004263784365,1.705817658907577e-07,-0.6071990503471022,0.14239115064440744,0.0,-0.7476927810327024,0.49223035170491447,-0.8924722217571367,0.13688329231338064,-0.5120200770830297,-0.3314594972719734,8.529088294537885e-08,-0.9323794827959242,0.0,0.0,8.778621487926832e-07,1.3646541271260616e-06,-0.8187180979134957,-0.7922492433324921,-0.6560939865925492,0.1440231463734399,-0.8518001741098444,1.3852244550998638,0.0423015298569259,0.8451690103941416,-0.6028017240974708,31,0.0,-0.6613812306463738,2025.0,1.0,0.2717012128747659,0.08900174173882718,daniel bellinger,1200.0,0.07692307692307693,0.012078664815750248
00-0036212,Tua Tagovailoa,QB,MIA,IND,0.0,0.0,0.0,0.0,0.0,-0.9537110889954011,0.0,0.0,0.0,-0.6715211576164342,0.0,0.6601197334303155,0.0,0.0,0.0,0.0,0.0,0.0,0.0,-0.7453961563482162,0.0,0.0,0.0,-0.39231399583279825,-0.7799159955335097,-0.6517676540669199,0.0,0.0,0.03123261088096967,2.2584909707478875,0.7841042425196798,0.8524283416406915,0.4237453885163826,0.12940248357138312,13,-0.25415237180624795,0.0,2025.0,1.0,-0.5346699743522593,0.08827722670249849,tua tagovailoa,1100.0,0.08333333333333333,0.0049438933691651615
00-0037306,John FitzPatrick,TE,GB,DET,-0.9265156575001782,-0.9329181292002474,-1.020142137998659,0.0,-0.26605201427221914,0.0,-1.013796075352233,-0.8463714680102491,-0.8533033571740235,0.0,-0.6073113852241876,-1.5927634768273111,0.0,-0.8608546251438224,4.212972936834698,-1.1905145013425606,-0.12951872807082887,-0.8324083961121791,-0.9328985356585249,0.0,-1.0089781538107605,0.0,0.0,0.0,0.0,-0.8187264409242717,-1.2726886674238322,-0.9240979466834897,0.5440000000005462,0.8266413628661022,0.5703999344392803,1.0923931475436526,-0.1218628149200145,0.6057035912842055,10,0.0,-0.7063167552823529,2025.0,1.0,1.3292093622998422,0.087549734374836,john fitzpatrick,2000.0,0.047619047619047616,0.03993068675578838
00-0033217,Mo Alie-Cox,TE,IND,MIA,-0.9265156274672749,-0.9329181134154658,-1.0201420938167325,0.0,-0.26605195247537783,0.0,-1.013796028487357,-0.7903254509135204,-0.7880570860459751,0.0,0.06821904217909289,-0.44584799373584305,0.0,-0.8608546127706167,-0.3053901391267823,-0.7279983823879519,-0.782276506584431,-0.9656928577645059,-1.03260365985122,0.0,-0.7483605684958671,0.0,0.0,0.0,0.0,-0.7690580856365238,-0.6868104655002166,-1.1285368610156188,0.025831640722662735,-0.40403987495538085,0.1499082121284306,1.8411477044333205e-05,-0.21590187946681136,0.4906078469621411,19,0.0,-0.6355000266693103,2025.0,1.0,0.2717012128747659,0.08676059731549361,mo aliecox,950.0,0.09523809523809523,-0.00847749792260162
00-0037093,Dareke Young,WR,SEA,SF,-0.9265156575001782,-0.9329181292002474,-1.020142137998659,0.0,-0.26605201427221914,0.0,-1.013796075352233,-0.8463714680102491,-0.8533033571740235,0.0,-0.6073113852241876,-1.2796251257967683,0.0,-0.8608546251438224,19.60415956290004,-1.221046584347679,0.539584551512268,-0.36880532430915974,-0.41483067309803884,0.0,-1.0089781538107605,0.0,0.0,0.0,0.0,-0.8187264409242717,-0.9844173956066544,-0.9803787975216425,0.011719920818414258,0.8387623519893944,0.8853782884082708,0.07610628606238043,0.20567511962097468,-0.4301581076143742,28,0.0,-0.7063167552823529,2025.0,1.0,3.444225661149995,0.08648075139784996,dareke young,1700.0,0.05555555555555555,0.030925195842294403
00-0038679,Tyrell Shavers,WR,BUF,BAL,-0.9265156575001782,-0.9329181292002474,-1.020142137998659,0.0,-0.26605201427221914,0.0,-1.013796075352233,-0.8463714680102491,-0.8533033571740235,0.0,-0.6073113852241876,-2.219040178888397,0.0,-0.8608546251438224,-0.9174226051870823,-1.251578667352797,-0.47516039754990697,-1.2960114679151984,-1.450966398219011,0.0,-1.0089781538107605,0.0,0.0,0.0,0.0,-0.8187264409242717,-1.5223845778265004,-1.0109510868808644,0.2495864173130084,-0.92388745452576,0.3064634631103538,0.13876356505374152,-0.04622701354322105,0.8358950799283343,2,0.0,-0.7063167552823529,2025.0,1.0,3.444225661149995,0.0861906851903276,tyrell shavers,1200.0,0.07692307692307693,0.009267608267250677
00-0039754,Devin Culp,TE,TB,ATL,-0.9265156575001782,-0.9329181292002474,-1.020142137998659,0.0,-0.26605201427221914,0.0,-1.013796075352233,1.8858412428015232,1.7238732581791159,0.0,-0.6073113852241876,-1.2013405380391324,0.0,-0.8608546251438224,-0.02815407718815,0.2750254829031137,1.112986636712841,0.7129351765645521,0.10323718946244724,0.0,0.6178961103126885,0.0,0.0,0.0,0.0,-0.8187264409242717,0.05380718361584955,-0.7274176688705336,0.40596432302653357,0.09836865549633474,0.5228075199062638,0.0021455164619609253,1.4738024923697968,0.6057035912842055,1,0.0,0.5515895908900224,2025.0,1.0,2.3867175117249184,0.08474111333599636,devin culp,700.0,0.125,-0.04025888666400364
00-0036264,Jordan Love,QB,GB,DET,0.0,0.0,0.0,0.0,0.0,-0.8071390547461232,0.0,0.0,0.0,-0.10958863396472263,0.0,0.5601079870646448,0.0,0.0,0.0,0.0,0.0,0.0,0.0,-0.6082004520244055,0.0,0.0,0.0,0.30638007093419845,-0.5401597109231562,-0.5667209966050331,0.0,0.0,0.5440000000005462,1.3586952356836177,0.5703999344392803,3.5484911860176616,0.32728641679654513,0.5842903528253347,10,0.4857515714044944,0.0,2025.0,1.0,-0.5346699743522593,0.08422822622670197,jordan love,600.0,0.14285714285714285,-0.05862891663044088
00-0037112,Jake Tonges,TE,SF,SEA,-0.9265156575001782,-0.9329181292002474,-1.020142137998659,0.0,-0.26605201427221914,0.0,-1.013796075352233,-0.8463714680102491,-0.8533033571740235,0.0,-0.6073113852241876,-2.219040178888397,0.0,-0.8608546251438224,-0.9174226051870823,-1.251578667352797,-0.47516039754990697,-1.2960114679151984,-1.450966398219011,0.0,-1.0089781538107605,0.0,0.0,0.0,0.0,-0.8187264409242717,-1.5223845778265004,-0.7482203743000111,0.13824379861637803,0.5248410733036718,0.16721027097005325,0.018899639194145917,-1.095276266476215,0.14532061399594787,27,0.0,-0.7063167552823529,2025.0,1.0,1.3292093622998422,0.08412861239114747,jake tonges,1700.0,0.05555555555555555,0.028573056835591915
00-0039912,Ben Sinnott,TE,WAS,NYG,-0.9265156575001782,-0.9329181292002474,-1.020142137998659,0.0,-0.26605201427221914,0.0,-1.013796075352233,-0.8463714680102491,-0.8533033571740235,0.0,0.8035227173149395,-0.8490598931297718,0.0,-0.8608546251438224,0.5222292050741317,-1.1830372565249807,-0.2769430383417326,-1.052383323039122,-0.8377432139637417,0.0,-0.7350656501573226,0.0,0.0,0.0,0.0,-0.039646163210763134,-1.1150770487583421,-1.060261263247057,0.14487185015671714,0.9226260165850404,1.5483106638366353,0.04163390726041955,-0.36300564958777193,0.7783472077673022,23,0.0,-0.6438459423340254,2025.0,1.0,1.3292093622998422,0.0837385592387643,ben sinnott,1100.0,0.08333333333333333,0.00040522590543097536
00-0038046,Charlie Kolar,TE,BAL,BUF,-0.9242778159579925,-0.931255523162497,-1.018553945233111,0.0,-0.2650690525791441,0.08651299197165507,-1.0115254276399506,-0.6199879185261077,-0.5992016616250199,0.0,-0.27504924689480253,-0.9087081399257811,0.0,-0.8599678886123063,1.716123723288487,-0.9930836418381505,-0.07548731121620895,-0.7592310976583962,-0.8232950286796976,0.0,-0.848420621359911,0.0,0.0,0.14870773580711263,0.17302598394331015,-0.4042099656052821,-1.0394026989002836,-0.9017642897489297,0.17592314667794764,0.7433989500794301,0.6292644325350345,0.0009965931172776533,1.0363150188943484,0.4906078469621411,3,0.0,-0.6030196633128992,2025.0,1.0,1.3292093622998422,0.08282059765540123,charlie kolar,650.0,0.13333333333333333,-0.0505127356779321
00-0038547,Luke Schoonmaker,TE,DAL,PHI,-0.6706904021647773,-0.6749877635597222,-0.5265487268506984,0.0,-0.23418949101867326,0.0,-0.39722502266545207,-0.5890255037706013,-0.5992869397613071,0.0,-0.6066470212452044,-0.5699937026865153,0.0,-0.655104590928972,0.9355354884443405,-0.8347848658141164,-0.12065633668826663,-0.5439317645833461,-0.2849711836213499,0.0,-0.9948055095573836,0.0,0.0,0.0,0.0,-0.4484368844519606,-0.7866359978019639,-0.7677623097034595,0.00013541841122680749,1.4394737315695219,0.14145055455138655,0.014318203708053883,-0.043317055178838104,-0.660349596258503,25,0.0,-0.7017397413760424,2025.0,1.0,0.2717012128747659,0.08097767214059948,luke schoonmaker,1100.0,0.08333333333333333,-0.0023556611927338517
00-0039623,Mason Tipton,WR,NO,ARI,-0.7271431377163489,-0.5082484722161602,-0.5402452622821289,0.0,-0.2643232891275218,0.0,-0.6323561928765236,-0.8463714680102491,-0.8533033571740235,0.0,-0.6073113852241876,0.5017218508448902,0.0,-0.3948686247900077,-0.5057339401317338,0.22216528785074424,-1.2309606031517735,-0.83632482714051,-0.6279908649235112,0.0,-0.9618003081478634,0.0,0.0,0.0,0.0,-0.8187264409242717,-0.04062069338461229,-1.0245994221080648,0.05862511054304977,-0.36477974961271786,1.0697734357303403,0.38529087637959203,-0.9663170254650739,-0.8905410849026318,0,0.0,-0.6737587983400048,2025.0,1.0,3.444225661149995,0.07967539848742317,mason tipton,1900.0,0.05,0.029675398487423163
00-0038090,Skyy Moore,WR,SF,SEA,-0.9240423991234806,-0.9295432270570915,-1.0163370076482368,0.0,-0.26759488173178236,0.0056260380708213166,-1.0098896416347007,-0.7891043238135537,-0.787890589349199,0.0,-0.6073113852241876,-0.7609377135362853,0.0,-0.8584065716402394,-0.7980093735873347,-0.8756398359522266,-1.1222324043445502,-1.08212008052569,-1.1454993484412177,2.8211116398843548e-05,-0.8775169574418626,0.0,0.0,0.0030264105064823276,0.04988565598464035,-0.8150331710493323,-0.8779747853770066,-0.9803787975216425,0.13824379861637803,0.5248410733036718,0.16721027097005325,0.018899639194145917,-1.095276266476215,0.14532061399594787,27,0.0,-0.5612329743271623,2025.0,1.0,4.501733810575071,0.07831857670031811,skyy moore,900.0,0.1,-0.021681423299681896
00-0039394,Casey Washington,WR,ATL,TB,-0.9265156575001782,-0.9329181292002474,-1.020142137998659,0.0,-0.26605201427221914,0.0,-1.013796075352233,-0.8463714680102491,-0.8533033571740235,0.0,-0.6073113852241876,-1.8276172401002184,0.0,-0.8608546251438224,3.072884902698568,-1.1599824183374425,0.19311216841562678,-0.7551412174783425,-0.9328985356585249,0.0,-1.0089781538107605,0.0,0.0,0.0,0.0,-0.8187264409242717,-1.2788884518788504,-1.0373065233222356,0.025981254321015893,0.9885991703763608,0.28578677890963833,0.14003041387088902,-1.00702798723705,0.03022486967388346,29,0.0,-0.7063167552823529,2025.0,1.0,2.3867175117249184,0.07800640683513982,casey washington,750.0,0.11764705882352941,-0.03964065198838959
00-0039144,Luke Musgrave,TE,GB,DET,-0.8822232363787246,-0.917820033032263,-0.9797539389139187,0.0,-0.28790727408236416,0.0,-0.9762577763894141,-0.8316839637160713,-0.8359857575710228,0.0,-0.6073113852241876,-1.2264677976707075,0.0,-0.8503514016778984,0.9568520999126705,-1.097107303766438,-0.8306217997534676,-1.0905327245537804,-0.8922876974555545,0.0,-0.5293448242871015,0.0,0.0,0.0,0.0,-0.8016250850928441,-1.1277230775104816,-0.9803787975216425,0.5440000000005462,0.8266413628661022,0.5703999344392803,1.0923931475436526,-0.1218628149200145,0.6057035912842055,10,0.0,-0.5626013833431095,2025.0,1.0,0.2717012128747659,0.07663665820892171,luke musgrave,700.0,0.125,-0.04836334179107829
00-0035298,Scott Miller,WR,PIT,NYJ,-0.9263402303409529,-0.9327133433520408,-1.0198641066359069,0.0,-0.2661973300433621,1.1978513690946252e-05,-1.0135174084421203,-0.7823735422190469,-0.806956133544056,0.0,-0.5643064529698678,-0.7151190158965279,0.0,-0.8606902791235187,0.16617599457589188,-0.12153508794293785,0.27761873010145105,-0.269869575520989,-0.5354020101343834,2.3099030911326044e-11,-0.871828710081713,0.0,0.0,1.2695176663673282e-05,0.00018111491973642763,-0.7427197916215817,-0.16045215452766076,-0.9017642897489297,0.000142386169557008,1.3726909680781727,0.8274730153199176,0.5127020912071784,0.04293917271434121,-0.372610235453342,24,0.0,-0.5009050621612737,2025.0,1.0,3.444225661149995,0.07650645935169641,scott miller,1100.0,0.08333333333333333,-0.006826873981636922
00-0036497,Tim Jones,WR,MIN,CHI,-0.8831123002873068,-0.7599519914129895,-0.8914579225970404,0.0,-0.24117712796104032,0.0,-0.8922281730238696,-0.8463714680102491,-0.8533033571740235,0.0,-0.47451767129126904,-0.8539664062525816,0.0,-0.795214676175484,-0.13150260380077422,-0.7582721530418478,-0.2895016415602366,-0.831495802896743,-0.9269780874013372,0.0,-0.9509690817707506,0.0,0.0,0.0,0.0,-0.8187264409242717,-0.8648434675703439,-0.9017642897489297,0.00010983569931633911,-0.08001789442429967,0.8545060836529463,0.018730127067081995,-0.07059338395201661,0.03022486967388346,5,0.0,-0.6586057990757034,2025.0,1.0,4.501733810575071,0.07632401885836146,tim jones,1600.0,0.058823529411764705,0.017500489446596754
00-0039824,Jared Wiley,TE,KC,LAC,-0.9265156575001782,-0.9329181292002474,-1.020142137998659,0.0,-0.26605201427221914,0.0,-1.013796075352233,-0.8463714680102491,-0.8533033571740235,0.0,-0.6073113852241876,-2.219040178888397,0.0,-0.8608546251438224,-0.9174226051870823,-1.251578667352797,-0.47516039754990697,-1.2960114679151984,-1.450966398219011,0.0,-1.0089781538107605,0.0,0.0,0.0,0.0,-0.8187264409242717,-1.5223845778265004,-0.9444895565206385,0.3841885034220886,0.6747029113778164,0.32388472428757914,0.034127456509507964,-1.035394127268207,0.5481557191231733,17,0.0,-0.7063167552823529,2025.0,1.0,2.3867175117249184,0.074749384928128,jared wiley,1800.0,0.05263157894736842,0.022117805980759575
00-0039816,Anthony Gould,WR,IND,MIA,-0.9265156575001782,-0.9329181292002474,-1.020142137998659,0.0,-0.26605201427221914,0.0,-1.013796075352233,-0.8463714680102491,-0.8533033571740235,0.0,-0.6073113852241876,-2.219040178888397,0.0,-0.8608546251438224,-0.9174226051870823,-1.251578667352797,-0.47516039754990697,-1.2960114679151984,-1.450966398219011,0.0,-1.0089781538107605,0.0,0.0,0.0,0.0,-0.8187264409242717,-1.5223845778265004,-1.1064895295665433,0.025831640722662735,-0.40403987495538085,0.1499082121284306,1.8411477044333205e-05,-0.21590187946681136,0.4906078469621411,19,0.0,-0.7063167552823529,2025.0,1.0,4.501733810575071,0.07441691791190962,anthony gould,1300.0,0.07142857142857142,0.0029883464833381918
00-0038573,Derius Davis,WR,LAC,KC,-0.9265156575001782,-0.9329181292002474,-1.020142137998659,0.0,-0.26605201427221914,0.9676735035354747,-1.013796075352233,0.7048276147524464,0.7960974921421897,0.0,-0.606589064078747,-1.471165168729296,0.0,-0.8608546251438224,0.175491206511419,-0.8580977564416918,0.30144637567911625,-0.5023924072537495,-0.5061111215416783,0.004022125243318369,-0.2829204263266219,0.0,0.0,-1.1092727219414769,-1.0636036927553576,1.8959483676952518,-0.8866070262079699,-1.098300520742601,8.371811567089089e-05,-0.9263441472329689,0.3062931744427471,0.42358837173250996,-0.20532069976174622,-0.14241874680921315,15,0.0,-0.39477629135161363,2025.0,1.0,4.501733810575071,0.07406201640367073,derius davis,1700.0,0.05555555555555555,0.018506460848115178
00-0037805,Jeremy Ruckert,TE,NYJ,PIT,-0.9265156575001782,-0.9329181292002474,-1.020142137998659,0.0,-0.26605201427221914,0.0,-1.013796075352233,-0.8423113541111863,-0.8497129874911487,0.0,-0.6073113852241876,-0.71699721220249,0.0,-0.8608546251438224,1.6495650615773005,-0.9455549158925252,-0.4048044648026122,-0.941573198474004,-0.7651969905983014,0.0,-0.8960279036056717,0.0,0.0,0.0,0.0,-0.8187264409242717,-0.9530263317794065,-0.8034961838616218,0.001490943521874055,1.2900674123838214,0.5804319182870316,0.17510400000085355,1.865923671352754,-1.0631847013857285,26,0.0,-0.6058384905865257,2025.0,1.0,0.2717012128747659,0.07373179518981494,jeremy ruckert,1100.0,0.08333333333333333,-0.009601538143518384
00-0036331,Devin Duvernay,WR,CHI,MIN,-0.9262990880447576,-0.9327325970498976,-1.0198172550133793,0.0,-0.2661381730253866,0.19825727399593332,-1.0134249726891524,-0.8463418544175162,-0.8532759993451566,0.0,-0.6072964985043254,-0.7364074486399365,0.0,-0.8607378355965541,-0.2145900721413473,-0.552051666301229,-0.32189668442918246,-0.7380931620507922,-0.5438032201540096,0.007233588069835751,-0.746867389339819,0.0,0.0,-0.2681679056544343,-0.8433494855406366,-0.8186852738698595,-0.8209751403389258,-0.9017642897489297,0.004554193728072087,0.4738415459365699,1.0094296039730843,0.011265675138067815,-0.38711438284210903,-0.3150623632923098,20,0.0,-0.4232584143883721,2025.0,1.0,3.444225661149995,0.07215764620896568,devin duvernay,1700.0,0.05555555555555555,0.01660209065341013
00-0039521,Xavier Weaver,WR,ARI,NO,-0.9265156575001782,-0.9329181292002474,-1.020142137998659,0.0,-0.26605201427221914,0.0,-1.013796075352233,1.8858412428015232,1.7238732581791159,0.0,-0.6073113852241876,0.5600626865076713,0.0,-0.8608546251438224,-0.9174226051870823,-0.6104049242453146,-0.9984746234057943,-1.2960114679151984,-1.450966398219011,0.0,-1.0089781538107605,0.0,0.0,0.0,0.0,-0.8187264409242717,-0.9174050589815148,-1.0706626159617956,0.002536758874332544,1.152033629477524,0.940133972219178,0.00019132883031764192,-1.1236081812382388,0.6057035912842055,22,0.0,-0.7063167552823529,2025.0,1.0,3.444225661149995,0.07213065400024063,xavier weaver,1200.0,0.07692307692307693,-0.004792422922836298
00-0037475,Stone Smartt,TE,NYJ,PIT,-0.4130228674402462,-0.4316430917550669,-0.1324774251110349,0.0,-0.6051674018334545,0.0,-0.23245985776138953,-0.8431148469360225,-0.8497129087893807,0.0,-0.6053049030891781,-0.29472879486790327,0.0,-0.4933900105294785,0.6008130954650391,-0.373060354524686,0.11026519896033364,0.15411446751295177,0.14529055126810553,0.0,-0.577331368079333,0.0,0.0,0.0,0.0,-0.8150330922965413,-0.29723865544253725,-0.8771972632771028,0.001490943521874055,1.2900674123838214,0.5804319182870316,0.17510400000085355,1.865923671352754,-1.0631847013857285,26,0.0,-0.3223324797887216,2025.0,1.0,1.3292093622998422,0.07179004862675249,stone smartt,2500.0,0.038461538461538464,0.03332851016521403
00-0034613,Tanner Hudson,TE,CIN,CLE,-0.7590539215766399,-0.8955180480015792,-0.7497232318952807,0.0,-0.25133109026451667,0.051840011460474525,-0.8262095573493146,-0.7654351890137373,-0.7197021120673417,0.0,-0.42679681023043853,-1.6304273360823758,0.0,-0.8404381241919925,1.3254062897485932,-1.034245173927363,0.11550916036126462,-0.6585503177978942,-0.5046505991092056,0.0,-0.8018811928199303,0.0,0.0,0.09110944702180541,0.051840011460474525,-0.5951455063075737,-1.0723258654324148,-1.1687972070721093,0.00022142102909294124,0.3479891885012944,0.25582402967661827,0.4559935967827969,0.8917797996835549,0.9509908242503988,7,0.0,-0.5819614132138098,2025.0,1.0,2.3867175117249184,0.07153205072098465,tanner hudson,950.0,0.09523809523809523,-0.023706044517110586
00-0038938,Jalin Hyatt,WR,NYG,WAS,-0.9252755241133643,-0.9292626201721496,-1.0179570745410693,0.0,-0.26528849079954225,0.0,-1.011813151751309,-0.8458271255845493,-0.8528380391465268,0.0,-0.6073113852241876,-1.1263602332475098,0.0,-0.8576516859808131,-0.43141273032489,-0.2259092235498968,-0.7940949284746809,-0.9688222242156066,-0.8908142024216729,0.0,-1.0089781538107605,0.0,0.0,0.0,0.0,-0.8187264409242717,-0.6251231380523077,-1.0245994221080648,0.1440231463734399,-0.8518001741098444,1.3852244550998638,0.0423015298569259,0.8451690103941416,-0.6028017240974708,31,0.0,-0.7063167552823529,2025.0,1.0,2.3867175117249184,0.07150237587261891,jalin hyatt,850.0,0.10526315789473684,-0.03376078202211792
00-0033662,Cooper Rush,QB,BAL,BUF,0.0,0.0,0.0,0.0,0.0,-0.06668457215619024,0.0,0.0,0.0,-0.6723030877914214,0.0,0.586759528603597,0.0,0.0,0.0,0.0,0.0,0.0,0.0,-0.12001773218400233,0.0,0.0,0.0,-1.9087326855448314,-0.8532259275159053,-0.6517676541813467,0.0,0.0,0.17592314667794764,1.3164319510031357,0.6292644325350345,-0.8305297618384718,0.7027349007928921,0.4705683855118468,3,-0.47789655273834236,0.0,2025.0,1.0,0.924987777814961,0.0714221527010953,cooper rush,1500.0,0.0625,0.008922152701095296
00-0036887,Luke Farrell,TE,SF,SEA,-0.9210812457496309,-0.9319198055925916,-1.0177864538600545,0.0,-0.26192468316576833,0.0,-1.0117551610211348,-0.8443681219279209,-0.8510593756647165,0.0,-0.6056393530887866,-0.7198676369531078,0.0,-0.8603494787878266,-0.3836180987367335,-0.9184405701824051,-0.9023886947390454,-1.0612870003162216,-0.7940907159030789,0.0,-0.9374513226635293,0.0,0.0,0.0,0.0,-0.8187264409242717,-0.9204757369613168,-1.060261263247057,0.13824379861637803,0.5248410733036718,0.16721027097005325,0.018899639194145917,-1.095276266476215,0.14532061399594787,27,0.0,-0.7055484112811864,2025.0,1.0,0.2717012128747659,0.07076334873067065,luke farrell,1400.0,0.06666666666666667,0.004096682064003987
00-0036534,Shane Zylstra,TE,DET,GB,-0.8624823763691217,-0.6332062274526103,-0.6705765551956927,0.0,-0.2798015781259762,0.0,-0.5368715847650881,0.10536242794088127,0.3062951710350909,0.0,0.5499316887999112,-0.7671125525166534,0.0,-0.6917085868564388,-0.26816380717585075,-1.0080121774293416,-0.5979834302701975,-1.0232164504707753,-0.8217700197201558,0.0,-0.7022981148522781,0.0,0.0,0.0,0.0,-0.15642710699016463,-0.9799114880787229,-1.060261263247057,0.5384524493903544,0.21734192246880002,0.28890089217950304,0.006718519543583356,-1.0101598171625743,0.03022486967388346,11,0.0,-0.6952752713962574,2025.0,1.0,1.3292093622998422,0.07075909804748377,shane zylstra,2800.0,0.034482758620689655,0.03627633942679412
00-0038752,Jake Bobo,WR,SEA,SF,-0.926486682223917,-0.9328362982041566,-1.020101799295836,0.0,-0.2660330217998833,4.062417516019986e-05,-1.0137198982888924,-0.8462698864041905,-0.8532269712100973,4.062417516019986e-05,-0.5969699320559874,-1.136844950759252,0.0,-0.8607978063644078,0.0442372891678452,-1.017543590225479,-0.2970139870400724,-1.028411477427503,-0.9749587426631924,8.124835153109446e-06,-0.9937933331454412,0.0,0.0,3.15082876704304e-05,0.0001218725254805995,-0.818428406785609,-1.1829603369188206,-1.0109510868808644,0.011719920818414258,0.8387623519893944,0.8853782884082708,0.07610628606238043,0.20567511962097468,-0.4301581076143742,28,0.0,-0.6873426969380128,2025.0,1.0,2.3867175117249184,0.07074584207650439,jake bobo,850.0,0.10526315789473684,-0.03451731581823245
00-0036628,John Bates,TE,WAS,NYG,-0.9237375936921024,-0.9325112052716736,-1.014700006032997,0.0,-0.26503787308556864,0.0,-1.0103815718542446,-0.8424993506487136,-0.8492532246195246,0.0,-0.5961510265999047,-0.4411934663107631,0.0,-0.8604781125316793,0.7441645038848923,-1.1359156949248455,-0.2641290324735757,-0.9344171745721552,-1.034803377107797,0.0,-0.6047820541187764,0.0,0.0,0.0,0.0,-0.8187129932467021,-1.2191638172272186,-1.0491664485798917,0.14487185015671714,0.9226260165850404,1.5483106638366353,0.04163390726041955,-0.36300564958777193,0.7783472077673022,23,0.0,-0.6141323584347774,2025.0,1.0,0.2717012128747659,0.07039931782161121,john bates,1300.0,0.07142857142857142,-0.001029253606960212
00-0036244,Colby Parkinson,TE,LA,HOU,-0.5369968899342,-0.6569305564902015,-0.5834975439137957,0.0,0.07808357695600099,0.0,-0.7698552876377274,-0.29612743880081044,-0.40648933908037693,0.0,0.5203324807226212,-0.6300088377753481,0.0,-0.6077568802651462,-0.30779953976070556,-0.9644600185891442,-0.6934761966311764,-1.0608129795596686,-1.1614064119624685,0.0,0.3725407605756781,0.0,0.0,0.0,0.0,-0.7389153115100452,-0.8734982477628244,-1.1351510604503414,0.004568383060241701,-0.7301005858194966,0.7193721535638331,0.640230009708119,2.019692966589213,0.20286848615698008,12,0.0,0.5857020490150506,2025.0,1.0,0.2717012128747659,0.06984834294525406,colby parkinson,1000.0,0.09090909090909091,-0.02106074796383685
00-0034983,Hunter Renfrow,WR,CAR,JAX,0.37235876217862485,-0.749969873909719,0.08511238749241518,0.0,1.6034624269981446,5.6578884554199875e-06,-0.10952394890180683,-0.8442248408528222,-0.8510277059322925,0.0,-0.6072652877907647,-0.4903169849241163,0.0,-0.6681602010483392,0.4566689193601034,-0.8184672440100215,-0.7788559445237365,-0.4396989279305545,-0.4496634460703024,0.0,0.5606247971498397,0.0,0.0,-6.275392260769834e-06,-1.9831284171882227e-05,-0.813656285646865,-0.5048942227443162,-0.8500442360418261,0.016736398843874546,-0.7649560682930315,0.7992125030064359,0.011525896246087252,0.4002143512051058,-0.19996661897024537,14,0.0,0.08492217586972675,2025.0,1.0,1.3292093622998422,0.06979674967454631,hunter renfrow,425.0,0.19047619047619047,-0.12067944080164415
00-0036620,Dee Eskridge,WR,MIA,IND,-0.9265156575001782,-0.9329181292002474,-1.020142137998659,0.0,-0.26605201427221914,0.06704949808367791,-1.013796075352233,-0.6637923334818944,-0.7071796312146558,0.0,-0.6073113852241876,-1.4336995176597254,0.0,-0.8608546251438224,0.08938936397040921,-1.022277784622776,-0.14736069397933213,-0.8606134369713916,-1.0113530464919787,0.0,-0.8044039601336762,0.0,0.0,0.017402714723207726,0.358788353328754,-0.8173967295403486,-1.091948330706717,-0.9631818559284973,0.03123261088096967,2.5988928233991215,0.7841042425196798,0.4204453003175361,0.175692369560446,0.14532061399594787,13,0.0,-0.2833218913739847,2025.0,1.0,3.444225661149995,0.06965475170524708,dee eskridge,850.0,0.10526315789473684,-0.03560840618948975
00-0034365,Ian Thomas,TE,LV,NE,-0.9265155991347259,-0.9329180754817995,-1.0201420131656587,0.0,-0.26605204608128935,0.0,-1.01379597582119,-0.8157776531869981,-0.8244455482995808,0.0,-0.6073113851603134,-0.6608315698400415,0.0,-0.8608545904309083,-0.5070588652468055,-0.8939259333725537,-1.1983580310559403,-1.1567374440705527,-0.8987103149069268,0.0,-0.750541776661177,0.0,0.0,0.0,0.0,-0.8187264408184551,-0.6310656178420025,-0.9803787975216425,0.4325480897247216,1.02575211781541,0.9511240259601391,0.0865507203666982,-0.817527767074249,-0.4877059797754064,21,0.0,-0.6822373473773985,2025.0,1.0,1.3292093622998422,0.06910636573793175,ian thomas,2000.0,0.047619047619047616,0.02148731811888413
00-0031763,DeAndre Carter,WR,CLE,CIN,-0.1448182544118162,-0.32662581398685026,-0.3391580429157577,0.0,0.06665715489636408,0.04485608123809934,-0.5427038297649627,-0.4412952660604584,-0.2333451112408493,0.0,-0.604582576564139,-1.0145888589722865,0.0,-0.62168422029352,-0.3417899929854796,-0.4522018699025698,-0.83282277582036,-0.7638786565191146,-0.5601581628745171,0.0008398080535223552,0.589179185246717,0.0,0.0,0.10311949564710468,0.4835807774950338,-0.8183340708930518,-0.6962601871667169,-0.9962528531021105,0.14406839149616812,1.2520729878788766,0.682001209886511,0.02068966173588597,-0.3133479154172427,-0.3150623632923098,6,0.0,1.5976764535001236,2025.0,1.0,3.444225661149995,0.06851234588713272,deandre carter,850.0,0.10526315789473684,-0.03675081200760412
00-0036630,Tylan Wallace,WR,BAL,BUF,-0.9265156575001782,-0.9329181292002474,-1.020142137998659,0.0,-0.26605201427221914,0.0,-1.013796075352233,-0.8463714680102491,-0.8533033571740235,0.0,-0.6073113852241876,-0.9973876091395646,0.0,-0.8608546251438224,0.05408696710102462,-1.1146927990899183,-0.40783285261203134,-0.8784624587852944,-0.8203377182762276,0.0,-0.8248371046231731,0.0,0.0,0.0,0.0,-0.6867804699480603,-1.0662453496896018,-1.0491664485798917,0.17592314667794764,0.7433989500794301,0.6292644325350345,0.0009965931172776533,1.0363150188943484,0.4906078469621411,3,0.0,-0.48438731635923726,2025.0,1.0,2.3867175117249184,0.06850489264401999,tylan wallace,1100.0,0.08333333333333333,-0.01482844068931334
00-0039530,Brevyn Spann-Ford,TE,DAL,PHI,0.4968925403467361,-0.6715311010557089,0.21618785518937628,0.0,-0.4398569593835449,0.0,-0.20048683441870957,-0.48711927622375656,-0.45089895852415796,0.0,-0.6073113852241876,-0.5400503614396733,0.0,-0.72929168412202,0.06862828267166149,-0.7070227580436068,0.14211851595559066,-0.399208162813938,-0.3652169569055705,0.0,-0.7505100626637821,0.0,0.0,0.0,0.0,-0.8187264409242717,-0.7782773778772384,-1.0245994221080648,0.00013541841122680749,1.4394737315695219,0.14145055455138655,0.014318203708053883,-0.043317055178838104,-0.660349596258503,25,0.0,-0.6228452430953874,2025.0,1.0,1.3292093622998422,0.06836537272703362,brevyn spannford,2200.0,0.043478260869565216,0.024887111857468405
00-0037539,Lucas Krull,TE,DEN,TEN,-0.9219525753880381,-0.9310791002407157,-1.015719231230132,0.0,-0.2662231327358732,0.0,-1.009259431337528,-0.8418869846812096,-0.8487542723070565,0.0,-0.6045238792285123,-0.7288661094819251,0.0,-0.8599507832535074,0.9420524182011889,-0.9721656758847913,-0.0597821426572233,-0.6320741153438693,-0.18437676050402113,0.0,-1.0064125924003569,0.0,0.0,0.0,0.0,-0.8125692579037299,-0.8073289072851264,-1.060261263247057,0.1729508360200416,0.8336096275676413,1.0852457470108379,0.3230993026910642,-0.8500542419539782,0.72079933560627,30,0.0,-0.7061024793428676,2025.0,1.0,2.3867175117249184,0.06830934781989853,lucas krull,1000.0,0.09090909090909091,-0.02259974308919238
00-0040194,Jackson Hawes,TE,BUF,BAL,-0.9265156575001782,-0.9329181292002474,-1.020142137998659,0.0,-0.26605201427221914,0.0,-1.013796075352233,-0.8463714680102491,-0.8533033571740235,0.0,-0.6073113852241876,-2.219040178888397,0.0,-0.8608546251438224,-0.9174226051870823,-1.251578667352797,-0.47516039754990697,-1.2960114679151984,-1.450966398219011,0.0,-1.0089781538107605,0.0,0.0,0.0,0.0,-0.8187264409242717,-1.5223845778265004,-1.3931048576235803,0.2495864173130084,-0.92388745452576,0.3064634631103538,0.13876356505374152,-0.04622701354322105,0.8358950799283343,2,0.0,-0.7063167552823529,2025.0,1.0,1.3292093622998422,0.06791406710070642,jackson hawes,2000.0,0.047619047619047616,0.020295019481658808
00-0038839,Mitchell Tinsley,WR,CIN,CLE,-0.9265156575001782,-0.9329181292002474,-1.020142137998659,0.0,-0.26605201427221914,0.0,-1.013796075352233,-0.8463714680102491,-0.8533033571740235,0.0,-0.6073113852241876,-2.219040178888397,0.0,-0.8608546251438224,-0.9174226051870823,-1.251578667352797,-0.47516039754990697,-1.2960114679151984,-1.450966398219011,0.0,-1.0089781538107605,0.0,0.0,0.0,0.0,-0.8187264409242717,-1.5223845778265004,-1.3931048576235803,0.00022142102909294124,0.3479891885012944,0.25582402967661827,0.4559935967827969,0.8917797996835549,0.9509908242503988,7,0.0,-0.7063167552823529,2025.0,1.0,2.3867175117249184,0.06748451643949893,mitchell tinsley,2200.0,0.043478260869565216,0.024006255569933715
00-0037277,Teagan Quitoriano,TE,ATL,TB,-0.9265156575001782,-0.9329181292002474,-1.020142137998659,0.0,-0.26605201427221914,0.0,-1.013796075352233,-0.5910791411757248,-0.6198749309611491,0.0,-0.4948429714795269,-0.6039620605540184,0.0,-0.8608546251438224,1.628997879292681,-0.8330615957796865,-0.1519076987848496,-0.695254740064587,-1.0491008784009532,0.0,-0.8201792893640131,0.0,0.0,0.0,0.0,-0.5678127562675921,-1.0283661416424035,-1.0706626159617956,0.025981254321015893,0.9885991703763608,0.28578677890963833,0.14003041387088902,-1.00702798723705,0.03022486967388346,29,0.0,-0.6993438946011918,2025.0,1.0,1.3292093622998422,0.06715643957175996,teagan quitoriano,2800.0,0.034482758620689655,0.0326736809510703
00-0034798,Durham Smythe,TE,CHI,MIN,-0.9257314114362007,-0.9324717762669587,-1.0189370091054417,0.0,-0.265673176282571,7.254351123956627e-08,-1.0125656869820383,-0.8353138756167732,-0.8428717532784324,1.910078666387142e-08,-0.5969496173273252,-1.058680278738459,0.0,-0.8606494931802992,-0.23565115211009804,-1.0315700947640791,-0.5724398745048758,-1.087782182970283,-1.0092090535882758,1.715413240851161e-08,-1.0015949979900691,0.0,0.0,-1.1963414576930192e-08,1.9678262427949464e-08,-0.8187259848169763,-1.0993042983846226,-1.1142358851093959,0.004554193728072087,0.4738415459365699,1.0094296039730843,0.011265675138067815,-0.38711438284210903,-0.3150623632923098,20,0.0,-0.7046857172120828,2025.0,1.0,1.3292093622998422,0.06679642356143171,durham smythe,2000.0,0.047619047619047616,0.019177375942384098
00-0036429,Charlie Woerner,TE,ATL,TB,-0.9265156575001782,-0.9329181292002474,-1.020142137998659,0.0,-0.26605201427221914,0.0,-1.013796075352233,-0.8463714680102491,-0.8533033571740235,0.0,-0.6073113852241876,-0.056433514971082385,0.0,-0.8608546251438224,-0.33165541576409,-1.0893139021910214,-1.2285137469001506,-1.1229048435130513,-1.0445093088914639,0.0,-0.9788731187922284,0.0,0.0,0.0,0.0,-0.8187264409242717,-0.7664696550657705,-1.098300520742601,0.025981254321015893,0.9885991703763608,0.28578677890963833,0.14003041387088902,-1.00702798723705,0.03022486967388346,29,0.0,-0.7052048936427141,2025.0,1.0,0.2717012128747659,0.06621113162255836,charlie woerner,1400.0,0.06666666666666667,-0.00045553504410830725
00-0034487,Trent Sherfield,WR,DEN,TEN,-0.9262746844990467,-0.9325598164034283,-1.0198973917081706,0.0,-0.2657790274825512,0.0,-1.0136183122599587,-0.7905663685039012,-0.7892362341289664,0.0,-0.6072073145436725,-1.4797035440333233,0.0,-0.8606355136840594,0.8304486103306673,-1.0489140976767688,0.10075620707882661,-0.8234063048399369,-0.9256792058877451,0.0,-0.8294967871070273,0.0,0.0,0.0,0.0,-0.40466698601202405,-1.18420613205672,-1.1142358851093959,0.1729508360200416,0.8336096275676413,1.0852457470108379,0.3230993026910642,-0.8500542419539782,0.72079933560627,30,0.0,-0.4824772747126968,2025.0,1.0,3.444225661149995,0.06588201626265616,trent sherfield,700.0,0.125,-0.05911798373734384
00-0036825,Feleipe Franks,TE,ATL,TB,-0.9265156575001782,-0.9329181292002474,-1.020142137998659,0.0,-0.26605201427221914,0.23134662487819005,-1.013796075352233,-0.8463714680102491,-0.8533033571740235,0.0,-0.6073113852241876,-1.7574035791190914,0.0,-0.8608546251438224,-0.9174226051870823,-0.7201480171906254,-1.054794667401732,-1.2960114679151984,-1.450966398219011,0.0,-1.0089781538107605,0.0,0.0,-0.17042010368736082,0.15359898864863442,-0.8187264409242717,-1.1504831373870819,-1.098300520742601,0.025981254321015893,0.9885991703763608,0.28578677890963833,0.14003041387088902,-1.00702798723705,0.03022486967388346,29,0.0,-0.7063167552823529,2025.0,1.0,2.3867175117249184,0.06577090004662882,feleipe franks,2800.0,0.034482758620689655,0.031288141425939164
00-0034419,Braxton Berrios,WR,HOU,LA,-0.9241230594773366,-0.9291145671220358,-1.0148411142668,0.0,-0.26623702946227634,0.0015104823917796704,-1.0073177401125444,0.05465012233260221,0.1822197986346711,3.271894043491822e-08,-0.6072073635079548,-0.5343426130486117,0.0,-0.8583246901560345,0.103464997457808,-0.9812475439558496,-1.1980267803147895,-1.1583827139636977,-1.124691047754619,3.004634130312906e-07,-0.6799430412409337,0.0,0.0,0.0010626414499344719,0.01632882545017171,-0.8125576178027406,-1.0498401953600796,-1.060261263247057,0.0864087790216946,-0.7593623277122326,0.09731049999264452,0.2593192376750045,0.12500673803151008,-0.4877059797754064,16,0.0,-0.5395942004736675,2025.0,1.0,5.559241960000148,0.06568539616047742,braxton berrios,2000.0,0.047619047619047616,0.0180663485414298
00-0039631,Cam Grandy,TE,CIN,CLE,-0.9265156575001782,-0.9329181292002474,-1.020142137998659,0.0,-0.26605201427221914,0.0,-1.013796075352233,-0.8463714680102491,-0.8533033571740235,0.0,-0.6073113852241876,-1.6798351101495794,0.0,-0.8608546251438224,2.4853907749224464,-1.1574900033982491,-0.10382478568403539,-1.016115055517117,-0.7743063328338863,0.0,-0.5109554198954189,0.0,0.0,0.0,0.0,-0.8187264409242717,-1.2496755134398112,-1.1687972070721093,0.00022142102909294124,0.3479891885012944,0.25582402967661827,0.4559935967827969,0.8917797996835549,0.9509908242503988,7,0.0,-0.4072694532956497,2025.0,1.0,3.444225661149995,0.06513550144672092,cam grandy,1400.0,0.06666666666666667,-0.0015311652199457432
00-0036754,Brock Wright,TE,DET,GB,-0.8988996899041424,-0.9204032174253524,-0.975914715491648,0.0,-0.26521008272837326,0.0,-0.9788009651938416,-0.46485137074915245,-0.4821869645871823,0.0,0.5507121869855249,-0.19365307289189398,0.0,-0.8490073089720737,0.9287650575437885,-1.2152575878491811,0.0145864191381746,-0.7974067020133518,-0.7948040802083448,0.0,-0.4990694910207206,0.0,0.0,0.0,0.0,0.015892705854120937,-1.1693795429287814,-1.1351510604503414,0.5384524493903544,0.21734192246880002,0.28890089217950304,0.006718519543583356,-1.0101598171625743,0.03022486967388346,11,0.0,-0.6879583766193746,2025.0,1.0,0.2717012128747659,0.064989978581762,brock wright,1200.0,0.07692307692307693,-0.011933098341314924
00-0038576,Charlie Jones,WR,CIN,CLE,-0.9265156575001782,-0.9329181292002474,-1.020142137998659,0.0,-0.26605201427221914,0.5034908700322235,-1.013796075352233,-0.8463714680102491,-0.8533033571740235,0.0,-0.6073113852241876,-1.5362573082202957,0.0,-0.8608546251438224,-0.18348489050816227,-0.8138482936569696,-0.013068415940243567,-0.6966150643818348,-0.642007047845964,0.0,-1.0089781538107605,0.0,0.0,0.2769061797383521,3.2726906552094523,-0.8187264409242717,-0.7424772201179096,-1.3931048576235803,0.00022142102909294124,0.3479891885012944,0.25582402967661827,0.4559935967827969,0.8917797996835549,0.9509908242503988,7,0.0,-0.7063167552823529,2025.0,1.0,3.444225661149995,0.0645962928493841,charlie jones,1600.0,0.058823529411764705,0.005772763437619399
00-0032464,Kalif Raymond,WR,DET,GB,-0.6907500745194197,-0.8567832391577245,-0.8811777945539093,0.0,-0.2266803567559709,0.15273432505580334,-0.9320435702580634,-0.8463714545481112,-0.8533033427104845,0.0,-0.607311385223383,-1.2249466666234499,0.0,-0.8054847211447876,-0.552606659941263,-0.7492567712673923,0.09708070280588968,-0.7083198767006752,-0.8571419657200742,5.8307194315975155e-06,-0.9033263316369513,0.0,0.0,-0.22348146298427027,-1.6316218294870588,-0.23235142027166408,-0.8238840998710767,-1.0706626159617956,0.5384524493903544,0.21734192246880002,0.28890089217950304,0.006718519543583356,-1.0101598171625743,0.03022486967388346,11,0.0,-0.6048178177105282,2025.0,1.0,1.3292093622998422,0.06425771468566686,kalif raymond,800.0,0.1111111111111111,-0.04685339642544424
00-0040667,Matthew Golden,WR,GB,DET,-0.9265156575001782,-0.9329181292002474,-1.020142137998659,0.0,-0.26605201427221914,0.0,-1.013796075352233,-0.8463714680102491,-0.8533033571740235,0.0,-0.6073113852241876,-2.219040178888397,0.0,-0.8608546251438224,-0.9174226051870823,-1.251578667352797,-0.47516039754990697,-1.2960114679151984,-1.450966398219011,0.0,-1.0089781538107605,0.0,0.0,0.0,0.0,-0.8187264409242717,-1.5223845778265004,-1.3931048576235803,0.5440000000005462,0.8266413628661022,0.5703999344392803,1.0923931475436526,-0.1218628149200145,0.6057035912842055,10,0.0,-0.7063167552823529,2025.0,1.0,0.2717012128747659,0.06424394349141815,matthew golden,215.0,0.31746031746031744,-0.2532163739688993
00-0039379,Jamari Thrash,WR,CLE,CIN,-0.9265156575001782,-0.9329181292002474,-1.020142137998659,0.0,-0.26605201427221914,0.0,-1.013796075352233,-0.8463714680102491,-0.8533033571740235,0.0,-0.6073113852241876,-1.0847285549567138,0.0,-0.8608546251438224,-0.5649526748131818,-1.1028804310377938,-0.8668693702617806,-1.2323102824766157,-1.324774989642515,0.0,-1.0089781538107605,0.0,0.0,0.0,0.0,-0.8187264409242717,-1.2566602136600091,-1.08043358366352,0.14406839149616812,1.2520729878788766,0.682001209886511,0.02068966173588597,-0.3133479154172427,-0.3150623632923098,6,0.0,-0.7063167552823529,2025.0,1.0,1.3292093622998422,0.0639138803443647,jamari thrash,425.0,0.19047619047619047,-0.12656231013182578
00-0038720,Julian Hill,TE,MIA,IND,-0.9265156575001782,-0.9329181292002474,-1.020142137998659,0.0,-0.26605201427221914,0.0,-1.013796075352233,-0.815652421128303,-0.8181794118003556,0.0,-0.6031130294021138,-0.5274284771823002,0.0,-0.8608546251438224,0.7227645594384954,-1.0180599124590282,-0.1963307226741569,-0.8660790920893172,-0.8800771764286658,0.0,-0.8890265242823809,0.0,0.0,0.0,0.0,-0.8187264409242717,-1.1345579088767745,-1.1142358851093959,0.03123261088096967,2.5988928233991215,0.7841042425196798,0.4204453003175361,0.175692369560446,0.14532061399594787,13,0.0,-0.6597820439162468,2025.0,1.0,0.2717012128747659,0.06330747362159524,julian hill,500.0,0.16666666666666666,-0.10335919304507142
00-0040126,Colston Loveland,TE,CHI,MIN,-0.9265156575001782,-0.9329181292002474,-1.020142137998659,0.0,-0.26605201427221914,0.0,-1.013796075352233,-0.8463714680102491,-0.8533033571740235,0.0,-0.6073113852241876,-2.219040178888397,0.0,-0.8608546251438224,-0.9174226051870823,-1.251578667352797,-0.47516039754990697,-1.2960114679151984,-1.450966398219011,0.0,-1.0089781538107605,0.0,0.0,0.0,0.0,-0.8187264409242717,-1.5223845778265004,-1.3931048576235803,0.004554193728072087,0.4738415459365699,1.0094296039730843,0.011265675138067815,-0.38711438284210903,-0.3150623632923098,20,0.0,-0.7063167552823529,2025.0,1.0,0.2717012128747659,0.06321827443497417,colston loveland,400.0,0.2,-0.13678172556502582
00-0040590,Konata Mumpfield,WR,LA,HOU,-0.9265156575001782,-0.9329181292002474,-1.020142137998659,0.0,-0.26605201427221914,0.0,-1.013796075352233,-0.8463714680102491,-0.8533033571740235,0.0,-0.6073113852241876,-2.219040178888397,0.0,-0.8608546251438224,-0.9174226051870823,-1.251578667352797,-0.47516039754990697,-1.2960114679151984,-1.450966398219011,0.0,-1.0089781538107605,0.0,0.0,0.0,0.0,-0.8187264409242717,-1.5223845778265004,-1.3931048576235803,0.004568383060241701,-0.7301005858194966,0.7193721535638331,0.640230009708119,2.019692966589213,0.20286848615698008,12,0.0,-0.7063167552823529,2025.0,1.0,3.444225661149995,0.06263869616726482,konata mumpfield,1500.0,0.0625,0.0001386961672648207
00-0040737,Terrance Ferguson,TE,LA,HOU,-0.9265156575001782,-0.9329181292002474,-1.020142137998659,0.0,-0.26605201427221914,0.0,-1.013796075352233,-0.8463714680102491,-0.8533033571740235,0.0,-0.6073113852241876,-2.219040178888397,0.0,-0.8608546251438224,-0.9174226051870823,-1.251578667352797,-0.47516039754990697,-1.2960114679151984,-1.450966398219011,0.0,-1.0089781538107605,0.0,0.0,0.0,0.0,-0.8187264409242717,-1.5223845778265004,-1.3931048576235803,0.004568383060241701,-0.7301005858194966,0.7193721535638331,0.640230009708119,2.019692966589213,0.20286848615698008,12,0.0,-0.7063167552823529,2025.0,1.0,2.3867175117249184,0.06263869616726482,terrance ferguson,800.0,0.1111111111111111,-0.048472414943846284
00-0038394,Will Mallory,TE,IND,MIA,-0.9144313193885386,-0.9283546949722041,-1.0080537043074034,0.0,-0.2696766832216699,0.0,-0.9980456170425739,-0.8463714680102491,-0.8533033571740235,0.0,-0.6073113852241876,-1.705595385577971,0.0,-0.8576662932507947,-0.09580344425136482,-0.9405263463363278,-0.650814283128137,-1.0398198820369637,-1.0234418405360615,0.0,-1.0071228462762258,0.0,0.0,0.0,0.0,-0.8187264409242717,-1.1171528127631374,-1.1064895295665433,0.025831640722662735,-0.40403987495538085,0.1499082121284306,1.8411477044333205e-05,-0.21590187946681136,0.4906078469621411,19,0.0,-0.7058126188864604,2025.0,1.0,2.3867175117249184,0.06262555791782663,will mallory,2200.0,0.043478260869565216,0.019147297048261416
00-0040739,Elijah Arroyo,TE,SEA,SF,-0.9265156575001782,-0.9329181292002474,-1.020142137998659,0.0,-0.26605201427221914,0.0,-1.013796075352233,-0.8463714680102491,-0.8533033571740235,0.0,-0.6073113852241876,-2.219040178888397,0.0,-0.8608546251438224,-0.9174226051870823,-1.251578667352797,-0.47516039754990697,-1.2960114679151984,-1.450966398219011,0.0,-1.0089781538107605,0.0,0.0,0.0,0.0,-0.8187264409242717,-1.5223845778265004,-1.3931048576235803,0.011719920818414258,0.8387623519893944,0.8853782884082708,0.07610628606238043,0.20567511962097468,-0.4301581076143742,28,0.0,-0.7063167552823529,2025.0,1.0,0.2717012128747659,0.06259714608359446,elijah arroyo,600.0,0.14285714285714285,-0.08025999677354839
00-0040736,Mason Taylor,TE,NYJ,PIT,-0.9265156575001782,-0.9329181292002474,-1.020142137998659,0.0,-0.26605201427221914,0.0,-1.013796075352233,-0.8463714680102491,-0.8533033571740235,0.0,-0.6073113852241876,-2.219040178888397,0.0,-0.8608546251438224,-0.9174226051870823,-1.251578667352797,-0.47516039754990697,-1.2960114679151984,-1.450966398219011,0.0,-1.0089781538107605,0.0,0.0,0.0,0.0,-0.8187264409242717,-1.5223845778265004,-1.3931048576235803,0.001490943521874055,1.2900674123838214,0.5804319182870316,0.17510400000085355,1.865923671352754,-1.0631847013857285,26,0.0,-0.7063167552823529,2025.0,1.0,-0.7858069365503105,0.062228075703193185,mason taylor,550.0,0.15384615384615385,-0.09161807814296066
00-0040663,Harold Fannin Jr.,TE,CLE,CIN,-0.9265156575001782,-0.9329181292002474,-1.020142137998659,0.0,-0.26605201427221914,0.0,-1.013796075352233,-0.8463714680102491,-0.8533033571740235,0.0,-0.6073113852241876,-2.219040178888397,0.0,-0.8608546251438224,-0.9174226051870823,-1.251578667352797,-0.47516039754990697,-1.2960114679151984,-1.450966398219011,0.0,-1.0089781538107605,0.0,0.0,0.0,0.0,-0.8187264409242717,-1.5223845778265004,-1.3931048576235803,0.14406839149616812,1.2520729878788766,0.682001209886511,0.02068966173588597,-0.3133479154172427,-0.3150623632923098,6,0.0,-0.7063167552823529,2025.0,1.0,0.2717012128747659,0.06213082051889126,harold fannin,450.0,0.18181818181818182,-0.11968736129929056
00-0033246,Johnny Mundt,TE,JAX,CAR,-0.8955966097345767,-0.9257180257895484,-0.9516952697858411,0.0,-0.2804664832554894,0.0,-0.9514700792482168,-0.026640858835974036,-0.08998243978736085,0.0,0.3247557998021329,-0.8267248805767454,0.0,-0.8556946992859754,3.947525014476754,-1.2234755137458022,-0.30399445220061744,-0.969198818772474,-0.9997017717631999,0.0,-0.4952082964515133,0.0,0.0,0.0,0.0,0.21858795326725303,-1.1769041483683669,-1.1414426296041655,0.24761513033179824,2.5028275438753598,0.3293142212970917,0.3630198727704601,0.6629451961853446,0.6057035912842055,4,0.0,-0.4327062287299431,2025.0,1.0,0.2717012128747659,0.06212866884836313,johnny mundt,1300.0,0.07142857142857142,-0.009299902580208297
00-0040128,Tyler Warren,TE,IND,MIA,-0.9265156575001782,-0.9329181292002474,-1.020142137998659,0.0,-0.26605201427221914,0.0,-1.013796075352233,-0.8463714680102491,-0.8533033571740235,0.0,-0.6073113852241876,-2.219040178888397,0.0,-0.8608546251438224,-0.9174226051870823,-1.251578667352797,-0.47516039754990697,-1.2960114679151984,-1.450966398219011,0.0,-1.0089781538107605,0.0,0.0,0.0,0.0,-0.8187264409242717,-1.5223845778265004,-1.3931048576235803,0.025831640722662735,-0.40403987495538085,0.1499082121284306,1.8411477044333205e-05,-0.21590187946681136,0.4906078469621411,19,0.0,-0.7063167552823529,2025.0,1.0,-0.7858069365503105,0.062071491247442274,tyler warren,265.0,0.273972602739726,-0.21190111149228374
00-0040718,Travis Hunter,WR,JAX,CAR,-0.9265156575001782,-0.9329181292002474,-1.020142137998659,0.0,-0.26605201427221914,0.0,-1.013796075352233,-0.8463714680102491,-0.8533033571740235,0.0,-0.6073113852241876,-2.219040178888397,0.0,-0.8608546251438224,-0.9174226051870823,-1.251578667352797,-0.47516039754990697,-1.2960114679151984,-1.450966398219011,0.0,-1.0089781538107605,0.0,0.0,0.0,0.0,-0.8187264409242717,-1.5223845778265004,-1.3931048576235803,0.24761513033179824,2.5028275438753598,0.3293142212970917,0.3630198727704601,0.6629451961853446,0.6057035912842055,4,0.0,-0.7063167552823529,2025.0,1.0,0.2717012128747659,0.061980467261960236,travis hunter,180.0,0.35714285714285715,-0.29516238988089694
00-0040237,Tez Johnson,WR,TB,ATL,-0.9265156575001782,-0.9329181292002474,-1.020142137998659,0.0,-0.26605201427221914,0.0,-1.013796075352233,-0.8463714680102491,-0.8533033571740235,0.0,-0.6073113852241876,-2.219040178888397,0.0,-0.8608546251438224,-0.9174226051870823,-1.251578667352797,-0.47516039754990697,-1.2960114679151984,-1.450966398219011,0.0,-1.0089781538107605,0.0,0.0,0.0,0.0,-0.8187264409242717,-1.5223845778265004,-1.3931048576235803,0.40596432302653357,0.09836865549633474,0.5228075199062638,0.0021455164619609253,1.4738024923697968,0.6057035912842055,1,0.0,-0.7063167552823529,2025.0,1.0,2.3867175117249184,0.06189645018799051,tez johnson,650.0,0.13333333333333333,-0.07143688314534283
00-0040129,Emeka Egbuka,WR,TB,ATL,-0.9265156575001782,-0.9329181292002474,-1.020142137998659,0.0,-0.26605201427221914,0.0,-1.013796075352233,-0.8463714680102491,-0.8533033571740235,0.0,-0.6073113852241876,-2.219040178888397,0.0,-0.8608546251438224,-0.9174226051870823,-1.251578667352797,-0.47516039754990697,-1.2960114679151984,-1.450966398219011,0.0,-1.0089781538107605,0.0,0.0,0.0,0.0,-0.8187264409242717,-1.5223845778265004,-1.3931048576235803,0.40596432302653357,0.09836865549633474,0.5228075199062638,0.0021455164619609253,1.4738024923697968,0.6057035912842055,1,0.0,-0.7063167552823529,2025.0,1.0,1.3292093622998422,0.06182937057551916,emeka egbuka,185.0,0.3508771929824561,-0.28904782240693694
00-0037282,James Mitchell,TE,CAR,JAX,-0.9265156575001782,-0.9329181292002474,-1.020142137998659,0.0,-0.26605201427221914,0.0,-1.013796075352233,-0.8084885114626922,-0.8242700231859245,0.0,0.4519244472244915,-1.2417248263530962,0.0,-0.8608546251438224,1.3048877952600122,-1.0827845798990283,-0.17147686027408485,-0.9174509729786888,-0.8550088312738225,0.0,-0.47776399913490336,0.0,0.0,0.0,0.0,-0.7709417799545604,-1.1762278712832128,-1.060261263247057,0.016736398843874546,-0.7649560682930315,0.7992125030064359,0.011525896246087252,0.4002143512051058,-0.19996661897024537,14,0.0,-0.4648372934553131,2025.0,1.0,2.3867175117249184,0.06170444913725052,james mitchell,1700.0,0.05555555555555555,0.0061488935816949655
00-0040172,Jordan Watkins,WR,SF,SEA,-0.9265156575001782,-0.9329181292002474,-1.020142137998659,0.0,-0.26605201427221914,0.0,-1.013796075352233,-0.8463714680102491,-0.8533033571740235,0.0,-0.6073113852241876,-2.219040178888397,0.0,-0.8608546251438224,-0.9174226051870823,-1.251578667352797,-0.47516039754990697,-1.2960114679151984,-1.450966398219011,0.0,-1.0089781538107605,0.0,0.0,0.0,0.0,-0.8187264409242717,-1.5223845778265004,-1.3931048576235803,0.13824379861637803,0.5248410733036718,0.16721027097005325,0.018899639194145917,-1.095276266476215,0.14532061399594787,27,0.0,-0.7063167552823529,2025.0,1.0,3.444225661149995,0.06168789981219755,jordan watkins,650.0,0.13333333333333333,-0.07164543352113578
00-0038558,Darnell Washington,TE,PIT,NYJ,-0.9265156575001782,-0.9329181292002474,-1.020142137998659,0.0,-0.26605201427221914,0.0,-1.013796075352233,-0.6259562599936255,-0.6243936477135685,0.0,-0.2641751552185167,-0.05508560790092073,0.0,-0.8608546251438224,-0.5369642388180441,-1.091843470735121,-0.46009912934286984,-0.9008660736052524,-0.9150879265306054,0.0,-0.9168776758392554,0.0,0.0,0.0,0.0,-0.8084669891365599,-0.9691995236342255,-1.098300520742601,0.000142386169557008,1.3726909680781727,0.8274730153199176,0.5127020912071784,0.04293917271434121,-0.372610235453342,24,0.0,-0.6742154499299591,2025.0,1.0,1.3292093622998422,0.061317271172054356,darnell washington,1100.0,0.08333333333333333,-0.022016062161278972
00-0037304,Connor Heyward,TE,PIT,NYJ,-0.9227682836723482,-0.9306893019249453,-1.0147999316595413,0.0,-0.26765744114868006,0.0008233526530333832,-1.0059221170275943,-0.8450818147994977,-0.8519061178978344,0.0,0.016960805011766247,-1.375670008721731,0.0,-0.8598136353150179,0.0820597782460867,-0.941139652963425,-0.469238962368968,-1.0313839234075968,-0.8034287303656057,0.0,0.15091426615572368,0.0,0.0,-0.0008290802384691761,0.003498203911618993,-0.20775036504068536,-0.9315297701292969,-1.098300520742601,0.000142386169557008,1.3726909680781727,0.8274730153199176,0.5127020912071784,0.04293917271434121,-0.372610235453342,24,0.0,-0.3020402350150953,2025.0,1.0,2.3867175117249184,0.061176777049682024,connor heyward,1900.0,0.05,0.011176777049682021
00-0039890,Adonai Mitchell,WR,IND,MIA,-0.8773616108813556,-0.8895667979256767,-0.9697557255927611,0.0,-0.30251675889283985,0.17747596907987065,-0.9374816088063456,1.2414041691493811,1.3044443910087706,0.0,-0.6073113852241876,-0.6167569166112469,0.0,-0.8308575190245897,-0.26079136633740213,-0.1256363387158417,-0.029628038149746162,-0.4912670858963856,-0.7917773699503299,0.004070546874011503,0.060546177356889004,0.0,0.0,-1.4024513176381517,-1.3636648225941472,-0.8187264409242717,-0.1700924172237732,-1.1285368610156188,0.025831640722662735,-0.40403987495538085,0.1499082121284306,1.8411477044333205e-05,-0.21590187946681136,0.4906078469621411,19,0.0,0.012256283644945057,2025.0,1.0,2.3867175117249184,0.06104110324200072,adonai mitchell,475.0,0.17391304347826086,-0.11287194023626015
00-0040124,Tetairoa McMillan,WR,CAR,JAX,-0.9265156575001782,-0.9329181292002474,-1.020142137998659,0.0,-0.26605201427221914,0.0,-1.013796075352233,-0.8463714680102491,-0.8533033571740235,0.0,-0.6073113852241876,-2.219040178888397,0.0,-0.8608546251438224,-0.9174226051870823,-1.251578667352797,-0.47516039754990697,-1.2960114679151984,-1.450966398219011,0.0,-1.0089781538107605,0.0,0.0,0.0,0.0,-0.8187264409242717,-1.5223845778265004,-1.3931048576235803,0.016736398843874546,-0.7649560682930315,0.7992125030064359,0.011525896246087252,0.4002143512051058,-0.19996661897024537,14,0.0,-0.7063167552823529,2025.0,1.0,-0.7858069365503105,0.06079101458301234,tetairoa mcmillan,170.0,0.37037037037037035,-0.309579355787358
00-0037654,Tucker Fisk,TE,LAC,KC,-0.9265156575001782,-0.9329181292002474,-1.020142137998659,0.0,-0.26605201427221914,0.0,-1.013796075352233,-0.7686557070558728,-0.7708342484892,0.0,-0.5253790380775548,-0.7849615390381901,0.0,-0.8608546251438224,0.3305500031960688,-1.1577429110770656,-0.2787370769235915,-1.038302258617303,-0.9328985356585249,0.0,-0.9135354920779,0.0,0.0,0.0,0.0,-0.8187264409242717,-1.2194364314369988,-1.1351510604503414,8.371811567089089e-05,-0.9263441472329689,0.3062931744427471,0.42358837173250996,-0.20532069976174622,-0.14241874680921315,15,0.0,-0.6800827246406762,2025.0,1.0,2.3867175117249184,0.060604694618016604,tucker fisk,2800.0,0.034482758620689655,0.02612193599732695
00-0038359,Xavier Smith,WR,LA,HOU,-0.9265156575001782,-0.9329181292002474,-1.020142137998659,0.0,-0.26605201427221914,1.25,-1.013796075352233,-0.8463714680102491,-0.8533033571740235,0.0,-0.6073113852241876,-1.8520811737744796,0.0,-0.8608546251438224,1.0064757230710852,-1.2401291362258777,-0.4932612029928031,-1.2090858919521323,-1.0624155012986465,0.0,-1.0089781538107605,0.0,0.0,1.1180895566940308,18.75,-0.8187264409242717,-1.3963515219543123,-1.3931048576235803,0.004568383060241701,-0.7301005858194966,0.7193721535638331,0.640230009708119,2.019692966589213,0.20286848615698008,12,0.0,-0.7063167552823529,2025.0,1.0,4.501733810575071,0.06033348831674457,xavier smith,2000.0,0.047619047619047616,0.012714440697696956
00-0040154,Tai Felton,WR,MIN,CHI,-0.9265156575001782,-0.9329181292002474,-1.020142137998659,0.0,-0.26605201427221914,0.0,-1.013796075352233,-0.8463714680102491,-0.8533033571740235,0.0,-0.6073113852241876,-2.219040178888397,0.0,-0.8608546251438224,-0.9174226051870823,-1.251578667352797,-0.47516039754990697,-1.2960114679151984,-1.450966398219011,0.0,-1.0089781538107605,0.0,0.0,0.0,0.0,-0.8187264409242717,-1.5223845778265004,-1.3931048576235803,0.00010983569931633911,-0.08001789442429967,0.8545060836529463,0.018730127067081995,-0.07059338395201661,0.03022486967388346,5,0.0,-0.7063167552823529,2025.0,1.0,2.3867175117249184,0.06011711210392448,tai felton,650.0,0.13333333333333333,-0.07321622122940885
00-0040506,Myles Price,WR,MIN,CHI,-0.9265156575001782,-0.9329181292002474,-1.020142137998659,0.0,-0.26605201427221914,0.0,-1.013796075352233,-0.8463714680102491,-0.8533033571740235,0.0,-0.6073113852241876,-2.219040178888397,0.0,-0.8608546251438224,-0.9174226051870823,-1.251578667352797,-0.47516039754990697,-1.2960114679151984,-1.450966398219011,0.0,-1.0089781538107605,0.0,0.0,0.0,0.0,-0.8187264409242717,-1.5223845778265004,-1.3931048576235803,0.00010983569931633911,-0.08001789442429967,0.8545060836529463,0.018730127067081995,-0.07059338395201661,0.03022486967388346,5,0.0,-0.7063167552823529,2025.0,1.0,3.444225661149995,0.06011711210392448,myles price,1900.0,0.05,0.010117112103924478
00-0040669,Isaac TeSlaa,WR,DET,GB,-0.9265156575001782,-0.9329181292002474,-1.020142137998659,0.0,-0.26605201427221914,0.0,-1.013796075352233,-0.8463714680102491,-0.8533033571740235,0.0,-0.6073113852241876,-2.219040178888397,0.0,-0.8608546251438224,-0.9174226051870823,-1.251578667352797,-0.47516039754990697,-1.2960114679151984,-1.450966398219011,0.0,-1.0089781538107605,0.0,0.0,0.0,0.0,-0.8187264409242717,-1.5223845778265004,-1.3931048576235803,0.5384524493903544,0.21734192246880002,0.28890089217950304,0.006718519543583356,-1.0101598171625743,0.03022486967388346,11,0.0,-0.7063167552823529,2025.0,1.0,2.3867175117249184,0.06009664810803426,isaac teslaa,450.0,0.18181818181818182,-0.12172153371014757
00-0040241,Dominic Lovett,WR,DET,GB,-0.9265156575001782,-0.9329181292002474,-1.020142137998659,0.0,-0.26605201427221914,0.0,-1.013796075352233,-0.8463714680102491,-0.8533033571740235,0.0,-0.6073113852241876,-2.219040178888397,0.0,-0.8608546251438224,-0.9174226051870823,-1.251578667352797,-0.47516039754990697,-1.2960114679151984,-1.450966398219011,0.0,-1.0089781538107605,0.0,0.0,0.0,0.0,-0.8187264409242717,-1.5223845778265004,-1.3931048576235803,0.5384524493903544,0.21734192246880002,0.28890089217950304,0.006718519543583356,-1.0101598171625743,0.03022486967388346,11,0.0,-0.7063167552823529,2025.0,1.0,3.444225661149995,0.06009664810803426,dominic lovett,1000.0,0.09090909090909091,-0.030812442801056654
00-0039648,David Martin-Robinson,TE,TEN,DEN,-0.9265156575001782,-0.9329181292002474,-1.020142137998659,0.0,-0.26605201427221914,0.0,-1.013796075352233,-0.8463714680102491,-0.8533033571740235,0.0,-0.6073113852241876,-1.9059018278578541,0.0,-0.8608546251438224,-0.9174226051870823,-1.251578667352797,-0.7418347730818862,-1.2960114679151984,-1.450966398219011,0.0,-1.0089781538107605,0.0,0.0,0.0,0.0,-0.8187264409242717,-1.2926455228106355,-1.08043358366352,0.39210959995269856,1.2370130276572788,0.5065032889604215,0.5441931306439546,-0.5350232199993614,-1.2358283178688252,9,0.0,-0.7063167552823529,2025.0,1.0,1.3292093622998422,0.06004260711677542,david martinrobinson,1800.0,0.05263157894736842,0.007411028169407002
00-0040727,Tre Harris,WR,LAC,KC,-0.9265156575001782,-0.9329181292002474,-1.020142137998659,0.0,-0.26605201427221914,0.0,-1.013796075352233,-0.8463714680102491,-0.8533033571740235,0.0,-0.6073113852241876,-2.219040178888397,0.0,-0.8608546251438224,-0.9174226051870823,-1.251578667352797,-0.47516039754990697,-1.2960114679151984,-1.450966398219011,0.0,-1.0089781538107605,0.0,0.0,0.0,0.0,-0.8187264409242717,-1.5223845778265004,-1.3931048576235803,8.371811567089089e-05,-0.9263441472329689,0.3062931744427471,0.42358837173250996,-0.20532069976174622,-0.14241874680921315,15,0.0,-0.7063167552823529,2025.0,1.0,2.3867175117249184,0.05979490483304486,tre harris,800.0,0.1111111111111111,-0.05131620627806625
00-0040184,KeAndre Lambert-Smith,WR,LAC,KC,-0.9265156575001782,-0.9329181292002474,-1.020142137998659,0.0,-0.26605201427221914,0.0,-1.013796075352233,-0.8463714680102491,-0.8533033571740235,0.0,-0.6073113852241876,-2.219040178888397,0.0,-0.8608546251438224,-0.9174226051870823,-1.251578667352797,-0.47516039754990697,-1.2960114679151984,-1.450966398219011,0.0,-1.0089781538107605,0.0,0.0,0.0,0.0,-0.8187264409242717,-1.5223845778265004,-1.3931048576235803,8.371811567089089e-05,-0.9263441472329689,0.3062931744427471,0.42358837173250996,-0.20532069976174622,-0.14241874680921315,15,0.0,-0.7063167552823529,2025.0,1.0,3.444225661149995,0.05979490483304486,keandre lambertsmith,700.0,0.125,-0.06520509516695513
00-0040189,Oronde Gadsden II,TE,LAC,KC,-0.9265156575001782,-0.9329181292002474,-1.020142137998659,0.0,-0.26605201427221914,0.0,-1.013796075352233,-0.8463714680102491,-0.8533033571740235,0.0,-0.6073113852241876,-2.219040178888397,0.0,-0.8608546251438224,-0.9174226051870823,-1.251578667352797,-0.47516039754990697,-1.2960114679151984,-1.450966398219011,0.0,-1.0089781538107605,0.0,0.0,0.0,0.0,-0.8187264409242717,-1.5223845778265004,-1.3931048576235803,8.371811567089089e-05,-0.9263441472329689,0.3062931744427471,0.42358837173250996,-0.20532069976174622,-0.14241874680921315,15,0.0,-0.7063167552823529,2025.0,1.0,1.3292093622998422,0.05972995773540677,oronde gadsden,2200.0,0.043478260869565216,0.016251696865841554
00-0040134,Pat Bryant,WR,DEN,TEN,-0.9265156575001782,-0.9329181292002474,-1.020142137998659,0.0,-0.26605201427221914,0.0,-1.013796075352233,-0.8463714680102491,-0.8533033571740235,0.0,-0.6073113852241876,-2.219040178888397,0.0,-0.8608546251438224,-0.9174226051870823,-1.251578667352797,-0.47516039754990697,-1.2960114679151984,-1.450966398219011,0.0,-1.0089781538107605,0.0,0.0,0.0,0.0,-0.8187264409242717,-1.5223845778265004,-1.3931048576235803,0.1729508360200416,0.8336096275676413,1.0852457470108379,0.3230993026910642,-0.8500542419539782,0.72079933560627,30,0.0,-0.7063167552823529,2025.0,1.0,2.3867175117249184,0.0596913920044192,pat bryant,550.0,0.15384615384615385,-0.09415476184173466
00-0038710,Blake Whiteheart,TE,CLE,CIN,-0.9265156575001782,-0.9329181292002474,-1.020142137998659,0.0,-0.26605201427221914,0.0,-1.013796075352233,-0.7572297267740434,-0.7692198558943761,0.0,-0.3567026959573689,-0.8922698743692508,0.0,-0.8608546251438224,0.1260762413579616,-0.9229857326802325,-1.0577457138612258,-1.0890250624234816,-1.154718945661934,0.0,-0.8143561117412126,0.0,0.0,0.0,0.0,-0.6803371810672668,-1.177137104397331,-1.08043358366352,0.14406839149616812,1.2520729878788766,0.682001209886511,0.02068966173588597,-0.3133479154172427,-0.3150623632923098,6,0.0,-0.6590613294569542,2025.0,1.0,1.3292093622998422,0.05965415370286512,blake whiteheart,1800.0,0.05263157894736842,0.007022574755496704
00-0040164,Jaylin Lane,WR,WAS,NYG,-0.9265156575001782,-0.9329181292002474,-1.020142137998659,0.0,-0.26605201427221914,0.0,-1.013796075352233,-0.8463714680102491,-0.8533033571740235,0.0,-0.6073113852241876,-2.219040178888397,0.0,-0.8608546251438224,-0.9174226051870823,-1.251578667352797,-0.47516039754990697,-1.2960114679151984,-1.450966398219011,0.0,-1.0089781538107605,0.0,0.0,0.0,0.0,-0.8187264409242717,-1.5223845778265004,-1.3931048576235803,0.14487185015671714,0.9226260165850404,1.5483106638366353,0.04163390726041955,-0.36300564958777193,0.7783472077673022,23,0.0,-0.7063167552823529,2025.0,1.0,2.3867175117249184,0.05961553388411146,jaylin lane,400.0,0.2,-0.14038446611588856
00-0040009,Savion Williams,WR,GB,DET,-0.9265156575001782,-0.9329181292002474,-1.020142137998659,0.0,-0.26605201427221914,0.0,-1.013796075352233,-0.8463714680102491,-0.8533033571740235,0.0,-0.6073113852241876,-2.219040178888397,0.0,-0.8608546251438224,-0.9174226051870823,-1.251578667352797,-0.47516039754990697,-1.2960114679151984,-1.450966398219011,0.0,-1.0089781538107605,0.0,0.0,0.0,0.0,-0.8187264409242717,-1.5223845778265004,-1.3931048576235803,0.5440000000005462,0.8266413628661022,0.5703999344392803,1.0923931475436526,-0.1218628149200145,0.6057035912842055,10,0.0,-0.7063167552823529,2025.0,1.0,3.444225661149995,0.05960016319514375,savion williams,850.0,0.10526315789473684,-0.04566299469959308
00-0040131,Kyle Williams,WR,NE,LV,-0.9265156575001782,-0.9329181292002474,-1.020142137998659,0.0,-0.26605201427221914,0.0,-1.013796075352233,-0.8463714680102491,-0.8533033571740235,0.0,-0.6073113852241876,-2.219040178888397,0.0,-0.8608546251438224,-0.9174226051870823,-1.251578667352797,-0.47516039754990697,-1.2960114679151984,-1.450966398219011,0.0,-1.0089781538107605,0.0,0.0,0.0,0.0,-0.8187264409242717,-1.5223845778265004,-1.3931048576235803,0.09957702341202204,-0.4495746620489957,0.3635280941336133,0.006288777438944995,0.34462197626938657,0.20286848615698008,18,0.0,-0.7063167552823529,2025.0,1.0,3.444225661149995,0.05936718967629961,kyle williams,1100.0,0.08333333333333333,-0.02396614365703372
00-0040563,Efton Chism III,WR,NE,LV,-0.9265156575001782,-0.9329181292002474,-1.020142137998659,0.0,-0.26605201427221914,0.0,-1.013796075352233,-0.8463714680102491,-0.8533033571740235,0.0,-0.6073113852241876,-2.219040178888397,0.0,-0.8608546251438224,-0.9174226051870823,-1.251578667352797,-0.47516039754990697,-1.2960114679151984,-1.450966398219011,0.0,-1.0089781538107605,0.0,0.0,0.0,0.0,-0.8187264409242717,-1.5223845778265004,-1.3931048576235803,0.09957702341202204,-0.4495746620489957,0.3635280941336133,0.006288777438944995,0.34462197626938657,0.20286848615698008,18,0.0,-0.7063167552823529,2025.0,1.0,4.501733810575071,0.05936718967629961,efton chism,1100.0,0.08333333333333333,-0.02396614365703372
00-0040138,Jaylin Noel,WR,HOU,LA,-0.9265156575001782,-0.9329181292002474,-1.020142137998659,0.0,-0.26605201427221914,0.0,-1.013796075352233,-0.8463714680102491,-0.8533033571740235,0.0,-0.6073113852241876,-2.219040178888397,0.0,-0.8608546251438224,-0.9174226051870823,-1.251578667352797,-0.47516039754990697,-1.2960114679151984,-1.450966398219011,0.0,-1.0089781538107605,0.0,0.0,0.0,0.0,-0.8187264409242717,-1.5223845778265004,-1.3931048576235803,0.0864087790216946,-0.7593623277122326,0.09731049999264452,0.2593192376750045,0.12500673803151008,-0.4877059797754064,16,0.0,-0.7063167552823529,2025.0,1.0,2.3867175117249184,0.05931588563191173,jaylin noel,950.0,0.09523809523809523,-0.0359222096061835
00-0040130,Jayden Higgins,WR,HOU,LA,-0.9265156575001782,-0.9329181292002474,-1.020142137998659,0.0,-0.26605201427221914,0.0,-1.013796075352233,-0.8463714680102491,-0.8533033571740235,0.0,-0.6073113852241876,-2.219040178888397,0.0,-0.8608546251438224,-0.9174226051870823,-1.251578667352797,-0.47516039754990697,-1.2960114679151984,-1.450966398219011,0.0,-1.0089781538107605,0.0,0.0,0.0,0.0,-0.8187264409242717,-1.5223845778265004,-1.3931048576235803,0.0864087790216946,-0.7593623277122326,0.09731049999264452,0.2593192376750045,0.12500673803151008,-0.4877059797754064,16,0.0,-0.7063167552823529,2025.0,1.0,1.3292093622998422,0.059251426039144794,jayden higgins,500.0,0.16666666666666666,-0.10741524062752186
00-0040218,Jimmy Horn Jr.,WR,CAR,JAX,-0.9265156575001782,-0.9329181292002474,-1.020142137998659,0.0,-0.26605201427221914,0.0,-1.013796075352233,-0.8463714680102491,-0.8533033571740235,0.0,-0.6073113852241876,-2.219040178888397,0.0,-0.8608546251438224,-0.9174226051870823,-1.251578667352797,-0.47516039754990697,-1.2960114679151984,-1.450966398219011,0.0,-1.0089781538107605,0.0,0.0,0.0,0.0,-0.8187264409242717,-1.5223845778265004,-1.3931048576235803,0.016736398843874546,-0.7649560682930315,0.7992125030064359,0.011525896246087252,0.4002143512051058,-0.19996661897024537,14,0.0,-0.7063167552823529,2025.0,1.0,4.501733810575071,0.058983764882525394,jimmy horn,900.0,0.1,-0.04101623511747461
00-0040187,Mitchell Evans,TE,CAR,JAX,-0.9265156575001782,-0.9329181292002474,-1.020142137998659,0.0,-0.26605201427221914,0.0,-1.013796075352233,-0.8463714680102491,-0.8533033571740235,0.0,-0.6073113852241876,-2.219040178888397,0.0,-0.8608546251438224,-0.9174226051870823,-1.251578667352797,-0.47516039754990697,-1.2960114679151984,-1.450966398219011,0.0,-1.0089781538107605,0.0,0.0,0.0,0.0,-0.8187264409242717,-1.5223845778265004,-1.3931048576235803,0.016736398843874546,-0.7649560682930315,0.7992125030064359,0.011525896246087252,0.4002143512051058,-0.19996661897024537,14,0.0,-0.7063167552823529,2025.0,1.0,1.3292093622998422,0.058934385937271454,mitchell evans,1300.0,0.07142857142857142,-0.01249418549129997
00-0040735,Luther Burden III,WR,CHI,MIN,-0.9265156575001782,-0.9329181292002474,-1.020142137998659,0.0,-0.26605201427221914,0.0,-1.013796075352233,-0.8463714680102491,-0.8533033571740235,0.0,-0.6073113852241876,-2.219040178888397,0.0,-0.8608546251438224,-0.9174226051870823,-1.251578667352797,-0.47516039754990697,-1.2960114679151984,-1.450966398219011,0.0,-1.0089781538107605,0.0,0.0,0.0,0.0,-0.8187264409242717,-1.5223845778265004,-1.3931048576235803,0.004554193728072087,0.4738415459365699,1.0094296039730843,0.011265675138067815,-0.38711438284210903,-0.3150623632923098,20,0.0,-0.7063167552823529,2025.0,1.0,2.3867175117249184,0.05891991239620981,luther burden,600.0,0.14285714285714285,-0.08393723046093304
00-0040075,LaJohntay Wester,WR,BAL,BUF,-0.9265156575001782,-0.9329181292002474,-1.020142137998659,0.0,-0.26605201427221914,0.0,-1.013796075352233,-0.8463714680102491,-0.8533033571740235,0.0,-0.6073113852241876,-2.219040178888397,0.0,-0.8608546251438224,-0.9174226051870823,-1.251578667352797,-0.47516039754990697,-1.2960114679151984,-1.450966398219011,0.0,-1.0089781538107605,0.0,0.0,0.0,0.0,-0.8187264409242717,-1.5223845778265004,-1.3931048576235803,0.17592314667794764,0.7433989500794301,0.6292644325350345,0.0009965931172776533,1.0363150188943484,0.4906078469621411,3,0.0,-0.7063167552823529,2025.0,1.0,4.501733810575071,0.0587079880225761,lajohntay wester,1400.0,0.06666666666666667,-0.007958678644090562
00-0040648,Tory Horton,WR,SEA,SF,-0.9265156575001782,-0.9329181292002474,-1.020142137998659,0.0,-0.26605201427221914,0.0,-1.013796075352233,-0.8463714680102491,-0.8533033571740235,0.0,-0.6073113852241876,-2.219040178888397,0.0,-0.8608546251438224,-0.9174226051870823,-1.251578667352797,-0.47516039754990697,-1.2960114679151984,-1.450966398219011,0.0,-1.0089781538107605,0.0,0.0,0.0,0.0,-0.8187264409242717,-1.5223845778265004,-1.3931048576235803,0.011719920818414258,0.8387623519893944,0.8853782884082708,0.07610628606238043,0.20567511962097468,-0.4301581076143742,28,0.0,-0.7063167552823529,2025.0,1.0,1.3292093622998422,0.05827492290468393,tory horton,500.0,0.16666666666666666,-0.10839174376198273
00-0040729,Jack Bech,WR,LV,NE,-0.9265156575001782,-0.9329181292002474,-1.020142137998659,0.0,-0.26605201427221914,0.0,-1.013796075352233,-0.8463714680102491,-0.8533033571740235,0.0,-0.6073113852241876,-2.219040178888397,0.0,-0.8608546251438224,-0.9174226051870823,-1.251578667352797,-0.47516039754990697,-1.2960114679151984,-1.450966398219011,0.0,-1.0089781538107605,0.0,0.0,0.0,0.0,-0.8187264409242717,-1.5223845778265004,-1.3931048576235803,0.4325480897247216,1.02575211781541,0.9511240259601391,0.0865507203666982,-0.817527767074249,-0.4877059797754064,21,0.0,-0.7063167552823529,2025.0,1.0,2.3867175117249184,0.058161233244042106,jack bech,1200.0,0.07692307692307693,-0.01876184367903482
00-0040581,Dont'e Thornton Jr.,WR,LV,NE,-0.9265156575001782,-0.9329181292002474,-1.020142137998659,0.0,-0.26605201427221914,0.0,-1.013796075352233,-0.8463714680102491,-0.8533033571740235,0.0,-0.6073113852241876,-2.219040178888397,0.0,-0.8608546251438224,-0.9174226051870823,-1.251578667352797,-0.47516039754990697,-1.2960114679151984,-1.450966398219011,0.0,-1.0089781538107605,0.0,0.0,0.0,0.0,-0.8187264409242717,-1.5223845778265004,-1.3931048576235803,0.4325480897247216,1.02575211781541,0.9511240259601391,0.0865507203666982,-0.817527767074249,-0.4877059797754064,21,0.0,-0.7063167552823529,2025.0,1.0,1.3292093622998422,0.05809795093489353,donte thornton,425.0,0.19047619047619047,-0.13237823954129693
00-0038496,Xavier Gipson,WR,NYJ,PIT,-0.7865893864962332,-0.8560746195723165,-0.9288927044072043,0.0,-0.2981950897354127,0.022048344385816075,-0.964242876990635,-0.5758899451809494,-0.6298192935112968,0.0,-0.27547107169935436,-0.8404593034337776,0.0,-0.7846363906550776,-0.38839863673575226,-0.8176136740415252,-0.61616237626889,-1.091543145998854,-0.9684465370399478,0.002428891839800842,-0.7902761837409683,0.0,0.0,0.016507899959767997,0.22238745086514597,-0.4419742269440683,-0.934884079261743,-1.3931048576235803,0.001490943521874055,1.2900674123838214,0.5804319182870316,0.17510400000085355,1.865923671352754,-1.0631847013857285,26,0.0,-0.3871613371789399,2025.0,1.0,3.444225661149995,0.05803852026754016,xavier gipson,2200.0,0.043478260869565216,0.014560259397974944
00-0039739,Roman Wilson,WR,PIT,NYJ,-0.9265156575001782,-0.9329181292002474,-1.020142137998659,0.0,-0.26605201427221914,0.0,-1.013796075352233,-0.8463714680102491,-0.8533033571740235,0.0,-0.6073113852241876,-2.219040178888397,0.0,-0.8608546251438224,-0.9174226051870823,-1.251578667352797,-0.47516039754990697,-1.2960114679151984,-1.450966398219011,0.0,-1.0089781538107605,0.0,0.0,0.0,0.0,-0.8187264409242717,-1.5223845778265004,-1.3931048576235803,0.000142386169557008,1.3726909680781727,0.8274730153199176,0.5127020912071784,0.04293917271434121,-0.372610235453342,24,0.0,-0.7063167552823529,2025.0,1.0,1.3292093622998422,0.0577357102377468,roman wilson,500.0,0.16666666666666666,-0.10893095642891987
00-0039589,Kameron Johnson,WR,TB,ATL,-0.9265156575001782,-0.9329181292002474,-1.020142137998659,0.0,-0.26605201427221914,0.37499999999999994,-1.013796075352233,0.31627223871816446,0.7574320274216885,0.0,0.9929403065507602,-1.1866621778345758,0.0,-0.8608546251438224,-0.9174226051870823,-1.1943310117182004,-0.9750496363635981,-1.2960114679151984,-1.450966398219011,0.0,-0.21006667291685852,0.0,0.0,-0.17186377197504044,0.0,-0.8187264409242717,-1.4033229702001395,-1.3931048576235803,0.40596432302653357,0.09836865549633474,0.5228075199062638,0.0021455164619609253,1.4738024923697968,0.6057035912842055,1,0.0,0.0170110039979542,2025.0,1.0,5.559241960000148,0.05759731310617402,kameron johnson,1400.0,0.06666666666666667,-0.009069353560492648
00-0040584,Gunnar Helm,TE,TEN,DEN,-0.9265156575001782,-0.9329181292002474,-1.020142137998659,0.0,-0.26605201427221914,0.0,-1.013796075352233,-0.8463714680102491,-0.8533033571740235,0.0,-0.6073113852241876,-2.219040178888397,0.0,-0.8608546251438224,-0.9174226051870823,-1.251578667352797,-0.47516039754990697,-1.2960114679151984,-1.450966398219011,0.0,-1.0089781538107605,0.0,0.0,0.0,0.0,-0.8187264409242717,-1.5223845778265004,-1.3931048576235803,0.39210959995269856,1.2370130276572788,0.5065032889604215,0.5441931306439546,-0.5350232199993614,-1.2358283178688252,9,0.0,-0.7063167552823529,2025.0,1.0,0.2717012128747659,0.05721539033326393,gunnar helm,950.0,0.09523809523809523,-0.038022704904831305
00-0040170,Elic Ayomanor,WR,TEN,DEN,-0.9265156575001782,-0.9329181292002474,-1.020142137998659,0.0,-0.26605201427221914,0.0,-1.013796075352233,-0.8463714680102491,-0.8533033571740235,0.0,-0.6073113852241876,-2.219040178888397,0.0,-0.8608546251438224,-0.9174226051870823,-1.251578667352797,-0.47516039754990697,-1.2960114679151984,-1.450966398219011,0.0,-1.0089781538107605,0.0,0.0,0.0,0.0,-0.8187264409242717,-1.5223845778265004,-1.3931048576235803,0.39210959995269856,1.2370130276572788,0.5065032889604215,0.5441931306439546,-0.5350232199993614,-1.2358283178688252,9,0.0,-0.7063167552823529,2025.0,1.0,0.2717012128747659,0.05721539033326393,elic ayomanor,600.0,0.14285714285714285,-0.08564175252387893
00-0040582,Arian Smith,WR,NYJ,PIT,-0.9265156575001782,-0.9329181292002474,-1.020142137998659,0.0,-0.26605201427221914,0.0,-1.013796075352233,-0.8463714680102491,-0.8533033571740235,0.0,-0.6073113852241876,-2.219040178888397,0.0,-0.8608546251438224,-0.9174226051870823,-1.251578667352797,-0.47516039754990697,-1.2960114679151984,-1.450966398219011,0.0,-1.0089781538107605,0.0,0.0,0.0,0.0,-0.8187264409242717,-1.5223845778265004,-1.3931048576235803,0.001490943521874055,1.2900674123838214,0.5804319182870316,0.17510400000085355,1.865923671352754,-1.0631847013857285,26,0.0,-0.7063167552823529,2025.0,1.0,2.3867175117249184,0.056885808253880704,arian smith,1900.0,0.05,0.006885808253880701
00-0040705,Chimere Dike,WR,TEN,DEN,-0.9265156575001782,-0.9329181292002474,-1.020142137998659,0.0,-0.26605201427221914,0.0,-1.013796075352233,-0.8463714680102491,-0.8533033571740235,0.0,-0.6073113852241876,-2.219040178888397,0.0,-0.8608546251438224,-0.9174226051870823,-1.251578667352797,-0.47516039754990697,-1.2960114679151984,-1.450966398219011,0.0,-1.0089781538107605,0.0,0.0,0.0,0.0,-0.8187264409242717,-1.5223845778265004,-1.3931048576235803,0.39210959995269856,1.2370130276572788,0.5065032889604215,0.5441931306439546,-0.5350232199993614,-1.2358283178688252,9,0.0,-0.7063167552823529,2025.0,1.0,2.3867175117249184,0.053714584863868944,chimere dike,2000.0,0.047619047619047616,0.006095537244821328
