player_id,player_display_name,position,team,opponent_team,avg_avg_expected_yac,avg_avg_intended_air_yards,avg_avg_separation,avg_avg_time_to_los,avg_avg_yac_above_expectation,avg_carries,avg_catch_percentage,avg_endzone_target_share,avg_endzone_targets,avg_inside_5_carry_share,avg_inside_5_target_share,avg_offense_snap_share,avg_percent_attempts_gte_eight_defenders,avg_percent_share_of_intended_air_yards,avg_racr,avg_receiving_air_yards,avg_receiving_epa,avg_receiving_yards,avg_receptions,avg_redzone_carry_share,avg_redzone_target_share,avg_rush_pct_over_expected,avg_rush_yards_over_expected_per_att,avg_rushing_epa,avg_rushing_yards,avg_scored_touchdown,avg_wopr,target_share,rushing_tds_allowed_to_QB,passing_tds_allowed_to_TE,rushing_tds_allowed_to_RB,passing_tds_allowed_to_WR,passing_tds_allowed_to_RB,implied_total,opponent_encoded,rush_matchup_value,pass_matchup_value,season,week,depth_chart_rank
00-0023459,Aaron Rodgers,QB,PIT,SEA,0.0,0.0,0.0,0.0,0.0,0.9795919253075169,0.0,0.0,0.0,0.00020112851197872083,0.0,0.9451502697247333,0.0,0.0,0.0,-7.927571883722534e-08,-2.4651013977137798e-08,-7.940529096678646e-08,1.9818929709306334e-08,0.0012588493598368312,2.4692679555657243e-09,0.0,0.0,-0.17082496083180274,4.201242028910613,0.00034186506380436235,8.02182615759765e-10,0.0,0.020802770482795295,0.7968017619632698,0.11837821229128537,0.8396172336508811,0.09116215491932625,21.75,27,2.6187554305099384e-05,0.0,2025.0,1.0,1
00-0026158,Joe Flacco,QB,CLE,BAL,0.0,0.0,0.0,0.0,0.0,1.197774388688453,0.0,0.0,0.0,0.0,0.0,0.989881242088248,0.0,0.0,0.0,0.0,0.0,0.0,0.0,0.02038023124076441,0.0,0.0,0.0,-0.47086127548252094,2.823583088085172,0.0,0.0,0.0,0.6643675657351072,0.6766129411731504,0.4835107079562128,0.581792831983949,0.12240871327035403,17.0,2,0.013539964618545236,0.0,2025.0,1.0,1
00-0026300,Josh Johnson,QB,WAS,GB,0.0,0.0,0.0,0.0,0.0,1.1737877281514644,0.0,0.0,0.0,0.03689822109101658,0.0,0.1939555205429787,0.0,0.0,0.0,0.0,0.0,0.0,0.0,0.07781804965545219,0.0,0.0,0.0,-1.2819065676429422,1.2329324321902189,0.0,0.0,0.0,0.00988249693290696,0.042419559444668964,0.40477829806766363,0.9686790896230817,0.23802384129491655,22.5,11,0.0007690366370448077,0.0,2025.0,1.0,3
00-0026498,Matthew Stafford,QB,LA,TEN,0.0,0.0,0.0,0.0,0.0,3.6640062972164538,0.0,0.0,0.0,0.1993652180317233,4.4445633804511646e-05,0.9999620972832756,0.0,0.0,0.0,2.6665944260998013e-09,-8.322663541278967e-11,0.0,0.0,0.1750554102152209,1.2698788705104727e-05,0.0,0.0,-1.4445606798674506,4.6554823408957215,3.073114505846024e-06,1.2005446292096183e-11,0.0,0.1797937189108486,0.08065404161557142,1.0552898096411443,1.1241445759122863,0.11316282191050671,23.5,30,0.03147386321805872,0.0,2025.0,1.0,1
00-0027973,Andy Dalton,QB,CAR,ARI,0.0,0.0,0.0,0.0,0.0,1.9930980167014667,0.0,0.0,0.0,0.0005118964643114506,0.0,0.8598205780901647,0.0,0.0,0.0,-1.097542014808669e-05,-2.6756559576110977e-06,-4.703751492037152e-06,1.5679171640123847e-06,0.011908481176439405,0.0,0.0,0.0,-0.32338449850327367,6.818712541607234,0.0,3.7833323932639086e-08,0.0,0.3874449549143641,0.04345606300835222,0.7776609787795629,0.5977972001182874,0.2526673747248363,19.0,0,0.004613880952504119,0.0,2025.0,1.0,2
00-0028118,Tyrod Taylor,QB,NYJ,BUF,0.0,0.0,0.0,0.0,0.0,3.320316892292769,0.0,0.0,0.0,0.0006564842478523869,0.0,0.5104752016496663,0.0,0.0,0.0,0.0,0.0,0.0,0.0,0.09807276070181081,0.0,0.0,0.0,-0.37948609145103745,17.52484889999221,0.0019828503812684335,0.0,0.0,0.4934356054882013,0.3060545987566863,0.9263675130401681,1.4381485327529986,0.11416938876997434,19.75,3,0.04839259205879749,0.0,2025.0,1.0,2
00-0028986,Case Keenum,QB,CHI,DET,0.0,0.0,0.0,0.0,0.0,1.650884422032719,0.0,0.0,0.0,0.0704632401152568,0.0,0.5460072460075703,0.0,0.0,0.0,0.0,0.0,0.0,0.0,0.10324203721499943,0.0,0.0,0.0,-0.9821966508500908,1.555796615377241,0.0,0.0,0.0,0.4492361330256993,0.4458114954562155,0.6319974805689496,0.9034941704066157,0.22014637083599872,20.5,10,0.04638005356416168,0.0,2025.0,1.0,3
00-0029263,Russell Wilson,QB,NYG,DAL,0.0,0.0,0.0,0.0,0.0,5.393269632884491,0.0,0.0,0.0,0.10598790880940606,0.0,0.9936675605882052,0.0,0.0,0.0,-7.999569205138554e-07,-3.0769374379424733e-07,7.999569205138554e-07,7.999569205138554e-07,0.3282414946631752,0.0,0.0,0.0,0.8462050425109483,29.398653075340146,0.15960032530104884,4.602569140219664e-08,0.0,1.0990607488613864,0.26446988219082257,0.5225983861961978,1.1160668244592196,0.05570249285921378,19.5,8,0.3607573429318901,0.0,2025.0,1.0,1
00-0029604,Kirk Cousins,QB,ATL,MIN,0.0,0.0,0.0,0.0,0.0,1.5857104154810349,0.0,0.0,0.0,0.0012584473723421881,0.0,0.9738955737241913,0.0,0.0,0.0,0.0,0.0,0.0,0.0,0.004994355661700295,0.0,0.0,0.0,-0.973774894521651,0.3553376395837582,9.137760613002362e-06,0.0,0.0,0.3000481741629133,0.10874913228338078,1.0512314081821592,0.8749991577640015,0.2129980550560807,20.0,20,0.0014985472974133821,0.0,2025.0,1.0,2
00-0029892,Kyle Juszczyk,RB,SF,NO,0.0,0.0,0.0,0.0,0.0,0.0,0.0,0.0,0.0,0.0,0.0,0.0,0.0,0.0,0.0,0.0,0.0,0.0,0.0,0.0,0.0,0.0,0.0,0.0,0.0,0.0,0.0,0.0,0.0010079464191690844,0.21012726124712083,0.7159385408595069,1.2111524529917945,0.2915127352732966,23.5,22,0.0,0.0,0.0,0.0,4
00-0030035,Adam Thielen,WR,MIN,ATL,2.0913335139627844,7.577974651112602,1.8260256314221068,0.0,-0.2517549324440888,0.00011203766647408229,52.97195022164234,0.01739146472350333,0.519032557243052,0.0,0.1431002989638979,0.6988769399084055,0.0,18.84659439485071,0.6316549826786443,55.325573333950224,3.038489089925507,46.58696994391911,3.7274881105317834,1.1111411456115679e-05,0.29768847016723976,0.0,0.0,1.7924744404518492e-05,0.0006259188644378012,0.30765085685360555,0.4155252954023301,0.05,0.41544864227327927,0.542687684151771,0.4423465529190415,1.3570812856920385,0.6993078860089404,24.5,1,0.0,0.40398745183025375,2025.0,1.0,3
00-0030061,Zach Ertz,TE,WAS,GB,2.0950482772016823,5.922660428989651,2.237038125178761,0.0,0.5969651223056532,7.588751826324844e-08,60.766726218396784,0.016439852428796257,0.5761938102611222,3.794375913162422e-08,0.2949464457784694,0.6864912755131766,0.0,13.51584674155594,1.0543537368958567,37.00058587973503,2.082168292017833,36.96933991733887,3.8032435930173474,1.5636625587858325e-08,0.3330287937738795,0.0,0.0,3.455103547861494e-08,3.0355007305299376e-07,0.7612291948846576,0.34380891748920056,0.172413793103448,0.00988249693290696,0.042419559444668964,0.40477829806766363,0.9686790896230817,0.23802384129491655,22.5,11,0.0,0.014126934714277483,2025.0,1.0,1
00-0030279,Keenan Allen,WR,LAC,LV,3.2507471198393234,7.001241532318008,2.707059141856977,0.0,-0.32787073163029645,5.8086552851259204e-05,50.70110275682952,0.027258887344981757,0.8963122276754526,0.0,0.07569123612254954,0.8186281196940913,0.0,25.63881864872042,0.8571205349197715,72.527507983231,3.7704491371288387,58.50713707833515,5.605532125094515,1.9282605871582076e-06,0.21944232468760203,0.0,0.0,1.0505948547497088e-05,0.0002332775477703826,0.53532782535414,0.6232241526666968,0.294117647058824,0.01369597288205726,0.44255367496101533,0.41568276454145103,0.9219208273604723,0.07250375529578955,25.0,18,0.0,0.20230844953389945,2025.0,1.0,3
00-0030506,Travis Kelce,TE,KC,PHI,3.1901646450278,4.511824969391081,2.593865510759506,0.0,-0.5406049342870017,0.0018368073667185613,47.35699690832901,0.007734119612819284,0.3068263468525317,0.00036733470867632284,0.22135788758910518,0.8631917828141606,0.0,16.288849356372694,1.291013639584232,46.89284771171013,2.2624915784150064,51.86887115900643,4.952703236602005,0.0002296054003649647,0.2485613122404463,0.0,0.0,-0.00016934664413567315,0.001837236384046908,0.5192488973219009,0.4210176420632439,0.105263157894737,0.022508549051636805,0.22290272216463763,0.6833722184349974,0.946304037756645,0.0009573318179038651,22.5,25,0.0,0.05540499312320995,2025.0,1.0,1
00-0030564,DeAndre Hopkins,WR,BAL,CLE,1.0390967233303101,3.740447052180599,0.6642491368150557,0.0,-0.05915790899801296,0.00021958219563799497,21.026213544305374,0.011813891770034089,0.4585648275365248,0.0,0.06444145934029222,0.45415189113456106,0.0,10.187800749952373,0.745780978328824,51.70419728848939,1.3594054162728366,33.166386256204675,3.142176106866244,3.810835218005893e-05,0.060417372695891335,0.0,0.0,4.4267473411124695e-05,0.0009236735994489131,0.4159122607033778,0.34671162634051367,0.105263157894737,0.2039944349708976,0.7933440799528539,0.9036633454839689,0.820015937588493,0.0015008883795919214,28.5,7,0.0,0.04954320851785475,2025.0,1.0,3
00-0030565,Geno Smith,QB,LV,LAC,0.0,0.0,0.0,0.0,0.0,2.095852013267723,0.0,0.0,0.0,0.004623999635280783,0.0,0.96934558089295,0.0,0.0,0.0,-0.00013222358009147388,-2.3825368464714198e-05,-3.305589502286847e-05,1.6527947511434235e-05,0.04231409217086985,0.0,0.0,0.0,0.5421587061809755,11.30013992603088,0.020541123440578617,2.3043773138441795e-07,0.0,0.320426504326425,0.517388999653759,0.17258718809061602,0.8718944463927459,0.1794531590390648,21.5,17,0.013558556638057974,0.0,2025.0,1.0,1
00-0031236,Brandin Cooks,WR,NO,SF,1.3477033553688995,6.384424667887809,1.2061109697285237,0.0,-0.37146595369785723,0.2390035553070151,22.520602799273174,0.023404337016154263,0.8066301569664904,0.0,0.18344970937096572,0.706699462680684,0.0,18.43413004463437,0.8315779974646249,53.87680526906089,-1.3725170551688268,28.756453102346786,2.989737648444888,0.006466711254069879,0.1129359797836988,0.0,0.0,-0.25409639789633787,-0.954969328912431,0.11983847028555857,0.40768204580192535,0.0975609756097561,0.0687549655940788,0.3835530124170316,1.168760669635824,1.2494945090869056,0.015669534598864422,19.0,28,0.0,0.14111288661808144,2025.0,1.0,3
00-0031237,Teddy Bridgewater,QB,TB,HOU,0.0,0.0,0.0,0.0,0.0,1.2686252323926266,0.0,0.0,0.0,0.002314573453653997,0.0,0.40295041888615507,0.0,0.0,0.0,0.0,0.0,0.0,0.0,0.08341736664180997,0.0,0.0,0.0,-0.31479962619005086,3.880670681605904,0.02130019382512566,0.0,0.0,0.2513759927260177,0.7233072743850615,0.6101352841003179,0.5829015487383274,0.009079454985036099,20.0,12,0.020969123350175173,0.0,2025.0,1.0,2
00-0031345,Jimmy Garoppolo,QB,LA,TEN,0.0,0.0,0.0,0.0,0.0,1.8867830668779113,0.0,0.0,0.0,0.00808824750310833,0.0,0.7454512621415779,0.0,0.0,0.0,0.0,0.0,0.0,0.0,0.04397570725905,0.0,0.0,0.0,-0.6302104517485826,4.765777177017315,0.007753914738045481,0.0,0.0,0.1797937189108486,0.08065404161557142,1.0552898096411443,1.1241445759122863,0.11316282191050671,23.5,30,0.0079065559498394,0.0,2025.0,1.0,2
00-0031381,Davante Adams,WR,LA,TEN,4.074573574602045,8.331184560079555,2.9356366235228273,0.0,1.2231377355731439,3.383282383560939e-07,56.765716564764254,0.03645536931992556,1.3702207565402726,0.0,0.35235225482258653,0.8955824792822192,0.0,38.12602996635455,1.2750101890118015,82.19815441809767,1.5166369954425913,75.21354279491993,5.706174198341607,0.0,0.2578209159966631,0.0,0.0,-5.671077491204011e-07,-1.2150675773824353e-07,0.4951739251969672,0.7139468957021919,0.285714285714286,0.1797937189108486,0.08065404161557142,1.0552898096411443,1.1241445759122863,0.11316282191050671,23.5,30,0.0,0.28982798427438605,2025.0,1.0,2
00-0031408,Mike Evans,WR,TB,HOU,2.23703275276068,11.980877415300158,2.153919036327386,0.0,0.10301266735053619,5.142165671144639e-09,67.79288665802635,0.031112176397598203,1.032074422024835,0.0,0.09766945523527806,0.7729659210726324,0.0,40.96979532431451,0.7071626008158534,113.69836358570753,3.5781879438987874,78.86885602897824,6.485608096271927,0.0,0.178480460063079,0.0,0.0,3.2784223391595233e-09,5.1421656711446397e-08,0.29959884227311806,0.7395389431941016,0.266666666666667,0.2513759927260177,0.7233072743850615,0.6101352841003179,0.5829015487383274,0.009079454985036099,20.0,12,0.0,0.10403653659029795,2025.0,1.0,1
00-0031484,Chris Manhertz,TE,NYG,DAL,0.0,0.0,0.0,0.0,0.0,0.0,0.0,0.006320270837203161,0.17288674049084615,0.0,0.04859367692728277,0.3864892251844892,0.0,0.0,3.498312671526105,3.381352393675437,0.6649105659180009,8.745498539537294,0.8038108956133952,0.0,0.040841448101240796,0.0,0.0,0.0,0.0,0.14602495961546202,0.06933692776947414,0.0357142873108387,1.0990607488613864,0.26446988219082257,0.5225983861961978,1.1160668244592196,0.05570249285921378,19.5,8,0.0,0.010801332967837748,0.0,0.0,4
00-0031503,Jameis Winston,QB,NYG,DAL,0.0,0.0,0.0,0.0,0.0,2.648392423616439,0.0,0.0,0.0,0.020830780512715853,0.0,0.8459825267425094,0.0,0.0,0.0,0.0,0.0,0.0,0.0,0.1688347425918389,0.0,0.0,0.0,1.3183422733398202,9.581157725629318,0.10417170919719886,0.0,0.0,1.0990607488613864,0.26446988219082257,0.5225983861961978,1.1160668244592196,0.05570249285921378,19.5,8,0.18555963862680586,0.0,2025.0,1.0,3
00-0031588,Stefon Diggs,WR,NE,MIA,6.979945845923485,9.697454027615926,3.1365603497181684,0.0,-2.9403890084716937,0.2864666023826208,73.89842379648246,0.007640954272884854,0.24590235874303737,0.0,0.020381481183233085,0.6416635196994461,0.0,29.3431087348105,0.8806287996589424,75.82681018307743,1.4247968849231545,61.71384955400333,5.661074073119401,0.006561187272412593,0.06030503950714487,0.0,0.0,-0.1991620667341003,-0.3321025687418941,0.18115314494805523,0.5627295334891737,0.155555555555556,0.5717123177444071,0.366684450851966,0.12050679215040297,1.1048768026963869,0.23563525676785815,21.5,19,0.0,0.06662963923713353,2025.0,1.0,1
00-0031610,Darren Waller,TE,MIA,NE,3.6648566935389812,6.587961764513124,3.0949397906693403,0.0,0.08102550051932293,0.0,65.54386520910049,0.00348711710944957,0.11258028008323362,0.0,0.0411696599947883,0.5890788390189403,0.0,15.591734652517474,1.0236383945137608,44.0760403854108,1.7097311216280058,44.10638478820208,4.243846272309426,0.0,0.03751914551277224,0.0,0.0,0.0,0.0,0.05929113544854834,0.4538689852123912,0.1875,0.054277742381471206,0.09168588038453629,0.9339513667694092,0.942309537035285,0.442772862775828,23.0,21,0.0,0.003439975887614047,2025.0,1.0,1
00-0031687,Raheem Mostert,RB,LV,LAC,0.0,0.0,0.0,0.20117322818517183,0.0,6.136229842276699,0.0,5.784781721640481e-07,2.313912688656192e-05,0.08162259579466784,0.02780356124872358,0.3430291873976463,0.6975360801657234,0.0,0.7257542639959675,0.812716948161729,0.16117805993685227,13.561413892250807,1.9033448860846793,0.15481031282486485,0.06451373193642852,0.031646246939160703,0.0030544410844102776,-2.7347394955034052,15.095413139468635,0.03551527946599526,0.10193197588184102,0.0833333358168602,0.320426504326425,0.517388999653759,0.17258718809061602,0.8718944463927459,0.1794531590390648,21.5,17,0.026718276577872055,0.011577192997391503,2025.0,1.0,4
00-0031763,DeAndre Carter,WR,CLE,BAL,0.5965349453843585,1.1437122033372118,0.35819205726897846,0.0,0.13404734285525363,0.04823850360315551,5.419396109549112,0.0020719957215305194,0.10638077827298721,0.0,0.0013879303930755273,0.16079411788248169,0.0,1.4350297749055825,0.4790390501824436,13.630573497632192,-0.40979165923657485,7.812759771580729,1.028064808724314,0.0012347214085362242,0.07050462409574583,0.0,0.0,0.09153455173285238,0.423257032470216,0.000741015522909672,0.09872821854210946,0.0,0.6643675657351072,0.6766129411731504,0.4835107079562128,0.581792831983949,0.12240871327035403,17.0,2,0.0,0.04101908492062774,2025.0,1.0,5
00-0032211,Tyler Lockett,WR,TEN,LA,0.09130980940640784,0.2969406708866935,0.04926985113176501,0.0,-0.03029186131859158,1.727767665502734e-08,1.3885313725577042,0.003384599869953198,0.11062237746562799,0.0,0.0036023105139579327,0.6261990385505389,0.0,0.6859626481665034,0.597599187704044,31.643223521710308,0.09856546539295288,16.092202196592268,1.4877360098244006,0.0,0.17875384263148233,0.0,0.0,-2.4832889641502227e-09,7.055051300802839e-08,0.019615044169139173,0.24809403132008725,0.04,0.16017826304580493,0.5702544836979172,0.09401781950329521,0.7686121017115329,0.05324944836641776,18.0,16,0.0,0.13739236667399626,2025.0,1.0,3
00-0032268,Marcus Mariota,QB,WAS,GB,0.0,0.0,0.0,0.0,0.0,5.813810520469988,0.0,0.0,0.0,0.30982615888233567,0.0,0.6000306023389599,0.0,0.0,0.0,0.0,0.0,0.0,0.0,0.33936980183058363,0.0,0.0,0.0,1.9815265727322857,34.32957663224215,0.32099000826672347,0.0,0.0,0.00988249693290696,0.042419559444668964,0.40477829806766363,0.9686790896230817,0.23802384129491655,22.5,11,0.0033538210257119854,0.0,2025.0,1.0,2
00-0032385,Sterling Shepard,WR,TB,HOU,1.9888382987095374,5.401055772077224,1.1825612666571623,0.0,-0.11720493535528212,0.24240464479533333,27.751559715926742,0.003433941141031811,0.10668575860773714,0.0,0.02382797183691445,0.5485925955943809,0.0,11.89165963629117,0.6890198499214297,45.94466428233618,0.7853872875540573,27.457492187353967,2.217002810096305,0.016132603174206422,0.040559779393747,0.0,0.0,0.15165213292344387,2.7628601616032693,0.00576397681344415,0.3075467088329492,0.2,0.2513759927260177,0.7233072743850615,0.6101352841003179,0.5829015487383274,0.009079454985036099,20.0,12,0.0,0.023642358225100024,2025.0,1.0,5
00-0032392,Austin Hooper,TE,NE,MIA,0.9780835909429102,1.981442127686903,0.7064728958234135,0.0,0.10118048636635478,0.0,22.553451823863035,0.003327461832139064,0.11760120607054932,0.0,0.0025946581986518416,0.49971752298405064,0.0,4.116685100439228,2.0177774622940277,20.187006574785077,0.3430923551792453,27.04333193004394,2.8056614705478613,0.0,0.16658087834007368,0.0,0.0,0.0,0.0,0.09364144610659073,0.2358265802264051,0.0222222222222222,0.5717123177444071,0.366684450851966,0.12050679215040297,1.1048768026963869,0.23563525676785815,21.5,19,0.0,0.061082617896568075,2025.0,1.0,2
00-0032398,Chris Moore,WR,WAS,GB,0.005113244012023147,0.04306437948570028,0.008056464112492775,0.0,0.0009307310094929113,0.04796413297659023,0.17348141383609164,6.27719444956282e-05,0.002257994919212903,0.0,0.0003414853765755525,0.5509070329712101,0.0,0.09455597758620508,0.8489639013726457,40.475693709272655,1.5361477752480892,29.29295274816076,1.6367455208455832,0.0,0.001773249334019638,0.0,0.0,0.03405588827600134,0.760666226874972,0.00011807926940206072,0.2690212090313886,0.0344827586206897,0.00988249693290696,0.042419559444668964,0.40477829806766363,0.9686790896230817,0.23802384129491655,22.5,11,0.0,0.0017177095505528789,2025.0,1.0,6
00-0032434,Brandon Allen,QB,TEN,LA,0.0,0.0,0.0,0.0,0.0,1.2141438776018714,0.0,0.0,0.0,0.010721308690618011,0.0,0.37709205415445374,0.0,0.0,0.0,0.0406828661747854,-0.0025437876127536235,0.0,0.0,0.03267446546416271,0.0012713395679620437,0.0,0.0,-0.3473678952628561,1.0896859015306266,0.0,0.0004583100812565434,0.0,0.16017826304580493,0.5702544836979172,0.09401781950329521,0.7686121017115329,0.05324944836641776,18.0,16,0.005233739123999723,0.0,2025.0,1.0,2
00-0032464,Kalif Raymond,WR,DET,CHI,0.36169011420819297,0.288714218968981,0.1460236317355112,0.0,0.028139862980394125,0.09078637688509847,1.907535526328721,3.3405910518418296e-08,1.2125957275384873e-06,0.0,4.684917703572027e-10,0.3399496452985341,0.0,0.6494166425483762,0.8958384356616935,16.54032464033439,1.0456653076400084,16.2956398859709,1.4910063258609316,5.0095276077804444e-05,0.008316054902645663,0.0,0.0,-0.10876754625096197,-0.7236690939942224,0.09111542544519807,0.1570357745264878,0.0789473684210526,0.3055564827482153,0.18146581117327829,0.8996269535308904,0.7829102668390547,0.2865915302846011,26.0,5,0.0,0.006510724762878545,2025.0,1.0,3
00-0032764,Derrick Henry,RB,BAL,CLE,0.0,0.0,0.0,2.750180813202886,0.0,20.17277096798247,0.0,0.0,0.0,0.4866217575033038,0.0025717965449261926,0.6144495650025732,31.77722613171487,0.0,3.729009349623566,2.6853294217863533,0.5545993513471317,16.056552528114175,1.4197408585166833,0.4458574936433699,0.056595481383519726,0.4489577021749978,2.1470336717860756,3.2028236728231168,137.9863331789031,0.729554640866807,0.11363537732113181,0.0526315789473684,0.2039944349708976,0.7933440799528539,0.9036633454839689,0.820015937588493,0.0015008883795919214,28.5,7,0.40290507431486505,8.494350034593568e-05,2025.0,1.0,1
00-0032950,Carson Wentz,QB,MIN,ATL,0.0,0.0,0.0,0.0,0.0,3.954506514079662,0.0,0.0,0.0,0.052363551863673544,0.0,0.7201093284331064,0.0,0.0,0.0,0.0,0.0,0.0,0.0,0.22219447051477137,0.0,0.0,0.0,-0.19389804603622704,10.873748399807585,0.2501510149826861,0.0,0.0,0.41544864227327927,0.542687684151771,0.4423465529190415,1.3570812856920385,0.6993078860089404,24.5,1,0.09231039109599194,0.0,2025.0,1.0,2
00-0033040,Tyreek Hill,WR,MIA,NE,1.847361946053078,9.556258571009115,2.5353519954861365,0.0,-0.12273334428716376,0.09587572283337158,52.490212216651436,0.018956637101639452,0.7057518405878365,1.0975408949289626e-06,0.157106466064127,0.6999567691722901,0.0,37.18256409825785,0.6503819367233838,78.80332177763927,1.0653817863644277,50.56360775982846,4.546524274882417,1.7874780891601076e-05,0.2213399762088217,0.0,0.0,0.015443316920627021,0.5605692237890596,0.23051725065303688,0.5760810204768929,0.193548387096774,0.054277742381471206,0.09168588038453629,0.9339513667694092,0.942309537035285,0.442772862775828,23.0,21,0.0,0.20857077050873576,2025.0,1.0,1
00-0033077,Dak Prescott,QB,DAL,NYG,0.0,0.0,0.0,0.0,0.0,1.5986911110031685,0.0,0.0,0.0,0.07932977001452272,0.0,0.8899234547117444,0.0,0.0,4.0402731245499185e-09,3.672975488163051e-08,9.801105459138643e-09,4.0402730369793595e-08,3.6729754881630538e-09,0.05749294835397459,7.345950976326113e-10,0.0,0.0,0.31787437806312774,8.299529545189554,0.03922657555112725,2.754379527740711e-10,0.0,0.04675342036973735,0.6372246955549405,1.006240546654429,0.8686276924336725,0.0769774093736673,25.0,23,0.002687991982688973,0.0,2025.0,1.0,1
00-0033090,Hunter Henry,TE,NE,MIA,2.674094333240894,6.656500047450715,1.6817054943346967,0.0,0.037111543788903106,0.0,37.59905992832099,0.016960407191016238,0.5853389001284477,0.0,0.0776235751826715,0.803833904783288,0.0,18.378698596152734,0.7960426230721075,61.715319680610996,1.5511936990981394,41.31472677183916,3.541059010700161,0.0,0.10181354758891961,0.0,0.0,0.0,0.0,0.15472059717819817,0.4321816331888024,0.177777777777778,0.5717123177444071,0.366684450851966,0.12050679215040297,1.1048768026963869,0.23563525676785815,21.5,19,0.0,0.03733344478693349,2025.0,1.0,1
00-0033106,Jared Goff,QB,DET,CHI,0.0,0.0,0.0,0.0,0.0,1.445775505592091,0.0,0.0,0.0,0.02783230400445317,0.0,0.994691495909147,0.0,0.0,0.0035997097506135682,0.012855802921056644,0.004433076089067719,0.017998928497172387,0.0025712971817441178,0.02289836241389497,0.0005142442588451803,0.0,0.0,-0.10993945713848911,0.9886476297494369,0.0025890503182332543,0.00031690829417622745,0.0,0.3055564827482153,0.18146581117327829,0.8996269535308904,0.7829102668390547,0.2865915302846011,26.0,5,0.006996743079883679,0.0,2025.0,1.0,1
00-0033110,Tyler Higbee,TE,LA,TEN,1.827770850574145,0.7762820029132748,1.3179774121201986,0.0,0.5481847510469069,9.56105653888631e-10,26.758275958295435,0.00518104238310131,0.16600384696268045,0.0,0.15095620869135218,0.5320600901449293,0.0,2.4793651059620956,1.940084147276489,8.597407687157068,1.43558544565259,21.943622058948705,2.418741994351907,0.0,0.15058120280181106,0.0,0.0,-6.578409459813416e-10,9.56105653888631e-10,0.32798588596003647,0.1865887778281641,0.0,0.1797937189108486,0.08065404161557142,1.0552898096411443,1.1241445759122863,0.11316282191050671,23.5,30,0.0,0.012144982597300069,2025.0,1.0,1
00-0033119,Jacoby Brissett,QB,ARI,CAR,0.0,0.0,0.0,0.0,0.0,1.5048103695571342,0.0,0.0,0.0,0.058218604869585945,0.0,0.6244775379938541,0.0,0.0,0.0,0.0,0.0,0.0,0.0,0.06386940962167643,0.0,0.0,0.0,0.20086596961802564,6.486017323332566,0.002327087704642791,0.0,0.0,0.4047746559437065,0.5886529225527634,0.6147391968722338,1.3568967221084152,0.11686833694898953,25.5,4,0.025852718304941735,0.0,2025.0,1.0,2
00-0033217,Mo Alie-Cox,TE,IND,DEN,7.522314118943691e-06,1.0386095111614658e-05,7.894159722747175e-06,0.0,6.864486031481201e-06,0.0,0.00017460779251985222,0.006054106946574464,0.23907381827333252,0.0,0.057207935684568424,0.4399116210896851,0.0,2.583671330053356e-05,3.2380647673123115,13.058511673597328,0.22246943788484017,10.927786461331745,0.7746602893696349,0.0,0.07523734138375454,0.0,0.0,0.0,0.0,0.01624892456139585,0.11937638478191669,0.0344827586206897,0.22119294912017282,0.1318181880266351,0.24612469288376718,0.65267643344506,0.21561467293103723,20.0,9,0.0,0.00991765001314789,2025.0,1.0,2
00-0033246,Johnny Mundt,TE,JAX,CIN,0.06677677100937729,0.0466278866431749,0.09894392688631971,0.0,-0.01077296328367683,0.0,1.8680282488736895,0.004731869802818013,0.15045319209951769,0.0,0.05441906958858456,0.36336707625191456,0.0,0.09858625582899272,3.2785061676075,1.4069019903872704,0.11808780960235278,6.337077820075156,0.741462241236364,0.0,0.03030073714370496,0.0,0.0,0.0,0.0,0.1130320538352209,0.06620081289234843,0.0344827586206897,0.0316753864286811,0.3948760311448736,0.8919250545027676,1.0150011204882208,0.07487562553799428,23.25,6,0.0,0.011965034824070266,2025.0,1.0,2
00-0033280,Christian McCaffrey,RB,SF,NO,0.0,0.0,0.0,2.2210670119419045,0.0,15.174819496180971,0.0,0.002984167003432702,0.08393357017290061,0.2631401644512007,0.05700944593222295,0.6961522717148181,16.051281753442314,0.0,1.7668449605708083,13.43240292659494,0.0564210498028806,43.34637659561542,5.084542218131145,0.6394542362436519,0.34885991833866264,0.22758010930683284,-0.21357111241666055,-1.15650631628695,63.632429979349226,0.10833495834873141,0.3532608198643831,0.294117647058824,0.0010079464191690844,0.21012726124712083,0.7159385408595069,1.2111524529917945,0.2915127352732966,23.5,22,0.4578099328427106,0.10169710902212242,2025.0,1.0,1
00-0033282,Curtis Samuel,WR,BUF,NYJ,2.6786264926107415,0.7071793384771164,1.9969754894984935,0.0,0.5458311554750171,0.2860972497778719,34.043963611844255,0.0016789563708531066,0.04395990469899059,1.5117911258113924e-05,0.06896167468712008,0.5040839970841832,0.0,1.981055167554391,8.234263862784791,8.225023452599741,-0.6950670393384621,24.850211682708466,3.2320817111904674,0.0008657437581352284,0.08126121614828058,0.0,0.0,-0.07736927829085613,0.9743656552483058,0.07551706868960033,0.22442643781339794,0.2580645084381103,0.2607154342727115,0.6905793882853771,0.6120001623258199,1.2809942195805868,0.2868257926037341,26.75,24,0.0,0.10409514816203606,2025.0,1.0,6
00-0033288,George Kittle,TE,SF,NO,2.798132435678481,3.7100298209473914,1.6685593361910525,0.0,0.9580425248448943,6.35296528507157e-05,39.59514638165423,0.006101659031711488,0.21277605347931103,0.0,0.20942890018345398,0.6167341651446284,0.0,9.950076961403385,1.4443961805216239,42.863184389890606,4.4528342241420855,60.31836605756779,4.70133238129185,6.610822936572021e-12,0.11738031738083377,0.0,0.0,3.586273619719215e-05,0.0001271987277746004,0.3650989735651392,0.34626291894167655,0.117647058823529,0.0010079464191690844,0.21012726124712083,0.7159385408595069,1.2111524529917945,0.2915127352732966,23.5,22,0.0,0.024664804615552413,2025.0,1.0,1
00-0033293,Aaron Jones,RB,MIN,ATL,0.0,0.0,0.0,1.8924557544976772,0.0,11.88509514293142,0.0,0.001224198324546227,0.03794947600489381,0.09591300286885261,0.05792815052642618,0.591142863853686,5.782693293978787,0.0,0.025194064649287785,6.720060786926053,1.53848045752086,29.901294476801354,3.377229143384235,0.4122786257962438,0.11426171255919465,0.29337786065426086,0.05940613030966481,-1.0413734021044563,47.91750926439806,0.4861987733578058,0.23533163960957873,0.15,0.41544864227327927,0.542687684151771,0.4423465529190415,1.3570812856920385,0.6993078860089404,24.5,1,0.18237002896316787,0.07990411666153162,2025.0,1.0,1
00-0033307,Kendrick Bourne,WR,SF,NO,0.24983376301236718,1.2654923184479674,0.2875214263747559,0.0,0.22750697949266743,0.07745213732348323,9.583807862362146,0.002303541205226716,0.08558608717771421,0.0,0.010334447124291764,0.5743163235608498,0.0,2.5727339399245683,1.0656487217392598,27.338710973747883,0.5267581216253024,24.611601646651373,2.386282015562561,1.6643405691264277e-05,0.01056999450124163,0.0,0.0,0.05354553707637307,0.46190753426465575,0.047237907373928766,0.25022883769246906,0.0714285746216774,0.0010079464191690844,0.21012726124712083,0.7159385408595069,1.2111524529917945,0.2915127352732966,23.5,22,0.0,0.012801874768288582,2025.0,1.0,3
00-0033319,Nick Mullens,QB,JAX,CIN,0.0,0.0,0.0,0.0,0.0,1.1379558428834955,0.0,0.0,0.0,0.0036970221713778497,0.0,0.21410409660498117,0.0,0.0,0.0,0.0,0.0,0.0,0.0,0.019843577519043278,0.0,0.0,0.0,0.21112337523651936,0.781925224635851,0.0,0.0,0.0,0.0316753864286811,0.3948760311448736,0.8919250545027676,1.0150011204882208,0.07487562553799428,23.25,6,0.0006285529860431848,0.0,2025.0,1.0,2
00-0033375,Tim Patrick,WR,JAX,CIN,0.439514343765036,1.7054812670605535,0.6976286047495885,0.0,-0.011688043914351106,0.0,11.824513674725889,0.007087835455932275,0.30974811759909165,0.0,0.12677414134908171,0.6305221123685444,0.0,3.8062033379223403,0.8737139107620459,23.092382420525034,0.4946089298076208,17.534684366029822,1.8938047197051877,0.0,0.08120260930237239,0.0,0.0,0.0,0.0,0.1797063737317398,0.17484078968116076,0.0625,0.0316753864286811,0.3948760311448736,0.8919250545027676,1.0150011204882208,0.07487562553799428,23.25,6,0.0,0.08242073942847519,2025.0,1.0,5
00-0033376,Patrick Ricard,RB,BAL,CLE,0.0,0.0,0.0,0.0,0.0,0.0,0.0,0.0,0.0,0.0,0.0,0.0,0.0,0.0,0.0,0.0,0.0,0.0,0.0,0.0,0.0,0.0,0.0,0.0,0.0,0.0,0.0,0.0,0.2039944349708976,0.7933440799528539,0.9036633454839689,0.820015937588493,0.0015008883795919214,28.5,7,0.0,0.0,0.0,0.0,4
00-0033526,Samaje Perine,RB,CIN,JAX,0.0,0.0,0.0,3.2351972491596543e-06,0.0,0.7012924125356204,0.0,0.0003167912453139995,0.013477313535875914,0.0028557134181405454,0.006453939467394803,0.26339487204554496,2.322246510340796e-05,0.0,5.162883988632462,1.7086980106533838,1.5647256239925023,17.331307452805966,1.7421223883143646,0.014481369699542088,0.0047228508739005585,5.818367063220573e-07,-8.747507530499617e-08,-0.22152778623979438,3.0843346915539342,0.01253924445619628,0.10435048906736709,0.0869565217391304,0.01539195920881597,0.23686800898980356,0.6551661597560544,0.5559186714604935,0.31172083281901036,26.25,14,0.009487703374056678,0.001472211007692273,2025.0,1.0,2
00-0033553,James Conner,RB,ARI,CAR,0.0,0.0,0.0,2.1309867836621557,0.0,12.101813466773413,0.0,2.5462353691450942e-05,0.0008435368840614601,0.4744364293953615,0.18047113648108717,0.5265780075614714,21.174587473279498,0.0,-3.283503636434595,-8.364444005715875,1.047301902268111,20.471018152893222,3.6017199663484267,0.5217835017889279,0.1776309980192366,0.28040963270819924,0.5688315010894165,-1.1073673095899945,57.42141696578677,0.6604173787051069,0.1509995380429391,0.137931034482759,0.4047746559437065,0.5886529225527634,0.6147391968722338,1.3568967221084152,0.11686833694898953,25.5,4,0.32076077083090726,0.020759439329097434,2025.0,1.0,1
00-0033555,Mack Hollins,WR,NE,MIA,0.2830206930004943,1.1760303640410077,0.25130342108005077,0.0,0.009260677866550692,3.849014457444767e-05,5.159285155827894,0.005289614356930684,0.14217061992561716,0.0,0.10551544867408436,0.6814065994954566,0.0,1.9434020348218737,0.7052228893809379,28.442982420538033,1.460580761484263,20.359461038568387,1.9557066366464089,0.0,0.13111418211884238,0.0,0.0,3.5902590930893393e-05,0.0004722270675689776,0.11329000315032212,0.20151649742520725,0.0444444444444444,0.5717123177444071,0.366684450851966,0.12050679215040297,1.1048768026963869,0.23563525676785815,21.5,19,0.0,0.14486501832761833,2025.0,1.0,4
00-0033572,Jamal Agnew,WR,ATL,MIN,0.5933707091767046,3.27968342566827,0.582448536356761,0.0,-0.35552052483677266,0.21003663728546304,11.135717316347142,0.0034428150757048657,0.15114685164784747,0.0,0.001953133211808689,0.1993707757754357,0.0,5.529481068028259,0.6534429541146761,28.35885657055619,0.6017714493771326,25.041586466693698,1.3078588259143389,0.007101476072695142,0.0947143985711618,0.0,0.0,-0.10794778100289498,0.20884602611352443,0.10657221943709357,0.17443046721073638,0.0,0.3000481741629133,0.10874913228338078,1.0512314081821592,0.8749991577640015,0.2129980550560807,20.0,20,0.0,0.08287501897789053,2025.0,1.0,6
00-0033576,Eric Saubert,TE,SEA,PIT,0.17280635073460904,0.8730563425813671,0.4088200436689153,0.0,0.007716943510321985,0.0,16.376458299524657,0.00842322396410219,0.35103434888584295,0.0,0.04868028075708978,0.3659926617299641,0.0,1.4715593845013815,0.6806478597962313,7.359072409844602,0.12745828592092742,7.196684817728472,1.3109246144789648,0.0,0.1185957030937305,0.0,0.0,0.0,0.0,0.1461069751702364,0.08438192195641435,0.0,0.6729064925588149,0.4191947719219354,0.6098905230063066,1.2347897022297165,0.00404824710031119,18.75,26,0.0,0.04971469870929793,2025.0,1.0,3
00-0033589,David Moore,WR,CAR,ARI,0.4037820772422703,1.5678767586753721,0.30772885116067444,0.0,-0.08316391465295339,0.10423099250922199,6.650135008194624,0.007155256351244512,0.21418051544287564,0.020824664136796706,0.018076521924221624,0.5008165388574777,0.0,3.340193557329982,0.4649533368093559,31.16502938532345,0.9075967937147746,16.169024373647613,1.3108824259934448,0.013016181725694931,0.09913446890520357,0.0,0.0,-0.14024454203189116,0.0004909475966223259,0.3354994500952503,0.20506199270018896,0.0,0.3874449549143641,0.04345606300835222,0.7776609787795629,0.5977972001182874,0.2526673747248363,19.0,0,0.0,0.05926230794674412,2025.0,1.0,5
00-0033591,Noah Brown,WR,WAS,GB,0.7549627177264083,4.090067743324631,0.7627313151242258,0.0,0.08780757893486713,0.00024397184592582296,19.770444565263563,0.010926459006747803,0.33828202310556016,0.0,0.0032659883791152466,0.5944011969452198,0.0,11.71105892999304,0.693240553486962,53.624161966198464,0.3834264518203305,35.70965085109456,3.0128805451489904,0.00012195882027758543,0.13161344410714956,0.0,0.0,-0.0002705801142754,-0.0002437008190725625,0.041252022982609535,0.42092464595999685,0.103448275862069,0.00988249693290696,0.042419559444668964,0.40477829806766363,0.9686790896230817,0.23802384129491655,22.5,11,0.0,0.12749119121987199,2025.0,1.0,3
00-0033662,Cooper Rush,QB,BAL,CLE,0.0,0.0,0.0,0.0,0.0,2.471044702408781,0.0,0.0,0.0,0.0,0.0,0.9244326708619531,0.0,0.0,0.0,0.0,0.0,0.0,0.0,0.09834785007550902,0.0,0.0,0.0,-1.7285622103980014,1.2783758756602182,0.0,0.0,0.0,0.2039944349708976,0.7933440799528539,0.9036633454839689,0.820015937588493,0.0015008883795919214,28.5,7,0.02006241410675601,0.0,2025.0,1.0,2
00-0033699,Austin Ekeler,RB,WAS,GB,0.0,0.0,0.0,0.36147179449333583,0.0,6.269002925922347,0.0,6.792017285088064e-05,0.002583124953324075,0.09009848307528832,0.0009566518599769153,0.5501833432588934,3.3788410269224753,0.0,-7.241786693170509,-5.37846264962816,1.17220552918798,27.969537417820757,2.970725973476385,0.18633508761644055,0.024581384536587304,0.04654790898649103,-0.06332548260628958,-0.17548825523716322,24.180528593820377,0.13897258639972734,0.15421932187353118,0.103448275862069,0.00988249693290696,0.042419559444668964,0.40477829806766363,0.9686790896230817,0.23802384129491655,22.5,11,0.0754243996356718,0.005850955571745972,2025.0,1.0,1
00-0033757,Robert Tonyan,TE,KC,PHI,0.004008455001406197,0.00357544131521459,0.002787625186138417,0.0,-0.0009159192571435927,0.0,0.05200623509616771,0.018114358887883066,0.29273766214121555,0.0,6.800730188570426e-06,0.3918681857618618,0.0,0.010350464693313778,0.8061848145523103,19.88893620279809,0.37021428488035485,12.48507580999851,1.0004133408962994,0.0,0.11554379847065209,0.0,0.0,0.0,0.0,0.0051519949443469045,0.1582212962780108,0.0625,0.022508549051636805,0.22290272216463763,0.6833722184349974,0.946304037756645,0.0009573318179038651,22.5,25,0.0,0.025755027208350646,2025.0,1.0,3
00-0033854,Dare Ogunbowale,RB,HOU,TB,0.0,0.0,0.0,0.020425564686974686,0.0,1.5935964519143504,0.0,0.0010003171385711354,0.032143739942456145,5.6424844671757174e-05,0.029900881714594197,0.2470303683308659,0.09577478113684142,0.0,1.477497608782018,3.7492242837733434,-1.4356765660606934,12.428647302242446,1.257372724154301,0.030941102994762184,0.06355048564523934,0.001444250984844288,-0.007389031824108275,-0.6531810982465094,7.230211743868865,0.005068001309561771,0.10662391117002809,0.0740740740740741,0.3833797721242485,0.05472500589934953,0.15478636779183097,0.8740708578517371,0.3235987313450722,22.5,29,0.004789260948032182,0.020564856531162672,2025.0,1.0,3
00-0033857,JuJu Smith-Schuster,WR,KC,PHI,1.0395689217213169,1.7935038422045113,1.0151096406277278,0.0,0.6845852547515081,1.3510309518781748e-06,30.279013545032125,0.0006419109717345346,0.021949043564349433,1.0411767508308995e-07,0.007259926994147472,0.6680156811834099,0.0,3.7799367843931613,1.766062020456231,16.503313034389624,1.056368034577459,24.63331411811199,2.351771420912498,1.0411767508308995e-07,0.027405732645772486,0.0,0.0,-1.214434629649872e-07,4.053092855634524e-06,0.0852316540399799,0.1897290851375788,0.131578947368421,0.022508549051636805,0.22290272216463763,0.6833722184349974,0.946304037756645,0.0009573318179038651,22.5,25,0.0,0.025934155460373604,2025.0,1.0,3
00-0033858,Jonnu Smith,TE,PIT,SEA,4.468234615061846,2.0612904533250966,2.957548746091744,0.0,-0.29974170832371294,0.03076870301799561,64.91061045186716,0.009744992762480392,0.3982067386747999,2.1164611086970687e-05,0.2713184151341443,0.6084513829769106,0.0,9.124760976202595,2.499775295946629,22.75155989708971,2.291207206410087,42.565618964191266,6.0862269480551365,0.009047800296951786,0.3092522846966471,0.0,0.0,-0.018453046632147738,-0.003593148522170881,0.8153261961648864,0.4030290090465555,0.206896551724138,0.020802770482795295,0.7968017619632698,0.11837821229128537,0.8396172336508811,0.09116215491932625,21.75,27,0.0,0.24641276533745515,2025.0,1.0,1
00-0033869,Mitchell Trubisky,QB,BUF,NYJ,0.0,0.0,0.0,0.0,0.0,2.7947191528222977,0.0,0.0,0.0,0.02567608642780196,0.0,0.34558990205986767,0.0,0.0,0.0,0.0,0.0,0.0,0.0,0.06661245264530546,0.0,0.0,0.0,-2.048867826669537,3.0429382466131853,0.03792300698452524,0.0,0.0,0.2607154342727115,0.6905793882853771,0.6120001623258199,1.2809942195805868,0.2868257926037341,26.75,24,0.017366894519391243,0.0,2025.0,1.0,2
00-0033873,Patrick Mahomes,QB,KC,PHI,0.0,0.0,0.0,0.0,0.0,3.7190704576026143,0.0,2.409192032081857e-13,1.2045960160409296e-11,0.00191757356590006,6.022980080204648e-12,0.9885427193532517,0.0,0.0,0.0,-0.0013395045069828524,-0.0005276793390117381,0.002642133885224507,0.0013149207136006493,0.24975204319420358,1.3384400044388548e-12,0.0,0.0,2.8390039320443,30.0049037072431,0.43854708557865796,6.719107201842366e-05,0.0,0.022508549051636805,0.22290272216463763,0.6833722184349974,0.946304037756645,0.0009573318179038651,22.5,25,0.005621556114983245,0.0,2025.0,1.0,1
00-0033881,Evan Engram,TE,DEN,IND,2.4497000916296447,3.3013616456583916,2.640361876466671,0.0,0.017824285740900458,2.3432628263370807e-05,51.07739514376167,0.0016372188979543259,0.05790205387640848,4.546148194500152e-10,0.09711950400833701,0.6245391849148171,0.0,10.490762192695433,1.610020838900832,29.3085737913027,0.6746295009413483,33.72567591629872,4.696308393673762,2.271081963942265e-08,0.09049021289692145,0.0,0.0,2.3309945216510927e-05,0.00030080773277382404,0.052247304597521,0.3897389702088327,0.108108108108108,0.1707737633777302,0.25907362992185967,0.6504177096192277,1.1232882050890116,0.3136954188287896,22.5,13,0.0,0.023443627927607322,2025.0,1.0,1
00-0033885,David Njoku,TE,CLE,BAL,3.8342960090512284,5.69267612046487,2.6474592902777285,0.0,1.4806850069580781,6.86197947381105e-06,59.52030814197204,0.024485997112273738,1.0582828620999831,0.0,0.16806750182206107,0.811451637278668,0.0,21.604019259960406,1.0161556405135965,57.473427224994786,-1.6276220409465294,47.114786606549096,5.73515145123419,0.0,0.34418692510826737,0.0,0.0,-9.405245330857733e-06,-1.6807632265194004e-05,0.30498730884848324,0.501943735834721,0.142857142857143,0.6643675657351072,0.6766129411731504,0.4835107079562128,0.581792831983949,0.12240871327035403,17.0,2,0.0,0.23288132771084763,2025.0,1.0,1
00-0033891,Zay Jones,WR,ARI,CAR,0.5069181925258704,3.3961147434116805,0.8965802188125628,0.0,-0.012471247691265005,0.0007997867169339856,21.05300121190124,0.000982535411908022,0.04416794985808291,8.263973707487996e-06,0.005280612693814111,0.46191085849753427,0.0,7.71727085334722,1.0588333097156915,28.92108349062826,0.04377975085536494,18.8698873545087,1.9237275622076637,1.0341918616103701e-05,0.01587802977006337,0.0,0.0,-0.0005548361194764428,-0.0009296385705422296,0.0062724432276508235,0.19042315581866695,0.0344827586206897,0.4047746559437065,0.5886529225527634,0.6147391968722338,1.3568967221084152,0.11686833694898953,25.5,4,0.0,0.021544846548538818,2025.0,1.0,3
00-0033906,Alvin Kamara,RB,NO,SF,0.0,0.0,0.0,2.046170769543629,0.0,13.376796052947714,0.0,2.50380480718491e-08,9.184712084341589e-07,0.4370834360057916,2.9631795876641326e-05,0.7007607786045501,18.672914485833502,0.0,0.4606506528115726,8.56407149639262,-0.44877910716801395,31.31062645898816,3.8419547884018064,0.47710074711545214,0.027665650123502857,0.27951147500384094,0.017880723411316406,-2.1765806727095454,51.895160567431994,0.518181270886726,0.24822869236534512,0.0487804878048781,0.0687549655940788,0.3835530124170316,1.168760669635824,1.2494945090869056,0.015669534598864422,19.0,28,0.5576165886824077,0.0004335078618103058,2025.0,1.0,1
00-0033908,Cooper Kupp,WR,SEA,PIT,0.9244968651028677,2.380562287512448,0.7999126496542479,0.0,0.1425981958384172,0.012928276783042796,16.96080133063497,0.007594446241736757,0.21429501896047032,0.0,0.03690431029165451,0.8455127767937126,0.0,7.610420535215787,0.844857407119442,36.68380548381709,-0.5258025673124681,31.615410419339494,2.7142707790193845,0.0012664491367123693,0.04525567429677044,0.0,0.0,-0.0013812036930603226,0.04374232147271077,0.16227173278811663,0.392039006074004,0.136363636363636,0.6729064925588149,0.4191947719219354,0.6098905230063066,1.2347897022297165,0.00404824710031119,18.75,26,0.0,0.0558812405891142,2025.0,1.0,2
00-0033921,Chris Godwin Jr.,WR,TB,HOU,4.855766643748673,5.850133455030666,3.1493373082498892,0.0,1.8698123598469722,0.1926933393001974,78.2086270877783,0.008605035813465781,0.3023845817170811,8.059088585701792e-08,0.19791228174904002,0.8818208373858035,0.0,24.168832024652172,1.6014155072892204,54.11039901907107,4.0687583734724155,80.43717321025277,7.212937171403703,0.0010102684258348437,0.15693461597367597,0.0,0.0,0.23514836889437357,0.5226807934966602,0.39491502120968347,0.5698714063744896,0.2000000029802322,0.2513759927260177,0.7233072743850615,0.6101352841003179,0.5829015487383274,0.009079454985036099,20.0,12,0.0,0.09147743070171038,2025.0,1.0,2
00-0033923,Kareem Hunt,RB,KC,PHI,0.0,0.0,0.0,0.9927519087535812,0.0,9.20457362400903,0.0,0.001025564889615739,0.037945892510727226,0.43264986996265425,0.023813002961209622,0.42732714993894416,8.662356839451617,0.0,0.5393134131107058,-2.341099545814705,0.19180951423119458,10.114635976070808,1.4555359983190264,0.3452222199201762,0.027914994987857756,0.11441178598735438,-0.23748597621011586,0.7700913127521062,31.745430453557145,0.389970654613874,0.0795883269592897,0.0789473684210526,0.022508549051636805,0.22290272216463763,0.6833722184349974,0.946304037756645,0.0009573318179038651,22.5,25,0.23591527427990536,2.6723912898503148e-05,2025.0,1.0,2
00-0033943,Josh Reynolds,WR,NYJ,BUF,0.25762055612322043,0.6658458763030917,0.1878603412411179,0.0,0.083021390401529,2.765580111634418e-08,4.413160274806757,0.010171918287304798,0.312700626808505,0.0,0.00736334340871655,0.6388963558712072,0.0,1.3985465893130629,0.4570976611441935,25.20122503067881,0.039776491828031973,14.214376393586706,1.2529778258911746,4.609300278243369e-09,0.09182093629731726,0.0,0.0,3.729988796426927e-09,1.3827900558172093e-07,0.08020885416033104,0.2228109440176659,0.142857142857143,0.4934356054882013,0.3060545987566863,0.9263675130401681,1.4381485327529986,0.11416938876997434,19.75,3,0.0,0.13205214481199337,2025.0,1.0,2
00-0033949,Joshua Dobbs,QB,NE,MIA,0.0,0.0,0.0,0.0,0.0,5.297907034110299,0.0,0.0,0.0,0.17156309189547717,0.0,0.7672733856323964,0.0,0.0,0.0,0.0,0.0,0.0,0.0,0.261872946637135,0.0,0.0,0.0,-0.638245158403467,19.98883659731733,0.7069596880064116,0.0,0.0,0.5717123177444071,0.366684450851966,0.12050679215040297,1.1048768026963869,0.23563525676785815,21.5,19,0.1497159892764739,0.0,2025.0,1.0,2
00-0033955,Jeremy McNichols,RB,WAS,GB,0.0,0.0,0.0,2.134573610226057e-05,0.0,3.021950697172044,0.0,1.7706618447367702e-05,0.0004780786980789281,0.1559020752551165,0.0,0.24346122187478686,0.00027378663778153525,0.0,1.1486971110281008,2.571091832721776,0.045408210953621936,3.316599887382718,1.143443366292522,0.09058799598226011,0.027817250714890843,1.3385124513763938e-06,-8.80457186206569e-06,-0.0756866195742935,14.382359973522155,0.03581125380151865,0.07134957994769671,0.0,0.00988249693290696,0.042419559444668964,0.40477829806766363,0.9686790896230817,0.23802384129491655,22.5,11,0.0366680548390596,0.006621168869422082,2025.0,1.0,3
00-0034115,Jeff Wilson,RB,MIA,NE,0.0,0.0,0.0,0.15366901396043559,0.0,5.479253046875818,0.0,0.0042084307491444765,0.10941919947775655,0.21446163097640286,0.0,0.3400848760179625,0.0,0.0,0.6620064343877561,6.4943122328516605,-0.005903635373700761,6.215374848680283,1.2704069704125065,0.44129284336160673,0.036473067222046844,0.015225306049780594,-0.026162526487751685,-0.06901108555422258,26.659139851421656,0.0,0.09338062542083111,0.0,0.054277742381471206,0.09168588038453629,0.9339513667694092,0.942309537035285,0.442772862775828,23.0,21,0.4121460542031314,0.016149284388120896,2025.0,1.0,4
00-0034159,Will Dissly,TE,LAC,LV,1.226017792379825,1.5589877179243499,0.9909397964612247,0.0,0.30064169560446985,0.0,24.06576769451849,0.007174739111768235,0.23118634917402628,0.0,0.10204083046361047,0.5497330232784695,0.0,3.50330200926112,2.479607506064203,12.826194284668624,1.3531081670642184,27.198800855837984,2.5589987068180253,0.0,0.07486894692019688,0.0,0.0,0.0,0.0,0.2433404853603596,0.18147288694578584,0.0294117647058824,0.01369597288205726,0.44255367496101533,0.41568276454145103,0.9219208273604723,0.07250375529578955,25.0,18,0.0,0.03313352759999432,2025.0,1.0,1
00-0034270,Tyler Conklin,TE,LAC,LV,2.627122719180546,1.7720720027953019,1.7383103993505746,0.0,-0.26946439692143476,0.32413936258183607,31.617319569024474,0.006486587319144884,0.23682623312859002,1.0841074573034233e-08,0.13810007066874264,0.5838134007575194,0.0,5.100054217683098,1.7277314872645873,25.31137049507157,1.5653307426324838,38.01108926899584,3.3538327453809322,6.898865223453505e-09,0.09194536125443273,0.0,0.0,0.02804187245954643,0.5714308872017383,0.3735606399868143,0.25204947330730404,0.0588235294117647,0.01369597288205726,0.44255367496101533,0.41568276454145103,0.9219208273604723,0.07250375529578955,25.0,18,0.0,0.040690757518767356,2025.0,1.0,2
00-0034272,Marquez Valdes-Scantling,WR,SF,NO,3.045404613007016,8.762907980621565,1.3874012631209185,0.0,-0.004332246706308118,0.1457726726898888,20.878907203417896,0.01716875978290637,0.6849665918975225,0.0,0.03794884753435706,0.7012464700889139,0.0,21.076980527370882,0.40170694909465177,83.80379536971469,0.13966475919299387,35.93268374052438,1.9887631749024095,2.4848746106788675e-10,0.07699121462720757,0.0,0.0,-0.039410676563906316,0.583090156097958,0.16562511275843445,0.4390348988992348,0.2051282078027725,0.0010079464191690844,0.21012726124712083,0.7159385408595069,1.2111524529917945,0.2915127352732966,23.5,22,0.0,0.09324809845456017,2025.0,1.0,4
00-0034348,Courtland Sutton,WR,DEN,IND,1.7698628291479932,13.091481030776494,2.112914130735493,0.0,0.2569815852035506,5.4205370166598914e-08,65.88697199278576,0.03943371793940497,1.2902455459663345,0.0,0.03795585714249629,0.863940643528007,0.0,54.31974914090725,0.6796318358413304,108.13079961777275,3.3013445849969547,69.40873725185399,5.392887367598314,0.0,0.4025877388118019,0.0,0.0,9.26232959379992e-09,2.710268508329945e-07,0.7788820822398874,0.7494791981339357,0.243243243243243,0.1707737633777302,0.25907362992185967,0.6504177096192277,1.1232882050890116,0.3136954188287896,22.5,13,0.0,0.45222205852075276,2025.0,1.0,1
00-0034351,Dallas Goedert,TE,PHI,KC,3.4050289528662456,4.353110494840927,2.599960087927697,0.0,-0.49933816148991955,0.0025712212958230517,63.89591424647793,0.018018535203271967,0.3792841576778841,0.0,0.10773959103794158,0.6321869434372299,0.0,19.21095806880121,1.2128708119509186,34.22581463945809,2.2724107857180864,43.43609710481639,4.70693760739278,0.00023374738819189448,0.22753309161782276,0.0,0.0,-0.0011816256487520388,0.0025712212958230517,0.2049902962868502,0.5078183453838222,0.35,0.17599553997256578,0.15688783798774497,0.4105234793758919,1.977903317213997,0.0006975286717756033,24.0,15,0.0,0.03569717481458771,2025.0,1.0,1
00-0034365,Ian Thomas,TE,LV,LAC,1.3650021117668769e-05,3.096924880413284e-05,1.9965846971297177e-05,0.0,-3.5966761027186076e-06,0.0,0.00034573756658539214,0.0006050783241979298,0.019362792110311684,0.0,1.2906041408420712e-08,0.34091667498437256,0.0,6.244512936545981e-05,1.0092790295751497,9.183745702043336,-1.121418271908225,4.149242583820174,0.9806637757525204,0.0,0.02079203413820599,0.0,0.0,0.0,0.0,3.871812345089967e-08,0.14210659077955004,0.0399999991059303,0.320426504326425,0.517388999653759,0.17258718809061602,0.8718944463927459,0.1794531590390648,21.5,17,0.0,0.010757569743533204,2025.0,1.0,3
00-0034383,Dalton Schultz,TE,HOU,TB,2.9942259412333603,3.9043293474218483,2.9919919551472116,0.0,0.20940086987063167,0.0,36.42008409490454,0.005511412456709217,0.2137930644333969,0.0,6.20832115858045e-05,0.6587401918992232,0.0,9.697977274877475,0.9770278746710338,33.87408474465488,0.8338838373211555,30.310418536544567,3.114818960802179,0.0,0.09075150010011819,0.0,0.0,0.0,0.0,0.15751140102313094,0.3545690007796917,0.185185185185185,0.3833797721242485,0.05472500589934953,0.15478636779183097,0.8740708578517371,0.3235987313450722,22.5,29,0.0,0.004966376378353787,2025.0,1.0,1
00-0034386,Justin Watson,WR,HOU,TB,0.00750307244830579,0.011925828499110868,0.0022506549601268642,0.0,-0.005662467080028036,0.0,0.054065762919963525,0.007880334682373038,0.31827084343689993,0.0,0.00033710740352832876,0.6142323133845772,0.0,0.03516178157401393,0.8884307910984091,33.951318076099405,1.219346079661662,20.55891973541747,1.3561268729371967,0.0,0.020574996263733675,0.0,0.0,0.0,0.0,0.1999845255158791,0.24650773999294137,0.0740740740740741,0.3833797721242485,0.05472500589934953,0.15478636779183097,0.8740708578517371,0.3235987313450722,22.5,29,0.0,0.01798400463453798,2025.0,1.0,5
00-0034407,Ray-Ray McCloud,WR,ATL,MIN,1.7785329926606719,7.259595452464947,1.4857833612556919,0.0,1.896044978027683,0.39335282304970093,38.501070206180934,0.0006217731562281586,0.015151489066015999,4.780528270793503e-10,1.2010377862539623e-07,0.7849856557823737,0.0,12.342442456774231,1.802526121683753,40.69439630706339,0.9211627016953091,44.84360114339518,3.1565110674796926,0.018221580074502933,0.04724869473213389,0.0,0.0,0.19633657761634407,3.406024878866581,0.013878300267474126,0.30656430525675765,0.119047619047619,0.3000481741629133,0.10874913228338078,1.0512314081821592,0.8749991577640015,0.2129980550560807,20.0,20,0.0,0.04134256809606557,2025.0,1.0,3
00-0034411,Russell Gage,WR,SF,NO,1.942620892359318,3.5256590578448317,1.954275412456151,0.0,0.5611352471927785,4.615267811259562e-05,39.42052908906173,0.018836288620421304,0.7484415062757379,0.0,0.3634910492603545,0.5429844343370908,0.0,10.987089870653223,1.3051434809489446,30.217743113882182,2.8707651837205037,32.97719933028231,3.746063445105299,4.211858725764442e-06,0.27383218396613135,0.0,0.0,2.978406775575528e-05,0.0004972800116926675,0.4796840832304946,0.2912765812058801,0.1818181872367859,0.0010079464191690844,0.21012726124712083,0.7159385408595069,1.2111524529917945,0.2915127352732966,23.5,22,0.0,0.33165252131868034,2025.0,1.0,6
00-0034419,Braxton Berrios,WR,HOU,TB,0.01774469271994068,0.07743308547968539,0.024688380832680278,0.0,0.0004203565133702556,0.006097407168504843,0.6320185729219336,0.0054259445945675075,0.21143745103352946,3.5422766854521284e-06,0.0001596487305483873,0.38975842153750256,0.0,0.1395272812259818,1.110828759334031,7.891411343629869,-1.6319776394351653,3.908746793051237,0.6255034160405378,1.1900657402020724e-05,0.020426951155670194,0.0,0.0,0.00397254715008819,0.06334275998954472,0.005161624512507385,0.09369745662314972,0.0322580635547637,0.3833797721242485,0.05472500589934953,0.15478636779183097,0.8740708578517371,0.3235987313450722,22.5,29,0.0,0.01785460271993218,2025.0,1.0,7
00-0034487,Trent Sherfield,WR,DEN,IND,0.0027688297682856426,0.01097126650306198,0.0020400449217203315,0.0,0.0014675337119852765,0.0,0.03524131374183331,0.0008407530482803941,0.03312838886361091,0.0,0.0001151564391153879,0.2340137763198603,0.0,0.02004383927521032,1.2361806421324046,4.469991902735921,0.6043323020883342,8.009256540762431,1.016464372829918,0.0,0.15756284863430986,0.0,0.0,0.0,0.0,0.06721611290589878,0.06096218600392136,0.027027027027027,0.1707737633777302,0.25907362992185967,0.6504177096192277,1.1232882050890116,0.3136954188287896,22.5,13,0.0,0.17698848943114553,2025.0,1.0,5
00-0034521,Allen Lazard,WR,NYJ,BUF,0.7499610486812756,1.9438984689862349,0.7638022527791035,0.0,0.07346203151976952,0.0001274512688295972,12.2618554361216,0.0034291415123024744,0.13763580382951268,0.0,0.013073745227108148,0.8263167979143324,0.0,4.838356289193556,0.8950423596404691,47.09480108195068,1.6683006118556363,37.42761367563724,2.1961819886571456,0.0,0.08390835430306791,0.0,0.0,-0.00025383872897570303,4.940833403812421e-06,0.3719662590075612,0.31838621485704616,0.0857142880558967,0.4934356054882013,0.3060545987566863,0.9263675130401681,1.4381485327529986,0.11416938876997434,19.75,3,0.0,0.12067267662667587,2025.0,1.0,5
00-0034577,Kyle Allen,QB,DET,CHI,0.0,0.0,0.0,0.0,0.0,1.5042183101960913,0.0,0.0,0.0,0.005021476115099686,0.0,0.12042424358004841,0.0,0.0,0.0,0.0,0.0,0.0,0.0,0.031514526466238195,0.0,0.0,0.0,-1.3143024495790891,-0.8483587001377967,0.0025878561714593323,0.0,0.0,0.3055564827482153,0.18146581117327829,0.8996269535308904,0.7829102668390547,0.2865915302846011,26.0,5,0.009629467862499285,0.0,2025.0,1.0,2
00-0034613,Tanner Hudson,TE,CIN,JAX,0.3578613237219564,0.2354143686288911,0.3628198689442347,0.0,0.01398958684988686,0.05312569141380435,5.76920761441579,0.0009489610127932469,0.053137497438935116,0.0,0.025297948646459064,0.1401618922574089,0.0,0.4556646731690138,2.8161088200840574,7.207609179679175,1.2906945879849017,15.912417779671358,1.765132818301018,0.0,0.031400254992904046,0.0,0.0,0.09336904508698352,0.05312569141380435,0.056725507471378125,0.09211365811781586,0.0217391308397054,0.01539195920881597,0.23686800898980356,0.6551661597560544,0.5559186714604935,0.31172083281901036,26.25,14,0.0,0.00743771588194132,2025.0,1.0,4
00-0034753,Mark Andrews,TE,BAL,CLE,0.8682188216910187,5.46426653635436,0.940122004810538,0.0,-0.12045908138712898,0.3994073198033627,28.626632085556245,0.031004914129586298,0.7467533753244436,0.0,0.1497750286547456,0.7009851892056669,0.0,14.698083944349198,1.3244779786857275,47.17064518953722,2.536923139893608,36.86745243469496,2.788710815295013,0.03402253243480483,0.23029189120791155,0.0,0.0,0.0039802198812579235,0.28627630335855164,0.6612707979029065,0.35986430907014977,0.0526315789473684,0.2039944349708976,0.7933440799528539,0.9036633454839689,0.820015937588493,0.0015008883795919214,28.5,7,0.0,0.1827007085509433,2025.0,1.0,1
00-0034771,Mason Rudolph,QB,PIT,SEA,0.0,0.0,0.0,0.0,0.0,2.9759291579077543,0.0,0.0,0.0,0.0034652790139941664,0.0,0.7654155790310214,0.0,0.0,0.0,0.0,0.0,0.0,0.0,0.09668556026573913,0.0,0.0,0.0,0.8134578823318321,11.789076277743922,0.053248863440639935,0.0,0.0,0.020802770482795295,0.7968017619632698,0.11837821229128537,0.8396172336508811,0.09116215491932625,21.75,27,0.0020113275192086438,0.0,2025.0,1.0,2
00-0034775,Christian Kirk,WR,HOU,TB,3.605164596225154,9.004531406916033,1.5459320410829152,0.0,1.771501307094044,0.0020807276492703962,30.268877781853472,0.017329183218284302,0.46201447567764686,0.0,0.13136144259794968,0.6525397665584431,0.0,19.098067940624706,0.7198049631048496,78.03075671550177,0.6135293385285105,50.192816980769365,2.8747230570834748,0.0,0.10953160246952053,0.0,0.0,-0.0011568237595136607,0.011595547393101771,0.08189293789014515,0.47503195005934873,0.1666666716337204,0.3833797721242485,0.05472500589934953,0.15478636779183097,0.8740708578517371,0.3235987313450722,22.5,29,0.0,0.09573838173240926,2025.0,1.0,2
00-0034791,Nick Chubb,RB,HOU,TB,0.0,0.0,0.0,1.8655720732012804,0.0,12.0997122455594,0.0,0.0002432907337111819,0.007055431277624284,0.08295625364090167,0.02441238518069121,0.4274124701027428,12.858500772073826,0.0,0.4426340501749447,1.362130387762298,-2.128415071191884,3.3394603188929555,0.4347026322004904,0.15886435803147594,0.015368855471753502,0.30613907283096875,0.38632134008879443,-1.9539364927878433,49.072953162806165,0.20726331552478022,0.058354590671869565,0.037037037037037,0.3833797721242485,0.05472500589934953,0.15478636779183097,0.8740708578517371,0.3235987313450722,22.5,29,0.024590036951273153,0.004973342132885205,2025.0,1.0,1
00-0034796,Lamar Jackson,QB,BAL,CLE,0.0,0.0,0.0,0.0,0.0,6.96539002497603,0.0,0.0,0.0,0.005621098474778723,0.0,0.7463964263817919,0.0,0.0,0.0,0.0,0.0,0.0,0.0,0.27390382243871453,0.0,0.0,0.0,5.188587230850992,65.55281759627798,0.48584013985065577,0.0,0.0,0.2039944349708976,0.7933440799528539,0.9036633454839689,0.820015937588493,0.0015008883795919214,28.5,7,0.05587485549475463,0.0,2025.0,1.0,1
00-0034798,Durham Smythe,TE,CHI,DET,0.008472271666718845,0.011714113913438278,0.008561139589493349,0.0,0.0018673138012666585,9.393898010701392e-06,0.18912692678365717,0.007286556792244968,0.2959077923601784,3.073114506495641e-06,0.14624657505003236,0.29353261429542954,0.0,0.01706753832328202,0.6084481610099772,6.203319597571538,-0.2020620366785573,4.094108127955861,0.6181779742955669,2.415621800057346e-06,0.028365718791840567,0.0,0.0,1.1157493585544215e-06,3.5193331137070816e-06,1.1506406294288564e-05,0.07316043722845862,0.0270270276814699,0.4492361330256993,0.4458114954562155,0.6319974805689496,0.9034941704066157,0.22014637083599872,20.5,10,0.0,0.012645763514280917,2025.0,1.0,3
00-0034827,DJ Moore,WR,CHI,DET,4.367680517948111,8.399520243473896,3.579195779356,0.0,1.8805386743064452,1.7577803999251436,74.01760175398205,0.01419269337310555,0.514539263638662,0.0,0.08736270183303826,0.9179122640019342,0.0,26.13986958908908,2.8122907151195355,61.62274772292277,1.5877821581296916,67.52710332655089,6.0212600305057125,2.908975991999841e-05,0.314057368456403,0.0,0.0,-0.09666270956697486,7.0112091796634495,0.27607406246741123,0.6045716114150737,0.147058823529412,0.4492361330256993,0.4458114954562155,0.6319974805689496,0.9034941704066157,0.22014637083599872,20.5,10,0.0,0.28374900157360267,2025.0,1.0,1
00-0034829,Mike Gesicki,TE,CIN,JAX,1.5937561881052957,2.703135896864361,1.3602775418877109,0.0,-0.13943198783133776,0.0,35.54052662858448,0.017704242137952086,0.5276413713562018,0.0,0.2663702358917831,0.45416814334062006,0.0,10.141789682033728,1.1226059303614706,37.786633488059856,1.6541440917391246,41.09030402386573,4.426032917087148,0.0,0.19086531217651567,0.0,0.0,0.0,0.0,0.014374999901896779,0.3462170586522434,0.130434782608696,0.01539195920881597,0.23686800898980356,0.6551661597560544,0.5559186714604935,0.31172083281901036,26.25,14,0.0,0.04520988648046858,2025.0,1.0,2
00-0034837,Calvin Ridley,WR,TEN,LA,3.7553920007971757,14.016638732210847,3.119320368455968,0.0,1.0501286303754644,0.6436901792424123,59.397895104305476,0.0025769297012559218,0.07877286110962445,0.0,0.028244257553975798,0.8239664573670168,0.0,33.971905748645575,0.6420236013104449,90.24336174606593,2.148953752143545,58.57018179663135,3.90870084566221,0.0006510888087704562,0.07521428448110933,0.0,0.0,-0.24967657190402376,1.9116704263252116,0.12044194547460842,0.5958321471188998,0.32,0.16017826304580493,0.5702544836979172,0.09401781950329521,0.7686121017115329,0.05324944836641776,18.0,16,0.0,0.057810609273754573,2025.0,1.0,1
00-0034844,Saquon Barkley,RB,PHI,KC,0.0,0.0,0.0,2.920818252360436,0.0,23.353312985613876,0.0,0.0006345065928053127,0.015743084487381608,0.444282055160297,0.002568147630515884,0.7580978978570317,28.84301038534668,0.0,1.2188799193649555,3.8711553502353744,0.36859514785712383,13.147310385235444,2.202136937828735,0.5774315115601112,0.34292445839418073,0.44182579927451865,1.002018917375918,1.2784841254435877,115.59533488033763,0.5762766310708787,0.22163479303651656,0.25,0.17599553997256578,0.15688783798774497,0.4105234793758919,1.977903317213997,0.0006975286717756033,24.0,15,0.23704919322693738,0.00023919964198306103,2025.0,1.0,1
00-0034854,KhaDarel Hodge,WR,ATL,MIN,0.011655997994798077,0.07689080582277048,0.012791100841190142,0.0,0.01194688161816044,0.0009370341771254819,0.18467039883435096,0.011077268409585814,0.435475868616976,0.0009370341771254819,7.332566573217191e-05,0.41967988273450924,0.0,0.14396917755715877,1.1996274991041258,26.963505401757836,0.4656166540524635,13.514915202905287,0.7938808909871119,0.0001874068354250965,0.0741400049384408,0.0,0.0,-0.0006114601274901655,0.0,0.05324858132887047,0.13376297442046992,0.0238095238095238,0.3000481741629133,0.10874913228338078,1.0512314081821592,0.8749991577640015,0.2129980550560807,20.0,20,0.0,0.06487244187775462,2025.0,1.0,5
00-0034855,Baker Mayfield,QB,TB,HOU,0.0,0.0,0.0,0.0,0.0,4.443179520861272,0.0,0.0,0.0,0.0012552600071155347,0.0,0.974338574848272,0.0,0.0,5.553091486937502e-11,2.3137880276156167e-10,8.19353192251121e-11,2.776545633138742e-10,4.627576055231234e-11,0.04170401787743221,0.0,0.0,0.0,2.0274429980068236,34.266828387526814,0.031161495349354067,2.9478548064213245e-12,0.0,0.2513759927260177,0.7233072743850615,0.6101352841003179,0.5829015487383274,0.009079454985036099,20.0,12,0.010483388894603112,0.0,2025.0,1.0,1
00-0034857,Josh Allen,QB,BUF,NYJ,0.0,0.0,0.0,0.0,0.0,8.946304143531576,0.0,0.0,0.0,0.4410137638241923,8.710875125128809e-11,0.9549576232351331,0.0,0.0,0.0,-1.5678311329135413e-11,7.195478670740671e-12,3.762794718992501e-11,3.135662265827083e-12,0.3938813864280334,3.217191361208312e-11,0.0,0.0,3.0243787534517517,35.26475592967605,0.7970124223976451,6.842069790794785e-14,0.0,0.2607154342727115,0.6905793882853771,0.6120001623258199,1.2809942195805868,0.2868257926037341,26.75,24,0.10269095671452241,0.0,2025.0,1.0,1
00-0034869,Sam Darnold,QB,SEA,PIT,0.0,0.0,0.0,0.0,0.0,2.9456525073600375,0.0,0.0,0.0,0.062950354084475,0.0,0.9961345753322203,0.0,0.0,0.0,0.0,0.0,0.0,0.0,0.027180763624232204,0.0,0.0,0.0,0.10488499595238565,9.179459935813668,0.020045972047914664,0.0,0.0,0.6729064925588149,0.4191947719219354,0.6098905230063066,1.2347897022297165,0.00404824710031119,18.75,26,0.018290112315452314,0.0,2025.0,1.0,1
00-0034959,Andrew Beck,RB,NYJ,BUF,0.0,0.0,0.0,0.0,0.0,0.0,0.0,0.0,0.0,0.0,0.0,0.0,0.0,0.0,0.0,0.0,0.0,0.0,0.0,0.0,0.0,0.0,0.0,0.0,0.0,0.0,0.0,0.0,0.4934356054882013,0.3060545987566863,0.9263675130401681,1.4381485327529986,0.11416938876997434,19.75,3,0.0,0.0,0.0,0.0,4
00-0034960,Jakobi Meyers,WR,LV,LAC,3.159366887164273,10.58317915619886,2.4970079491878474,0.0,1.265719906153672,0.02286515286617125,69.8171545332919,0.026273819469953153,0.9528303929204825,0.0013118475991136381,0.1339879389339948,0.916211008570805,0.0,31.815955018024855,0.8939895881872763,97.28732060446035,3.232396946986472,84.78633849741479,6.675672966291586,0.0002029979531822155,0.16978589694457683,0.0,0.0,0.034360650606554514,0.401271904275098,0.3655778883463778,0.6341983692385557,0.303030303030303,0.320426504326425,0.517388999653759,0.17258718809061602,0.8718944463927459,0.1794531590390648,21.5,17,0.0,0.14803538062178762,2025.0,1.0,1
00-0034975,Justice Hill,RB,BAL,CLE,0.0,0.0,0.0,0.002324455149323046,0.0,2.417824502777267,0.0,0.00026524178497107815,0.005039593914450487,0.027358192250247666,0.0,0.3661934671139807,0.00010732433729022711,0.0,-1.3096565244922262,-2.653660003372582,0.19572940847795725,16.153423756813478,2.0925822541862504,0.11122745418313937,0.028629939588494514,0.00010541292609225869,-0.0017501649462290437,-0.2396935329889757,9.53471039880318,0.23998322075238507,0.1725776413624084,0.105263157894737,0.2039944349708976,0.7933440799528539,0.9036633454839689,0.820015937588493,0.0015008883795919214,28.5,7,0.10051217335680059,4.297034363679013e-05,2025.0,1.0,2
00-0034983,Hunter Renfrow,WR,CAR,ARI,1.3265189546405478,3.5696393445352586,1.1276435417064041,0.0,0.5147344361347651,0.00010912957100830914,21.45439234632541,7.929901447363362e-05,0.0028364670267220643,0.0,0.00011670218182333476,0.45451948101683026,0.0,7.7587155272104615,0.9068985143602243,27.366567158657592,-0.9006273829405783,15.269962795456076,1.6806253077036786,0.0,0.09104899103914453,0.0,0.0,-0.00010917436448588541,-0.00028979058739776194,0.004116209101070591,0.2538615508329769,0.176470588235294,0.3874449549143641,0.04345606300835222,0.7776609787795629,0.5977972001182874,0.2526673747248363,19.0,0,0.0,0.05442883191679564,2025.0,1.0,3
00-0035021,Ashton Dulin,WR,IND,DEN,0.008306847237231426,0.04528379406090346,0.006736855970199618,0.0,0.0017751670724549336,0.7647502547204051,0.19677769081188667,0.0016251330613268667,0.0368253446864596,0.0,0.028095393996078955,0.18653957579640257,0.0,0.09937610078786621,0.08717648441540685,14.818430658459675,-0.6154083570566778,1.76131184076101,0.08988464697114625,0.028344420964198508,0.03156741448194661,0.0,0.0,0.68227974758634,8.383721130596019,0.02146953888822038,0.0693256550017694,0.0,0.22119294912017282,0.1318181880266351,0.24612469288376718,0.65267643344506,0.21561467293103723,20.0,9,0.0,0.02060330749715885,2025.0,1.0,5
00-0035100,Jake Browning,QB,CIN,JAX,0.0,0.0,0.0,0.0,0.0,2.141269057419672,0.0,0.0,0.0,0.08496822532701574,0.0,0.45858627556454895,0.0,0.0,0.0,-0.19453280728251993,-0.05843924249763441,-0.19453280728251993,0.02779040104036,0.08009674955388146,0.0,0.0,0.0,0.16718838816107934,7.223862880673322,0.17345656713351093,0.00017437938451603753,0.0,0.01539195920881597,0.23686800898980356,0.6551661597560544,0.5559186714604935,0.31172083281901036,26.25,14,0.0012328459018920922,0.0,2025.0,1.0,2
00-0035125,Alec Ingold,RB,MIA,NE,0.0,0.0,0.0,0.0,0.0,0.0,0.0,0.0,0.0,0.0,0.0,0.0,0.0,0.0,0.0,0.0,0.0,0.0,0.0,0.0,0.0,0.0,0.0,0.0,0.0,0.0,0.0,0.0,0.054277742381471206,0.09168588038453629,0.9339513667694092,0.942309537035285,0.442772862775828,23.0,21,0.0,0.0,0.0,0.0,4
00-0035208,Olamide Zaccheaus,WR,CHI,DET,3.6343435387504597,8.299210475902505,2.9618274951233077,0.0,0.9735694339925746,0.145776807750344,45.44603596399024,0.013326930823150033,0.4548073294873719,0.0,0.10413155017646496,0.5558429599224931,0.0,18.484905110352162,1.8716980512304051,55.07330777631868,2.4700085510420755,47.827355915788786,3.840963338966572,0.0,0.21160980794526044,0.0,0.0,0.08564654895765467,1.1662140284725935,0.2504465803882914,0.4117403203116595,0.205882352941176,0.4492361330256993,0.4458114954562155,0.6319974805689496,0.9034941704066157,0.22014637083599872,20.5,10,0.0,0.19118822787940637,2025.0,1.0,3
00-0035228,Kyler Murray,QB,ARI,CAR,0.0,0.0,0.0,0.0,0.0,5.152775283066194,0.0,0.0,0.0,0.10015792926426648,0.0,0.9726714739501465,0.0,0.0,0.0,0.0,0.0,0.0,0.0,0.2339329114153197,0.0,0.0,0.0,1.7349584375332154,32.09670513441903,0.1344545292576588,0.0,0.0,0.4047746559437065,0.5886529225527634,0.6147391968722338,1.3568967221084152,0.11686833694898953,25.5,4,0.0946901137320456,0.0,2025.0,1.0,1
00-0035229,T.J. Hockenson,TE,MIN,ATL,2.47664239374571,6.178853781148273,2.2352964108390494,0.0,-0.2217856104605924,1.3385479152837197e-09,37.49755026514255,0.0073068407612035665,0.2721656686616696,0.0,0.036327426496874725,0.7230532419306772,0.0,13.814086471776172,0.8579360118733349,46.24091817686977,-0.8683923729985474,32.31766678818991,3.4028366389521825,0.0,0.05597316817013731,0.0,0.0,-6.683225532980063e-09,0.0,0.004671677280187677,0.406597941874307,0.2,0.41544864227327927,0.542687684151771,0.4423465529190415,1.3570812856920385,0.6993078860089404,24.5,1,0.0,0.03037594900888944,2025.0,1.0,1
00-0035243,Miles Sanders,RB,DAL,NYG,0.0,0.0,0.0,0.528760008842438,0.0,5.915597620108794,0.0,3.1745171741418894e-12,1.2698068696567547e-10,0.11735453068812897,0.0,0.2956329305871531,2.4267658190406447,0.0,0.36682492564884356,7.142164085670806,-0.5318430913996456,13.119213748563386,1.90464377802575,0.2357470119859789,0.027981175032043358,0.07296272171126783,-0.23610222957777044,-1.254795904187508,32.87874700450896,0.21799006163800036,0.11359359740369278,0.0303030303030303,0.04675342036973735,0.6372246955549405,1.006240546654429,0.8686276924336725,0.0769774093736673,25.0,23,0.23721820221291964,0.0021539183651978397,2025.0,1.0,2
00-0035249,Josh Oliver,TE,MIN,ATL,0.3707619506998544,0.9142701415929654,0.32025077587540823,0.0,0.04298022991905989,0.0,7.337755333142012,0.0036738334728634195,0.1219814105342037,0.0,0.1733301584314719,0.5063781296273596,0.0,1.6570852538602852,0.9992783472052821,11.30495087424073,0.5287420100928611,16.522603932140203,1.566459359005601,0.0,0.06982181321619958,0.0,0.0,0.0,0.0,0.08008489333685027,0.12954930765256698,0.05,0.41544864227327927,0.542687684151771,0.4423465529190415,1.3570812856920385,0.6993078860089404,24.5,1,0.0,0.03789143811757687,2025.0,1.0,2
00-0035250,Devin Singletary,RB,NYG,DAL,0.0,0.0,0.0,0.046864373355136685,0.0,5.026404069273764,0.0,0.0,0.0,0.06677895844181755,6.976125368913334e-08,0.24490204197709606,0.5508855602584276,0.0,0.9274323744337699,-2.0942418605402993,-0.5209074157147027,2.218348081761017,0.7127035987439383,0.06479779230606654,0.0004161898598144549,0.005773979346043565,-0.00605769446104141,-0.22200654960626695,17.05700763757766,0.10952079931583394,0.028452090920911707,0.0,1.0990607488613864,0.26446988219082257,0.5225983861961978,1.1160668244592196,0.05570249285921378,19.5,8,0.03386322168822677,2.318281269439186e-05,2025.0,1.0,2
00-0035261,Tony Pollard,RB,TEN,LA,0.0,0.0,0.0,2.151208725630464,0.0,16.864021764052794,0.0,5.020741960233962e-06,0.00019736605709050909,0.16283558791390335,1.6260300558790558e-10,0.6928783727073654,14.042896431047334,0.0,-8.24616099957565,-1.0932081462141356,0.08728476474258456,14.359314616626724,1.319922201801186,0.6067413526999387,0.01128999282970645,0.2598071019742602,-0.3535056107883198,-4.029602184328414,59.16208704839519,0.15335206517657296,0.08844494034439206,0.04,0.16017826304580493,0.5702544836979172,0.09401781950329521,0.7686121017115329,0.05324944836641776,18.0,16,0.057044498983328015,0.0006011858902426803,2025.0,1.0,1
00-0035264,Jarrett Stidham,QB,DEN,IND,0.0,0.0,0.0,0.0,0.0,3.0691535550304128,0.0,0.0,0.0,0.049463328674046125,0.0,0.4567059112961935,0.0,0.0,0.0,0.0,0.0,0.0,0.0,0.06446460766141696,0.0,0.0,0.0,-0.7220029218970083,8.259946286836291,0.0,0.0,0.0,0.1707737633777302,0.25907362992185967,0.6504177096192277,1.1232882050890116,0.3136954188287896,22.5,13,0.011008863655009032,0.0,2025.0,1.0,2
00-0035289,Gardner Minshew,QB,KC,PHI,0.0,0.0,0.0,0.0,0.0,1.8062593366491102,0.0,0.0,0.0,0.001312675188560206,0.0,0.8499568155869002,0.0,0.0,0.0,-8.959522173840605e-06,-8.060709215775071e-07,0.0,1.1199402717300756e-06,0.050509596555940395,0.0,0.0,0.0,-0.967938117472962,5.459009255743653,0.00168684788740211,2.3139816254012014e-08,0.0,0.022508549051636805,0.22290272216463763,0.6833722184349974,0.946304037756645,0.0009573318179038651,22.5,25,0.0011368977316577697,0.0,2025.0,1.0,2
00-0035298,Scott Miller,WR,PIT,SEA,0.0038228231566460494,0.012243592533230593,0.0038501346662429964,0.0,-0.0015237572604729502,0.0003316189609729767,0.08077438864672604,0.001340537296260065,0.03387058491557791,0.0,0.009680054220493697,0.321510195444448,0.0,0.030024073083974444,0.9715225975088537,24.884776612289375,0.9305249506111535,17.683627548446065,1.1384268367967547,2.1248510744227245e-08,0.08204677048753029,0.0,0.0,0.00037798545576310006,0.005050962931396062,0.033281584661466274,0.19802634544960013,0.0476190485060215,0.020802770482795295,0.7968017619632698,0.11837821229128537,0.8396172336508811,0.09116215491932625,21.75,27,0.0,0.06888788246672893,2025.0,1.0,5
00-0035359,David Sills,WR,ATL,MIN,0.0,0.0,0.0,0.0,0.0,0.0,0.0,0.0008964645496890311,0.02779040104036,0.0,0.0,0.3603241803826898,0.0,0.0,1.3137366715894012,16.099127061961937,0.38443166424361364,11.136600394494035,1.2011238153762576,0.0,0.05206809587477238,0.0,0.0,0.0,0.0,0.0,0.16688779100840534,0.0645161271095275,0.3000481741629133,0.10874913228338078,1.0512314081821592,0.8749991577640015,0.2129980550560807,20.0,20,0.0,0.04555954003680111,2025.0,1.0,7
00-0035500,Greg Dortch,WR,ARI,CAR,0.04904844762284704,0.0566897334019473,0.03437716623405531,0.0,0.026417003068354847,0.42183372392220897,0.5405409077336422,0.00027526680037562643,0.007226809932576607,8.432638249889292e-06,0.10909886816827924,0.29286846384963355,0.0,0.1462380320025418,2.827814919852146,1.2506828347202876,1.434977987938084,19.141855254585135,2.109336206198781,0.009430395645691064,0.09537627878206038,0.0,0.0,0.21742552997567724,2.9413894961590277,0.21160916891110848,0.102138220487685,0.0344827586206897,0.4047746559437065,0.5886529225527634,0.6147391968722338,1.3568967221084152,0.11686833694898953,25.5,4,0.0,0.1294157600462761,2025.0,1.0,4
00-0035535,Darius Slayton,WR,NYG,DAL,0.14344574395255844,1.9879442216229222,0.22236712865569513,0.0,0.05147774720348996,0.12348339252780796,4.93834613237139,0.005630710304929896,0.21785279495313842,0.0,0.0004591466612541491,0.8677714949724981,0.0,4.609479620997561,0.41744425581227895,29.83605657118534,-0.20615175482649356,13.881219412828235,0.747484311239461,0.05593366164593705,0.02852211914359473,0.0,0.0,0.053894429979464475,0.8377007345432194,0.15302153879795546,0.20838755505812276,0.03125,1.0990607488613864,0.26446988219082257,0.5225983861961978,1.1160668244592196,0.05570249285921378,19.5,8,0.0,0.031832590939439284,2025.0,1.0,3
00-0035537,Ty Johnson,RB,BUF,NYJ,0.0,0.0,0.0,1.1393065043379317e-07,0.0,2.75494633220521,0.0,0.0005635634342332702,0.018769621626013307,0.003490044656390531,0.007055431243394487,0.31166383511473755,1.364075423581375e-06,0.0,3.7366681889388045,14.743472947065149,0.8057319049499542,13.812768377029487,0.9400963985811362,0.049197390116423524,0.06988624908770052,1.54789971203121e-08,9.44260286363517e-09,0.4068781618901152,17.821721095800697,0.06473035009876774,0.1174979348235296,0.0444444444444444,0.2607154342727115,0.6905793882853771,0.6120001623258199,1.2809942195805868,0.2868257926037341,26.75,24,0.030108810737257883,0.020045178786681692,2025.0,1.0,3
00-0035567,Craig Reynolds,RB,DET,CHI,0.0,0.0,0.0,0.0831103437097874,0.0,4.054808825591906,0.0,0.0,0.0,0.022701590893068054,0.0,0.16954922767440095,1.101513207772712,0.0,2.126230990902429,-1.8724733888159781,-0.8289937789655702,6.401159247817877,0.464947988132848,0.033907280603729134,0.0,0.01456748089503771,0.01722266189635427,-0.6958687185219193,19.01425395733687,0.007056551348838411,0.03283580778867087,0.0,0.3055564827482153,0.18146581117327829,0.8996269535308904,0.7829102668390547,0.2865915302846011,26.0,5,0.03050390355204989,0.0,2025.0,1.0,3
00-0035602,Alex Bachman,WR,LV,LAC,0.0,0.0,0.0,0.0,0.0,0.22935779816513763,0.0,0.0,0.0,0.0,0.3211009174311926,0.2478899082568807,0.0,0.0,0.474006107094091,8.541284403669724,-0.048655727600524924,9.954128440366972,0.963302752293578,0.0,0.053516820642201826,0.0,0.0,-0.8696918093830074,-0.6880733944954127,0.0,0.088876192207929,0.0303030303030303,0.320426504326425,0.517388999653759,0.17258718809061602,0.8718944463927459,0.1794531590390648,21.5,17,0.0,0.04666101870653244,2025.0,1.0,6
00-0035631,Drew Sample,TE,CIN,JAX,3.2819883806115716e-06,3.2952340360131185e-06,3.445429617185001e-06,0.0,6.302379883546621e-07,0.027104145301281118,7.321724998199448e-05,0.0004964162663424795,0.01936024909585604,0.00903471528112134,0.0038720484131276704,0.6594201741890706,0.0,9.136492660983003e-06,1.1464159949168329,1.0155693562105086,0.07684949120837274,7.099133233746102,1.49398378513163,0.00451735764056067,0.021323756598232633,0.0,0.0,-0.04009925650437294,-0.10841658120512447,0.02027445138720944,0.07655322123497495,0.0434782608695652,0.01539195920881597,0.23686800898980356,0.6551661597560544,0.5559186714604935,0.31172083281901036,26.25,14,0.0,0.00505091576960655,2025.0,1.0,3
00-0035640,DK Metcalf,WR,PIT,SEA,3.5517666607846343,9.163023015999837,1.8636280043779956,0.0,3.240856216077889,1.4110102601607807e-08,44.33826367049254,0.013977812705790352,0.4409591157338678,0.0,0.025979361568533234,0.8944679809138927,0.0,26.761882187988295,1.4038645674921517,64.9449932382431,3.0173299266599978,60.52412542386846,3.5459524873995725,0.0,0.05632335456014181,0.0,0.0,3.1386727302681763e-09,8.466061560964685e-08,0.329618797597896,0.5325704600771476,0.241379310344828,0.020802770482795295,0.7968017619632698,0.11837821229128537,0.8396172336508811,0.09116215491932625,21.75,27,0.0,0.047290059145724005,2025.0,1.0,1
00-0035644,Noah Fant,TE,CIN,JAX,4.393576507151795,3.160231724956402,3.6981867871115592,0.0,1.5748265958946637,0.0,62.04143938035365,0.016059635727104973,0.40247574526409224,0.0,0.1523453634469114,0.5885630536890291,0.0,9.086088486793136,4.431968796221961,19.758389004845572,0.6038091952189748,38.56548445138318,3.8991780998453516,0.0,0.14995395189192773,0.0,0.0,0.0,0.0,0.48981369782218726,0.35429770042913356,0.217391304347826,0.01539195920881597,0.23686800898980356,0.6551661597560544,0.5559186714604935,0.31172083281901036,26.25,14,0.0,0.03551929402479371,2025.0,1.0,1
00-0035645,Gunner Olszewski,WR,NYG,DAL,0.0,0.0,0.0,0.0,0.0,0.37276378953682215,0.0,0.0,0.0,0.0,0.0,0.10824937874320063,0.0,0.0,0.09511932471825423,1.3485501507690203,-0.8990756426695112,1.1056874695397974,0.2824710969559803,5.3142988045037504e-05,0.003458667785642905,0.0,0.0,0.06322102728733242,1.212972333169936,0.0006696016560634892,0.02043221095759381,0.0,1.0990607488613864,0.26446988219082257,0.5225983861961978,1.1160668244592196,0.05570249285921378,19.5,8,0.0,0.0038601043723818776,2025.0,1.0,6
00-0035659,Terry McLaurin,WR,WAS,GB,1.6053853313165487,7.96756624333452,1.8239801393172672,0.0,0.16225485923720412,0.008641800248548227,42.1285012812577,0.021266691141831058,0.6652240449686152,0.0,0.17294349986728974,0.8385595507516379,0.0,25.275740459979435,0.5560312876564522,90.48739658946997,1.7337371026240533,46.342858268125276,4.339266138171827,5.311840220454147e-14,0.18346609958008017,0.0,0.0,-0.023035156195187072,0.007220522403681228,0.4976873270674539,0.5790980293213319,0.137931034482759,0.00988249693290696,0.042419559444668964,0.40477829806766363,0.9686790896230817,0.23802384129491655,22.5,11,0.0,0.1777197743179297,2025.0,1.0,1
00-0035662,Marquise Brown,WR,KC,PHI,4.784141514468424,7.555104354783424,2.791946439349685,0.0,-1.2558153315881153,0.05563053447686153,49.42139055972178,0.004569335868347705,0.17552764131755813,0.0,0.053055744723547106,0.6818170356363603,0.0,30.313029775548472,0.6648714670293431,80.04934543378418,0.9323402040697963,56.60603176278162,5.418538039733951,0.0,0.1971993931404241,0.0,0.0,-0.06640873268614776,-0.2648102129126612,0.03283479676613513,0.6171860124640585,0.421052631578947,0.022508549051636805,0.22290272216463763,0.6833722184349974,0.946304037756645,0.0009573318179038651,22.5,25,0.0,0.18661058197194336,2025.0,1.0,2
00-0035676,A.J. Brown,WR,PHI,KC,1.4313609747101108,7.284059790788543,1.1296754124228185,0.0,0.7451455791761238,8.15513759337143e-09,40.800628891977496,0.0448063507292704,1.0554931849765756,0.0,0.12563544876702673,0.9054620224537047,0.0,30.77939082102236,0.8992865078441336,65.55652455774201,2.7476917974050314,53.38387403243124,4.119687915769117,1.0284331856548435e-09,0.2047972172948487,0.0,0.0,5.79535043969234e-09,5.3261540538643534e-08,0.5083914316237274,0.6620332590694609,0.05,0.17599553997256578,0.15688783798774497,0.4105234793758919,1.977903317213997,0.0006975286717756033,24.0,15,0.0,0.40506909544367703,2025.0,1.0,1
00-0035685,David Montgomery,RB,DET,CHI,0.0,0.0,0.0,1.840331440254994,0.0,11.486765289115857,0.0,0.0,0.0,0.24216131484414757,1.2925644178416191e-08,0.38992409575280257,14.928022314652694,0.0,1.0097441076787987,-2.076650172946427,1.144021114491912,26.466149884350962,3.6178288474964626,0.37966165395359097,0.04818540182186068,0.20833025041584682,-0.25038369353226786,-1.76905931536517,37.897310236150716,0.363867379407533,0.14473358597996866,0.105263157894737,0.3055564827482153,0.18146581117327829,0.8996269535308904,0.7829102668390547,0.2865915302846011,26.0,5,0.3415538571187682,0.013809528045505459,2025.0,1.0,2
00-0035689,Dawson Knox,TE,BUF,NYJ,0.1694010922766699,0.398988941584723,0.13819929264371017,0.0,-0.04966571812418331,0.0,2.5860758169386138,0.0006042328467342118,0.017689684548856822,0.0,0.0016967892052278714,0.5940524082178005,0.0,0.9744038238092064,2.472183643329933,17.902616209273248,0.7350330875769715,21.21160473302299,1.751069594079834,0.0,0.07277390706012267,0.0,0.0,0.0,0.0,0.009186513098087778,0.17014254460193573,0.0444444444444444,0.2607154342727115,0.6905793882853771,0.6120001623258199,1.2809942195805868,0.2868257926037341,26.75,24,0.0,0.0502561602207164,2025.0,1.0,2
00-0035700,Josh Jacobs,RB,GB,WAS,0.0,0.0,0.0,2.221143965732772,0.0,15.966605479777469,0.0,5.042120605785079e-05,0.002692507343056526,0.5777932198290573,0.007063529925583014,0.6372815392423272,24.40945784347747,0.0,1.030715351430873,-1.748911365936494,0.29295861724935274,13.184351795301295,1.5438164253507194,0.573610287402426,0.0035336224163916366,0.38138539685926653,0.2594878484266627,-0.2869944755781377,65.87831086707547,0.9729989870258782,0.0906465574849438,0.0454545454545455,0.040939318976922434,0.3138651021617542,0.8228718713535192,0.3070360828672106,0.07476300472024246,26.0,31,0.4720077706224643,0.0002641842293962425,2025.0,1.0,1
00-0035704,Drew Lock,QB,SEA,PIT,0.0,0.0,0.0,0.0,0.0,2.7537955706306954,0.0,0.0,0.0,0.21197305496026816,0.0016799340271427185,0.8942572967351181,0.0,0.0,0.0,-0.025199009903160572,-0.015777928384780197,0.005039801980632115,0.005039801980632115,0.08140115157619222,0.0010079603961264231,0.0,0.0,1.0218221771737415,12.405993547316475,0.28632622163365523,0.0002008889612521984,0.0,0.6729064925588149,0.4191947719219354,0.6098905230063066,1.2347897022297165,0.00404824710031119,18.75,26,0.05477536339738395,0.0,2025.0,1.0,2
00-0035710,Daniel Jones,QB,IND,DEN,0.0,0.0,0.0,0.0,0.0,6.661300134377192,0.0,0.0,0.0,0.49146290934451925,0.0,0.9775369432480178,0.0,0.0,1.3783873651334477e-06,1.455921600184897e-05,1.0985317437587696e-06,1.791903507919875e-05,1.119939692449922e-06,0.2864710183167787,0.0,0.0,0.0,2.8906202389331197,28.44537052944027,0.6388703336294069,9.897922865710611e-08,0.0,0.22119294912017282,0.1318181880266351,0.24612469288376718,0.65267643344506,0.21561467293103723,20.0,9,0.06336536937894732,0.0,2025.0,1.0,1
00-0035719,Deebo Samuel Sr.,WR,WAS,GB,4.298197668389911,3.6412003738193888,2.5196238430311424,0.0,0.8560885238241672,2.458226458641929,45.569611751688534,0.0005848224026695944,0.0165640721237838,0.0029773570948128858,0.07098595512417497,0.7899471166824644,0.0,12.477541333833912,1.5347068058921784,37.269022802143304,1.9005162232834139,47.18662649085929,4.314905545216357,0.10657706385716191,0.08994592956136203,0.0,0.0,0.366482166983732,14.474001033059649,0.6512554657937375,0.42071154069378935,0.344827586206897,0.00988249693290696,0.042419559444668964,0.40477829806766363,0.9686790896230817,0.23802384129491655,22.5,11,0.0,0.087128741162802,2025.0,1.0,2
00-0035726,Jakob Johnson,RB,HOU,TB,0.0,0.0,0.0,0.0,0.0,0.0,0.0,0.0,0.0,0.0,0.0,0.0,0.0,0.0,0.0,0.0,0.0,0.0,0.0,0.0,0.0,0.0,0.0,0.0,0.0,0.0,0.0,0.0,0.3833797721242485,0.05472500589934953,0.15478636779183097,0.8740708578517371,0.3235987313450722,22.5,29,0.0,0.0,0.0,0.0,4
00-0035891,Cody White,WR,SEA,PIT,0.0,0.0,0.0,0.0,0.0,0.0,0.0,0.0,0.0,0.0,0.0,0.2495145005889313,0.0,0.0,0.828719456374644,11.862203488512483,0.8099776398999846,14.110780796814671,1.287452140946422,0.0,0.0,0.0,0.0,0.0,0.0,0.0,0.09240215335749409,0.0,0.6729064925588149,0.4191947719219354,0.6098905230063066,1.2347897022297165,0.00404824710031119,18.75,26,0.0,0.0,2025.0,1.0,6
00-0036040,Juwan Johnson,TE,NO,SF,4.055959248367101,5.915874381002138,2.5313273195118975,0.0,-0.22596829588302547,0.0,54.81385572418903,0.0072443890801607395,0.3154912507717526,0.0,0.06704062148905905,0.8083962923813405,0.0,18.665075904211804,1.0022314504890124,61.93601880345613,2.502721504736912,58.43494595300779,5.401925947407171,0.0,0.19767991608779048,0.0,0.0,0.0,0.0,0.08425191089689171,0.44563379319427304,0.268292682926829,0.0687549655940788,0.3835530124170316,1.168760669635824,1.2494945090869056,0.015669534598864422,19.0,28,0.0,0.07582072730981806,2025.0,1.0,1
00-0036139,Rico Dowdle,RB,CAR,ARI,0.0,0.0,0.0,1.8515661509029673,0.0,14.936346893502579,0.0,0.0063409080152522015,0.21966982778949984,0.15653163795873415,0.05477584057242447,0.5825185249673801,12.401044799215972,0.0,-1.4834816114269613,-3.680486808237148,-1.443919118076871,9.423954151882423,1.8858716700583182,0.36068566526659784,0.06468330102578132,0.2594014032236937,-0.007751330218627321,-1.5002325386634405,63.34945209119488,0.26116275737131794,0.1001967971211212,0.0882352941176471,0.3874449549143641,0.04345606300835222,0.7776609787795629,0.5977972001182874,0.2526673747248363,19.0,0,0.28049116748298025,0.01634335985872048,2025.0,1.0,2
00-0036158,J.K. Dobbins,RB,DEN,IND,0.0,0.0,0.0,2.470199114877697,0.0,15.333674509963366,0.0,0.0,0.0,0.3085003508817048,0.00015644106309584469,0.5755094140176992,26.794358659815757,0.0,-1.7099940189117449,-4.050211353149961,-0.9178217529965397,9.439066312400714,2.219966142985323,0.5393254835598241,0.04893743129691324,0.3017565304386464,0.1913466603902405,-0.5763141779456104,62.134534404190354,0.5972704756923205,0.10302481964474024,0.0540540540540541,0.1707737633777302,0.25907362992185967,0.6504177096192277,1.1232882050890116,0.3136954188287896,22.5,13,0.3507868457562633,0.015351448007090315,2025.0,1.0,1
00-0036182,Nick Westbrook-Ikhine,WR,MIA,NE,1.2919204945844993,5.104905176098715,1.0898167752683487,0.0,0.721670057240908,0.0,23.011769349207007,0.0124863032760578,0.4142494657940478,0.0,0.008849257140943341,0.798708987183493,0.0,12.087206973707001,0.601255000456952,45.05917697656774,-0.06666720083072637,28.459783359978392,2.289534920201325,0.0,0.07162290596545215,0.0,0.0,0.0,0.0,0.21451283625237724,0.3417060019700326,0.0645161290322581,0.054277742381471206,0.09168588038453629,0.9339513667694092,0.942309537035285,0.442772862775828,23.0,21,0.0,0.06749094736142697,2025.0,1.0,4
00-0036187,Reggie Gilliam,RB,BUF,NYJ,0.0,0.0,0.0,0.0,0.0,0.0,0.0,0.0,0.0,0.0,0.0,0.0,0.0,0.0,0.0,0.0,0.0,0.0,0.0,0.0,0.0,0.0,0.0,0.0,0.0,0.0,0.0,0.0,0.2607154342727115,0.6905793882853771,0.6120001623258199,1.2809942195805868,0.2868257926037341,26.75,24,0.0,0.0,0.0,0.0,4
00-0036212,Tua Tagovailoa,QB,MIA,NE,0.0,0.0,0.0,0.0,0.0,1.2669327594897064,0.0,0.0,0.0,0.000680918024428443,0.0,0.9406290020674207,0.0,0.0,0.0,0.0,0.0,0.0,0.0,0.014646446342329,0.0,0.0,0.0,-0.24954363955452813,3.013692363501787,3.9831875304830196e-08,0.0,0.0,0.054277742381471206,0.09168588038453629,0.9339513667694092,0.942309537035285,0.442772862775828,23.0,21,0.0007949760413729747,0.0,2025.0,1.0,1
00-0036223,Jonathan Taylor,RB,IND,DEN,0.0,0.0,0.0,2.6556666185522606,0.0,25.06791544967846,0.0,0.0,0.0,0.40414185478944764,1.655560316174371e-05,0.768125884362651,16.16930624470292,0.0,-3.7003561989116,1.4640321705926487,0.35538263214937865,11.542662143898111,1.6400074384257488,0.676508087019129,0.037348289751957635,0.3580181789853097,0.1001314935077727,0.11010052121437429,119.51256341919729,0.5374713953149548,0.10863991261965476,0.103448275862069,0.22119294912017282,0.1318181880266351,0.24612469288376718,0.65267643344506,0.21561467293103723,20.0,9,0.16650534515096796,0.008052839279401956,2025.0,1.0,1
00-0036232,Harrison Bryant,TE,HOU,TB,0.80304169438137,0.6112832844846338,0.63048241584183,0.0,0.24563460591851513,0.030124870534659568,10.688553746288184,0.0005875963922769095,0.022032375473713065,0.0,0.005681206876868667,0.37400583327293335,0.0,1.5825662964850917,4.552955994462962,6.599995589309324,0.5835111429796241,17.87163618103388,1.8988289252029988,0.0,0.017075740139163884,0.0,0.0,-0.01376309587864193,0.03363781182482426,0.034198864774093576,0.1267219517270264,0.0625,0.3833797721242485,0.05472500589934953,0.15478636779183097,0.8740708578517371,0.3235987313450722,22.5,29,0.0,0.0009344699798515032,2025.0,1.0,2
00-0036244,Colby Parkinson,TE,LA,TEN,0.4319707496180314,0.6743536175924463,0.3104194452886489,0.0,0.12273852952192987,0.0,4.010157207851107,0.003999142240668531,0.11433648180363482,0.0,0.07983861075104759,0.4352384358838443,0.0,1.9429112695567134,0.5438518804415957,5.598519923844077,-1.8704146154000596,4.146185089636278,1.2096138067384463,0.0,0.21403887004053174,0.0,0.0,0.0,0.0,0.020379480364187,0.11304973722364683,0.0714285714285714,0.1797937189108486,0.08065404161557142,1.0552898096411443,1.1241445759122863,0.11316282191050671,23.5,30,0.0,0.01726309993159893,2025.0,1.0,2
00-0036252,Michael Pittman,WR,IND,DEN,3.3050503088784744,7.741744308655509,2.794872494555772,0.0,0.3158905062660585,7.459400164382083e-06,62.89276765695088,0.009489407934689975,0.3697105747008771,0.0,0.1510629229320794,0.8890182521403077,0.0,22.463750249298545,1.0202887816582822,75.50727850302346,3.4719337882620227,69.1956353704663,5.705988667839326,4.311371620495548e-10,0.13537152918010137,0.0,0.0,1.1173638317518125e-06,4.724148555824169e-05,0.4439489189985431,0.5888968212816142,0.275862068965517,0.22119294912017282,0.1318181880266351,0.24612469288376718,0.65267643344506,0.21561467293103723,20.0,9,0.0,0.08835380685527243,2025.0,1.0,1
00-0036259,Jauan Jennings,WR,SF,NO,3.435863181555744,9.358198819471458,2.744206596592999,0.0,0.5096780365862149,0.0,57.38254501854951,0.017564591106016495,0.6025606323764703,0.0,0.016657916783272605,0.7115552127095577,0.0,28.093133307888838,0.6467751010612338,69.17937179169283,-1.0151665549280493,45.33712513780854,4.609939350006286,0.0,0.12403194753196116,0.0,0.0,0.0,0.0,0.07675648098105374,0.5214681568529704,0.147058823529412,0.0010079464191690844,0.21012726124712083,0.7159385408595069,1.2111524529917945,0.2915127352732966,23.5,22,0.0,0.15022159750268432,2025.0,1.0,1
00-0036264,Jordan Love,QB,GB,WAS,0.0,0.0,0.0,0.0,0.0,1.5994988483278028,0.0,0.0,0.0,0.04751734742758319,0.0,0.8483592243637532,0.0,0.0,0.0,0.0,0.0,0.0,0.0,0.11649473060506406,0.0,0.0,0.0,0.3332143586640039,4.279036140001565,0.020994791851400043,0.0,0.0,0.040939318976922434,0.3138651021617542,0.8228718713535192,0.3070360828672106,0.07476300472024246,26.0,31,0.004769214935371365,0.0,2025.0,1.0,1
00-0036265,AJ Dillon,RB,PHI,KC,0.0,0.0,0.0,0.7938891422369709,0.0,8.448856326543341,0.0,4.8586948230709e-05,0.0013118476022291436,0.16532269880255623,0.0013122475806903512,0.3015950529526492,5.902479233037446,0.0,-2.7495228625387678,0.04434264921338957,0.12390238915167269,8.231981994048486,0.740564487088176,0.2819697579411779,0.009987270870029591,0.11150791667288129,-0.17268640973740804,-0.983933841689099,28.955479283903504,0.15550980965606054,0.03854539930840903,0.0,0.17599553997256578,0.15688783798774497,0.4105234793758919,1.977903317213997,0.0006975286717756033,24.0,15,0.11575520610879038,6.966407784634915e-06,2025.0,1.0,4
00-0036275,D'Andre Swift,RB,CHI,DET,0.0,0.0,0.0,2.6005272840583245,0.0,15.617476069999839,0.0,3.896151383725934e-08,1.6234824925198104e-06,0.3761734666636702,0.0009371703811019094,0.742040871483492,15.002494218978747,0.0,-1.8690302627394904,1.1676158137275596,-1.4249153957060696,15.294364926281373,2.2062120759529513,0.5719508568522268,0.00041966332567762394,0.24223622812897413,-0.9855226617925941,-2.819169802628634,53.20786063987862,0.24236449624631634,0.20048976978254393,0.147058823529412,0.4492361330256993,0.4458114954562155,0.6319974805689496,0.9034941704066157,0.22014637083599872,20.5,10,0.36147150053985927,9.238735812089471e-05,2025.0,1.0,1
00-0036290,Cole Kmet,TE,CHI,DET,0.37005489948775305,0.586819091423408,0.3165404613839452,0.0,0.0030186778562737056,0.0003073991894533024,6.1809752717652495,0.004276330540947867,0.16289660671626024,0.00012195931263613518,0.20010687960857623,0.9268505640098761,0.0,1.7273282214210142,0.9006425880264931,27.47996827101667,0.3172520312252055,22.50755848181583,2.08712623978594,6.097973342266932e-05,0.06711648874239771,0.0,0.0,0.0002202761105239841,0.00029646979932841866,0.16588367065407536,0.22025033810490482,0.117647058823529,0.4492361330256993,0.4458114954562155,0.6319974805689496,0.9034941704066157,0.22014637083599872,20.5,10,0.0,0.02992130221601858,2025.0,1.0,1
00-0036309,Darnell Mooney,WR,ATL,MIN,4.323740096335666,11.269401857108692,3.00075621793743,0.0,-1.008675162834718,0.00021982974957069184,48.62698290972901,0.00037721218252442367,0.011608646276544067,0.0,0.004887436082345778,0.9207661316038558,0.0,25.79975359426927,0.6999996787155154,67.38889948211286,1.6179643526129943,55.325685032686124,3.1738600462123814,2.6435159542125513e-05,0.02319419850881474,0.0,0.0,-8.317727851638508e-05,0.0005642100152281431,0.05612552112333572,0.4459515152516539,0.1428571492433548,0.3000481741629133,0.10874913228338078,1.0512314081821592,0.8749991577640015,0.2129980550560807,20.0,20,0.0,0.020294904160223958,2025.0,1.0,2
00-0036322,Justin Jefferson,WR,MIN,ATL,4.094279979094824,10.291240840338354,3.202468434290317,0.0,1.3899485542947174,0.2914333314721848,59.63174685250183,0.04688373413737634,1.5644343357323656,1.457647449899351e-07,0.04823181845261391,0.9621236297125505,0.0,37.11004314970081,0.9477148300812867,83.72283161029303,0.08108221593964285,74.92892220624312,5.59523280729182,0.0003347177738673405,0.3299902314282345,0.0,0.0,-0.021654660116249877,1.1500039265607154,0.5302257769256542,0.7321863571957266,0.35,0.41544864227327927,0.542687684151771,0.4423465529190415,1.3570812856920385,0.6993078860089404,24.5,1,0.0,0.44782356753244185,2025.0,1.0,1
00-0036328,Antonio Gibson,RB,NE,MIA,0.0,0.0,0.0,1.3908215378175086,0.0,7.078620062769024,0.0,1.2620324241520737e-08,4.1647069997018446e-07,0.13155589332000603,2.3154269982133535e-05,0.36718709514189046,5.266096787934356,0.0,-2.5704749299805028,12.137952423889487,-0.4235824445140172,8.417642390428583,1.2993321761846666,0.1278848397819027,0.07081864039566452,0.18663497707828702,-0.010433007155373042,-1.470811750604652,29.874940654910056,0.053578854721484985,0.1412235429962751,0.0222222222222222,0.5717123177444071,0.366684450851966,0.12050679215040297,1.1048768026963869,0.23563525676785815,21.5,19,0.015410991806785335,0.01668736851358302,2025.0,1.0,3
00-0036331,Devin Duvernay,WR,CHI,DET,0.003433848283490948,0.007340540542490603,0.0032981276949619674,0.0,-0.00012235162206285176,0.138510116020387,0.07560289814035384,8.30343703016519e-06,0.0002583351539421531,0.0,5.124117258577836e-05,0.2175549561040286,0.0,0.014691285563673117,0.6316174873069405,12.603210406016453,0.37378571181881937,7.563008104435376,1.0336311153484312,0.007239669880347269,0.014762443354819785,0.0,0.0,-0.1363866399884201,-0.3186980579283625,0.0001600702182388851,0.09041230412395179,0.0,0.4492361330256993,0.4458114954562155,0.6319974805689496,0.9034941704066157,0.22014637083599872,20.5,10,0.0,0.013337781512037558,2025.0,1.0,5
00-0036355,Justin Herbert,QB,LAC,LV,0.0,0.0,0.0,0.0,0.0,4.929410395872209,0.0,0.0,0.0,0.045196897148583166,4.0126400166938546e-07,0.9777312918201678,0.0,0.0,0.0,-0.00032540074724849566,7.943131141947623e-05,0.00044959472578935737,4.644417396550233e-05,0.06468405471807172,2.6768074530167457e-07,0.0,0.0,1.025900187020284,26.022572187337154,0.04097700233991971,9.98292292167659e-07,0.0,0.01369597288205726,0.44255367496101533,0.41568276454145103,0.9219208273604723,0.07250375529578955,25.0,18,0.0008859110593202182,0.0,2025.0,1.0,1
00-0036358,CeeDee Lamb,WR,DAL,NYG,3.89613117792137,9.339803396774315,2.82245765849853,0.0,2.8324833296341922,0.3036105360928574,67.79431272125089,0.02216216915883123,0.7106441189816144,0.0004780786184097155,0.03592502301694941,0.7872782734246103,0.0,37.206988971977175,1.0736953882350715,105.10899888003105,3.3981101965127354,95.8860996566925,7.065559433654088,0.005528638589724461,0.23260072862172526,0.0,0.0,-0.11720749002022299,1.177336082009457,0.2757743484402164,0.7641660807469243,0.393939393939394,0.04675342036973735,0.6372246955549405,1.006240546654429,0.8686276924336725,0.0769774093736673,25.0,23,0.0,0.20204343416108012,2025.0,1.0,1
00-0036389,Jalen Hurts,QB,PHI,KC,0.0,0.0,0.0,0.0,0.0,10.22403280546334,0.0,1.4518125208623774e-11,3.4843500500697145e-10,0.38949761534260385,1.7421750250348572e-10,0.8187289789464215,0.0,0.0,0.0,1.0084296267745945e-09,-9.781525348323048e-10,1.8437694123159503e-11,6.145898041053163e-12,0.3240087611765826,8.710875125174286e-11,0.0,0.0,2.6113882850022785,48.87049732495024,0.7276196262423544,2.410748684285676e-11,0.0,0.17599553997256578,0.15688783798774497,0.4105234793758919,1.977903317213997,0.0006975286717756033,24.0,15,0.05702409687911476,0.0,2025.0,1.0,1
00-0036407,Jerry Jeudy,WR,CLE,BAL,3.469460475796877,8.60286692456176,2.5504817945098996,0.0,0.7793452927251473,9.262023740865941e-06,55.8003548267433,0.016261432005358203,0.6002735566684787,0.0,0.08802889886250356,0.9190101546131217,0.0,37.429295271763365,0.7566618557829362,97.64880330219447,-0.6918436208615073,75.53973362481005,6.515618130524274,0.0,0.16841124053175655,0.0,0.0,6.739973092974442e-06,0.00011989805451074967,0.11206996376440034,0.6672310837585509,0.19047619047619,0.6643675657351072,0.6766129411731504,0.4835107079562128,0.581792831983949,0.12240871327035403,17.0,2,0.0,0.09798045256690066,2025.0,1.0,1
00-0036410,Tee Higgins,WR,CIN,JAX,1.1612217908153453,7.467813296116239,1.5382902711190793,0.0,0.37754571108189655,1.2142256090021982e-09,51.84683011245713,0.025246322052329042,1.047086068966416,0.0,0.15634274020814026,0.7592218342085854,0.0,23.719565121264647,0.8846335401139499,71.43818697519322,4.543804229694176,64.68393429772041,5.382864562130951,0.0,0.17197672664157343,0.0,0.0,1.140628402406217e-10,5.367437358020237e-09,0.42321699810962876,0.5280711889314129,0.173913043478261,0.01539195920881597,0.23686800898980356,0.6551661597560544,0.5559186714604935,0.31172083281901036,26.25,14,0.0,0.09560507339670796,2025.0,1.0,2
00-0036415,Van Jefferson,WR,TEN,LA,0.05754853920812102,0.30679111119924884,0.04870083590985284,0.0,-0.00697753296257871,4.570970872015328e-05,1.622106934091611,0.0041049299975727625,0.11025581661533636,0.0,0.004939969381081096,0.6386069845329937,0.0,0.5506982883924045,0.625655235536679,22.30695378470342,-0.2950098596400207,15.01746562713341,1.582655875562326,0.0,0.04537755668234313,0.0,0.0,-7.742839870236654e-06,0.00018498045281611683,0.08425935487950359,0.2165154859312471,0.1379310339689254,0.16017826304580493,0.5702544836979172,0.09401781950329521,0.7686121017115329,0.05324944836641776,18.0,16,0.0,0.03487773921214997,2025.0,1.0,5
00-0036422,Adam Trautman,TE,DEN,IND,0.0002269336426833487,0.0005214957617878083,0.00031143742183172544,0.0,-4.2392257805669496e-05,0.0,0.006750007867328009,0.0036497699632036676,0.12238227651578747,0.0,0.0005886427169114268,0.5203285971057798,0.0,0.0015585046960147858,1.5286721427398415,8.49691059805348,0.02927765748277274,7.9194991035769045,1.0197502806548706,0.0,0.044072771433238546,0.0,0.0,0.0,0.0,0.11902710189694282,0.10162364340223311,0.027027027027027,0.1707737633777302,0.25907362992185967,0.6504177096192277,1.1232882050890116,0.3136954188287896,22.5,13,0.0,0.011418092875925552,2025.0,1.0,2
00-0036427,Tyler Johnson,WR,NYJ,BUF,0.9223156607509517,1.8903617726784694,0.8602507661213298,0.0,1.2862961438806306,0.0,17.47962115772067,0.0129633914519445,0.3995808020107799,0.0,0.1053358834116542,0.4494583453036787,0.0,5.930867260234544,1.1130399744845498,20.671523010631596,0.6261851215762416,24.222899373204015,2.1722499954908328,0.0,0.12476300421505182,0.0,0.0,0.0,0.0,0.20912557490717093,0.22563941384712527,0.0952380952380952,0.4934356054882013,0.3060545987566863,0.9263675130401681,1.4381485327529986,0.11416938876997434,19.75,3,0.0,0.17942773145373295,2025.0,1.0,3
00-0036429,Charlie Woerner,TE,ATL,MIN,0.0,0.0,0.0,0.0,0.0,0.0,0.0,0.0,0.0,0.0,0.0,0.539189676227458,0.0,0.0,0.8988656552027939,5.552293172573655,-0.7915985139730797,5.514336045133881,0.8779713206477835,0.0,0.006982427800873424,0.0,0.0,0.0,0.0,0.0,0.114547093843356,0.0285714287310838,0.3000481741629133,0.10874913228338078,1.0512314081821592,0.8749991577640015,0.2129980550560807,20.0,20,0.0,0.0007593329645763395,2025.0,1.0,2
00-0036442,Joe Burrow,QB,CIN,JAX,0.0,0.0,0.0,0.0,0.0,1.98556099389687,0.0,0.0,0.0,0.07422956600085447,0.0,0.9969077952593035,0.0,0.0,0.0,0.0,0.0,0.0,0.0,0.019433224300635196,0.0,0.0,0.0,0.21051359570953843,8.033705947181376,0.1508229459167057,0.0,0.0,0.01539195920881597,0.23686800898980356,0.6551661597560544,0.5559186714604935,0.31172083281901036,26.25,14,0.0002991153957311482,0.0,2025.0,1.0,1
00-0036497,Tim Jones,WR,MIN,ATL,0.0770528484185355,0.7513311217052019,0.15609352220826003,0.0,0.021324314602484743,0.0,3.202149971751109,0.0,0.0,0.0,0.01778972242107838,0.3221331471374233,0.0,0.8891071685425564,0.925630575115201,15.044159651943826,0.4244289329282781,11.530266653035863,1.0319297231591644,0.0,0.006671145774481479,0.0,0.0,0.0,0.0,0.0,0.13207078605033265,0.0476190485060215,0.41544864227327927,0.542687684151771,0.4423465529190415,1.3570812856920385,0.6993078860089404,24.5,1,0.0,0.009053287084672335,2025.0,1.0,6
00-0036534,Shane Zylstra,TE,DET,CHI,0.09794507080238342,0.9963785826178554,0.31663457330754397,0.0,-0.02358715791016877,0.0,9.234223625458673,0.008648843144404079,0.3502567975394837,0.0,0.11844021550752024,0.33181897956641415,0.0,1.7630468493565021,1.3005249907536942,9.080766498117345,0.3458007989578449,12.136965947257941,1.2545960756296484,0.0,0.029561339013779116,0.0,0.0,0.0,0.0,0.1266098910940469,0.10433873659323512,0.0322580635547637,0.3055564827482153,0.18146581117327829,0.8996269535308904,0.7829102668390547,0.2865915302846011,26.0,5,0.0,0.0053643723635037055,2025.0,1.0,3
00-0036550,Rashod Bateman,WR,BAL,CLE,1.9679395903154029,5.5352941331967775,1.5729803303531185,0.0,0.3851187565910472,6.34937657125606e-05,21.451398040119344,0.020582457118996644,0.5475960859024491,0.0,0.027111129033299083,0.6877660930250268,0.0,13.619490262763668,0.666209279423575,54.86271271672385,1.4212987229228107,35.673030110257216,2.597009868813327,0.0,0.13002296633129876,0.0,0.0,0.0001600835665797568,0.0011428877828260913,0.48047272088612497,0.44748683568349656,0.210526315789474,0.2039944349708976,0.7933440799528539,0.9036633454839689,0.820015937588493,0.0015008883795919214,28.5,7,0.0,0.106620904644197,2025.0,1.0,2
00-0036554,Nico Collins,WR,HOU,TB,3.9918900237240718,9.24372320785929,2.6274444217389568,0.0,-0.04107352975214612,0.002571221359009291,67.97521367732526,0.016352526987366448,0.48051898522650593,0.0,0.12421908306348098,0.6499049020302282,0.0,25.25323589004689,0.943672853387097,62.77058932694332,2.1698835009303794,49.588343709332534,4.475405866827266,0.0,0.2515978898914078,0.0,0.0,0.0008883753507291363,0.017998549513065024,0.3641957458637391,0.49725671837327995,0.185185185185185,0.3833797721242485,0.05472500589934953,0.15478636779183097,0.8740708578517371,0.3235987313450722,22.5,29,0.0,0.2199143834510697,2025.0,1.0,1
00-0036555,Chuba Hubbard,RB,CAR,ARI,0.0,0.0,0.0,2.6789578511985317,0.0,18.131109493288058,0.0,2.81207545558755e-11,9.56105654899768e-10,0.37935727522316,3.8899864809188475e-08,0.813380952902889,18.66618855081059,0.0,-1.2105810853145977,-8.600386531254541,-0.504612507620262,17.314269816812978,3.107449056435773,0.6791204140062443,0.10465851312486761,0.4572306951593319,0.5711252531427032,0.7264485425629427,80.411878594357,0.7427380802281254,0.19138321216790363,0.147058823529412,0.3874449549143641,0.04345606300835222,0.7776609787795629,0.5977972001182874,0.2526673747248363,19.0,0,0.5281254458652779,0.026443791753865124,2025.0,1.0,1
00-0036567,Elijah Mitchell,RB,KC,PHI,0.0,0.0,0.0,1.3647056903776669,0.0,9.994756036127352,0.0,0.0,0.0,0.3776785609897176,0.0,0.3090350999778292,22.464725920141944,0.0,0.7823358570340648,0.7399120371826767,-0.06582438310641268,4.091174651150485,0.7375685736997646,0.37082920506344247,0.01010907475266658,0.27186771126973797,0.33083144822803245,-0.47228516756649547,42.32141135196365,0.4993364151364515,0.046738354893428355,0.0799999982118606,0.022508549051636805,0.22290272216463763,0.6833722184349974,0.946304037756645,0.0009573318179038651,22.5,25,0.25341437652469123,9.677738910296362e-06,2025.0,1.0,4
00-0036613,Jaylen Waddle,WR,MIA,NE,2.64025286087301,5.719904246525169,2.2641865593352786,0.0,-0.1569300274708832,0.2371147732415247,48.146335779165035,0.007006178842169907,0.27684629966391483,1.7997579860178183e-09,0.08843167020465985,0.727703922435375,0.0,20.143799628932502,0.8529022738876954,60.61348509020381,-0.06089672686056009,44.3277006949645,3.984116241650405,0.014470366357446425,0.17925257157886848,0.0,0.0,0.12192918449490968,1.2179560867377384,0.07366645947047472,0.42647117584545463,0.161290322580645,0.054277742381471206,0.09168588038453629,0.9339513667694092,0.942309537035285,0.442772862775828,23.0,21,0.0,0.16891140773686783,2025.0,1.0,2
00-0036620,Dee Eskridge,WR,MIA,NE,0.0,0.0,0.0,0.0,0.0,0.08606187690486292,0.0,0.002541300295427614,0.06987280865507563,0.0,0.0,0.17687163823777458,0.0,0.0,0.7678465024599749,5.189823466249959,0.20092320988816242,10.057241662490906,0.8952184099874065,0.0,0.02407033194108573,0.0,0.0,0.047701877741947445,0.5913114533592335,0.0018396649040210232,0.08319559220598007,0.0416666679084301,0.054277742381471206,0.09168588038453629,0.9339513667694092,0.942309537035285,0.442772862775828,23.0,21,0.0,0.022681703347690128,2025.0,1.0,5
00-0036626,Dyami Brown,WR,JAX,CIN,1.363314828126041,2.7876600207784192,0.8580881442184088,0.0,0.0076913328763220145,0.9030286368547211,17.611709875770423,0.001136797918734339,0.03701481397861206,0.0,0.027397899489074343,0.5675077774048373,0.0,5.671771292422567,1.493562129267745,36.57352779154319,0.8766987510045837,34.21286360668316,2.9343468150775274,0.0,0.008153727754963374,0.0,0.0,0.673218674581063,4.3881759606098445,0.005117395418659474,0.2933143247757992,0.137931034482759,0.0316753864286811,0.3948760311448736,0.8919250545027676,1.0150011204882208,0.07487562553799428,23.25,6,0.0,0.008276042807443729,2025.0,1.0,3
00-0036628,John Bates,TE,WAS,GB,0.0171828281910403,0.006907276116716377,0.022976794587973533,0.0,0.00286906514908936,0.0,0.3109444694613456,0.00017448767269703075,0.006207140741732245,0.0,0.005081078218450449,0.39315203086207523,0.0,0.019664104613378603,1.4851501585952431,12.12256272119862,-0.014950835589107645,6.646205452817762,0.6067980096755549,0.0,0.025265108956551603,0.0,0.0,0.0,0.0,9.108638326787965e-05,0.08431494665047705,0.0333333350718021,0.00988249693290696,0.042419559444668964,0.40477829806766363,0.9686790896230817,0.23802384129491655,22.5,11,0.0,0.001071734791258479,2025.0,1.0,2
00-0036630,Tylan Wallace,WR,BAL,CLE,0.0,0.0,0.0,0.0,0.0,0.0,0.0,0.0,0.0,0.0,0.0,0.38712813037799904,0.0,0.0,0.717489397789777,4.8826131671216855,0.1254069534963039,7.321173088890944,0.6442168997776703,0.0,0.010672808166614051,0.0,0.0,0.0,0.0,0.027136578159626112,0.06377629771424659,0.0,0.2039944349708976,0.7933440799528539,0.9036633454839689,0.820015937588493,0.0015008883795919214,28.5,7,0.0,0.008751872795448146,2025.0,1.0,4
00-0036637,Noah Gray,TE,KC,PHI,0.594229829501601,1.1452173607092657,0.6106771440938508,0.0,0.03394004071860318,0.20411408259151398,11.303770668974915,0.004655253536031408,0.18070282925850098,1.806845716412095e-08,0.29868200441510406,0.4157104058875551,0.0,1.8929732281354328,0.7671063673320894,8.833374878173615,0.3411105187954356,11.418106863013449,1.5353941062908203,6.4849782142170045e-06,0.09269925616090709,0.0,0.0,-0.302917827499841,-0.8162940854543205,0.12109881777995597,0.10810892616226277,0.0263157894736842,0.022508549051636805,0.22290272216463763,0.6833722184349974,0.946304037756645,0.0009573318179038651,22.5,25,0.0,0.020662916540903246,2025.0,1.0,2
00-0036646,Simi Fehoko,WR,ARI,CAR,0.5448500038641799,1.9006549562202653,0.2720807397675088,0.0,-0.1596631088561514,0.0,7.818407882436302,0.010830090510619676,0.2986950929779747,0.0,0.0,0.5020719194905415,0.0,3.624898200038649,0.2892362864908449,36.74649546274628,0.1467871236349162,14.657456324467232,0.9281050713634985,0.0,0.1257631566729113,0.0,0.0,0.0,0.0,0.05698548019268443,0.22810545360277001,0.0384615398943424,0.4047746559437065,0.5886529225527634,0.6147391968722338,1.3568967221084152,0.11686833694898953,25.5,4,0.0,0.1706476150514804,2025.0,1.0,6
00-0036727,Adam Prentice,RB,DEN,IND,0.0,0.0,0.0,0.0,0.0,0.0,0.0,0.0,0.0,0.0,0.0,0.2,0.0,0.0,0.0,0.0,-1.11848904262297,4.0,1.0,0.0,0.0,0.0,0.0,0.0,0.0,0.0,0.0405405405405405,0.027027027027027,0.1707737633777302,0.25907362992185967,0.6504177096192277,1.1232882050890116,0.3136954188287896,22.5,13,0.0,0.0,0.0,0.0,4
00-0036741,Jack Stoll,TE,NO,SF,0.0,0.0,0.0,0.0,0.0,0.0,0.0,0.0,0.0,0.0,0.0004378058057118442,0.4416125362494296,0.0,0.0,1.211712367821517,3.9953056925505783,-0.0895203649607261,5.482530814344195,0.7456636737837079,0.0,0.028293848884681387,0.0,0.0,0.0,0.0,0.0,0.07262495144906701,0.0,0.0687549655940788,0.3835530124170316,1.168760669635824,1.2494945090869056,0.015669534598864422,19.0,28,0.0,0.010852190972591816,2025.0,1.0,2
00-0036754,Brock Wright,TE,DET,CHI,0.08239032669706405,0.091347291119416,0.0901459892583633,0.0,0.0012077423518928802,0.0,1.5489045514411133,0.01012571980168186,0.389886165173184,0.0,0.11848538218895378,0.551875323265015,0.0,0.26964351195813985,1.3415977989231471,8.844503575765437,0.4840384032822454,8.545607268072576,0.9247651788210076,0.0,0.05081191388502991,0.0,0.0,0.0,0.0,0.16162011730013728,0.09338901019111016,0.025000000372529,0.3055564827482153,0.18146581117327829,0.8996269535308904,0.7829102668390547,0.2865915302846011,26.0,5,0.0,0.009220625170413714,2025.0,1.0,2
00-0036825,Feleipe Franks,TE,ATL,MIN,0.0,0.0,0.0,0.0,0.0,0.1554667985677888,0.0,0.0,0.0,0.0,0.0,0.06807004974572976,0.0,0.0,0.21446163097640286,10.623666390437494,-0.30772436793664276,2.5735395717168346,0.21446163097640286,0.0,0.0,0.0,0.0,-0.10762998027098696,0.14648253633899702,0.0,0.05162213983520286,0.0,0.3000481741629133,0.10874913228338078,1.0512314081821592,0.8749991577640015,0.2129980550560807,20.0,20,0.0,0.0,2025.0,1.0,4
00-0036842,Kene Nwangwu,RB,NYJ,BUF,0.0,0.0,0.0,0.0,0.0,1.0269318482574183,0.0,0.0,0.0,0.009350278789968186,0.0,0.0375984636526176,0.0,0.0,-0.22180707536528377,-0.16932885864838826,0.03399213530262488,1.0927052034214715,0.12310427008215241,0.008168441499112668,0.0006472274099447661,0.0,0.0,-0.3175646580474999,2.448968124359208,0.0,0.005572783540460769,0.0,0.4934356054882013,0.3060545987566863,0.9263675130401681,1.4381485327529986,0.11416938876997434,19.75,3,0.007566978836947105,7.389355778856755e-05,2025.0,1.0,4
00-0036849,Tutu Atwell,WR,LA,TEN,0.5516061815854916,1.9632048659882106,0.5947380974889698,0.0,-0.20367566257885458,0.05991143067484172,13.997600712210614,1.4002653548299782e-05,0.00044387099864511253,0.001259899352413919,0.0014769109999010236,0.39058566480906143,0.0,7.8704496671145865,0.7982263307391673,30.45873724120457,0.44752377044406216,20.062574124156452,2.1795930871267943,0.0011691186510446284,0.02115885255457868,0.0,0.0,-0.05724748281061364,0.03240695910031394,0.0002332621004336985,0.2662083120331192,0.0357142857142857,0.1797937189108486,0.08065404161557142,1.0552898096411443,1.1241445759122863,0.11316282191050671,23.5,30,0.0,0.023785609331757447,2025.0,1.0,3
00-0036862,Ben Skowronek,WR,PIT,SEA,0.00947308178025883,0.022422914401472028,0.006875671632649199,0.0,-0.0002024535312239534,0.024574112717664524,0.20430871297402362,0.0010383202243909103,0.038291883707995786,0.0,0.0035997374679260885,0.244120324845597,0.0,0.06598530820411486,2.193658117797394,11.152035911337595,1.927550301659288,18.75235690121199,1.2774888443704473,3.484564461384154e-05,0.01050595770311087,0.0,0.0,-0.04326795676222099,0.01967733271924068,0.2997194604927941,0.11716160231104093,0.0344827586206897,0.020802770482795295,0.7968017619632698,0.11837821229128537,0.8396172336508811,0.09116215491932625,21.75,27,0.0,0.008820983143539114,2025.0,1.0,4
00-0036875,Rhamondre Stevenson,RB,NE,MIA,0.0,0.0,0.0,1.245204272142473,0.0,9.448587119312823,0.0,0.0005674803262499441,0.02193289261136155,0.41665195530996185,0.06419564462198801,0.5815728592316327,8.213655015830932,0.0,1.3538064549715738,-0.966052540739748,0.3105183273649828,10.494184432470053,1.4542061884627955,0.4195676510992384,0.07541351933597314,0.2091310498665583,0.2839765541612563,-2.32037369835288,34.11388578522709,0.19207092355993508,0.08604743210028933,0.0666666666666667,0.5717123177444071,0.366684450851966,0.12050679215040297,1.1048768026963869,0.23563525676785815,21.5,19,0.05056075172404871,0.017770083992499866,2025.0,1.0,1
00-0036876,Kylen Granson,TE,PHI,KC,0.003375536863613848,0.006472428133674935,0.0033497755037227733,0.0,0.0009524180234581543,0.0003445578143485825,0.07041807133301516,9.641537615141057e-07,4.082740376365444e-05,0.0,0.00013108247587215706,0.3830424296360537,0.0,0.013250023927406228,0.6909393635014363,27.00232240493448,-1.0902994842515619,13.003251845559912,1.3849070465426236,0.0,0.06688823815262432,0.0,0.0,0.0009645231314024098,0.0006829693995749501,2.3139126719982607e-05,0.1788513538336208,0.05,0.17599553997256578,0.15688783798774497,0.4105234793758919,1.977903317213997,0.0006975286717756033,24.0,15,0.0,0.010493951070574626,2025.0,1.0,3
00-0036879,Sam Ehlinger,QB,DEN,IND,0.0,0.0,0.0,0.0,0.0,3.482019484369843,0.0,0.0,0.0,0.06450519498791284,0.0,0.7226925027300118,0.0,0.0,0.0,0.0,0.0,0.0,0.0,0.1118660939231411,0.0,0.0,0.0,1.5279249646248672,17.828987225959125,0.0,0.0,0.0,0.1707737633777302,0.25907362992185967,0.6504177096192277,1.1232882050890116,0.3136954188287896,22.5,13,0.019103793853621442,0.0,2025.0,1.0,3
00-0036887,Luke Farrell,TE,SF,NO,0.027686640224190102,0.012444973423562898,0.008200286030033312,0.0,0.010153964228310036,0.0,0.1542765300441682,6.766514475621408e-05,0.0025712755007361353,0.0,0.0006428188751840338,0.4500762468935124,0.0,0.019636109412671417,0.9229670503521606,7.183911055212037,0.29003737629724147,5.43472427552792,1.1199824561638658,0.0,0.007423129956183307,0.0,0.0,0.0,0.0,0.0,0.08730582764523076,0.0294117647058824,0.0010079464191690844,0.21012726124712083,0.7159385408595069,1.2111524529917945,0.2915127352732966,23.5,22,0.0,0.0015598019675742583,2025.0,1.0,2
00-0036893,Najee Harris,RB,LAC,LV,0.0,0.0,0.0,1.4894379522710481,0.0,9.155223596798203,0.0,6.316323232442296e-08,1.7222020425895015e-06,0.2993085114393427,1.6533641623448846e-05,0.360538096583497,11.070054452448543,0.0,-1.2178881630706255,-2.635930961752937,-0.26006502272933185,10.61290256057973,1.8979346857589587,0.3074762990806043,0.04313120097716388,0.22607831709968146,-0.058537668006633306,-0.4696191155529702,36.76841079149485,0.3227529956156624,0.11332227598405259,0.0294117647058824,0.01369597288205726,0.44255367496101533,0.41568276454145103,0.9219208273604723,0.07250375529578955,25.0,18,0.12781259803279962,0.003127174041261809,2025.0,1.0,2
00-0036894,Pat Freiermuth,TE,PIT,SEA,1.6404598097698588,3.2058437524872,1.7425335564099715,0.0,0.06819606025667188,0.0,34.93258924275403,0.01070834854976804,0.2947715793621906,0.0,0.007059519102670335,0.6364726462247783,0.0,14.00176606922822,1.2711537936830046,38.50852145147261,1.7340480100467865,45.69204840950903,4.712127454880514,0.0,0.30022842481665424,0.0,0.0,0.0,0.0,0.38959971800396825,0.43925407153045426,0.103448275862069,0.020802770482795295,0.7968017619632698,0.11837821229128537,0.8396172336508811,0.09116215491932625,21.75,27,0.0,0.23922253788536718,2025.0,1.0,2
00-0036898,Davis Mills,QB,HOU,TB,0.0,0.0,0.0,0.0,0.0,1.138010478267178,0.0,0.0,0.0,0.0017200571957933864,0.0,0.3739122610069253,0.0,0.0,0.0,0.0,0.0,0.0,0.0,0.17368891499964495,0.0,0.0,0.0,-0.26837035456105063,4.450223679491198,0.007610844863806036,0.0,0.0,0.3833797721242485,0.05472500589934953,0.15478636779183097,0.8740708578517371,0.3235987313450722,22.5,29,0.06658881665307186,0.0,2025.0,1.0,2
00-0036900,Ja'Marr Chase,WR,CIN,JAX,3.596250404723432,10.397437422748942,2.4053700340567703,0.0,2.430809004890933,0.16437377846898796,61.60848600570514,0.03119785623973018,1.3092403855702694,0.0,0.1518641983113148,0.9325340688062869,0.0,41.64021728535047,0.8870590397413611,94.53087375235853,2.4882359954614617,82.02313638701249,6.914508196795052,2.5524518224793426e-08,0.20930146318533313,0.0,0.0,0.09672464230398858,1.5499668891449885,0.47106220573085084,0.7133516218216248,0.217391304347826,0.01539195920881597,0.23686800898980356,0.6551661597560544,0.5559186714604935,0.31172083281901036,26.25,14,0.0,0.11635459134872778,2025.0,1.0,1
00-0036912,DeVonta Smith,WR,PHI,KC,2.453642704311726,6.115475821295642,2.029595689065575,0.0,0.2511467661008373,0.10412328201212334,51.74432807111427,0.022264282379574642,0.5056486269980994,0.0,0.11681563651077813,0.862827512042108,0.0,23.89497339023182,1.9596645552618162,44.596556173949935,5.171247798621024,59.07665553890861,5.107026721545195,0.006507705125757709,0.17555260482839377,0.0,0.0,-0.04938997327373337,0.10412328201212334,0.44741443529220204,0.5821109317547349,0.15,0.17599553997256578,0.15688783798774497,0.4105234793758919,1.977903317213997,0.0006975286717756033,24.0,15,0.0,0.347226079435638,2025.0,1.0,2
00-0036919,Kenneth Gainwell,RB,PIT,SEA,0.0,0.0,0.0,0.6205310042592461,0.0,6.465393309835448,0.0,0.0,0.0,0.0026159980237542924,6.5847146806008634e-09,0.3854353458689934,7.476154479051887,0.0,-0.4386088777111172,-0.050320557533832896,-0.8070582362414847,8.19152112827873,1.924108378056492,0.19269971657640528,0.03541615127424532,0.03982592968174624,-0.5558513516307819,-2.1825021318596254,16.01930060504746,0.03804256475052132,0.12607185142397,0.137931034482759,0.020802770482795295,0.7968017619632698,0.11837821229128537,0.8396172336508811,0.09116215491932625,21.75,27,0.022811447957352227,0.0032286126691090456,2025.0,1.0,2
00-0036945,Justin Fields,QB,NYJ,BUF,0.0,0.0,0.0,0.0,0.0,5.924407185143298,0.0,0.0,0.0,0.211467822681535,0.0,0.4918902416237259,0.0,0.0,0.0,0.0,0.0,0.0,0.0,0.17399154282389268,0.0,0.0,0.0,1.7083505684576556,28.27930172189647,0.39605239437323525,0.0,0.0,0.4934356054882013,0.3060545987566863,0.9263675130401681,1.4381485327529986,0.11416938876997434,19.75,3,0.08585362228313378,0.0,2025.0,1.0,1
00-0036963,Amon-Ra St. Brown,WR,DET,CHI,3.1617958094409477,8.4695699109955,3.158927815625527,0.0,-0.20192744510998079,0.07306652219864068,76.43202423389111,0.02322959202321775,0.836943339561148,4.858824931256641e-08,0.12761354327824181,0.8712513899650799,0.0,34.77849674337597,1.1241173582198851,62.66485333081864,5.191368452223334,71.6081576716859,6.313661458097692,0.004833960162737454,0.30722307386368564,0.0,0.0,0.008257235423774654,0.45952114162043134,0.3894383318023905,0.5709399839931606,0.157894736842105,0.3055564827482153,0.18146581117327829,0.8996269535308904,0.7829102668390547,0.2865915302846011,26.0,5,0.0,0.24052809873773273,2025.0,1.0,1
00-0036970,Kyle Pitts,TE,ATL,MIN,3.080223946230095,3.976022606851489,1.7092825804739171,0.0,0.15178404754165853,6.023304436612488e-06,40.905596329415566,0.010768171543919113,0.35093464541587416,0.0,0.000440096723208297,0.5752326266486174,0.0,7.356623437203844,1.9262583650037184,30.751018199167767,0.9996337013135598,33.60802536314918,3.7095460997882506,0.0,0.15144299169125694,0.0,0.0,-9.945702882546783e-06,-2.409321774644995e-05,0.15712068157455952,0.2886478269490683,0.19047619047619,0.3000481741629133,0.10874913228338078,1.0512314081821592,0.8749991577640015,0.2129980550560807,20.0,20,0.0,0.016469293936823438,2025.0,1.0,1
00-0036971,Trevor Lawrence,QB,JAX,CIN,0.0,0.0,0.0,0.0,0.0,3.1757554912945496,0.0,0.0,0.0,0.11522329425185267,0.0,0.8422941103936883,0.0,0.0,0.0,0.0,0.0,0.0,0.0,0.16416656788032088,0.0,0.0,0.0,0.7187034993271902,10.249520008396539,0.25400822894766756,0.0,0.0,0.0316753864286811,0.3948760311448736,0.8919250545027676,1.0150011204882208,0.07487562553799428,23.25,6,0.00520003947627947,0.0,2025.0,1.0,1
00-0036972,Mac Jones,QB,SF,NO,0.0,0.0,0.0,0.0,0.0,3.726003686391723,0.0,0.0,0.0,0.018927272952864074,0.0,0.9498702303329033,0.0,0.0,0.0,0.0,0.0,0.0,0.0,0.01840680563803061,0.0,0.0,0.0,1.1144122052266277,13.64522409516402,0.027107218081328807,0.0,0.0,0.0010079464191690844,0.21012726124712083,0.7159385408595069,1.2111524529917945,0.2915127352732966,23.5,22,1.8553073831194268e-05,0.0,2025.0,1.0,2
00-0036973,Travis Etienne,RB,JAX,CIN,0.0,0.0,0.0,2.1244107496195164,0.0,12.959939806366783,0.0,0.00016396241603673642,0.006170951165034021,0.15837517571864485,3.950828923561192e-09,0.5391193306898976,15.511099668649003,0.0,-0.7705634678786016,-5.8390685235013535,0.5509147017092327,20.384996774714896,2.6653601892940686,0.35317809323239124,0.08385110208385303,0.26509819305511034,0.8158707552527926,-1.4470210001842219,67.24793097839513,0.0061043698423032125,0.15251103864839272,0.103448275862069,0.0316753864286811,0.3948760311448736,0.8919250545027676,1.0150011204882208,0.07487562553799428,23.25,6,0.3150083900554841,0.006278403720578711,2025.0,1.0,1
00-0036980,Elijah Moore,WR,BUF,NYJ,2.03205341663667,5.944632262060795,2.104051392684801,0.0,-0.3377928652142323,0.32385512651828724,29.116258768522048,0.006651438668806184,0.28939723974326265,0.0,0.006332218844768568,0.6117607797986753,0.0,14.485878596938102,0.6177117560160431,43.5125113813661,-3.1795705346658174,20.122295001039703,2.264849570141591,1.180857037193637e-05,0.03140168130856478,0.0,0.0,0.13084899770205272,2.3236676501938347,0.020093377966805027,0.28560236672059536,0.0222222222222222,0.2607154342727115,0.6905793882853771,0.6120001623258199,1.2809942195805868,0.2868257926037341,26.75,24,0.0,0.040225372241383235,2025.0,1.0,4
00-0036988,Josh Palmer,WR,BUF,NYJ,1.9213880778334547,11.51339666973901,1.9001350087120938,0.0,0.0896626939971702,0.0013121588888744587,43.91465353026608,0.013171495076786062,0.5513250314831825,0.0,0.20241381550846868,0.6126309388123367,0.0,25.639532179923073,0.5356548518642631,89.99151159637422,0.7129004939324188,44.66345749512882,3.703798928759088,0.0,0.21045441730122116,0.0,0.0,0.00029612786074868476,0.007872370274264063,0.014627489440031576,0.4652265139805536,0.2,0.2607154342727115,0.6905793882853771,0.6120001623258199,1.2809942195805868,0.2868257926037341,26.75,24,0.0,0.26959089204806497,2025.0,1.0,3
00-0036997,Javonte Williams,RB,DAL,NYG,0.0,0.0,0.0,0.8399889211741617,0.0,7.559611450408766,0.0,5.05779218896888e-08,1.5679155785803538e-06,0.3351455985157621,0.000819053504451724,0.5245086546611032,8.575301861289327,0.0,2.617708954047742,-1.4520264245995536,-0.5683125273534867,19.174530999224768,2.779798714999095,0.2800557316347271,0.050841200220672345,0.18306749720054716,0.021474786038217272,0.8336179146097751,28.680421991389924,0.3742616637081807,0.1668919246701578,0.0909090909090909,0.04675342036973735,0.6372246955549405,1.006240546654429,0.8686276924336725,0.0769774093736673,25.0,23,0.2818034324938339,0.003913623882435279,2025.0,1.0,1
00-0037004,Hunter Long,TE,JAX,CIN,0.0,0.0,0.0,0.0,0.0,0.0,0.0,0.009449946939450286,0.2929483551229592,0.0,0.0,0.2440397134471786,0.0,0.0,1.3349810874542494,4.6236890163019035,0.7183706236647236,7.353002380010003,0.9508381913706925,0.0,0.09764945366064208,0.0,0.0,0.0,0.0,0.2929483551229592,0.0803470994491696,0.0344827586206897,0.0316753864286811,0.3948760311448736,0.8919250545027676,1.0150011204882208,0.07487562553799428,23.25,6,0.0,0.03855942870497959,2025.0,1.0,3
00-0037005,Tommy Tremble,TE,CAR,ARI,0.3673551353473339,0.3411082244243562,0.16776487446093122,0.0,0.07723457692064328,8.376913874231138e-07,3.5603802119510224,0.006935326204451353,0.24268220751487035,1.3827900897984548e-08,0.07556089272467831,0.6161471200761912,0.0,0.6742748055369111,1.2282664360380973,12.754414493197073,1.349856986881599,18.989226523982648,1.909778646118026,1.7493913845938138e-07,0.05054707482390647,0.0,0.0,1.8763388549019195e-07,3.270378277416709e-06,0.27998441669985047,0.14962858372224602,0.0294117647058824,0.3874449549143641,0.04345606300835222,0.7776609787795629,0.5977972001182874,0.2526673747248363,19.0,0,0.0,0.0021965768684355735,2025.0,1.0,2
00-0037012,Trey Lance,QB,LAC,LV,0.0,0.0,0.0,0.0,0.0,4.18657485876322,0.0,0.0,0.0,0.18552629799775464,0.0,0.4705088782959958,0.0,0.0,0.0,0.0,0.0,0.0,0.0,0.18651707031449305,0.0,0.0,0.0,-0.38135974044012594,16.69420336150975,0.0100549589015477,0.0,0.0,0.01369597288205726,0.44255367496101533,0.41568276454145103,0.9219208273604723,0.07250375529578955,25.0,18,0.0025545327370680637,0.0,2025.0,1.0,2
00-0037013,Zach Wilson,QB,MIA,NE,0.0,0.0,0.0,0.0,0.0,1.9873629372641148,0.0,6.592419251267314e-06,0.00024391951229689077,0.009702355014499378,0.00012195975614844539,0.6054765785509358,0.0,0.0,0.00024391951229689077,0.0009957930277110056,0.00024187083971919805,0.00048783902459378155,0.00024391951229689077,0.00788450618997566,8.214462862740202e-05,0.0,0.0,-1.2212363793691712,11.04098433586873,0.0007933273602345731,1.9773391291321774e-05,0.0,0.054277742381471206,0.09168588038453629,0.9339513667694092,0.942309537035285,0.442772862775828,23.0,21,0.0004279531957846139,0.0,2025.0,1.0,2
00-0037077,Sam Howell,QB,PHI,KC,0.0,0.0,0.0,0.0,0.0,2.055346970963925,0.0,0.0,0.0,0.2726454174171566,0.0,0.7624797658566468,0.0,0.0,0.8176947588088452,0.2044236897022113,-0.06253197147324943,0.8176947588088452,0.2044236897022113,0.13533004812399413,0.04088473794044226,0.0,0.0,-0.18791930873117804,5.611922930809977,0.11998117603708415,0.011880467664921221,0.0,0.17599553997256578,0.15688783798774497,0.4105234793758919,1.977903317213997,0.0006975286717756033,24.0,15,0.02381748489409566,0.0,2025.0,1.0,3
00-0037085,Tyler Badie,RB,DEN,IND,0.0,0.0,0.0,0.0,0.0,2.081567022365151,0.0,0.008774302002631193,0.3509720801052477,0.0,0.0,0.13643911708814502,0.0,0.0,0.25199021459986937,3.928226867417044,-2.189162614669318,7.061248355503581,1.4225990352287676,0.0,0.02558105540125712,0.0,0.0,0.18297902386956283,14.581201578716561,0.0913609121473469,0.14193380264959832,0.162162162162162,0.1707737633777302,0.25907362992185967,0.6504177096192277,1.1232882050890116,0.3136954188287896,22.5,13,0.0,0.008024659888179823,2025.0,1.0,3
00-0037086,Grant Calcaterra,TE,PHI,KC,0.16023672540149342,0.05858244493100091,0.20731927185596827,0.0,0.00912808620836509,0.0,3.7991209423476557,0.005006553000932135,0.10556129604888688,0.0,0.05212393932900985,0.6653580991408701,0.0,0.1362635953921681,1.0478269048556552,18.228830117088567,0.8505087415142488,19.057569065771233,1.6273918679182269,0.0,0.09404089919645212,0.0,0.0,0.0,0.0,0.1042478786580197,0.21074083942852534,0.0975609719753265,0.17599553997256578,0.15688783798774497,0.4105234793758919,1.977903317213997,0.0006975286717756033,24.0,15,0.0,0.014753873357354836,2025.0,1.0,2
00-0037093,Dareke Young,WR,SEA,PIT,0.0,0.0,0.0,0.0,0.0,0.0,0.0,0.0,0.0,0.0,0.0,0.15833333333333335,0.0,0.0,9.999999999999998,5.666666666666666,-0.15758152802785233,9.999999999999998,0.8333333333333333,0.0,0.0,0.0,0.0,0.0,0.0,0.0,0.1027412302792072,0.0399999991059303,0.6729064925588149,0.4191947719219354,0.6098905230063066,1.2347897022297165,0.00404824710031119,18.75,26,0.0,0.0,2025.0,1.0,5
00-0037112,Jake Tonges,TE,SF,NO,0.0,0.0,0.0,0.0,0.0,0.0,0.0,0.016666666666666625,0.5833333333333333,0.0,0.29166666666666663,0.26916666666666667,0.0,0.0,0.9722222222222241,10.666666666666666,1.7653437375653676,8.75,1.7499999999999998,0.0,0.11666666666666667,0.0,0.0,0.0,0.0,0.5833333333333333,0.15691814880115784,0.0882352941176471,0.0010079464191690844,0.21012726124712083,0.7159385408595069,1.2111524529917945,0.2915127352732966,23.5,22,0.0,0.02451484714549743,2025.0,1.0,3
00-0037120,Tyler Goodson,RB,IND,DEN,0.0,0.0,0.0,0.14679484606447055,0.0,2.2316376481727787,0.0,0.005333414788521234,0.17965186656071552,0.01273043297574779,0.10479692216041737,0.13047448240462697,1.3762934038143533,0.0,-0.1338844945982923,2.5560740867645593,-0.04068273069182307,3.9787579791008256,0.7772898281625473,0.04165186849745794,0.027574952243006903,0.028578344385686835,0.02770116294244337,0.35471860233449926,10.829194571175536,0.15826473958920173,0.05893691377324238,0.0512820519506931,0.22119294912017282,0.1318181880266351,0.24612469288376718,0.65267643344506,0.21561467293103723,20.0,9,0.010251553341971892,0.005945564308964904,2025.0,1.0,3
00-0037157,Bam Knight,RB,ARI,CAR,0.0,0.0,0.0,1.8899077421656711,0.0,10.917614009857557,0.0,0.0,0.0,0.035215141034962934,0.0,0.35431744336734555,27.149312797499448,0.0,-3.8910807961817366,-1.7277822644475984,0.40365886229805886,9.810522418294166,1.1955573919599471,0.395984536528498,0.00690492968374791,0.13693294323138921,-0.5597153055138367,-2.9752138200991345,29.364861057822594,0.08216866241491352,0.048280624159233565,0.0,0.4047746559437065,0.5886529225527634,0.6147391968722338,1.3568967221084152,0.11686833694898953,25.5,4,0.2434272159593526,0.0008069676488893304,2025.0,1.0,4
00-0037197,Isiah Pacheco,RB,KC,PHI,0.0,0.0,0.0,0.796513177261387,0.0,8.910718559945954,0.0,0.0006675911040351482,0.01936014201701932,0.05843965970234025,0.03212828826957925,0.4498731318706595,3.3891668986685652,0.0,1.1356227087176214,-5.327177084516647,-0.8002722171153148,5.8835413224790996,1.556713074186436,0.3187698002101869,0.020963015404842064,0.13837592112793645,-0.030298472062587824,-1.5511492643696727,34.50473937559013,0.08150210880921814,0.07519867067020047,0.0789473684210526,0.022508549051636805,0.22290272216463763,0.6833722184349974,0.946304037756645,0.0009573318179038651,22.5,25,0.21783842553971633,2.0068561646264183e-05,2025.0,1.0,1
00-0037228,Jaylen Warren,RB,PIT,SEA,0.0,0.0,0.0,1.6328695821259727,0.0,9.062332224823487,0.0,0.0003527715859578783,0.009877604406820593,0.3945723238874157,0.14285715273421537,0.4766221586599755,5.742951883533489,0.0,5.89385870547726,0.0662734724607363,0.6443600227288446,22.36494599207618,2.420557191833293,0.5461799931852381,0.14774126881239777,0.2627113254912484,-0.024729495580947503,-0.6578736818629647,38.0112835933926,0.3140027877766308,0.1597902282512633,0.0689655172413793,0.020802770482795295,0.7968017619632698,0.11837821229128537,0.8396172336508811,0.09116215491932625,21.75,27,0.06465581118253491,0.013468412435453629,2025.0,1.0,1
00-0037238,Drake London,WR,ATL,MIN,2.3529201219302927,9.174954304724613,1.981951711281161,0.0,0.8066358103814413,0.03794580380423585,50.346677531433336,0.04741855726714183,1.773648870918534,0.0,0.4542574690528069,0.9094775931036729,0.0,37.4234791217572,0.7527649953894441,135.05666266315185,1.928097693163982,92.50630737391525,7.162607898962638,0.0,0.4105662984808332,0.0,0.0,-0.08992161708436716,-0.11383741141270756,0.31114580675460124,0.8235674785920886,0.357142857142857,0.3000481741629133,0.10874913228338078,1.0512314081821592,0.8749991577640015,0.2129980550560807,20.0,20,0.0,0.3592451653770127,2025.0,1.0,1
00-0037239,Chris Olave,WR,NO,SF,2.2197681562989735,5.758920193941536,1.7285534096712971,0.0,-0.38674554674699685,0.027104183336525346,35.76975981095516,0.016779690186222815,0.6878336168501064,0.0,0.14970530245871136,0.5914650921282649,0.0,24.97416906825719,1.2329647168905997,68.53184153808031,-1.3389055103037548,48.41583109710093,4.65006915890148,0.0,0.1855628174393269,0.0,0.0,0.023983389331220805,0.18972928335567735,0.06038310904083007,0.491059436751866,0.317073170731707,0.0687549655940788,0.3835530124170316,1.168760669635824,1.2494945090869056,0.015669534598864422,19.0,28,0.0,0.23185972148113485,2025.0,1.0,1
00-0037240,Jameson Williams,WR,DET,CHI,4.0200705473999125,7.670480229087996,3.5635181098839035,0.0,0.27241437116084277,0.8209583279667713,69.59691822097912,0.00586959145844541,0.2310372386735068,0.07288708134230765,0.05760843282104389,0.84743279061483,0.0,26.02992145341869,1.2870520955629436,50.86323268210639,2.290009386325136,54.107511474190176,4.628308033619551,0.020867567470592555,0.08600462824234646,0.0,0.0,0.1762921490158417,2.2564345883701873,0.3581323040620237,0.470361028834512,0.131578947368421,0.3055564827482153,0.18146581117327829,0.8996269535308904,0.7829102668390547,0.2865915302846011,26.0,5,0.0,0.06733390644660917,2025.0,1.0,2
00-0037247,George Pickens,WR,DAL,NYG,3.0179553367568226,9.922274090477291,1.7525310263504852,0.0,0.7588265700186747,0.042561200024745796,30.87219810791394,0.019353547900933247,0.622639546079019,1.360471074505664e-07,0.021349601866151854,0.8941146682056353,0.0,31.622749758958253,0.5134733389103091,86.13549131929483,-0.1659833135977733,42.334080581956975,3.1181238426246978,5.1017664273609125e-08,0.10558265969622906,0.0,0.0,-0.005623490246413348,0.13193439149239133,0.1624842113732467,0.5536248979053527,0.121212121212121,0.04675342036973735,0.6372246955549405,1.006240546654429,0.8686276924336725,0.0769774093736673,25.0,23,0.0,0.09171202205294517,2025.0,1.0,2
00-0037248,James Cook,RB,BUF,NYJ,0.0,0.0,0.0,2.3252468730083633,0.0,12.239265746700699,0.0,4.7502833823569795e-05,0.0012816545874174017,0.4344618904337206,0.10458974223787368,0.4282085074977058,21.166312952500782,0.0,-3.3677554674481778,-1.4471705487066822,1.294395265827594,23.562641691379625,2.2504167692792083,0.4869047106744615,0.04257500556796229,0.3551294000588051,0.6044045690509448,-0.00563501562691322,54.478964347072356,0.9256139900826237,0.08955425894741956,0.111111111111111,0.2607154342727115,0.6905793882853771,0.6120001623258199,1.2809942195805868,0.2868257926037341,26.75,24,0.2979857619699768,0.012211609717139174,2025.0,1.0,1
00-0037256,Rachaad White,RB,TB,HOU,0.0,0.0,0.0,0.8445093192314442,0.0,6.886466962454409,0.0,3.0652163363295135e-06,8.889127375355593e-05,0.1498972794781502,0.07672668613597382,0.4290186990484102,7.455794993163984,0.0,-2.1289235156013318,-4.29268400091415,-0.3613936446736028,15.419499471281737,2.3878904855164316,0.2662081338319454,0.09865939537932536,0.15106550129667617,0.21462825647475403,-0.07153437714984612,33.60087406955562,0.28863447965254047,0.10399683775664977,0.0333333333333333,0.2513759927260177,0.7233072743850615,0.6101352841003179,0.5829015487383274,0.009079454985036099,20.0,12,0.16242297536536948,0.000895773539197463,2025.0,1.0,2
00-0037258,Dameon Pierce,RB,HOU,TB,0.0,0.0,0.0,0.5888662817044176,0.0,6.147103652195675,0.0,0.0,0.0,0.004410129670012651,1.6528038060655788e-05,0.2323703005387137,7.662424016442448,0.0,-0.047204232088484614,-1.593281587820966,-0.47719255543056405,0.25417961738382183,0.1198967643829183,0.19658710600025445,0.02919077799974134,0.15256326900638617,1.256195360190777,0.5045070523657564,42.26971264798067,0.22651541900237862,0.03719570953661478,0.037037037037037,0.3833797721242485,0.05472500589934953,0.15478636779183097,0.8740708578517371,0.3235987313450722,22.5,29,0.030429004092487045,0.009446098727691943,2025.0,1.0,2
00-0037261,Khalil Shakir,WR,BUF,NYJ,5.696200465372577,8.508261708172697,3.784095646621609,0.0,0.18056748528289002,0.017336913142572435,60.120611822600864,0.009037981414402972,0.28784903221904595,0.0,0.03472365858032381,0.667781924122688,0.0,19.893698329698918,1.0630188400382845,62.4217206624535,0.6399068887133823,48.629169998563505,4.693729222626548,6.246898194248854e-05,0.1213627151712702,0.0,0.0,-0.008003223736950706,0.042170103743429624,0.1841167163463855,0.4808779296757914,0.2,0.2607154342727115,0.6905793882853771,0.6120001623258199,1.2809942195805868,0.2868257926037341,26.75,24,0.0,0.1554649366070023,2025.0,1.0,2
00-0037263,Tyler Allgeier,RB,ATL,MIN,0.0,0.0,0.0,1.3232440431577133,0.0,8.579793988460523,0.0,0.0,0.0,0.0757477791123527,1.1805677101924986e-05,0.22436767490484363,12.54676060316065,0.0,0.47737418671615983,-0.07642977972802852,0.23082956654665002,4.851611804638852,0.6100179652065355,0.13318992272931693,0.0006374795747720384,0.201951862097508,-0.1548871624534313,-0.4943917641844944,32.609026680662275,0.07286290404167019,0.0244846140410185,0.0,0.3000481741629133,0.10874913228338078,1.0512314081821592,0.8749991577640015,0.2129980550560807,20.0,20,0.1400134300264128,0.00013578190956442155,2025.0,1.0,2
00-0037267,Jerome Ford,RB,CLE,BAL,0.0,0.0,0.0,0.6984363091028277,0.0,7.172656366536491,0.0,0.001814809968058079,0.07440290672707518,0.19703538304181115,1.1805803667529455e-05,0.5063270320115356,0.13884402206110757,0.0,-0.26466347317285727,-1.7091858032537013,0.020697062145266936,11.173064546844168,1.7935998650477516,0.3498580441713299,0.04901055335607251,0.1106823881580213,0.6164876159678374,-0.736616833533014,36.09183385236878,0.255308123569299,0.07546617750502177,0.0238095238095238,0.6643675657351072,0.6766129411731504,0.4835107079562128,0.581792831983949,0.12240871327035403,17.0,2,0.1691601106214557,0.005999318772984867,2025.0,1.0,2
00-0037276,Ty Chandler,RB,MIN,ATL,0.0,0.0,0.0,0.2111385400962098,0.0,3.0160700451756535,0.0,0.0,0.0,0.006841761537812638,0.0,0.10666064262273423,1.3284998419722736,0.0,-0.2562788212084352,-0.44996874316294005,0.003382797813532413,1.1938728136225925,0.18137681658042087,0.10249045848404022,0.004753752398682525,0.019485600337265086,-0.04092731189432216,-0.5487633105037438,7.876115780995327,0.006841761537812638,0.009066385664498364,0.0,0.41544864227327927,0.542687684151771,0.4423465529190415,1.3570812856920385,0.6993078860089404,24.5,1,0.045336301017507324,0.0033243365405326067,2025.0,1.0,4
00-0037277,Teagan Quitoriano,TE,ATL,MIN,0.0,0.0,0.0,0.0,0.0,0.0,0.0,0.003556359486320456,0.10865494794565815,0.0,0.024150000294819084,0.4325950832596946,0.0,0.0,2.417050164261238,15.97069744777324,0.8663859562097723,18.153783997003348,0.8959937328797755,0.0,0.02567883199847212,0.0,0.0,0.0,0.0,0.0693503211313144,0.10448834494234013,0.03125,0.3000481741629133,0.10874913228338078,1.0512314081821592,0.8749991577640015,0.2129980550560807,20.0,20,0.0,0.0027925506978845557,2025.0,1.0,3
00-0037282,James Mitchell,TE,CAR,ARI,0.0,0.0,0.0,0.0,0.0,0.0,0.0,0.0007634725560538446,0.019850286457399995,0.0,0.0763663720424034,0.4099813915345,0.0,0.0,2.2121589311110053,8.621874672248275,1.2762874795250898,14.999185797705351,1.1505763329512535,0.0,0.033201071935296554,0.0,0.0,0.0,0.0,0.019850286457399995,0.07968407301560454,0.0322580635547637,0.3874449549143641,0.04345606300835222,0.7776609787795629,0.5977972001182874,0.2526673747248363,19.0,0,0.0,0.0014427878739650816,2025.0,1.0,4
00-0037291,Jalen Nailor,WR,MIN,ATL,0.46570687671003014,2.25808859870308,0.6792716657532993,0.0,-0.04350236413920308,0.028011607785296832,15.254356975380876,0.0072613613879529935,0.26988590382434324,0.0016805966252751514,0.022753936690452583,0.6128341048892714,0.0,3.595463774083359,1.050283123235307,31.956929208158513,1.567115670283334,34.24853800909088,2.011910464392024,0.003141323168104198,0.07142721123104118,0.0,0.0,-0.039628814833788197,-0.12477594196508122,0.20612241891447078,0.25191230004446097,0.15,0.41544864227327927,0.542687684151771,0.4423465529190415,1.3570812856920385,0.6993078860089404,24.5,1,0.0,0.09693253165081817,2025.0,1.0,2
00-0037292,Andrew Ogletree,TE,IND,DEN,0.0,0.0,0.0,0.0,0.0,0.0,0.0,0.00021211111760751272,0.006355316770414461,0.0,0.0026807911258259235,0.43281980637523615,0.0,0.0,0.5312605188905096,12.2597995062057,-0.4211197857193929,7.9692631597136465,0.4755534092462214,0.0,0.029179636707035595,0.0,0.0,0.0,0.0,0.01167464902612616,0.09790980404761847,0.0,0.22119294912017282,0.1318181880266351,0.24612469288376718,0.65267643344506,0.21561467293103723,20.0,9,0.0,0.003846406837996922,2025.0,1.0,3
00-0037304,Connor Heyward,TE,PIT,SEA,0.013473714534601978,0.01960837716943135,0.013124271545811033,0.0,-0.0027874010129581637,0.0034436959238606695,0.4200594937753073,7.304205720470539e-05,0.0025909420724003294,0.0,0.03754824716869239,0.20240421893821858,0.0,0.028557968545425166,0.804616832544943,7.398425536029938,0.05486480963582333,5.796426636944087,0.9050053072867906,0.0,0.0635171139846784,0.0,0.0,-0.002707096970166935,0.01968208790075889,0.0747318650519277,0.08218268526220432,0.0,0.020802770482795295,0.7968017619632698,0.11837821229128537,0.8396172336508811,0.09116215491932625,21.75,27,0.0,0.05061054833781359,2025.0,1.0,4
00-0037306,John FitzPatrick,TE,GB,WAS,0.0,0.0,0.0,0.0,0.0,0.0,0.0,0.0,0.0,0.0,0.0,0.23706422018348625,0.0,0.0,2.1467889908256876,2.0,-0.2857965470501006,4.293577981651375,1.0,0.0,0.0,0.0,0.0,0.0,0.0,0.0,0.068333492817952,0.0454545454545455,0.040939318976922434,0.3138651021617542,0.8228718713535192,0.3070360828672106,0.07476300472024246,26.0,31,0.0,0.0,2025.0,1.0,3
00-0037311,Ko Kieft,TE,TB,HOU,0.0,0.0,0.0,0.0,0.0,0.0,0.0,0.0,0.0,0.0,0.131463795363884,0.18985976050273917,0.0,0.0,0.3103236078505545,8.113823138064257,0.01872618384684388,2.174217569455435,0.3790636300926202,0.0,0.07865322452195062,0.0,0.0,0.0,0.0,0.23533678350192114,0.06579734951816098,0.0,0.2513759927260177,0.7233072743850615,0.6101352841003179,0.5829015487383274,0.009079454985036099,20.0,12,0.0,0.05689044945056838,2025.0,1.0,3
00-0037340,Zaire Mitchell-Paden,TE,BAL,CLE,0.0,0.0,0.0,0.0,0.0,0.0,0.0,0.0,0.0,0.0,0.0,0.0,0.0,0.0,0.0,0.0,0.0,0.0,0.0,0.0,0.0,0.0,0.0,0.0,0.0,0.0,0.0,0.0,0.2039944349708976,0.7933440799528539,0.9036633454839689,0.820015937588493,0.0015008883795919214,28.5,7,0.0,0.0,2025.0,1.0,4
00-0037348,Tanner Conner,WR,MIA,NE,0.0,0.0,0.0,0.0,0.0,0.0,0.0,0.011321680003395077,0.3509720801052477,0.0,0.0,0.2562900160795205,0.0,0.0,0.6409949271378196,20.695366174535884,-1.4140294839474299,10.95892413389855,1.382400233883935,0.0,0.11332407670662183,0.0,0.0,0.0,0.0,0.0,0.2002784693456595,0.129032258064516,0.054277742381471206,0.09168588038453629,0.9339513667694092,0.942309537035285,0.442772862775828,23.0,21,0.0,0.10678635825636794,2025.0,1.0,3
00-0037475,Stone Smartt,TE,NYJ,BUF,0.5383919691275308,1.286012579943471,0.6359272065711762,0.0,-0.17169605691831866,0.0,12.155128354853224,0.0001643727050804392,0.006174696399543464,0.0,0.001286395083238222,0.40335203132204117,0.0,2.939681301303271,1.3890148689302966,26.458197363398618,1.3367684527248225,30.805431847150288,2.535271766777915,0.0,0.030265743872400226,0.0,0.0,0.0,0.0,0.003601906233067022,0.19880701946929816,0.050000000745058,0.4934356054882013,0.3060545987566863,0.9263675130401681,1.4381485327529986,0.11416938876997434,19.75,3,0.0,0.009262970096940088,2025.0,1.0,3
00-0037525,Jordan Mason,RB,MIN,ATL,0.0,0.0,0.0,1.668112181847453,0.0,9.882125110119114,0.0,0.0,0.0,0.05410437405685974,0.0,0.38497684152832956,8.648685119363954,0.0,-0.21948561362452482,-0.3284028244333742,-0.1271894467890514,4.2938625657979586,0.6186288599254327,0.38483157091993897,0.009291916646819576,0.2551541166124878,0.6447087597333558,-0.19757662868798975,49.29333496342646,0.028508532094643463,0.044718106835555625,0.05,0.41544864227327927,0.542687684151771,0.4423465529190415,1.3570812856920385,0.6993078860089404,24.5,1,0.17022891885085467,0.00649791058725868,2025.0,1.0,2
00-0037539,Lucas Krull,TE,DEN,IND,0.01956781148020875,0.019296451652270733,0.012959432478791043,0.0,-0.0003543475594268493,0.0,0.288652979091559,0.00014809204947771056,0.004923090168179649,0.0,0.0009020405596611221,0.3546127461030441,0.0,0.02957310598049153,1.1907182416353081,7.835131097329092,0.09266793905959211,10.911931281816786,1.6472980957025187,0.0,0.0007892072416034161,0.0,0.0,0.0,0.0,0.0036081622386444885,0.11690717518779566,0.0540540540540541,0.1707737633777302,0.25907362992185967,0.6504177096192277,1.1232882050890116,0.3136954188287896,22.5,13,0.0,0.00020446278484281512,2025.0,1.0,4
00-0037545,Rashid Shaheed,WR,NO,SF,3.743711082073863,13.125819546698086,2.120908507950412,0.0,-0.41997476650770055,0.5912223082719311,39.82638071513937,0.013724239756982327,0.5484157709039733,0.0,0.10473705468224909,0.7895659018797615,0.0,35.84948841255053,0.4763101576694334,114.79171867595132,-2.760502187903035,45.022538447139226,3.9560504536858097,0.08280662432519097,0.11376975790037691,0.0,0.0,0.05290508751517865,2.6471789400764636,0.2819844929225879,0.6199365510974199,0.219512195121951,0.0687549655940788,0.3835530124170316,1.168760669635824,1.2494945090869056,0.015669534598864422,19.0,28,0.0,0.14215468779666754,2025.0,1.0,2
00-0037594,Julius Chestnut,RB,TEN,LA,0.0,0.0,0.0,0.0,0.0,2.5966626261798025,0.0,0.0,0.0,0.3318549165794632,0.0,0.17499256879425987,0.0,0.0,-0.4158918588346119,0.49814863284491084,-0.7070081469713883,1.3321679238040298,0.1938740046325509,0.23105543480353172,0.0,0.0,0.0,-0.7693941143896365,9.92044507443873,0.0,0.018504879962580913,0.0,0.16017826304580493,0.5702544836979172,0.09401781950329521,0.7686121017115329,0.05324944836641776,18.0,16,0.02172332816461384,0.0,2025.0,1.0,2
00-0037614,John Metchie III,WR,PHI,KC,0.5018533677152894,1.7521547384781457,0.46584060996661614,0.0,-0.3245996413430214,0.005040713925303686,11.408732964819588,0.00630706660619905,0.2045213064253103,0.0,0.1264159154612099,0.41884862248722027,0.0,4.592290767733607,0.5210977775966761,27.76368146423097,-0.26119960361871636,19.04940833314387,1.8700002240079323,0.005040713925303686,0.1355329202093606,0.0,0.0,-0.0014810004910320842,0.020162855701214743,0.027110169261625298,0.2426241882333355,0.0,0.17599553997256578,0.15688783798774497,0.4105234793758919,1.977903317213997,0.0006975286717756033,24.0,15,0.0,0.26807101247379433,2025.0,1.0,4
00-0037617,Hassan Haskins,RB,LAC,LV,0.0,0.0,0.0,0.5394829967725627,0.0,4.029888075589529,0.0,0.0,0.0,0.15727933669631358,0.0,0.19890771235919136,10.281280205308585,0.0,1.7213071028220053,0.9116601280480141,0.5553516152807048,5.704265428718095,0.3836735646283634,0.1513744274526104,0.0,0.03538179430014353,-0.16147379175877613,-0.07099362084603476,11.793118228667918,0.33587106389130167,0.020276358452666978,0.0,0.01369597288205726,0.44255367496101533,0.41568276454145103,0.9219208273604723,0.07250375529578955,25.0,18,0.06292374048438042,0.0,2025.0,1.0,3
00-0037654,Tucker Fisk,TE,LAC,LV,0.0,0.0,0.0,0.0,0.0,0.0,0.0,0.001130664289537386,0.04070391442334602,0.0,0.013567971745808103,0.37592562283036507,0.0,0.0,1.3786862620607752,3.4822808184919882,0.38443263822938156,6.720153564006835,1.0,0.0,0.013567971745808103,0.0,0.0,0.0,0.0,0.0,0.05767215729086539,0.025000000372529,0.01369597288205726,0.44255367496101533,0.41568276454145103,0.9219208273604723,0.07250375529578955,25.0,18,0.0,0.006004555757874599,2025.0,1.0,4
00-0037664,Alec Pierce,WR,IND,DEN,0.6925258480474311,5.346763711352267,0.5163162072229593,0.0,-0.009310586964890507,0.0,14.321171022015946,0.028830296504812745,0.9585708760460833,0.0,0.0762601489346779,0.7815177530712545,0.0,11.70218382946644,0.6132161519899771,89.73229967053713,2.6344460741245976,50.240835654683316,2.123152904099681,0.0,0.12016221127356065,0.0,0.0,0.0,0.0,0.4603646082946051,0.4064601878708725,0.103448275862069,0.22119294912017282,0.1318181880266351,0.24612469288376718,0.65267643344506,0.21561467293103723,20.0,9,0.0,0.07842704348889934,2025.0,1.0,2
00-0037666,Jalen Tolbert,WR,DAL,NYG,2.7028384279543505,2.401394925980271,1.2524653754849835,0.0,0.36846125067223856,0.0,16.5653101057478,0.02047088123481215,0.6680247096205503,0.0,0.15201132202112935,0.5832364793636223,0.0,5.1885180459209606,0.8398892314793972,29.69557917025931,2.1006635941149314,31.35327608397973,2.154024616299432,0.0,0.45194671957340726,0.0,0.0,0.0,0.0,0.36740788955467785,0.2528802644369256,0.0606060606060606,0.04675342036973735,0.6372246955549405,1.006240546654429,0.8686276924336725,0.0769774093736673,25.0,23,0.0,0.39257343612601686,2025.0,1.0,3
00-0037740,Garrett Wilson,WR,NYJ,BUF,4.355743890302262,8.471313894109038,3.809552334045407,0.0,0.5957248585538661,0.2064110773430471,75.89842768135372,0.012905426549857152,0.4285859322954354,0.0,0.15233887841107976,0.96586978269802,0.0,35.62572050498672,1.4927531590409109,64.9158246865637,2.9295897921091396,69.96635273236954,5.791918022052778,1.8592442431394106e-08,0.24825835195681537,0.0,0.0,-0.10417708033520374,0.00401151881472224,0.5302617744427989,0.6450454570544963,0.428571428571429,0.4934356054882013,0.3060545987566863,0.9263675130401681,1.4381485327529986,0.11416938876997434,19.75,3,0.0,0.3570323846103715,2025.0,1.0,1
00-0037741,Jahan Dotson,WR,PHI,KC,0.794255889437553,2.1223801884101716,0.6179198394183726,0.0,-0.18337935904128422,0.009878556093673762,13.056838434214402,0.005105686558960686,0.16045506160964437,0.0,0.0008047436066163773,0.5841333640117939,0.0,8.777893534968426,1.0237367372753219,43.408825341614246,1.204485640949808,39.39252475902309,2.650923008890885,0.0,0.0014888278663981987,0.0,0.0,0.007428658397190424,0.1284098086349859,0.00048799721637001945,0.3677947829385607,0.15,0.17599553997256578,0.15688783798774497,0.4105234793758919,1.977903317213997,0.0006975286717756033,24.0,15,0.0,0.002944757575709635,2025.0,1.0,3
00-0037744,Trey McBride,TE,ARI,CAR,5.195132663840603,4.807884785853194,2.875777868908332,0.0,0.02186799501054979,0.013828652412478798,62.50428954321462,0.015501265290641303,0.5757009832543025,0.006914326206239399,0.41033528888933085,0.9273753227744629,0.0,25.720574068082396,1.4193772052738676,54.94271002801256,2.813262217620203,72.65970337753731,7.3752050805639255,0.0015365169193546971,0.25468187154944466,0.0,0.0,0.008311799169621563,0.027657304824957596,0.36491156199442065,0.643194718794587,0.310344827586207,0.4047746559437065,0.5886529225527634,0.6147391968722338,1.3568967221084152,0.11686833694898953,25.5,4,0.0,0.14991922800878807,2025.0,1.0,1
00-0037745,Velus Jones Jr.,RB,NO,SF,0.0,0.0,0.0,0.0,0.0,0.8237807674634764,0.0,0.0005832311223205544,0.020684564223051014,0.0,0.0,0.08176454659593162,0.0,0.0,-0.07872106335527247,3.92036446426157,0.03765956083363854,1.919814129557578,0.2365772244402105,4.8813296162054375e-05,0.00012919251900972125,0.0,0.0,-0.01926784970778993,3.7450533886556565,0.003845972701673969,0.029840888552998643,0.0,0.0687549655940788,0.3835530124170316,1.168760669635824,1.2494945090869056,0.015669534598864422,19.0,28,5.7051060709494465e-05,2.0243866465372765e-06,2025.0,1.0,4
00-0037746,Brian Robinson,RB,SF,NO,0.0,0.0,0.0,1.2198502885834077,0.0,10.495731480159439,0.0,6.612558774081856e-05,0.001853115936685401,0.19661568944747385,0.0018365879772797653,0.42791033616318036,5.112719884490631,0.0,-0.01750181615549916,-0.31818155470865056,-0.18192900716819235,8.667208211073541,1.4064564762887857,0.2099053911591804,0.02037152366978988,0.14131031957713683,-0.2140530884555928,-2.6327933539832413,39.379250179279936,0.12132624864086065,0.08247451790838901,0.0588235294117647,0.0010079464191690844,0.21012726124712083,0.7159385408595069,1.2111524529917945,0.2915127352732966,23.5,22,0.15027935946504764,0.005938558586665152,2025.0,1.0,2
00-0037755,Jelani Woods,TE,NYJ,BUF,0.8632748240580229,2.7182839475268965,0.6606278109524812,0.0,0.07144344929003434,0.0,13.710330731052315,0.017347688719825196,0.6157606800222524,0.0,0.10413023770223591,0.4803343472260588,0.0,6.870750445708396,1.5648796568115797,31.720703408264857,-1.2866795456334987,25.32569072924584,2.1793398593131412,0.0,0.10089181358801712,0.0,0.0,0.0,0.0,0.026889832948138997,0.29266028884639045,0.1176470592617988,0.4934356054882013,0.3060545987566863,0.9263675130401681,1.4381485327529986,0.11416938876997434,19.75,3,0.0,0.030878403525514967,2025.0,1.0,4
00-0037801,KaVontae Turpin,WR,DAL,NYG,2.4677985123702175,3.449523628306622,1.0847136457271263,0.0,0.5350938676001603,1.7041581324922346,16.08713939865218,0.006329769830809244,0.19498107718286137,0.0,0.01974788639617335,0.4079362918778588,0.0,6.383021992673727,1.4015298058350407,26.285261729921473,0.8300595349973026,25.063423074437374,1.8422028591650093,0.03471619916607183,0.0896511442931891,0.0,0.0,0.39449363061660203,10.403677118394487,0.023597166065605385,0.2149120035080518,0.0606060606060606,0.04675342036973735,0.6372246955549405,1.006240546654429,0.8686276924336725,0.0769774093736673,25.0,23,0.0,0.07787346659143106,2025.0,1.0,4
00-0037805,Jeremy Ruckert,TE,NYJ,BUF,0.0,0.0,0.0,0.0,0.0,0.0,0.0,0.00014692750702328245,0.004407825210698478,0.0,0.0,0.4202133878254122,0.0,0.0,1.8302162396325745,10.350039034591912,0.6346664516993265,10.083118915655644,1.4383604233904954,0.0,0.013614616724513282,0.0,0.0,0.0,0.0,0.0,0.13947930895051353,0.0952380952380952,0.4934356054882013,0.3060545987566863,0.9263675130401681,1.4381485327529986,0.11416938876997434,19.75,3,0.0,0.004166816058846983,2025.0,1.0,2
00-0037809,Chig Okonkwo,TE,TEN,LA,2.4176806711731222,4.764443809214186,3.0351980096857556,0.0,0.4277076967945121,0.2865541120687109,53.14332368324715,0.0029881009585024693,0.10334883235632673,0.0,0.2138818250851514,0.7232908007026814,0.0,16.310105447579677,1.5104763889122834,46.93530385366448,-0.06205171504623223,46.56573542440331,5.306553799402766,0.0,0.12112972860929738,0.0,0.0,0.3089305882611492,4.860107548008625,0.05663224178562989,0.4613896663945807,0.233333334326744,0.16017826304580493,0.5702544836979172,0.09401781950329521,0.7686121017115329,0.05324944836641776,18.0,16,0.0,0.06907477084856371,2025.0,1.0,1
00-0037816,Romeo Doubs,WR,GB,WAS,1.8411394350641554,5.6961433240173545,1.4251503982321503,0.0,0.18544650543495278,1.4873959101206487e-07,29.907807240081254,0.02234505167933937,0.5371359859937196,0.0,0.10839325585626365,0.7405639656163516,0.0,16.648539707692162,0.6515972151422887,75.29904141714117,2.7566681151542283,50.065477033156405,3.408086030031996,0.0,0.24076508572406866,0.0,0.0,7.708945110183602e-08,1.6361355011327119e-06,0.11987156129482522,0.5375168831837479,0.181818181818182,0.040939318976922434,0.3138651021617542,0.8228718713535192,0.3070360828672106,0.07476300472024246,26.0,31,0.0,0.07392356881190622,2025.0,1.0,3
00-0037834,Brock Purdy,QB,SF,NO,0.0,0.0,0.0,0.0,0.0,3.9122450995878784,0.0,0.0,0.0,0.1358667573913554,0.0,0.9779241053772895,0.0,0.0,0.0,0.0,0.0,0.0,0.0,0.17100545415939644,0.0,0.0,0.0,1.5516974499128156,16.57300659137639,0.275252977204826,0.0,0.0,0.0010079464191690844,0.21012726124712083,0.7159385408595069,1.2111524529917945,0.2915127352732966,23.5,22,0.00017236433517834666,0.0,2025.0,1.0,1
00-0037837,Calvin Austin III,WR,PIT,SEA,2.6584086654692607,8.126170957272063,1.8529845095502409,0.0,-0.09593361540065495,0.0021391091524671185,47.28627005029093,0.012344028268487997,0.3763072083037826,0.0,0.006914325177805348,0.6895724501522036,0.0,29.710405160796277,0.6590257055740436,53.2296065224439,2.144196349681652,41.03088032910766,2.8344867779695875,9.756709355771645e-05,0.1283586175759169,0.0,0.0,0.002118440303043175,0.01741637789245308,0.3630646601688463,0.4436701664114667,0.206896551724138,0.020802770482795295,0.7968017619632698,0.11837821229128537,0.8396172336508811,0.09116215491932625,21.75,27,0.0,0.10777210740434272,2025.0,1.0,2
00-0037838,Isaiah Likely,TE,BAL,CLE,2.3534615425408534,3.482853959167207,1.6059447303691323,0.0,-0.0071023442698850935,0.0,26.34939645763103,0.016988012859214,0.35660742824243913,0.0,0.014619237479438291,0.6294389404514986,0.0,6.775656405163336,2.334899455595952,29.30485426055178,2.371561878159992,28.46604967979839,2.5554470025513494,0.0,0.16180500154965327,0.0,0.0,0.0,0.0,0.44099476561567036,0.2699402946798055,0.1666666716337204,0.2039944349708976,0.7933440799528539,0.9036633454839689,0.820015937588493,0.0015008883795919214,28.5,7,0.0,0.12836704008617977,2025.0,1.0,2
00-0037840,Kyren Williams,RB,LA,TEN,0.0,0.0,0.0,2.682339848406468,0.0,19.46185276042113,0.0,0.0003102858048279536,0.010529950454680179,0.6842436862828651,0.005757653074246233,0.8546899704856588,18.941767335521813,0.0,0.5092090540948492,-2.5692761836899844,-0.4144770170838799,7.926666908991873,1.6574897679060399,0.7045821659332152,0.04137378333833244,0.4856004116986721,0.17884780274751258,-0.11047105885159184,81.5610427297627,0.8350535216725113,0.09625293570377343,0.0714285714285714,0.1797937189108486,0.08065404161557142,1.0552898096411443,1.1241445759122863,0.11316282191050671,23.5,30,0.7435383797642078,0.004681974075679604,2025.0,1.0,1
00-0038040,Zamir White,RB,LV,LAC,0.0,0.0,0.0,0.4138068998209602,0.0,5.770022501373745,0.0,0.0,0.0,0.10880803636888621,0.0,0.22863389812523116,2.616548554345152,0.0,-0.38034406399293397,-1.1612443158954733,-0.028608307170734714,2.04051685676397,0.2771396712053219,0.14227759858686542,0.0007236635141340672,0.0496170005210934,-0.04862944981696529,-2.421737079865165,15.57023640111275,0.15081445949236955,0.014113149263064947,0.0,0.320426504326425,0.517388999653759,0.17258718809061602,0.8718944463927459,0.1794531590390648,21.5,17,0.024555290668392505,0.0001298637036926693,2025.0,1.0,2
00-0038041,Jake Ferguson,TE,DAL,NYG,2.1809772635265876,2.9231359545038047,2.1044671105943746,0.0,0.19904672442765928,0.0,48.62488831913578,0.006121893073149947,0.2082363291503739,0.0,0.05142748329813628,0.6609335450468413,0.0,6.121145499031855,1.2256131982363805,22.99631159404111,-1.4365912196360107,23.545783036348013,3.7394021733871217,0.0,0.028045897953756345,0.0,0.0,0.0,0.0,0.0006313316020326943,0.3134259577801598,0.181818181818182,0.04675342036973735,0.6372246955549405,1.006240546654429,0.8686276924336725,0.0769774093736673,25.0,23,0.0,0.017871538785147318,2025.0,1.0,1
00-0038046,Charlie Kolar,TE,BAL,CLE,0.016085125819828912,0.029240810063127006,0.007799963507566722,0.0,0.003411774554560442,0.07504916083432607,0.24215991770705586,0.002757435314493978,0.09821747193706386,0.0,0.037524580417163035,0.3806279994325463,0.0,0.048630667843435435,3.2195622720774995,8.17542543230996,0.8433885687183243,13.57043872364842,1.210610714237591,0.0,0.01942147200052267,0.0,0.0,0.12900248306697146,0.15009832166865214,0.09458507317145799,0.1028420080015472,0.0476190485060215,0.2039944349708976,0.7933440799528539,0.9036633454839689,0.820015937588493,0.0015008883795919214,28.5,7,0.0,0.015407909835584772,2025.0,1.0,3
00-0038090,Skyy Moore,WR,SF,NO,0.011833778464237383,0.037634496047252185,0.012240048030779759,0.0,-0.0032098645555284416,0.013596440607939086,0.2748373872743759,0.0007510499816761932,0.029262055253283976,0.0,0.0,0.3172239037988334,0.0,0.08486646715941845,0.13954952106336915,9.21439662382376,-0.7383203708731771,4.287501279151761,0.43665301830045916,0.0001673344141203428,0.011907187593109698,0.0,0.0,0.006564756532043584,0.1152329252792529,0.002571327541138835,0.09058193629482171,0.0,0.0010079464191690844,0.21012726124712083,0.7159385408595069,1.2111524529917945,0.2915127352732966,23.5,22,0.0,0.014421419461628273,2025.0,1.0,6
00-0038102,Kenny Pickett,QB,LV,LAC,0.0,0.0,0.0,0.0,0.0,2.54683365295191,0.0,0.0,0.0,0.3036456278197865,0.0,0.5575100542182468,0.0,0.0,0.0,0.0,0.0,0.0,0.0,0.09536245033172534,0.0,0.0,0.0,0.6578566463030682,4.3669433722027104,0.2928872382227407,0.0,0.0,0.320426504326425,0.517388999653759,0.17258718809061602,0.8718944463927459,0.1794531590390648,21.5,17,0.03055665660379708,0.0,2025.0,1.0,2
00-0038104,Tyquan Thornton,WR,KC,PHI,0.09844350707247683,0.18136061121239203,0.08098629449205244,0.0,0.018509890673143688,0.04423267603815584,1.2133991913538504,0.014280078705803155,0.4671257198752124,1.5875240606292234e-05,0.0006983321548145323,0.42391026322477393,0.0,0.5387944408056035,0.32201142732788224,51.699536079372756,-1.2297519054148116,19.121301844188128,1.3240491059592965,0.003540815831974935,0.026426304502485853,0.0,0.0,0.04586791611602903,0.6514198997999984,0.0013754973179206107,0.28169944220312354,0.105263157894737,0.022508549051636805,0.22290272216463763,0.6833722184349974,0.946304037756645,0.0009573318179038651,22.5,25,0.0,0.025007318653688968,2025.0,1.0,5
00-0038115,Daniel Bellinger,TE,NYG,DAL,0.23284839028483756,0.49217583476087634,0.309879150946295,0.0,0.1277671389711629,2.313961412282532e-05,6.429372811590891,1.1998318434057564e-06,3.239545977195546e-05,5.78490353070633e-06,0.00017423055756392173,0.47571371605611296,0.0,0.8683879542679204,3.0341985881107876,10.49549809548608,1.1207183052312109,16.831977546568744,1.8397872499391608,2.892451765353165e-06,0.04007820213319485,0.0,0.0,2.977075432128229e-05,4.627922824565064e-05,6.396787787540223e-05,0.1271903803207512,0.03125,1.0990607488613864,0.26446988219082257,0.5225983861961978,1.1160668244592196,0.05570249285921378,19.5,8,0.0,0.010599477396586015,2025.0,1.0,2
00-0038117,Wan'Dale Robinson,WR,NYG,DAL,3.6619790833776777,4.49982746650173,3.513412359256431,0.0,1.0891706882610432,0.03271227455229751,69.83265967854987,0.01984795603304746,0.6640917735159637,0.0,0.13909934732434492,0.7687025446214752,0.0,18.550246549547204,1.9966720086341876,35.00744478144547,0.1712987173686279,50.086823689132316,6.271110011527904,3.2394841611142403e-06,0.23715064778445621,0.0,0.0,-0.09420048984618146,0.04606463258169802,0.1512090057632609,0.5424580800480016,0.25,1.0990607488613864,0.26446988219082257,0.5225983861961978,1.1160668244592196,0.05570249285921378,19.5,8,0.0,0.2646759703912449,2025.0,1.0,2
00-0038120,Breece Hall,RB,NYJ,BUF,0.0,0.0,0.0,2.680352902573759,0.0,13.96881099821857,0.0,0.002540363291570755,0.10596077667891807,0.33371556124045315,0.05218365304783964,0.634617574866384,14.073528780804086,0.0,-0.36333253142399174,-9.309737163518935,0.2224644524453182,25.295853505663484,2.591045776703997,0.5539403334185636,0.0622311498614007,0.41610388838911866,0.2355741740751612,-0.1772676137729731,68.43243112028473,0.33449662928789226,0.16254220666252603,0.19047619047619,0.4934356054882013,0.3060545987566863,0.9263675130401681,1.4381485327529986,0.11416938876997434,19.75,3,0.5131523290415962,0.007104892342128791,2025.0,1.0,1
00-0038128,Malik Willis,QB,GB,WAS,0.0,0.0,0.0,0.0,0.0,2.963165905839033,0.0,0.0,0.0,0.11010165291776561,0.0,0.49529765463098613,0.0,0.0,0.0,0.0,0.0,0.0,0.0,0.14611512847835628,0.0,0.0,0.0,-0.16042121241977203,16.45020250292593,0.12428227836624256,0.0,0.0,0.040939318976922434,0.3138651021617542,0.8228718713535192,0.3070360828672106,0.07476300472024246,26.0,31,0.005981853852129431,0.0,2025.0,1.0,2
00-0038129,Cade Otton,TE,TB,HOU,1.0819169419572894,0.9100919219060817,0.7754940461973147,0.0,0.06448934660677834,0.0035997107680184213,17.49458632142613,0.012675163880635497,0.41833797642323606,0.0,0.08270008308659492,0.908786028198276,0.0,3.9417565674828623,0.978242292815973,33.40930510632182,0.1257654317428964,29.744650569321127,2.4558146171308763,0.0,0.1393394214845377,0.0,0.0,-0.0047365361583955315,-0.014398843072073685,0.07951590241246378,0.31979372496088415,0.1,0.2513759927260177,0.7233072743850615,0.6101352841003179,0.5829015487383274,0.009079454985036099,20.0,12,0.0,0.10078521716837224,2025.0,1.0,1
00-0038134,Kenneth Walker III,RB,SEA,PIT,0.0,0.0,0.0,2.2562986744028244,0.0,12.427348463679712,0.0,0.0,0.0,0.41033620520079384,0.0,0.5603132374556812,14.14460659618258,0.0,-2.049726867590968,-10.61196697874602,-0.5947625141729781,17.533114161519144,4.05055000268061,0.4503218390058771,0.07110101768940043,0.24412985691334466,-0.7689737435027917,-2.223876836349715,37.67143914103892,0.14434260635789722,0.18194668635540404,0.136363636363636,0.6729064925588149,0.4191947719219354,0.6098905230063066,1.2347897022297165,0.00404824710031119,18.75,26,0.2746470219124562,0.00028783448869028994,2025.0,1.0,1
00-0038359,Xavier Smith,WR,LA,TEN,0.0,0.0,0.0,0.0,0.0,0.9459459459459458,0.0,0.0,0.0,0.0,0.0,0.06547297297297296,0.0,0.0,1.2308558558558556,14.04617117117117,1.0263918498523112,14.749999999999998,0.6677927927927928,0.0,0.0,0.0,0.0,0.6392315734882612,7.567567567567568,0.0,0.07341528263230837,0.0357142857142857,0.1797937189108486,0.08065404161557142,1.0552898096411443,1.1241445759122863,0.11316282191050671,23.5,30,0.0,0.0,2025.0,1.0,6
00-0038393,Dontayvion Wicks,WR,GB,WAS,1.039250674979052,5.542432490140815,1.3741209898240103,0.0,0.29615791530777696,3.239526464130074e-05,41.07478684420651,0.004408425425066289,0.14101170334099503,0.0,0.12561787165373778,0.6018717725649755,0.0,14.116005724534665,1.0947961845420686,41.27342592052972,1.4511445065226867,32.575440324853695,3.1065630574088163,0.0,0.21360140323077526,0.0,0.0,-1.2175901879219273e-05,3.239526464130074e-05,0.11621935334871748,0.36772461582711063,0.0909090909090909,0.040939318976922434,0.3138651021617542,0.8228718713535192,0.3070360828672106,0.07476300472024246,26.0,31,0.0,0.06558333814291678,2025.0,1.0,4
00-0038394,Will Mallory,TE,IND,DEN,0.05119675869297494,0.04730600893961175,0.03499321600358706,0.0,-0.007415433550454355,0.0,0.990079718284047,0.0,0.0,0.0,0.0,0.16971177549402622,0.0,0.10306320030416503,0.6514137781104634,12.120924165589216,-1.3894731903916824,5.269198367279834,0.6199237786606394,0.0,0.0007216324838105198,0.0,0.0,0.0,0.0,0.0,0.08523692505761706,0.0277777779847383,0.22119294912017282,0.1318181880266351,0.24612469288376718,0.65267643344506,0.21561467293103723,20.0,9,0.0,9.512428643706282e-05,2025.0,1.0,4
00-0038400,Tanner McKee,QB,PHI,KC,0.0,0.0,0.0,0.0,0.0,2.5833333333333335,0.0,0.0,0.0,0.0,0.0,0.7166666666666667,0.0,0.0,0.0,0.0,0.0,0.0,0.0,0.0,0.0,0.0,0.0,-1.751648207505544,-0.25,0.0,0.0,0.0,0.17599553997256578,0.15688783798774497,0.4105234793758919,1.977903317213997,0.0006975286717756033,24.0,15,0.0,0.0,2025.0,1.0,2
00-0038416,Tyson Bagent,QB,CHI,DET,0.0,0.0,0.0,0.0,0.0,1.9890075858943645,0.0,0.0,0.0,0.046928665748909075,0.0,0.25196684979110423,0.0,0.0,0.0,0.0,0.0,0.0,0.0,0.032201744238522845,0.0,0.0,0.0,0.4878096149884044,4.673558524603939,0.060220598272698767,0.0,0.0,0.4492361330256993,0.4458114954562155,0.6319974805689496,0.9034941704066157,0.22014637083599872,20.5,10,0.014466187058396595,0.0,2025.0,1.0,2
00-0038440,Zavier Scott,RB,MIN,ATL,0.0,0.0,0.0,0.0,0.0,0.0,0.0,0.0,0.0,0.0,0.0,0.0,0.0,0.0,0.0,0.0,0.0,0.0,0.0,0.0,0.0,0.0,0.0,0.0,0.0,0.0,0.0,0.0,0.41544864227327927,0.542687684151771,0.4423465529190415,1.3570812856920385,0.6993078860089404,24.5,1,0.0,0.0,2025.0,1.0,3
00-0038454,Keaton Mitchell,RB,BAL,CLE,0.0,0.0,0.0,0.582397366620294,0.0,7.449507743158017,0.0,0.0017337305025630074,0.03987580155894919,0.0,0.0,0.2835688239538243,1.9496511906945715,0.0,0.03214781581494096,-1.9595991008654527,0.4483189184046653,12.923803664756083,0.9310971669574357,0.08674364521856781,0.019937900779474594,0.01949651190694571,-0.41404074637442817,-0.10335978566465451,36.513648969302,0.0683585169581986,0.05930271486863391,0.0,0.2039944349708976,0.7933440799528539,0.9036633454839689,0.820015937588493,0.0015008883795919214,28.5,7,0.07838705263768547,2.992456359337013e-05,2025.0,1.0,4
00-0038456,Travis Vokolek,TE,ARI,CAR,0.0,0.0,0.0,0.0,0.0,0.0,0.0,0.0,0.0,0.0,0.0,0.0,0.0,0.0,0.0,0.0,0.0,0.0,0.0,0.0,0.0,0.0,0.0,0.0,0.0,0.0,0.0,0.0,0.4047746559437065,0.5886529225527634,0.6147391968722338,1.3568967221084152,0.11686833694898953,25.5,4,0.0,0.0,2025.0,1.0,4
00-0038465,Malik Heath,WR,GB,WAS,1.0552565645206236,2.622314478094677,0.7857458202647991,0.0,0.6159386046192935,0.0,17.199264176397094,0.016739338655933456,0.47270295062115003,0.0,0.24862881887648863,0.4227490175944514,0.0,6.646174163865261,1.080218762855623,21.969284469656976,1.7916734280779263,22.489477560194644,2.055976804419948,0.0,0.09254642364975457,0.0,0.0,0.0,0.0,0.36487953848499055,0.23001687962150794,0.2000000029802322,0.040939318976922434,0.3138651021617542,0.8228718713535192,0.3070360828672106,0.07476300472024246,26.0,31,0.0,0.028415091400790026,2025.0,1.0,6
00-0038476,Tommy DeVito,QB,NE,MIA,0.0,0.0,0.0,0.0,0.0,3.172670143961701,0.0,0.0,0.0,0.0,0.014178776040999997,0.6351480015216688,0.0,0.0,0.0,0.0,0.0,0.0,0.0,0.05339817408863805,0.007089388020499999,0.0,0.0,-0.8973096766488043,15.446725090678807,0.010127697172142855,0.0,0.0,0.5717123177444071,0.366684450851966,0.12050679215040297,1.1048768026963869,0.23563525676785815,21.5,19,0.030528393871534602,0.0,2025.0,1.0,3
00-0038488,Brady Russell,TE,SEA,PIT,0.0,0.0,0.0,0.0,0.0,0.0,0.0,0.0,0.0,0.0,0.0,0.0,0.0,0.0,0.0,0.0,0.0,0.0,0.0,0.0,0.0,0.0,0.0,0.0,0.0,0.0,0.0,0.0,0.6729064925588149,0.4191947719219354,0.6098905230063066,1.2347897022297165,0.00404824710031119,18.75,26,0.0,0.0,0.0,0.0,4
00-0038489,Ben VanSumeren,RB,PHI,KC,0.0,0.0,0.0,0.0,0.0,0.0,0.0,0.0,0.0,0.0,0.0,0.0,0.0,0.0,0.0,0.0,0.0,0.0,0.0,0.0,0.0,0.0,0.0,0.0,0.0,0.0,0.0,0.0,0.17599553997256578,0.15688783798774497,0.4105234793758919,1.977903317213997,0.0006975286717756033,24.0,15,0.0,0.0,0.0,0.0,4
00-0038492,Jason Brownlee,WR,KC,PHI,0.0,0.0,0.0,0.0,0.0,0.0,0.0,0.008999284105262748,0.3509720801052477,0.0,0.0,0.6112848998684403,0.0,0.0,0.49334893060556506,14.057740096477124,-0.7771277215610519,7.8643473176436185,0.668761876918579,0.0,0.07339437705013886,0.0,0.0,0.0,0.0,0.12790527700628562,0.1253749746168011,0.0263157894736842,0.022508549051636805,0.22290272216463763,0.6833722184349974,0.946304037756645,0.0009573318179038651,22.5,25,0.0,0.06945339535118004,2025.0,1.0,6
00-0038496,Xavier Gipson,WR,NYJ,BUF,0.2938358272023901,0.40726386286802213,0.13452325935888265,0.0,-0.024796342597450925,0.23840291978980774,1.7136121731774445,0.0019312639866381916,0.0544691860391056,0.0,0.02657826899749248,0.19858317387308722,0.0,1.191808186675943,0.43203465650800055,9.274288663151497,-0.193035089053583,3.4957471832153324,0.5277036050691146,0.005128091990306261,0.023926291768291964,0.0,0.0,0.1079642431340355,1.353913291624231,0.05819920672127878,0.07593932754273716,0.0,0.4934356054882013,0.3060545987566863,0.9263675130401681,1.4381485327529986,0.11416938876997434,19.75,3,0.0,0.03440956140078923,2025.0,1.0,7
00-0038519,Nikko Remigio,WR,KC,PHI,2.514393350487201,4.267361111111111,1.1148947455156228,0.0,0.912689982846131,0.0,13.888888888888886,0.0,0.0,0.0,0.0,0.3908333333333333,0.0,23.344426209579385,0.31249999999999994,26.666666666666664,-0.1672726248701413,19.999999999999996,0.8333333333333333,0.0,0.0,0.0,0.0,0.0,0.0,0.0,0.3761438031991323,0.0,0.022508549051636805,0.22290272216463763,0.6833722184349974,0.946304037756645,0.0009573318179038651,22.5,25,0.0,0.0,2025.0,1.0,7
00-0038542,Bijan Robinson,RB,ATL,MIN,0.0,0.0,0.0,2.8946706915844858,0.0,19.185260787717812,0.0,3.00338399847059e-05,0.0010108024589583152,0.5954566302753875,0.0007922970426073937,0.8235614326372437,17.445264125356154,0.0,-3.4520367766551145,6.102318685687224,1.5969844362987564,37.03321004769721,3.5903804230128324,0.6593804968732254,0.07000816262827118,0.46245313009611,0.3543975009270915,0.6523927484513378,89.38020282291728,0.8749809574064277,0.21453422623312238,0.166666666666667,0.3000481741629133,0.10874913228338078,1.0512314081821592,0.8749991577640015,0.2129980550560807,20.0,20,0.6931614882558926,0.014911602477871556,2025.0,1.0,1
00-0038543,Jaxon Smith-Njigba,WR,SEA,PIT,4.417350825502999,7.376648400692795,3.756963478934811,0.0,-0.12110722312789057,0.4186381601428867,68.73016695525759,0.0046854113399707855,0.15564220450890248,0.0,0.100925950939003,0.8722860626890888,0.0,44.876556830866406,0.8199012252196703,89.78794306129933,2.125095464091047,73.43615016772458,6.444068593177223,0.0,0.17450993149290242,0.0,0.0,-0.10263240330132,1.8940638246558734,0.202543124440126,0.8502312911803697,0.590909090909091,0.6729064925588149,0.4191947719219354,0.6098905230063066,1.2347897022297165,0.00404824710031119,18.75,26,0.0,0.2154830663442492,2025.0,1.0,1
00-0038544,Quentin Johnston,WR,LAC,LV,4.042931302312544,10.284901639849988,3.0604546760163682,0.0,0.8952433287484172,0.02401764171704132,63.040684761463105,0.031374493007027264,1.070984077029123,0.0,0.34017358786986235,0.743656549604998,0.0,29.08680781295083,0.8552116720547869,85.4381265841792,5.115503149203704,78.87667482200496,6.005195140622633,0.0,0.31540281481786214,0.0,0.0,-0.007397765394117762,0.048581697069616236,0.46302340750734566,0.5742574533015996,0.205882352941176,0.01369597288205726,0.44255367496101533,0.41568276454145103,0.9219208273604723,0.07250375529578955,25.0,18,0.0,0.2907764239887053,2025.0,1.0,2
00-0038547,Luke Schoonmaker,TE,DAL,NYG,0.27423314249171193,0.6680392442948591,0.34137463748382063,0.0,0.027728958997156737,0.0,9.468096512410714,0.0020149190097557886,0.07028884789348824,0.0,0.0004095175021929178,0.3822235571704903,0.0,1.7127716398899717,1.452328178529183,16.161126966260415,0.49875439189755716,14.35543402977567,1.6378815912884679,0.0,0.0023987929168076223,0.0,0.0,0.0,0.0,0.05597339463006833,0.13417090319962657,0.0303030303030303,0.04675342036973735,0.6372246955549405,1.006240546654429,0.8686276924336725,0.0769774093736673,25.0,23,0.0,0.0015285700861120848,2025.0,1.0,2
00-0038551,Kendre Miller,RB,NO,SF,0.0,0.0,0.0,0.3572670028498012,0.0,5.8828905661976325,0.0,0.0,0.0,0.006837569317996177,0.0,0.23504065551874856,1.198195075942212,0.0,-0.2501325888262983,-0.03172435371181102,0.34510880934763066,7.114428687077124,0.6847118624412004,0.15171016485821628,0.0,0.05894715622819189,0.044368352862976364,-0.9022011623928792,21.742884705920847,0.1023994381063108,0.04447574846650047,0.0,0.0687549655940788,0.3835530124170316,1.168760669635824,1.2494945090869056,0.015669534598864422,19.0,28,0.1773128738702501,0.0,2025.0,1.0,2
00-0038555,Tank Bigsby,RB,JAX,CIN,0.0,0.0,0.0,1.626860316161851,0.0,10.081196281055147,0.0,0.0,0.0,0.3394257328945715,0.0,0.32449411079077306,17.5724832315763,0.0,-0.7071338179096721,0.40657602422247185,-0.33167277401142004,1.606221711706396,0.4320856111765584,0.43168838435076967,0.0,0.22502838811809223,-0.13805059722355686,-0.7331221806497372,32.51682522694367,0.3763235389293114,0.04377361419097864,0.0,0.0316753864286811,0.3948760311448736,0.8919250545027676,1.0150011204882208,0.07487562553799428,23.25,6,0.3850336857402719,0.0,2025.0,1.0,3
00-0038558,Darnell Washington,TE,PIT,SEA,0.0,0.0,0.0,0.0,0.0,0.0,0.0,0.002420776340978362,0.08149878052934986,0.0,0.0420360993904656,0.4945677563549603,0.0,0.0,1.0548013260841205,5.878785515997463,0.2214937484062028,11.44185510234409,1.1693952778556245,0.0,0.01071247258183788,0.0,0.0,0.0,0.0,0.00706145968233924,0.1060235474786859,0.0285714287310838,0.020802770482795295,0.7968017619632698,0.11837821229128537,0.8396172336508811,0.09116215491932625,21.75,27,0.0,0.008535717028191642,2025.0,1.0,3
00-0038559,Michael Wilson,WR,ARI,CAR,1.7120641232009515,5.140157456684139,1.3590761712438046,0.0,0.44807816845123744,0.20409006562771453,25.35382370048986,0.007170727823604446,0.2925506661126095,0.0,0.0011579541457127712,0.7837311011975181,0.0,12.161564432049497,0.5198851586552906,55.22128012275036,0.38054079096755694,24.76271868010971,2.3391013514143832,0.0,0.03944519875824389,0.0,0.0,-0.16622638999454373,1.4286304593940016,0.09728837950676378,0.3902293029347171,0.137931034482759,0.4047746559437065,0.5886529225527634,0.6147391968722338,1.3568967221084152,0.11686833694898953,25.5,4,0.0,0.053523060897976066,2025.0,1.0,2
00-0038563,Tre Tucker,WR,LV,LAC,0.47868030858926436,4.163928121625729,0.6016160200235919,0.0,0.015889382868013974,0.33545167651732616,9.4564014250763,0.016797167489701764,0.5797352515065394,0.0025712971839812644,0.0,0.8865595448082316,0.0,9.42081976883904,0.5796907224391842,71.5112427941803,2.009437993835532,35.825920462627465,2.3360287738816266,0.0039665756912950255,0.028517622243974194,0.0,0.0,-0.13786503790054885,0.6417092111853444,0.4740984011345319,0.35292548059436596,0.0909090909090909,0.320426504326425,0.517388999653759,0.17258718809061602,0.8718944463927459,0.1794531590390648,21.5,17,0.0,0.024864356458847336,2025.0,1.0,2
00-0038573,Derius Davis,WR,LAC,LV,0.0,0.0,0.0,0.0,0.0,0.9907136886004889,0.0,0.007004242230323074,0.24993555008922633,0.0,0.0004685913812510102,0.19396350896726663,0.0,0.0,0.7932636853741005,6.096466644904075,0.710739964281922,9.796176600185483,1.0570736113909458,0.023416873644883294,0.03621350344967639,0.0,0.0,-0.684060042425098,0.8030994421938988,0.24993555008922633,0.07275986418007871,0.0,0.01369597288205726,0.44255367496101533,0.41568276454145103,0.9219208273604723,0.07250375529578955,25.0,18,0.0,0.033385983061946976,2025.0,1.0,6
00-0038576,Charlie Jones,WR,CIN,JAX,0.0,0.0,0.0,0.0,0.0,0.22338308235532295,0.0,0.0,0.0,0.0,0.0,0.07570016315059276,0.0,0.0,0.3716072584302125,6.977627826107667,0.3842189344881189,6.989024922146205,0.7258973282601836,0.0,0.0,0.0,0.0,0.1228545732104961,1.4519900353095994,0.0,0.07344544269935221,0.0,0.01539195920881597,0.23686800898980356,0.6551661597560544,0.5559186714604935,0.31172083281901036,26.25,14,0.0,0.0,2025.0,1.0,5
00-0038590,Justin Shorter,TE,LV,LAC,0.0,0.0,0.0,0.0,0.0,0.0,0.0,0.0,0.0,0.0,0.0,0.0,0.0,0.0,0.0,0.0,0.0,0.0,0.0,0.0,0.0,0.0,0.0,0.0,0.0,0.0,0.0,0.0,0.320426504326425,0.517388999653759,0.17258718809061602,0.8718944463927459,0.1794531590390648,21.5,17,0.0,0.0,2025.0,1.0,5
00-0038597,Chase Brown,RB,CIN,JAX,0.0,0.0,0.0,2.749386023544711,0.0,19.24813093417571,0.0,0.005001435751240147,0.19787959402591956,0.7731982472851086,0.007292571825409632,0.8166060051003298,22.841142713049233,0.0,5.29248295326374,4.313299597369341,0.9552582679006757,22.56284634097934,3.3720913009411944,0.9221331969300756,0.13959573644828555,0.4188943064682878,0.19268124970417638,-1.7827917034653027,66.16734734886062,0.593634316792939,0.18300718487689804,0.130434782608696,0.01539195920881597,0.23686800898980356,0.6551661597560544,0.5559186714604935,0.31172083281901036,26.25,14,0.6041504654162511,0.04351489922364265,2025.0,1.0,1
00-0038606,Parker Washington,WR,JAX,CIN,0.7099417332941939,2.5441124859627036,0.865101894213994,0.0,0.5030361937377584,0.0,17.12705911672166,0.008150408588320727,0.20599606799790254,0.0,0.1807733442061595,0.6575046550576488,0.0,6.338243882185568,0.5650532642050022,35.904380840019485,1.1678706868398634,23.90694942810487,2.1892493975974823,0.0,0.1260191805276298,0.0,0.0,0.0,0.0,0.3894128432807788,0.2472858524392544,0.0,0.0316753864286811,0.3948760311448736,0.8919250545027676,1.0150011204882208,0.07487562553799428,23.25,6,0.0,0.12790960943855162,2025.0,1.0,4
00-0038608,Kayshon Boutte,WR,NE,MIA,2.203442517705592,13.343505704446184,2.255285062214727,0.0,0.935701985400884,0.0,70.73789214408474,0.008345627428231594,0.35392858423059853,0.0,0.025653049247917833,0.8143205443412115,0.0,33.868491934554726,0.768605105935498,96.68781987246001,4.718300582430394,74.43584525742413,4.879972601194654,0.0,0.013836737242264774,0.0,0.0,0.0,0.0,0.31376953106732014,0.5566696831763843,0.177777777777778,0.5717123177444071,0.366684450851966,0.12050679215040297,1.1048768026963869,0.23563525676785815,21.5,19,0.0,0.015287890003983525,2025.0,1.0,2
00-0038611,Chris Rodriguez Jr.,RB,WAS,GB,0.0,0.0,0.0,0.6137551286197416,0.0,5.3019642423711835,0.0,0.0,0.0,0.14241609128003324,0.0,0.1751115794892054,3.4116162087033066,0.0,3.3157226142882164,0.16189156883547767,0.3346598553415244,3.7775755034633267,0.33656654665474806,0.1536925402814685,0.0,0.12428134301788457,0.40398871274970494,0.7870487688179454,23.73038630359092,0.4316680696099821,0.014841518618290755,0.0285714287310838,0.00988249693290696,0.042419559444668964,0.40477829806766363,0.9686790896230817,0.23802384129491655,22.5,11,0.06221140488082866,0.0,2025.0,1.0,4
00-0038614,Scott Matlock,RB,LAC,LV,0.0,0.0,0.0,0.0,0.0,0.0,0.0,0.0,0.0,0.0,0.0,0.0,0.0,0.0,0.0,0.0,0.0,0.0,0.0,0.0,0.0,0.0,0.0,0.0,0.0,0.0,0.0,0.0,0.01369597288205726,0.44255367496101533,0.41568276454145103,0.9219208273604723,0.07250375529578955,25.0,18,0.0,0.0,0.0,0.0,4
00-0038618,Xavier Hutchinson,WR,HOU,TB,0.0,0.0,0.0,0.0,0.0,0.2870962078320931,0.0,0.00903871898480873,0.2583309278962635,3.1116882982630695e-05,0.06803801221838295,0.6274354961498605,0.0,0.0,0.7949999668699582,23.335451485589864,-0.6594799274435486,15.487162794136925,1.3782921194013236,0.00010807765210745618,0.03208866971682754,0.0,0.0,0.12848482760777857,1.4402506349840432,0.0,0.18039627822659218,0.0740740740740741,0.3833797721242485,0.05472500589934953,0.15478636779183097,0.8740708578517371,0.3235987313450722,22.5,29,0.0,0.028047771066708506,2025.0,1.0,4
00-0038619,Andrei Iosivas,WR,CIN,JAX,0.12223168330278379,0.5143426449269541,0.2861322261965037,0.0,0.08159561901080578,0.0,6.300549484360905,0.007317363620771644,0.23625277708553102,0.0,0.038396817211730286,0.7866504382632447,0.0,1.001873861042557,0.8761656476393919,34.66097352716717,0.903545725012908,32.15879004359128,2.421620213182938,0.0,0.07671083674167939,0.0,0.0,0.0,0.0,0.22385053525938114,0.22647907250630198,0.0652173906564712,0.01539195920881597,0.23686800898980356,0.6551661597560544,0.5559186714604935,0.31172083281901036,26.25,14,0.0,0.04264498644805721,2025.0,1.0,3
00-0038621,DeMario Douglas,WR,NE,MIA,2.3898102628462086,3.832417657046184,2.209339091392877,0.0,-0.30784962476526256,0.4328776687481598,36.18631403648499,0.03156262486709882,1.1042338490435668,0.0,0.3809747541132118,0.6866011400216393,0.0,8.781802791082637,0.8344848844443209,28.624716335590012,0.293897260114717,24.985642377544114,3.211591395636609,0.0,0.27630342645586076,0.0,0.0,0.015771135393546493,1.8318988398279887,0.5109153262887877,0.3214540028959277,0.155555555555556,0.5717123177444071,0.366684450851966,0.12050679215040297,1.1048768026963869,0.23563525676785815,21.5,19,0.0,0.3052812463966077,2025.0,1.0,3
00-0038679,Tyrell Shavers,WR,BUF,NYJ,0.0,0.0,0.0,0.0,0.0,0.0,0.0,0.0,0.0,0.0,0.0,0.14,0.0,0.0,0.0,-2.0,7.094042778015137,69.0,1.0,0.0,0.0,0.0,0.0,0.0,0.0,1.0,0.0489517822861671,0.0370370373129844,0.2607154342727115,0.6905793882853771,0.6120001623258199,1.2809942195805868,0.2868257926037341,26.75,24,0.0,0.0,2025.0,1.0,5
00-0038685,Chris Brooks,RB,GB,WAS,0.0,0.0,0.0,0.0,0.0,3.9391891891891886,0.0,0.0,0.0,0.0,0.0,0.14957207207207207,0.0,0.0,0.3862612612612612,0.7725225225225224,-0.20121791890447688,0.7725225225225224,0.3862612612612612,0.03583128744369369,0.0643768781644144,0.0,0.0,-1.221638502113664,18.505630630630627,0.0,0.028473409179930895,0.0454545454545455,0.040939318976922434,0.3138651021617542,0.8228718713535192,0.3070360828672106,0.07476300472024246,26.0,31,0.029484558551798084,0.004813008846080587,2025.0,1.0,2
00-0038705,Emari Demercado,RB,ARI,CAR,0.0,0.0,0.0,0.0038512759024258805,0.0,1.1805332954852372,0.0,7.624120491693878e-06,0.0002439718557342041,0.0002439718557342041,0.0,0.12878866755761678,0.04426250009124885,0.0,-0.45502411929206615,-1.3761838465955147,-0.6860553267186696,5.586555952177428,1.2169306587648043,0.0001829788918006531,0.03457799181974258,0.0005980838673863232,4.7239810655596164e-05,0.38117798457842067,9.573043976405579,0.05469204280190373,0.05506499285425005,0.0,0.4047746559437065,0.5886529225527634,0.6147391968722338,1.3568967221084152,0.11686833694898953,25.5,4,0.00011248429699010485,0.00404107239900908,2025.0,1.0,3
00-0038710,Blake Whiteheart,TE,CLE,BAL,0.0,0.0,0.0,0.0,0.0,0.0,0.0,0.0013100870920745144,0.04192278694638446,0.0,0.04192278694638446,0.33156682559315714,0.0,0.0,0.7205025476775673,8.047444521060667,-0.8930047683897189,4.36648699119152,0.725590205763746,0.0,0.027948526028349196,0.0,0.0,0.0,0.0,0.04192278694638446,0.06677322868034055,0.0303030312061309,0.6643675657351072,0.6766129411731504,0.4835107079562128,0.581792831983949,0.12240871327035403,17.0,2,0.0,0.018910334397495697,2025.0,1.0,3
00-0038720,Julian Hill,TE,MIA,NE,0.0,0.0,0.0,0.0,0.0,0.0,0.0,0.0005412772686986938,0.02074082860106321,0.0,0.2879009661659789,0.5142480730499465,0.0,0.0,0.8973881721020781,4.429466908164178,0.46760876643261895,5.53189130008829,0.5842018781975616,0.0,0.08504008504654577,0.0,0.0,0.0,0.0,0.0,0.055373861312452394,0.0,0.054277742381471206,0.09168588038453629,0.9339513667694092,0.942309537035285,0.442772862775828,23.0,21,0.0,0.007796975065468389,2025.0,1.0,2
00-0038738,Hunter Luepke,RB,DAL,NYG,0.0,0.0,0.0,0.0,0.0,0.0,0.0,0.0,0.0,0.0,0.0,0.0,0.0,0.0,0.0,0.0,0.0,0.0,0.0,0.0,0.0,0.0,0.0,0.0,0.0,0.0,0.0,0.0,0.04675342036973735,0.6372246955549405,1.006240546654429,0.8686276924336725,0.0769774093736673,25.0,23,0.0,0.0,0.0,0.0,4
00-0038752,Jake Bobo,WR,SEA,PIT,0.0007004929050879863,0.004840596795251193,0.0006663345166418929,0.0,0.00022172070958730494,0.0004781848372390401,0.027324847842230857,0.010602052068160443,0.28624382962472855,0.0004781848372390401,0.09808784795572535,0.3020484369838332,0.0,0.010480658197833096,1.0602921929280023,7.616878703655189,0.6375957908502223,6.480335474278673,0.9545508968050647,9.563696744780803e-05,0.0513429312549617,0.0,0.0,0.00037088224811827745,0.0014345545117171203,0.28672201446196754,0.07521338496832193,0.0370370373129844,0.6729064925588149,0.4191947719219354,0.6098905230063066,1.2347897022297165,0.00404824710031119,18.75,26,0.0,0.06339772279591496,2025.0,1.0,4
00-0038783,Nate Adkins,TE,DEN,IND,0.0,0.0,0.0,0.0,0.0,0.0,0.0,0.0009774572563342808,0.03812083299703702,0.0,0.03812083299703702,0.4448818878350899,0.0,0.0,2.541973635026429,3.7134670354926502,0.9718726012832641,15.173719563541349,1.712388152839458,0.0,0.07630449117708303,0.0,0.0,0.0,0.0,0.19609356493675834,0.09868069622362263,0.1034482792019844,0.1707737633777302,0.25907362992185967,0.6504177096192277,1.1232882050890116,0.3136954188287896,22.5,13,0.0,0.019768481508587416,2025.0,1.0,3
00-0038794,Jaleel McLaughlin,RB,DEN,IND,0.0,0.0,0.0,1.8022340387119151,0.0,10.429160447596281,0.0,0.0,0.0,0.02748304761849056,0.007055537475473881,0.2985207932928347,9.094334310027953,0.0,-1.0963017334669947,-7.96605619322522,-0.5911013229734817,6.608880345353975,1.6889106048607836,0.37449730289792316,0.005993593570966448,0.2416074493078898,-0.04796403535004562,-0.7905481778999576,44.087771789550956,0.030063796750448988,0.0632203994831676,0.0689655169844627,0.1707737633777302,0.25907362992185967,0.6504177096192277,1.1232882050890116,0.3136954188287896,22.5,13,0.24357967800944536,0.0018801628455338605,2025.0,1.0,4
00-0038797,Emanuel Wilson,RB,GB,WAS,0.0,0.0,0.0,0.8782225335509839,0.0,6.045784193946458,0.0,0.0,0.0,0.1284201910003412,0.0,0.2117954332368167,7.140287766343656,0.0,-0.05739502036167327,-2.1005989954803805,-0.2723335469541199,0.1421939017429862,0.3577273234226815,0.1146274429812824,0.0020701258236448345,0.12103302435571962,0.18945378143020408,0.9771894053669845,30.062572434444768,0.4698473913412418,0.014156190756528332,0.0,0.040939318976922434,0.3138651021617542,0.8228718713535192,0.3070360828672106,0.07476300472024246,26.0,31,0.09432369851447667,0.00015476882672465456,2025.0,1.0,3
00-0038824,Ryan Miller,WR,TB,HOU,0.042215454442756505,0.30636008683432675,0.05426620121218295,0.0,-0.019049512584700386,0.0,1.708962923954965,0.013475766407674856,0.4633504339867401,0.0,0.019937900779474594,0.3719558551374434,0.0,0.4919708485905812,1.1814258693577178,22.54856488520118,0.39243177489224085,11.372372357201144,1.1243676576767967,0.0,0.06443919858860626,0.0,0.0,0.0,0.0,0.1930626808278084,0.15795139518436044,0.0333333333333333,0.2513759927260177,0.7233072743850615,0.6101352841003179,0.5829015487383274,0.009079454985036099,20.0,12,0.0,0.03756170865675523,2025.0,1.0,6
00-0038839,Mitchell Tinsley,WR,CIN,JAX,0.0,0.0,0.0,0.0,0.0,0.0,0.0,0.0,0.0,0.0,0.0,0.0,0.0,0.0,0.0,0.0,0.0,0.0,0.0,0.0,0.0,0.0,0.0,0.0,0.0,0.0,0.0,0.0,0.01539195920881597,0.23686800898980356,0.6551661597560544,0.5559186714604935,0.31172083281901036,26.25,14,0.0,0.0,2025.0,1.0,4
00-0038840,Brycen Tremayne,WR,CAR,ARI,0.0,0.0,0.0,0.0,0.0,0.0,0.0,0.0,0.0,0.0,0.0,0.20416666666666664,0.0,0.0,0.0,-0.8333333333333333,-0.5797800918420155,-0.8333333333333333,0.41666666666666663,0.0,0.0,0.0,0.0,0.0,0.0,0.0,0.02123557962477204,0.0,0.3874449549143641,0.04345606300835222,0.7776609787795629,0.5977972001182874,0.2526673747248363,19.0,0,0.0,0.0,2025.0,1.0,4
00-0038896,Jacob Saylors,RB,DET,CHI,0.0,0.0,0.0,0.0,0.0,0.0,0.0,0.0,0.0,0.0,0.0,0.0,0.0,0.0,0.0,0.0,0.0,0.0,0.0,0.0,0.0,0.0,0.0,0.0,0.0,0.0,0.0,0.0,0.3055564827482153,0.18146581117327829,0.8996269535308904,0.7829102668390547,0.2865915302846011,26.0,5,0.0,0.0,2025.0,1.0,5
00-0038930,Carlos Washington,RB,ATL,MIN,0.0,0.0,0.0,0.0,0.0,0.0,0.0,0.0,0.0,0.0,0.0,0.0,0.0,0.0,0.0,0.0,0.0,0.0,0.0,0.0,0.0,0.0,0.0,0.0,0.0,0.0,0.0,0.0,0.3000481741629133,0.10874913228338078,1.0512314081821592,0.8749991577640015,0.2129980550560807,20.0,20,0.0,0.0,2025.0,1.0,3
00-0038933,Dalton Kincaid,TE,BUF,NYJ,2.2478220430319698,4.496359635003509,1.7653742750276007,0.0,0.47522320792077266,0.0,26.65395318683592,0.009216186456864403,0.39301495682427834,0.0,0.0953250011466084,0.48045087087248806,0.0,11.864619644983298,0.7178198680042247,40.26388272859904,1.1337249955614976,35.28460655216239,3.422508138633736,0.0,0.17642041972222358,0.0,0.0,0.0,0.0,0.33109756573213156,0.3321553037868977,0.0888888888888889,0.2607154342727115,0.6905793882853771,0.6120001623258199,1.2809942195805868,0.2868257926037341,26.75,24,0.0,0.12183230553282265,2025.0,1.0,1
00-0038935,Brenton Strange,TE,JAX,CIN,0.2686498210822494,0.4495175708724807,0.24941860335733212,0.0,0.01646514187172898,0.0,8.48314885073633,0.0015824497943613778,0.06206097758512471,0.0,0.021956428042260348,0.6778276322033701,0.0,1.6647684136783116,1.2828946014328757,26.60022397889791,3.3191823883507205,40.59446737153749,3.2883074201895504,0.0,0.017123793846579558,0.0,0.0,0.0,0.0,0.011606046547987931,0.25457386838443724,0.137931034482759,0.0316753864286811,0.3948760311448736,0.8919250545027676,1.0150011204882208,0.07487562553799428,23.25,6,0.0,0.006761775752280344,2025.0,1.0,1
00-0038938,Jalin Hyatt,WR,NYG,DAL,0.01394061112132831,0.09750819310674369,0.013991023328300147,0.0,0.0017597317536692594,0.0,0.2786435691432199,5.5415309467323136e-05,0.0016070439745523735,0.0,0.0,0.3177512519939482,0.0,0.24494053018625733,0.4151149891544822,33.18791181307661,-0.9176434613654856,6.469645187379885,0.8068742768866665,0.0,0.0,0.0,0.0,0.0,0.0,0.0,0.20920936834454548,0.0357142873108387,1.0990607488613864,0.26446988219082257,0.5225983861961978,1.1160668244592196,0.05570249285921378,19.5,8,0.0,0.0,2025.0,1.0,4
00-0038951,Sean Tucker,RB,TB,HOU,0.0,0.0,0.0,0.03717726432005304,0.0,3.574630262239114,0.0,0.0,0.0,0.04028458401943404,0.0,0.09969028887740357,0.2982452480483451,0.0,0.6624652764292587,0.5293025528782235,0.05300337907243384,2.7816092257472436,0.34201121684873176,0.03721726310274069,0.0,0.010438583681692079,0.054989295573717935,0.10610495718340886,18.130963598955482,0.06738592900437379,0.024697678233220745,0.0,0.2513759927260177,0.7233072743850615,0.6101352841003179,0.5829015487383274,0.009079454985036099,20.0,12,0.02270756539662697,0.0,2025.0,1.0,3
00-0038976,Marvin Mims Jr.,WR,DEN,IND,5.064493087468673,1.5297986461561675,2.858595337693744,0.0,1.9298014852553316,0.598298084906982,43.51147677330651,0.012010452558431781,0.3957552231921585,0.0,0.05458258853767849,0.4026488697030263,0.0,6.152628671985562,0.8155610132228185,24.937933628206423,4.718106475716605,46.02251522382621,4.109067878149428,2.4140004810064225e-05,0.08176737150828803,0.0,0.0,-0.2815158145441418,0.8114184697098938,0.4301033684045818,0.3018066168841316,0.108108108108108,0.1707737633777302,0.25907362992185967,0.6504177096192277,1.1232882050890116,0.3136954188287896,22.5,13,0.0,0.09184832397639124,2025.0,1.0,3
00-0038979,Cedric Tillman,WR,CLE,BAL,2.0237995124643295,7.956165810902544,1.6647529219638404,0.0,0.45042272321534216,0.038916059561733315,39.20280284209075,0.018191663729309804,0.8250481486043998,0.0,0.4461480743334942,0.7708584512382386,0.0,21.048671926260393,0.7387559169843773,71.744048358846,-1.0764558936076645,48.03459180409473,3.985082444799639,0.0,0.15027344653621721,0.0,0.0,-0.0912679634528185,-0.18238844749140798,0.46460798179870144,0.40565722379630004,0.19047619047619,0.6643675657351072,0.6766129411731504,0.4835107079562128,0.581792831983949,0.12240871327035403,17.0,2,0.0,0.08742801403229437,2025.0,1.0,2
00-0038996,Tucker Kraft,TE,GB,WAS,1.957717558291293,1.5507447197655295,1.1902169013787818,0.0,-0.017659066461318134,0.4087389091446074,19.577696166009886,0.0188693350948604,0.4128800469554449,0.0,0.06441451337658312,0.8770031563406135,0.0,5.049339591210612,2.2065691309465216,33.93357186947417,1.6864138661431116,36.767738213544675,2.7447886001270536,0.0,0.10056000531872183,0.0,0.0,-0.0994890217886178,1.103215245003923,0.3894108659471314,0.3713699963369556,0.181818181818182,0.040939318976922434,0.3138651021617542,0.8228718713535192,0.3070360828672106,0.07476300472024246,26.0,31,0.0,0.03156227634274717,2025.0,1.0,1
00-0038997,Josh Downs,WR,IND,DEN,2.5669726180161305,3.0672236194806652,1.3670553704406625,0.0,0.033814059602929304,0.007055579974019957,29.876130855710805,0.007723710185530333,0.2780420653862634,0.0,0.013748413669078696,0.6161175371854111,0.0,8.837690600474415,0.8765448383813592,37.83934680511988,1.5091356087675236,45.2552457692933,4.45811336547163,0.0,0.11543975045178496,0.0,0.0,-0.006155415714859764,-0.007055579974019957,0.16666523070235073,0.404845898180825,0.103448275862069,0.22119294912017282,0.1318181880266351,0.24612469288376718,0.65267643344506,0.21561467293103723,20.0,9,0.0,0.07534480460265876,2025.0,1.0,3
00-0039021,Roschon Johnson,RB,CHI,DET,0.0,0.0,0.0,0.22845703914060417,0.0,3.1720066672793776,0.0,0.0,0.0,0.18581737557919797,0.0,0.30075427424660667,4.291061658108835,0.0,-0.24365518396311875,-1.7079023192068314,0.3272107586478486,7.762637706482642,1.8374656740163375,0.1460814980380236,0.018694149331917133,0.05530215727893912,0.02405254864747707,-0.7485813938470222,6.816130203347457,0.23297892640488319,0.0858768541884937,0.2083333283662796,0.4492361330256993,0.4458114954562155,0.6319974805689496,0.9034941704066157,0.22014637083599872,20.5,10,0.09232313871776886,0.004115449131287767,2025.0,1.0,3
00-0039040,De'Von Achane,RB,MIA,NE,0.0,0.0,0.0,2.01399392703646,0.0,10.52396673986415,0.0,0.000748917077238053,0.029465867051780885,0.4198394519515746,0.006903654964102207,0.6822690787733011,24.452148735974855,0.0,-2.5023753363098686,-0.20157603554411488,1.5246690752804601,24.745501150181827,3.3137814872652416,0.3841587869482139,0.10342309757531724,0.19850145792584067,0.5626926668166367,1.303353342249014,66.34339519944308,0.7520918751661683,0.17085995719717118,0.129032258064516,0.054277742381471206,0.09168588038453629,0.9339513667694092,0.942309537035285,0.442772862775828,23.0,21,0.3587856241267627,0.045792940990567015,2025.0,1.0,1
00-0039041,Elijah Higgins,TE,ARI,CAR,0.0,0.0,0.0,0.0,0.0,0.0,0.0,0.0005179911623897017,0.014151026194635305,0.0,0.009880677794796943,0.31298504324076376,0.0,0.0,1.4598903847199258,7.823007679433813,-0.09237943119639794,10.13796488827189,1.2327110859352826,0.0,0.0801115612966674,0.0,0.0,0.0,0.0,0.014151026194635305,0.11484424426856334,0.0689655172413793,0.4047746559437065,0.5886529225527634,0.6147391968722338,1.3568967221084152,0.11686833694898953,25.5,4,0.0,0.04715790468754811,2025.0,1.0,3
00-0039050,Payne Durham,TE,TB,HOU,0.20349633858988778,0.6473134464870387,0.49525954034128344,0.0,-0.004865746987151647,0.0,7.570917502772383,0.011129248729075404,0.3561359593304129,0.0,0.03709749576358468,0.5153495302189643,0.0,1.1070053076832969,0.8665269071735698,16.838077641533545,1.645119816184591,15.75125512495615,1.4848387907824816,0.0,0.06849213761026378,0.0,0.0,0.0,0.0,0.3561359593304129,0.12148038578027098,0.0,0.2513759927260177,0.7233072743850615,0.6101352841003179,0.5829015487383274,0.009079454985036099,20.0,12,0.0,0.04954086137168645,2025.0,1.0,2
00-0039052,Trey Palmer,WR,NO,SF,0.12505513787327022,0.3237376024231897,0.0670710133695883,0.0,-0.04562371911799259,0.005345448008389999,1.4927624761597382,0.007447528906091778,0.3203177008447881,0.0,4.148729628085629e-05,0.28807741344533755,0.0,0.6949728723517681,0.49706538811781475,45.199412073080666,0.5297156263153207,18.1099758407023,1.197276194769792,0.0,0.02124904350293043,0.0,0.0,0.0014427171289860322,0.037215713763882136,0.034333269076965635,0.2058400097487831,0.0930232554674148,0.0687549655940788,0.3835530124170316,1.168760669635824,1.2494945090869056,0.015669534598864422,19.0,28,0.0,0.026550563180260358,2025.0,1.0,6
00-0039064,Zay Flowers,WR,BAL,CLE,6.0106473381358985,9.476396639873968,3.0883591386385163,0.0,0.3626636035856114,0.9525299243475669,50.43645974267031,0.02091539738238087,0.4356798911785982,0.0,0.03837067694139562,0.6958323125622089,0.0,34.037917833946274,1.6345865165800793,71.38529810575092,3.923355893022909,74.57691994433493,4.192674929223452,0.027283838865755087,0.0499604264179613,0.0,0.0,0.10686262388970788,4.47801418583046,0.32955113998429686,0.6897166909794187,0.473684210526316,0.2039944349708976,0.7933440799528539,0.9036633454839689,0.820015937588493,0.0015008883795919214,28.5,7,0.0,0.04096834591144545,2025.0,1.0,1
00-0039065,Sam LaPorta,TE,DET,CHI,4.007265591641067,6.153754340700198,3.396136171319458,0.0,1.250498772070155,0.00024392026189754484,70.84125737929374,0.0166625675488315,0.558470419389091,0.0,0.03149896698765933,0.9271544819161706,0.0,24.737972057122608,1.5174053177319156,48.37378882096501,2.6519074937977174,64.20556155539036,5.617569629428347,0.0,0.2271711313802827,0.0,0.0,3.248770116832276e-05,0.0009756810475901794,0.32376996899404104,0.5062515180235636,0.236842105263158,0.3055564827482153,0.18146581117327829,0.8996269535308904,0.7829102668390547,0.2865915302846011,26.0,5,0.0,0.041223793631074375,2025.0,1.0,1
00-0039066,Michael Mayer,TE,LV,LAC,0.16672913426584854,0.4072508618478421,0.2839778948269254,0.0,0.04502427918916734,0.0,4.790629070085132,4.860206916295021e-05,0.0013122558673996571,0.0,8.714055337537778e-05,0.6878334663324965,0.0,1.372665531081625,1.5528535726783423,16.829188332806304,1.5151932170441682,22.92303621685103,2.7473866353606877,0.0,0.3377751343756805,0.0,0.0,0.0,0.0,0.006353418007602179,0.18552981203837965,0.121212121212121,0.320426504326425,0.517388999653759,0.17258718809061602,0.8718944463927459,0.1794531590390648,21.5,17,0.0,0.17476113888254735,2025.0,1.0,2
00-0039074,Davis Allen,TE,LA,TEN,0.6265542040753018,0.2890337658083127,0.5133239014441492,0.0,-0.04536009384182477,0.0,10.03093580300058,0.013567888347794318,0.44546207603245475,0.0,0.038128430227373895,0.3896123162064926,0.0,0.538629121070045,0.45794648622635653,17.52290195833576,0.030352316455978617,9.561808498013663,1.1008579307159245,0.0,0.20157724671189656,0.0,0.0,0.0,0.0,0.3071271311639592,0.14876982026923036,0.0714285714285714,0.1797937189108486,0.08065404161557142,1.0552898096411443,1.1241445759122863,0.11316282191050671,23.5,30,0.0,0.016258019645053613,2025.0,1.0,3
00-0039075,Puka Nacua,WR,LA,TEN,4.581182639424029,6.213772939059639,3.1476324567408187,0.0,1.7085654704561508,0.9655641509301957,80.2099337012664,0.011406636847082211,0.36431672773690355,0.018594518860488234,0.09398587484478335,0.7639998878915796,0.0,32.4816190230476,3.910824158496221,74.32538660569466,6.246916778747912,109.36322359218602,8.859938523165725,0.018863448115025487,0.2719022414245497,0.0,0.0,-0.09935663656140907,3.2501338249355323,0.16378982841841333,0.8572695756131478,0.392857142857143,0.1797937189108486,0.08065404161557142,1.0552898096411443,1.1241445759122863,0.11316282191050671,23.5,30,0.0,0.3056574298758005,2025.0,1.0,1
00-0039107,Stetson Bennett,QB,LA,TEN,0.0,0.0,0.0,0.0,0.0,0.0,0.0,0.0,0.0,0.0,0.0,0.0,0.0,0.0,0.0,0.0,0.0,0.0,0.0,0.0,0.0,0.0,0.0,0.0,0.0,0.0,0.0,0.0,0.1797937189108486,0.08065404161557142,1.0552898096411443,1.1241445759122863,0.11316282191050671,23.5,30,0.0,0.0,2025.0,1.0,3
00-0039139,Jahmyr Gibbs,RB,DET,CHI,0.0,0.0,0.0,1.7489073589790607,0.0,15.49057719750675,0.0,0.0017447185879741164,0.06300267588659311,0.43728097082112316,0.017754124321135416,0.6249428670429852,9.393435649794762,0.0,4.267290755522392,-1.139943836598618,1.960803084104782,37.34345889322265,5.837249857267333,0.6690012351674327,0.14339237980431907,0.2528814401169092,0.518054400281952,0.5525631453565598,77.83070231885068,0.6550237206459291,0.25413025339000495,0.263157894736842,0.3055564827482153,0.18146581117327829,0.8996269535308904,0.7829102668390547,0.2865915302846011,26.0,5,0.6018515431020802,0.04109504155927053,2025.0,1.0,1
00-0039144,Luke Musgrave,TE,GB,WAS,0.11354564546325409,0.09563907683261332,0.07773390844481037,0.0,-0.02198834786418331,0.0,1.5312275972850005,0.0002473539843350507,0.009894159373402028,0.0,0.0,0.30717999822770103,0.0,0.20418989420654993,2.3216859255717806,8.138143235552985,-0.11484255752645534,8.928278704125212,1.1207262507627462,0.0,0.024374327455741803,0.0,0.0,0.0,0.0,0.007067256695287161,0.09654475922147873,0.0454545454545455,0.040939318976922434,0.3138651021617542,0.8228718713535192,0.3070360828672106,0.07476300472024246,26.0,31,0.0,0.0076502507770204505,2025.0,1.0,2
00-0039146,Jayden Reed,WR,GB,WAS,2.1771471587730806,4.146828640836482,2.3134769557340547,0.0,0.576473095775146,1.0373246285867685,27.661595535414456,0.01567955492260115,0.349583814718964,0.00024392026189754484,0.22761877170044745,0.5652676640073286,0.0,9.543877995097995,1.9347056354447447,50.69274129899397,1.6467455888430182,39.38363737866916,2.5204356976802673,0.08092598928484658,0.2314388596918536,0.0,0.0,-1.7756638252291121,4.121135833991584,0.3529413128494113,0.3857426517941645,0.227272727272727,0.040939318976922434,0.3138651021617542,0.8228718713535192,0.3070360828672106,0.07476300472024246,26.0,31,0.0,0.0710600809030407,2025.0,1.0,1
00-0039150,Bryce Young,QB,CAR,ARI,0.0,0.0,0.0,0.0,0.0,4.209140991763065,0.0,0.0,0.0,0.11849979302306166,0.0,0.98894811588099,0.0,0.0,0.0,0.0,0.0,0.0,0.0,0.18490763345475808,0.0,0.0,0.0,1.9201857273186196,29.15311527756091,0.4231081989080664,0.0,0.0,0.3874449549143641,0.04345606300835222,0.7776609787795629,0.5977972001182874,0.2526673747248363,19.0,0,0.0716415297072005,0.0,2025.0,1.0,1
00-0039163,C.J. Stroud,QB,HOU,TB,0.0,0.0,0.0,0.0,0.0,2.914651970046429,0.0,0.0004460920468364126,0.013828853451928807,0.0029291660582417235,0.0,0.8144763512499349,0.0,0.0,0.0,0.13828251112415485,-0.010047026272198917,0.0,6.023395133222161e-06,0.18365264285802357,0.0013828853451928803,0.0,0.0,1.3049867966232715,15.800507569166186,0.0003084754847779795,0.0009349849938260017,0.0,0.3833797721242485,0.05472500589934953,0.15478636779183097,0.8740708578517371,0.3235987313450722,22.5,29,0.07040870836892507,0.0,2025.0,1.0,1
00-0039164,Anthony Richardson,QB,IND,DEN,0.0,0.0,0.0,0.0,0.0,8.453038060290945,0.0,0.0,0.0,0.388156350285001,0.0,0.9697821695647079,0.0,0.0,0.0,-1.6432157394753442,-0.21687355084146928,-0.20540196743441802,0.20540196743441802,0.22993704514346205,0.0,0.0,0.0,2.4068218869002846,52.69689022186551,0.7357599184433264,0.0049068249442396055,0.0,0.22119294912017282,0.1318181880266351,0.24612469288376718,0.65267643344506,0.21561467293103723,20.0,9,0.05086045312726068,0.0,2025.0,1.0,2
00-0039165,Zach Charbonnet,RB,SEA,PIT,0.0,0.0,0.0,2.0912880446005353,0.0,10.948065433655923,0.0,0.0,0.0,0.6299448111961876,0.0,0.608696874779526,13.264637949718656,0.0,-0.21619440424750683,-2.745795854393392,-0.19473981226096648,9.68140852736795,1.3188475349301572,0.4870532603067445,0.003296505323004677,0.31985421765949645,0.12910007103456758,-0.28843062448675355,47.23561025909211,0.46525050838870197,0.06433018936241533,0.0,0.6729064925588149,0.4191947719219354,0.6098905230063066,1.2347897022297165,0.00404824710031119,18.75,26,0.29704916766040723,1.3345068115014089e-05,2025.0,1.0,2
00-0039299,George Holani,RB,SEA,PIT,0.0,0.0,0.0,0.0,0.0,0.963302752293578,0.0,0.0,0.0,0.0,0.0,0.022935779816513763,0.0,0.0,0.22935779816513763,-0.22935779816513763,-0.09373779827301654,-0.22935779816513763,0.22935779816513763,0.0,0.0,0.0,0.0,-0.24783481151685802,3.2110091743119265,0.0,0.01085989365200383,0.0,0.6729064925588149,0.4191947719219354,0.6098905230063066,1.2347897022297165,0.00404824710031119,18.75,26,0.0,0.0,2025.0,1.0,3
00-0039305,Jack Westover,RB,NE,MIA,0.0,0.0,0.0,0.0,0.0,0.0,0.0,0.0,0.0,0.0,0.0,0.0,0.0,0.0,0.0,0.0,0.0,0.0,0.0,0.0,0.0,0.0,0.0,0.0,0.0,0.0,0.0,0.0,0.5717123177444071,0.366684450851966,0.12050679215040297,1.1048768026963869,0.23563525676785815,21.5,19,0.0,0.0,2025.0,1.0,3
00-0039337,Malik Nabers,WR,NYG,DAL,4.407107859038751,9.184977677552487,2.8983794316836637,0.0,2.149468912912977,0.06986570517659291,59.09802637470159,0.02619949543069977,0.889156762406504,0.0,0.27265033858647686,0.8709255636498494,0.0,53.74572315372672,1.015040738380956,94.07038582610991,1.6184639033116037,84.47324071054231,6.164254658422184,0.0032415674965521825,0.4264303982160289,0.0,0.0,-0.0228168235259822,0.10779842041256583,0.43238420899673585,0.8621323710434166,0.375,1.0990607488613864,0.26446988219082257,0.5225983861961978,1.1160668244592196,0.05570249285921378,19.5,8,0.0,0.47592482038984385,2025.0,1.0,1
00-0039338,Brock Bowers,TE,LV,LAC,5.667865167485374,8.4651468224813,2.8944629235012225,0.0,1.1874680980337198,0.25938146839961207,65.99446747792743,0.012555369475102506,0.4608307313392033,0.0,0.019189942787425595,0.8031006868479881,0.0,23.371755155625447,1.2322263115552774,70.79141480328127,1.5328741367625587,78.20183963839906,5.837707799676965,0.0,0.13103348542352714,0.0,0.0,-0.12693512595730097,0.06241193142356877,0.2794705770241508,0.5437687346537456,0.242424242424242,0.320426504326425,0.517388999653759,0.17258718809061602,0.8718944463927459,0.1794531590390648,21.5,17,0.0,0.0677952839444241,2025.0,1.0,1
00-0039342,Xavier Legette,WR,CAR,ARI,2.0869196130862213,9.599930178062692,2.3308903550194224,0.0,-0.568101272218486,0.15510119578540063,42.22925050329888,0.01897569321799153,0.6846505808423833,0.0,0.36071178234667844,0.678448621379339,0.0,22.524753640618865,0.40032785955168476,73.5665254059236,-3.256221706107664,24.579363696989954,3.2284634952256166,0.0,0.3777498046569309,0.0,0.0,-0.04719195906816717,0.4216056926418673,0.044046125871181674,0.4945131055180692,0.205882352941176,0.3874449549143641,0.04345606300835222,0.7776609787795629,0.5977972001182874,0.2526673747248363,19.0,0,0.0,0.22581777556914331,2025.0,1.0,2
00-0039355,Luke McCaffrey,WR,WAS,GB,0.0,0.0,0.0,0.0,0.0,0.0,0.0,0.0007223680676135522,0.027449986569315,0.0,0.005103897663420562,0.18710649973952154,0.0,0.0,0.38718902574901287,11.192667881367106,-1.074148525567723,6.704324060520697,0.8147988669876507,0.0,0.013927107632128954,0.0,0.0,0.0,0.0,0.0,0.09301194895676781,0.0,0.00988249693290696,0.042419559444668964,0.40477829806766363,0.9686790896230817,0.23802384129491655,22.5,11,0.0,0.013490897942173348,2025.0,1.0,5
00-0039356,Ja'Tavion Sanders,TE,CAR,ARI,1.7260971567914074,1.8178389854645418,1.015245606768221,0.0,0.20664718826771544,0.0,17.00303190002538,0.0015248333198814809,0.03812083299703702,0.0,0.02541388993538577,0.5501088079701438,0.0,3.997019742471968,0.9317428502623535,28.244141997772314,0.9340857884339567,22.617905123722945,1.8716648079402114,0.0,0.04847416903675823,0.0,0.0,0.0,0.0,0.03812083299703702,0.20853310585398216,0.0882352941176471,0.3874449549143641,0.04345606300835222,0.7776609787795629,0.5977972001182874,0.2526673747248363,19.0,0,0.0,0.002106496543938882,2025.0,1.0,1
00-0039359,Cade Stover,TE,HOU,TB,0.0,0.0,0.0,0.0,0.0,0.0,0.0,0.0022742169949795774,0.07504916083432607,0.0,0.0,0.5057528395430865,0.0,0.0,1.103741863319305,8.87065503466517,-0.08392486727781562,10.568024144982232,1.8520343710087044,0.0,0.02873055477699937,0.0,0.0,0.0,0.0,0.07504916083432607,0.14858189387793433,0.148148148148148,0.3833797721242485,0.05472500589934953,0.15478636779183097,0.8740708578517371,0.3235987313450722,22.5,29,0.0,0.0015722797796628755,2025.0,1.0,3
00-0039361,Bucky Irving,RB,TB,HOU,0.0,0.0,0.0,2.659440512965307,0.0,15.76158476877218,0.0,0.0,0.0,0.2850942385828737,0.002525713567051142,0.6083953876424213,15.650150713842201,0.0,-1.9863542788642627,-11.257585881351291,0.5353824348117376,19.925505491074677,3.1493015053603575,0.6330262574300766,0.3890000777203077,0.4506527342173067,0.7337031859256035,0.12060653172524892,72.72193455993741,0.6946227097176199,0.14889541040255128,0.133333333333333,0.2513759927260177,0.7233072743850615,0.6101352841003179,0.5829015487383274,0.009079454985036099,20.0,12,0.38623165542006077,0.0035319086948370775,2025.0,1.0,1
00-0039363,Isaac Guerendo,RB,SF,NO,0.0,0.0,0.0,0.6026564630645931,0.0,5.423289396867205,0.0,0.0,0.0,0.12488743890177446,0.0,0.26128428541393023,7.100785037448218,0.0,0.10369880287539769,5.229085445773875,0.6806088237974017,15.606774629984592,1.3139523308881709,0.1163336828781649,0.0,0.0781305323788157,0.13103283215765252,-0.221823316726889,22.95344840524917,0.15600598155940082,0.07663479395309249,0.0,0.0010079464191690844,0.21012726124712083,0.7159385408595069,1.2111524529917945,0.2915127352732966,23.5,22,0.08328776717260598,0.0,2025.0,1.0,3
00-0039364,Sione Vaki,RB,DET,CHI,0.0,0.0,0.0,0.0,0.0,1.5765765765765765,0.0,0.0,0.0,0.0,0.0,0.07577702702702703,0.0,0.0,4.02214714602844,2.884009009009009,0.7424351937464765,10.11824324324324,0.9132882882882881,0.0,0.0,0.0,0.0,-0.8238066907401558,3.4684684684684686,0.0,0.04708976540630597,0.0625,0.3055564827482153,0.18146581117327829,0.8996269535308904,0.7829102668390547,0.2865915302846011,26.0,5,0.0,0.0,2025.0,1.0,4
00-0039376,Spencer Rattler,QB,NO,SF,0.0,0.0,0.0,0.0,0.0,2.7922204259778614,0.0,0.0,0.0,0.0,0.0,0.9451799680546376,0.0,0.0,0.0,0.0,0.0,0.0,0.0,0.10216053170704494,0.0,0.0,0.0,2.2156915265973374,23.785271267632474,0.0,0.0,0.0,0.0687549655940788,0.3835530124170316,1.168760669635824,1.2494945090869056,0.015669534598864422,19.0,28,0.007024043842590671,0.0,2025.0,1.0,1
00-0039379,Jamari Thrash,WR,CLE,BAL,0.0,0.0,0.0,0.0,0.0,0.0,0.0,0.0,0.0,0.0,0.0,0.335131080816401,0.0,0.0,0.5984982089284439,10.20203161179365,-0.3856161482089588,3.0007163765833402,0.4749657239293926,0.0,0.0,0.0,0.0,0.0,0.0,0.0,0.0683621127238771,0.0238095238095238,0.6643675657351072,0.6766129411731504,0.4835107079562128,0.581792831983949,0.12240871327035403,17.0,2,0.0,0.0,2025.0,1.0,3
00-0039384,Tyrone Tracy Jr.,RB,NYG,DAL,0.0,0.0,0.0,2.320466431833535,0.0,12.549919512352117,0.0,0.0026760967267603613,0.10436777234365426,0.13476855686982067,0.10469650432603807,0.6747336436696771,11.486447609417995,0.0,-5.842081807917438,1.4126555652475896,-1.4274079307447198,16.003725261281655,2.3325258180465838,0.30869878686159163,0.04326664104224006,0.2660970594355617,-0.35143198105488466,-3.287019714553352,42.62394271315965,0.23000932503720428,0.18734051387987832,0.15625,1.0990607488613864,0.26446988219082257,0.5225983861961978,1.1160668244592196,0.05570249285921378,19.5,8,0.16132548783459183,0.002410059763697543,2025.0,1.0,1
00-0039394,Casey Washington,WR,ATL,MIN,0.8267607325164161,7.102752293577982,0.7041800743726015,0.0,-0.642448805910912,0.0,22.477064220183486,0.0,0.0,0.0,0.0,0.4596330275229358,0.0,13.846420742565433,1.2201834497830917,55.788990825688074,1.382930113756155,18.045871559633024,1.5779816513761467,0.0,0.0,0.0,0.0,0.0,0.0,0.0,0.2639345486844897,0.142857142857143,0.3000481741629133,0.10874913228338078,1.0512314081821592,0.8749991577640015,0.2129980550560807,20.0,20,0.0,0.0,2025.0,1.0,4
00-0039398,Joe Milton III,QB,DAL,NYG,0.0,0.0,0.0,0.0,0.0,10.0,0.0,0.0,0.0,1.0,0.0,0.95,0.0,0.0,0.0,0.0,0.0,0.0,0.0,0.6,0.0,0.0,0.0,-3.962806224822998,16.0,1.0,0.0,0.0,0.04675342036973735,0.6372246955549405,1.006240546654429,0.8686276924336725,0.0769774093736673,25.0,23,0.02805205222184241,0.0,2025.0,1.0,2
00-0039407,Dylan Laube,RB,LV,LAC,0.0,0.0,0.0,0.0,0.0,0.41666666666666663,0.0,0.0,0.0,0.0,0.0,0.008333333333333333,0.0,0.0,0.0,0.0,0.0,0.0,0.0,0.0,0.0,0.0,0.0,-1.9450734059015908,0.0,0.0,0.0,0.0,0.320426504326425,0.517388999653759,0.17258718809061602,0.8718944463927459,0.1794531590390648,21.5,17,0.0,0.0,2025.0,1.0,3
00-0039410,Ryan Flournoy,WR,DAL,NYG,0.0,0.0,0.0,0.0,0.0,0.0,0.0,0.0,0.0,0.0,0.0,0.23706111225237136,0.0,0.0,0.9147856078615312,17.196431973943543,0.0976472698247015,14.83516245095062,1.644291515573736,0.0,0.0,0.0,0.0,0.0,0.0,0.0,0.1385728338451123,0.0606060624122619,0.04675342036973735,0.6372246955549405,1.006240546654429,0.8686276924336725,0.0769774093736673,25.0,23,0.0,0.0,2025.0,1.0,5
00-0039424,Devaughn Vele,WR,NO,SF,0.30889293456009603,0.6876773392659101,0.2083809649184592,0.0,-0.005360251735898526,0.0,5.4429784884944805,0.01817832042228689,0.6724550345488163,0.0,0.35008932545996424,0.4472945244132005,0.0,2.3447891071475606,0.9359807771003619,28.16841751204135,2.4455643360652433,27.824053993268063,2.2016029149868066,0.0,0.1408574306161826,0.0,0.0,0.0,0.0,0.3305396348345792,0.23103309690843085,0.0487804878048781,0.0687549655940788,0.3835530124170316,1.168760669635824,1.2494945090869056,0.015669534598864422,19.0,28,0.0,0.17600058611900996,2025.0,1.0,4
00-0039451,Isaiah Williams,WR,NYJ,BUF,0.0,0.0,0.0,0.0,0.0,0.0,0.0,0.0,0.0,0.0,0.0,0.1,0.0,0.0,0.4000000059604645,15.0,-2.3470916748046875,6.0,2.0,0.0,0.0,0.0,0.0,0.0,0.0,0.0,0.4067164063453674,0.1666666716337204,0.4934356054882013,0.3060545987566863,0.9263675130401681,1.4381485327529986,0.11416938876997434,19.75,3,0.0,0.0,2025.0,1.0,6
00-0039521,Xavier Weaver,WR,ARI,CAR,0.0,0.0,0.0,0.0,0.0,0.0,0.0,0.013020833333333332,0.41666666666666663,0.0,0.0,0.4416666666666666,0.0,0.0,0.0,19.25,-0.7797784010569253,0.0,0.0,0.0,0.0,0.0,0.0,0.0,0.0,0.0,0.11173568541804947,0.03125,0.4047746559437065,0.5886529225527634,0.6147391968722338,1.3568967221084152,0.11686833694898953,25.5,4,0.0,0.0,2025.0,1.0,5
00-0039530,Brevyn Spann-Ford,TE,DAL,NYG,1.0855269889313115,0.48775318009492646,0.6442282940592461,0.0,-0.06400617778910656,0.0,9.202890190470315,0.0021623332214450917,0.08216866241491352,0.0,0.0,0.3052464254954938,0.0,0.7655353299038307,0.9342000683747881,16.426311143546307,0.23051106544045916,10.321510883826257,1.1251002793063758,0.0,0.017258214099337553,0.0,0.0,0.0,0.0,0.0,0.11216972628212522,0.0303030303030303,0.04675342036973735,0.6372246955549405,1.006240546654429,0.8686276924336725,0.0769774093736673,25.0,23,0.0,0.010997360225272354,2025.0,1.0,3
00-0039589,Kameron Johnson,WR,TB,HOU,0.0,0.0,0.0,0.0,0.0,0.41666666666666663,0.0,0.0041930228100440755,0.19707207207207206,0.0,0.06569069200450449,0.11954954954954954,0.0,0.0,0.0,0.5912162162162162,-0.32474414051116046,0.0,0.0,0.0,0.028153154560810807,0.0,0.0,0.33549138588142824,3.0349099099099095,0.0,0.007659902791954089,0.0,0.2513759927260177,0.7233072743850615,0.6101352841003179,0.5829015487383274,0.009079454985036099,20.0,12,0.0,0.016410517395366125,2025.0,1.0,7
00-0039603,British Brooks,RB,HOU,TB,0.0,0.0,0.0,0.0,0.0,1.0,0.0,0.0,0.0,0.0,0.0,0.04,0.0,0.0,0.0,0.0,0.0,0.0,0.0,0.0,0.0,0.0,0.0,-0.3362504541873932,2.0,0.0,0.0,0.0,0.3833797721242485,0.05472500589934953,0.15478636779183097,0.8740708578517371,0.3235987313450722,22.5,29,0.0,0.0,2025.0,1.0,5
00-0039623,Mason Tipton,WR,NO,SF,0.25697099230186043,1.3392910016077406,0.42263061426553733,0.0,0.00107595313318196,0.0,7.294613298517103,0.0,0.0,0.0,0.0,0.6039830906289145,0.0,4.582602370250416,0.3958911661739115,34.344495363365496,-1.3799299514800176,9.027114555489172,1.2140576777135246,0.0,0.00664596705941087,0.0,0.0,0.0,0.0,0.0,0.22286212912456368,0.0357142873108387,0.0687549655940788,0.3835530124170316,1.168760669635824,1.2494945090869056,0.015669534598864422,19.0,28,0.0,0.00830409934830633,2025.0,1.0,5
00-0039631,Cam Grandy,TE,CIN,JAX,0.0,0.0,0.0,0.0,0.0,0.0,0.0,0.0,0.0,0.0,0.0,0.12670045045045045,0.0,0.0,3.3528528606837935,3.067567567567567,0.7748901689978869,7.772522522522522,1.1970720720720718,0.0,0.03583128744369369,0.0,0.0,0.0,0.0,0.0,0.051585569600197084,0.0217391308397054,0.01539195920881597,0.23686800898980356,0.6551661597560544,0.5559186714604935,0.31172083281901036,26.25,14,0.0,0.008487285716329073,2025.0,1.0,5
00-0039648,David Martin-Robinson,TE,TEN,LA,0.0,0.0,0.0,0.0,0.0,0.0,0.0,0.0,0.0,0.0,0.0,0.03697247706422018,0.0,0.0,0.0,0.0,0.13681661098375233,1.926605504587156,0.3211009174311926,0.0,0.0,0.0,0.0,0.0,0.0,0.0,0.02534664347084288,0.0,0.16017826304580493,0.5702544836979172,0.09401781950329521,0.7686121017115329,0.05324944836641776,18.0,16,0.0,0.0,2025.0,1.0,3
00-0039650,Bryce Oliver,WR,TEN,LA,0.0,0.0,0.0,0.0,0.0,0.0,0.0,0.0,0.0,0.0,0.0,0.14245569669881597,0.0,0.0,1.0866855603501977,15.650768446640006,0.19722645232464586,13.67092056770956,1.0612600956637654,0.0,0.03361954050027444,0.0,0.0,0.0,0.0,0.0,0.13342871920998947,0.04,0.16017826304580493,0.5702544836979172,0.09401781950329521,0.7686121017115329,0.05324944836641776,18.0,16,0.0,0.025840385682491942,2025.0,1.0,6
00-0039686,Colson Yankoff,RB,WAS,GB,0.0,0.0,0.0,0.0,0.0,0.0,0.0,0.0,0.0,0.0,0.0,0.06,0.0,0.0,0.0,0.0,0.0,0.0,0.0,0.0,0.0,0.0,0.0,0.0,0.0,0.0,0.0,0.0,0.00988249693290696,0.042419559444668964,0.40477829806766363,0.9686790896230817,0.23802384129491655,22.5,11,0.0,0.0,2025.0,1.0,4
00-0039703,Cody Schrader,RB,JAX,CIN,0.0,0.0,0.0,0.0,0.0,1.0,0.0,0.0,0.0,0.0,0.0,0.03,0.0,0.0,0.0,0.0,0.3972773551940918,6.0,1.0,0.0,0.0,0.0,0.0,-0.3208926022052765,3.0,0.0,0.0375000014901161,0.025000000372529,0.0316753864286811,0.3948760311448736,0.8919250545027676,1.0150011204882208,0.07487562553799428,23.25,6,0.0,0.0,2025.0,1.0,4
00-0039732,Bo Nix,QB,DEN,IND,0.0,0.0,0.0,0.0,0.0,6.267610478088732,0.0,0.00040767988399931275,0.013861116055976666,0.008061893766394585,0.0023101860555331632,0.9738821506316545,0.0,0.0,0.013861116055976666,0.02772223211195333,0.05377966788028378,0.02772223211195333,0.013861116055976666,0.2012516604590463,0.001540123990818389,0.0,0.0,0.15723161271720174,25.634256483618195,0.030150208814193107,0.0007067525460796568,0.0,0.1707737633777302,0.25907362992185967,0.6504177096192277,1.1232882050890116,0.3136954188287896,22.5,13,0.03436850344260847,0.0,2025.0,1.0,1
00-0039737,Tip Reiman,TE,ARI,CAR,0.0,0.0,0.0,0.0,0.0,0.0,0.0,0.0,0.0,0.0,0.0,0.448561907002274,0.0,0.0,1.3420012320951882,3.6141496118560332,0.5043356788299589,9.003469771818395,1.235336783501921,0.0,0.0,0.0,0.0,0.0,0.0,0.0,0.08432781556164562,0.0344827586206897,0.4047746559437065,0.5886529225527634,0.6147391968722338,1.3568967221084152,0.11686833694898953,25.5,4,0.0,0.0,2025.0,1.0,2
00-0039738,Blake Corum,RB,LA,TEN,0.0,0.0,0.0,0.0,0.0,2.865258888426116,0.0,0.0,0.0,0.048030764240238936,0.0,0.1522652342840152,0.0,0.0,-0.5420998229017735,-0.42762980830423786,0.2729135361258372,7.940244296532687,0.6868021543991415,0.03714465923332532,0.0,0.0,0.0,-1.0246392147520997,8.23538653872025,0.0,0.03673938782048937,0.0357142857142857,0.1797937189108486,0.08065404161557142,1.0552898096411443,1.1241445759122863,0.11316282191050671,23.5,30,0.03919838037152105,0.0,2025.0,1.0,2
00-0039739,Roman Wilson,WR,PIT,SEA,0.0,0.0,0.0,0.0,0.0,0.0,0.0,0.0,0.0,0.0,0.0,0.0,0.0,0.0,0.0,0.0,0.0,0.0,0.0,0.0,0.0,0.0,0.0,0.0,0.0,0.0,0.0,0.0,0.020802770482795295,0.7968017619632698,0.11837821229128537,0.8396172336508811,0.09116215491932625,21.75,27,0.0,0.0,2025.0,1.0,3
00-0039746,Will Shipley,RB,PHI,KC,0.0,0.0,0.0,0.6614375637104994,0.0,5.25211714890614,0.0,0.0,0.0,0.0,0.0,0.18480867246922292,2.353367835019211,0.0,1.1766839175096055,1.647357484513448,0.5411327481363312,8.23678742256724,0.9413471340076843,0.10193145277091666,0.05883419587548027,0.07060103505057633,-0.19515825122711222,-0.6258244816437684,21.51340860973888,0.0,0.03871045620362869,0.0,0.17599553997256578,0.15688783798774497,0.4105234793758919,1.977903317213997,0.0006975286717756033,24.0,15,0.0418452546493561,4.103853850400943e-05,2025.0,1.0,2
00-0039751,Jordan Whittington,WR,LA,TEN,1.1135209842823452,1.4698330332779728,0.8637503392262199,0.0,0.15182163779904628,0.7666007528661771,14.215178597780037,0.0028334021522383925,0.08216866241491352,0.0,0.0,0.5183700957046917,0.0,4.690787656110025,2.6613146601623208,17.562615874583116,1.9013976908825825,38.25514006906192,2.3956491525560155,0.052609856641052395,0.034192123471394574,0.0,0.0,0.8445255837245793,4.28394538366393,0.0,0.17746849571519707,0.0,0.1797937189108486,0.08065404161557142,1.0552898096411443,1.1241445759122863,0.11316282191050671,23.5,30,0.0,0.038436890139291385,2025.0,1.0,4
00-0039754,Devin Culp,TE,TB,HOU,0.0,0.0,0.0,0.0,0.0,0.0,0.0,0.013020833333333332,0.41666666666666663,0.0,0.0,0.24833333333333332,0.0,0.0,1.3463767866293588,34.25,4.033567090829213,42.666666666666664,2.416666666666666,0.0,0.07575757916666666,0.0,0.0,0.0,0.0,0.0,0.2281689867377281,0.0645161271095275,0.2513759927260177,0.7233072743850615,0.6101352841003179,0.5829015487383274,0.009079454985036099,20.0,12,0.0,0.05479600810105218,2025.0,1.0,4
00-0039792,Devontez Walker,WR,BAL,CLE,0.0,0.0,0.0,0.0,0.0,0.0,0.0,0.016666666666666666,0.41666666666666663,0.0,0.0,0.225,0.0,0.0,0.41666666666666663,45.5,0.2250086069107057,8.75,0.41666666666666663,0.0,0.0,0.0,0.0,0.0,0.0,0.41666666666666663,0.29704860349496204,0.125,0.2039944349708976,0.7933440799528539,0.9036633454839689,0.820015937588493,0.0015008883795919214,28.5,7,0.0,0.0,2025.0,1.0,5
00-0039793,AJ Barner,TE,SEA,PIT,0.7842465833227155,0.2802699641640374,0.779270093584678,0.0,0.48897585176757347,0.2875627544081852,21.653645669488956,0.011019473089874015,0.3521176584590023,0.0,0.2346683710778953,0.5720098595181169,0.0,0.6327625058337313,1.7529401686551465,7.9275986005332,0.38856028414081817,13.610189980101941,2.2066263643820574,0.04108039554090327,0.15641142306955724,0.0,0.0,0.0669261689980612,0.5751255088163704,0.4092084745278297,0.18095633605811456,0.0909090909090909,0.6729064925588149,0.4191947719219354,0.6098905230063066,1.2347897022297165,0.00404824710031119,18.75,26,0.0,0.06556685081962839,2025.0,1.0,1
00-0039794,Braelon Allen,RB,NYJ,BUF,0.0,0.0,0.0,0.17499744575347748,0.0,5.009767320252097,0.0,0.0,0.0,0.17882710731594822,0.0,0.2656231947342943,0.6993002022414713,0.0,2.642075126130194,0.6362520133766675,-0.11206530163725695,5.088001392754369,0.844309467453683,0.2632752543547269,0.0004383093186112405,0.030949033857706858,-0.017821629095759392,-0.9441013316855161,14.531452614366414,0.29760089242336296,0.04895823563466598,0.0,0.4934356054882013,0.3060545987566863,0.9263675130401681,1.4381485327529986,0.11416938876997434,19.75,3,0.243889642621606,5.0041506998029264e-05,2025.0,1.0,2
00-0039796,Rasheen Ali,RB,BAL,CLE,0.0,0.0,0.0,0.0,0.0,1.3888320420991083,0.0,0.0,0.0,0.0,0.0,0.07361058324806316,0.0,0.0,0.0,-1.2534717146615992,-0.19958530256856585,0.0,0.0,0.16343249332553716,0.0,0.0,0.0,-0.24416326097655489,4.397017979827511,0.0,0.021913210064839275,0.0,0.2039944349708976,0.7933440799528539,0.9036633454839689,0.820015937588493,0.0015008883795919214,28.5,7,0.14768795367934132,0.0,2025.0,1.0,3
00-0039798,Isaiah Davis,RB,NYJ,BUF,0.0,0.0,0.0,0.1491523243989203,0.0,3.2517633774450148,0.0,0.0014109353215405423,0.055026477540081255,0.0,0.03930462681434376,0.18095211219975132,1.6507943262024372,0.0,-0.11899184594960396,0.23169516012386887,0.29842087485202995,4.229007150844079,0.5390977694281888,0.09293591846679845,0.02030739065175969,0.022010591016032494,0.025589382407948766,0.6695844752294972,25.1067157497896,0.09433110435442496,0.0287517843932085,0.0,0.4934356054882013,0.3060545987566863,0.9263675130401681,1.4381485327529986,0.11416938876997434,19.75,3,0.08609281566219192,0.002318482378224495,2025.0,1.0,3
00-0039810,Jermaine Burton,WR,CIN,JAX,0.47442992513047116,4.9866328828828825,0.2839510053953601,0.0,0.22359935414880783,0.0,5.518018018018018,0.017978299245191117,0.8592342342342342,0.0,0.0,0.3207319819819819,0.0,5.066480617413316,0.2905103400064346,74.44144144144143,-2.2115488853808993,20.820945945945944,1.0,0.0,0.10424913856756755,0.0,0.0,0.0,0.0,0.0,0.2614245331837787,0.0869565233588218,0.01539195920881597,0.23686800898980356,0.6551661597560544,0.5559186714604935,0.31172083281901036,26.25,14,0.0,0.05795404261338304,2025.0,1.0,6
00-0039816,Anthony Gould,WR,IND,DEN,0.0,0.0,0.0,0.0,0.0,0.0,0.0,0.0,0.0,0.0,0.0,0.020833333333333336,0.0,0.0,0.532407412926356,7.5,0.7869222263495126,9.583333333333334,0.41666666666666663,0.0,0.0,0.0,0.0,0.0,0.0,0.0,0.03402777637044587,0.0,0.22119294912017282,0.1318181880266351,0.24612469288376718,0.65267643344506,0.21561467293103723,20.0,9,0.0,0.0,2025.0,1.0,6
00-0039824,Jared Wiley,TE,KC,PHI,0.0,0.0,0.0,0.0,0.0,0.0,0.0,0.0,0.0,0.0,0.0,0.18,0.0,0.0,1.75,4.0,-0.1450883746147155,7.0,1.0,0.0,0.0,0.0,0.0,0.0,0.0,0.0,0.0970355719327926,0.0434782616794109,0.022508549051636805,0.22290272216463763,0.6833722184349974,0.946304037756645,0.0009573318179038651,22.5,25,0.0,0.0,2025.0,1.0,4
00-0039847,Theo Johnson,TE,NYG,DAL,3.1925831461214798,3.274005418568224,2.981501729909408,0.0,0.4884139910860443,0.0,42.10724493589793,0.00040510788688571323,0.014178776040999997,0.0,0.0035446940102499993,0.8303034494266875,0.0,8.85335928247729,1.210775717040808,21.862331873343344,-0.06816310655251061,31.325739959643567,2.9066278273060187,0.0,0.03491294629781543,0.0,0.0,0.0,0.0,0.07625686045474779,0.28993502443015473,0.09375,1.0990607488613864,0.26446988219082257,0.5225983861961978,1.1160668244592196,0.05570249285921378,19.5,8,0.0,0.009233422794317762,2025.0,1.0,1
00-0039849,Marvin Harrison Jr.,WR,ARI,CAR,3.2099768081486455,12.799559428528129,2.5499758219766893,0.0,-0.05600820231831479,0.0,67.1525414490911,0.03851925183353846,1.3171640383475545,0.0,0.14708477032691775,0.8240558557120904,0.0,45.18499004583797,0.7299253909660524,92.28814581576994,3.357279075265179,63.17683904074537,4.6235374098886215,0.0,0.24213285535862925,0.0,0.0,0.0,0.0,0.5640203489961307,0.631865337103782,0.206896551724138,0.4047746559437065,0.5886529225527634,0.6147391968722338,1.3568967221084152,0.11686833694898953,25.5,4,0.0,0.32854927775087506,2025.0,1.0,1
00-0039851,Drake Maye,QB,NE,MIA,0.0,0.0,0.0,0.0,0.0,3.7816880751900244,0.0,0.0,0.0,0.02501638744510309,0.0,0.7663940079106012,0.0,0.0,0.0,-2.306470850089176,-0.38325824647386086,0.576617712522294,0.288308856261147,0.030026392815375114,0.0,0.0,0.0,-0.5981687562180572,19.596019856054404,0.0850164630471485,0.005036556979066303,0.0222222222222222,0.5717123177444071,0.366684450851966,0.12050679215040297,1.1048768026963869,0.23563525676785815,21.5,19,0.01716645862998212,0.0,2025.0,1.0,1
00-0039868,Troy Franklin,WR,DEN,IND,1.582611669022832,3.980635434806196,1.1002962144172426,0.0,1.439217853836183,0.014966281160585135,24.890582594711386,0.003364271486363393,0.11103451772194962,0.0,0.0025280880338826245,0.4401090204057117,0.0,9.376535340987155,0.45911556068044046,32.24423325241487,-1.0619098809956418,22.383151268819333,2.3988405581959054,0.0,0.0573077555312217,0.0,0.0,-0.0020485493228092,0.05501119561728589,0.03224950444246302,0.2663786856982896,0.162162162162162,0.1707737633777302,0.25907362992185967,0.6504177096192277,1.1232882050890116,0.3136954188287896,22.5,13,0.0,0.0643731258483459,2025.0,1.0,2
00-0039874,Jaylen Wright,RB,MIA,NE,0.0,0.0,0.0,0.03687002905605324,0.0,4.317322138610806,0.0,0.0,0.0,0.0,0.0,0.14351098375755622,0.3231945043482927,0.0,-0.051219480196500466,-0.8927864234937724,-0.29681706466172225,1.0364412208917166,0.3705879946793057,0.024277650265003937,0.016403623810025168,0.006365952358375463,0.0268156584399339,-2.5670004780959914,7.4107126981162,0.0,0.020541990183776577,0.0,0.054277742381471206,0.09168588038453629,0.9339513667694092,0.942309537035285,0.442772862775828,23.0,21,0.022674144646950136,0.007263079474262578,2025.0,1.0,2
00-0039875,Ray Davis,RB,BUF,NYJ,0.0,0.0,0.0,0.8160550361352757,0.0,6.554279776318913,0.0,0.0,0.0,0.0643006674389847,0.12724940399606763,0.2628575909258719,8.508870810751638,0.0,2.6450392897619484,-3.7054660213990562,0.7588940950815325,5.384723120049743,1.230203047425608,0.10238715323337652,0.13870085591338527,0.13265435541487475,0.2619329043939657,-0.9101569590647425,23.357213691139307,0.3645841543736606,0.060064555701270936,0.0222222222222222,0.2607154342727115,0.6905793882853771,0.6120001623258199,1.2809942195805868,0.2868257926037341,26.75,24,0.06266095439890502,0.03978298293217305,2025.0,1.0,2
00-0039880,Malik Washington,WR,MIA,NE,3.7334647599298267,4.698738975034838,2.696010791112372,0.0,2.796079680634837,0.5080583971108377,46.19675623212588,0.003101525541314126,0.10545186840468047,0.0,0.0,0.6248162441430245,0.0,12.172403582118598,1.0161025893901476,32.710977905352756,0.7400219421666834,29.524278775040447,2.8854936411730456,0.007002547594213012,0.006586214292150588,0.0,0.0,0.05553083998737931,1.5145549428495217,0.014005095188426023,0.32013613380420614,0.161290322580645,0.054277742381471206,0.09168588038453629,0.9339513667694092,0.942309537035285,0.442772862775828,23.0,21,0.0,0.006206252540451598,2025.0,1.0,3
00-0039884,Tahj Washington,WR,MIA,NE,0.0,0.0,0.0,0.0,0.0,0.0,0.0,0.0,0.0,0.0,0.0,0.0,0.0,0.0,0.0,0.0,0.0,0.0,0.0,0.0,0.0,0.0,0.0,0.0,0.0,0.0,0.0,0.0,0.054277742381471206,0.09168588038453629,0.9339513667694092,0.942309537035285,0.442772862775828,23.0,21,0.0,0.0,2025.0,1.0,6
00-0039890,Adonai Mitchell,WR,IND,DEN,0.0988483074151928,0.22407973129410316,0.07179495871587731,0.0,-0.03541217932867515,0.10790161726714358,2.165521631895491,0.011917767904516105,0.40599508560411723,0.0,0.0,0.316797718131153,0.0,0.4738982454578916,0.7166976573525851,29.212746308099415,0.401281497655387,16.470647636269067,1.2156995089273825,0.003846993713544844,0.06282113921054572,0.0,0.0,-0.7279350273154621,-0.6509432768560635,0.0,0.20556495413231268,0.0689655172413793,0.22119294912017282,0.1318181880266351,0.24612469288376718,0.65267643344506,0.21561467293103723,20.0,9,0.0,0.04100187708489459,2025.0,1.0,4
00-0039893,Brian Thomas Jr.,WR,JAX,CIN,3.881264039893423,10.795347977028776,2.8071287527743034,0.0,0.48569751575196657,0.5144239932367929,48.3583607695791,0.013285696877466429,0.4183120210440326,0.0,0.09814388525838981,0.8641981221418977,0.0,48.34829827563983,0.6677381773629585,112.50189969619565,1.7847357990074215,71.63400513175831,5.335724338709809,0.031820573827459515,0.20738424376781148,0.0,0.0,1.000925476515909,5.782237805391472,0.6735485825967529,0.8320747114174614,0.241379310344828,0.0316753864286811,0.3948760311448736,0.8919250545027676,1.0150011204882208,0.07487562553799428,23.25,6,0.0,0.21049523979593096,2025.0,1.0,1
00-0039894,Xavier Worthy,WR,KC,PHI,4.221543839610884,3.6848115610990355,2.76266106580885,0.0,0.5949483404236875,1.638978539762585,48.957927436879494,0.010575708191561044,0.4289577652470775,0.0025280880338826245,0.005569262479462513,0.5664070316878711,0.0,12.051270936741705,3.1294800827847418,35.88606571988451,1.739482493374948,41.07678580285809,4.30700957005223,0.10844330900538,0.20676217447951098,0.0,0.0,-0.16071939844898245,7.380038430922448,0.5025586096246148,0.34518998427314584,0.0263157894736842,0.022508549051636805,0.22290272216463763,0.6833722184349974,0.946304037756645,0.0009573318179038651,22.5,25,0.0,0.19565988056530517,2025.0,1.0,1
00-0039901,Keon Coleman,WR,BUF,NYJ,2.0471797533933063,10.468951864821213,1.8451848086182157,0.0,0.42909028645268493,0.20593489732939074,36.25832135304024,0.030369356324517458,1.097396923658008,0.0,0.24389793782844432,0.8350417644876991,0.0,35.157800471328635,0.6009628339692755,108.67570069395354,2.2637656400030344,58.51648431563242,3.8183202532919243,0.0,0.20697573528124932,0.0,0.0,0.16102069027957466,1.8534140759645166,0.4947693243557436,0.5936554587031244,0.244444444444444,0.2607154342727115,0.6905793882853771,0.6120001623258199,1.2809942195805868,0.2868257926037341,26.75,24,0.0,0.2651347204887221,2025.0,1.0,1
00-0039910,Jayden Daniels,QB,WAS,GB,0.0,0.0,0.0,0.0,0.0,9.41173154558001,0.0,0.0,0.0,0.12037832427594466,0.0,0.8809274127737625,0.0,0.0,0.0,0.0,0.0,0.0,0.0,0.22377798165941026,0.0,0.0,0.0,4.84060215949629,64.23301726252477,0.09664115797686032,0.0,0.0,0.00988249693290696,0.042419559444668964,0.40477829806766363,0.9686790896230817,0.23802384129491655,22.5,11,0.0022114852174012316,0.0,2025.0,1.0,1
00-0039912,Ben Sinnott,TE,WAS,GB,0.0,0.0,0.0,0.0,0.0,0.0,0.0,0.0,0.0,0.0,0.14076576576576577,0.42879504504504506,0.0,0.0,1.9063438131465564,2.4988738738738734,0.12383583624352207,6.74099099099099,1.1407657657657657,0.0,0.023460961430180175,0.0,0.0,0.0,0.0,0.14076576576576577,0.07489507116780081,0.0322580635547637,0.00988249693290696,0.042419559444668964,0.40477829806766363,0.9686790896230817,0.23802384129491655,22.5,11,0.0,0.0009952036480166137,2025.0,1.0,3
00-0039915,Ladd McConkey,WR,LAC,LV,4.283101962562056,9.45895390018061,3.6272488610839546,0.0,0.5368863036259035,0.0,72.22281139407964,0.01582269626459488,0.5903255086901361,0.0,0.10237657247855415,0.7774656285643684,0.0,27.32339034958608,1.1565721593777734,82.62773941740903,4.863733188301147,84.56446622266267,6.044231973432802,0.0,0.09036311715006229,0.0,0.0,0.0,0.0,0.23570856300097529,0.5739885665702468,0.264705882352941,0.01369597288205726,0.44255367496101533,0.41568276454145103,0.9219208273604723,0.07250375529578955,25.0,18,0.0,0.08330763972585671,2025.0,1.0,1
00-0039916,Ricky Pearsall,WR,SF,NO,2.597968343727496,9.801475303951536,1.3501844357206703,0.0,0.19798148154957174,0.3131056690236114,46.32165786873969,0.02102788901534776,0.755210443194624,0.0,0.05319704895175714,0.7630354458050226,0.0,27.201322773825893,0.8054522721644491,89.70907289911264,2.5643309355056347,74.79404435020446,4.347257749499719,0.018682930811413215,0.15599572266729794,0.0,0.0,-0.06852318906239538,1.4497529445468342,0.3785625580365337,0.49311803526052217,0.205882352941176,0.0010079464191690844,0.21012726124712083,0.7159385408595069,1.2111524529917945,0.2915127352732966,23.5,22,0.0,0.18893460216472557,2025.0,1.0,2
00-0039917,Michael Penix Jr.,QB,ATL,MIN,0.0,0.0,0.0,0.0,0.0,3.028640319924724,0.0,0.0,0.0,0.22424233513683053,0.0,0.8779698894377794,0.0,0.0,0.0,0.0,0.0,0.0,0.0,0.12691376538853602,0.0,0.0,0.0,2.300790058840661,8.960087822473144,0.5648082804046106,0.0,0.0,0.3000481741629133,0.10874913228338078,1.0512314081821592,0.8749991577640015,0.2129980550560807,20.0,20,0.03808024358097057,0.0,2025.0,1.0,1
00-0039918,Caleb Williams,QB,CHI,DET,0.0,0.0,0.0,0.0,0.0,4.884977957796269,0.0,0.0,0.0,0.003535998993871596,0.0,0.9923612567258221,0.0,0.0,0.0,0.0,0.0,0.0,0.0,0.23206887094750134,0.0,0.0,0.0,1.6137275329431784,34.12331671218424,0.2863851673109873,0.0,0.0,0.4492361330256993,0.4458114954562155,0.6319974805689496,0.9034941704066157,0.22014637083599872,20.5,10,0.10425372218009556,0.0,2025.0,1.0,1
00-0039919,Rome Odunze,WR,CHI,DET,2.347957995795202,7.0141005451488985,1.9879455950863794,0.0,0.063376626549092,0.015984895076835617,37.44417949268621,0.024854889265277052,0.8227919726877557,0.0,0.31524497651151706,0.8855720237230206,0.0,20.294112151981412,0.7058680758934455,62.315976012497785,0.2054425388002545,35.1925074844314,3.5390917675903344,0.0,0.24441631164905403,0.0,0.0,0.0070585492991265455,0.09561777204336,0.3414749298529765,0.4923886463927353,0.264705882352941,0.4492361330256993,0.4458114954562155,0.6319974805689496,0.9034941704066157,0.22014637083599872,20.5,10,0.0,0.22082871272720692,2025.0,1.0,2
00-0039921,Trey Benson,RB,ARI,CAR,0.0,0.0,0.0,0.16949243544919126,0.0,5.472129706683944,0.0,0.0,0.0,0.01921499059852049,0.0,0.21479285589206062,0.6029784342930176,0.0,-0.9960983654097874,-1.6568671282827598,0.20980378710059522,4.439016713342667,0.5952758256099611,0.12167273542071032,0.0,0.03228118420551443,0.07679194979655768,0.35964938924273915,36.65226197754353,0.03842998119704098,0.023484228947213123,0.0344827586206897,0.4047746559437065,0.5886529225527634,0.6147391968722338,1.3568967221084152,0.11686833694898953,25.5,4,0.07479699965377525,0.0,2025.0,1.0,2
00-0039923,J.J. McCarthy,QB,MIN,ATL,0.0,0.0,0.0,0.0,0.0,2.0,0.0,0.0,0.0,0.0,0.0,1.0,0.0,0.0,0.0,0.0,0.0,0.0,0.0,0.25,0.0,0.0,0.0,3.37899360409938,25.0,1.0,0.0,0.0,0.41544864227327927,0.542687684151771,0.4423465529190415,1.3570812856920385,0.6993078860089404,24.5,1,0.10386216056831982,0.0,2025.0,1.0,1
00-0040009,Savion Williams,WR,GB,WAS,0.0,0.0,0.0,0.0,0.0,0.0,0.0,0.0,0.0,0.0,0.0,0.06,0.0,0.0,0.0,-3.0,-0.395205917302519,1.0,1.0,0.0,0.16666667,0.0,0.0,0.0,0.0,0.0,0.0598814229249012,0.0454545454545455,0.040939318976922434,0.3138651021617542,0.8228718713535192,0.3070360828672106,0.07476300472024246,26.0,31,0.0,0.051172681501322044,2025.0,1.0,5
00-0040024,Darius Cooper,WR,PHI,KC,0.0,0.0,0.0,0.0,0.0,0.0,0.0,0.0,0.0,0.0,0.0,0.0,0.0,0.0,0.0,0.0,0.0,0.0,0.0,0.0,0.0,0.0,0.0,0.0,0.0,0.0,0.0,0.0,0.17599553997256578,0.15688783798774497,0.4105234793758919,1.977903317213997,0.0006975286717756033,24.0,15,0.0,0.0,2025.0,1.0,5
00-0040058,Nick Kallerup,TE,SEA,PIT,0.0,0.0,0.0,0.0,0.0,0.0,0.0,0.0,0.0,0.0,0.0,0.0,0.0,0.0,0.0,0.0,0.0,0.0,0.0,0.0,0.0,0.0,0.0,0.0,0.0,0.0,0.0,0.0,0.6729064925588149,0.4191947719219354,0.6098905230063066,1.2347897022297165,0.00404824710031119,18.75,26,0.0,0.0,2025.0,1.0,4
00-0040075,LaJohntay Wester,WR,BAL,CLE,0.0,0.0,0.0,0.0,0.0,0.0,0.0,0.0,0.0,0.0,0.0,0.0,0.0,0.0,0.0,0.0,0.0,0.0,0.0,0.0,0.0,0.0,0.0,0.0,0.0,0.0,0.0,0.0,0.2039944349708976,0.7933440799528539,0.9036633454839689,0.820015937588493,0.0015008883795919214,28.5,7,0.0,0.0,2025.0,1.0,6
00-0040078,Brashard Smith,RB,KC,PHI,0.0,0.0,0.0,0.0,0.0,0.0,0.0,0.0,0.0,0.0,0.0,0.13,0.0,0.0,0.0,0.0,0.0,0.0,0.0,0.0,0.0,0.0,0.0,0.0,0.0,0.0,0.0,0.0,0.022508549051636805,0.22290272216463763,0.6833722184349974,0.946304037756645,0.0009573318179038651,22.5,25,0.0,0.0,2025.0,1.0,3
00-0040122,Ashton Jeanty,RB,LV,LAC,0.0,0.0,0.0,2.984461538461539,0.0,19.0,0.0,0.0,0.0,1.0,0.0,0.86,21.052631578947366,0.0,-0.5,-4.0,-1.1610321420012,2.0,2.0,1.0,0.0,0.2777777777777778,-1.0833696705056854,-5.76862066288855,38.0,1.0,0.0829090909090909,0.0606060606060606,0.320426504326425,0.517388999653759,0.17258718809061602,0.8718944463927459,0.1794531590390648,21.5,17,0.17258718809061602,0.0,2025.0,1.0,1
00-0040124,Tetairoa McMillan,WR,CAR,ARI,2.359498953556681,15.312222222222225,2.256426029402796,0.0,0.0685010464433188,0.0,55.55555555555556,0.0,0.0,0.0,0.0,0.83,0.0,47.46340623385568,0.653846153846154,104.0,1.71141961793182,68.0,5.0,0.0,0.0,0.0,0.0,0.0,0.0,0.0,0.667690793789635,0.264705882352941,0.3874449549143641,0.04345606300835222,0.7776609787795629,0.5977972001182874,0.2526673747248363,19.0,0,0.0,0.0,2025.0,1.0,1
00-0040126,Colston Loveland,TE,CHI,DET,0.0,0.0,0.0,0.0,0.0,0.0,0.0,0.0,0.0,0.0,0.0,0.57,0.0,0.0,2.4,5.0,-0.58379959105514,12.0,2.0,0.0,0.0,0.0,0.0,0.0,0.0,0.0,0.101543278908522,0.0588235294117647,0.4492361330256993,0.4458114954562155,0.6319974805689496,0.9034941704066157,0.22014637083599872,20.5,10,0.0,0.0,2025.0,1.0,2
00-0040128,Tyler Warren,TE,IND,DEN,4.594654363251395,5.618888888888888,2.961868552313883,0.0,0.9067742081771764,1.0,77.77777777777779,0.0344827586206896,1.0,0.0,0.0,0.73,0.0,25.73405933540277,1.61702127659574,47.0,1.18894182295398,76.0,7.0,0.0,0.5,0.0,0.0,0.476472890004516,3.0,0.0,0.633374384236453,0.310344827586207,0.22119294912017282,0.1318181880266351,0.24612469288376718,0.65267643344506,0.21561467293103723,20.0,9,0.0,0.06590909401331756,2025.0,1.0,1
00-0040129,Emeka Egbuka,WR,TB,HOU,6.822941147042684,12.431666666666668,2.586366470778005,0.0,-2.5204411470426846,1.0,66.66666666666666,0.03125,1.0,0.0,0.0,0.93,0.0,24.35909996407694,0.943661971830986,71.0,6.0271072901669,67.0,4.0,0.0,0.0,0.0,0.0,0.889877673471347,9.0,1.0,0.451987767584098,0.2,0.2513759927260177,0.7233072743850615,0.6101352841003179,0.5829015487383274,0.009079454985036099,20.0,12,0.0,0.0,2025.0,1.0,3
00-0040130,Jayden Higgins,WR,HOU,TB,0.0,0.0,0.0,0.0,0.0,0.0,0.0,0.0,0.0,0.0,0.0,0.43,0.0,0.0,0.615384615384615,52.0,-2.72780755721033,32.0,2.0,0.0,0.0,0.0,0.0,0.0,0.0,0.0,0.378294573643411,0.111111111111111,0.3833797721242485,0.05472500589934953,0.15478636779183097,0.8740708578517371,0.3235987313450722,22.5,29,0.0,0.0,2025.0,1.0,3
00-0040131,Kyle Williams,WR,NE,MIA,0.0,0.0,0.0,0.0,0.0,0.0,0.0,0.0,0.0,0.0,0.0,0.1,0.0,0.0,1.0,12.0,0.794947319518542,12.0,1.0,0.0,0.0,0.0,0.0,0.0,0.0,0.0,0.0571293673276676,0.0222222222222222,0.5717123177444071,0.366684450851966,0.12050679215040297,1.1048768026963869,0.23563525676785815,21.5,19,0.0,0.0,2025.0,1.0,5
00-0040134,Pat Bryant,WR,DEN,IND,0.0,0.0,0.0,0.0,0.0,0.0,0.0,0.0,0.0,0.0,0.0,0.0,0.0,0.0,0.0,0.0,0.0,0.0,0.0,0.0,0.0,0.0,0.0,0.0,0.0,0.0,0.0,0.0,0.1707737633777302,0.25907362992185967,0.6504177096192277,1.1232882050890116,0.3136954188287896,22.5,13,0.0,0.0,2025.0,1.0,4
00-0040138,Jaylin Noel,WR,HOU,TB,0.0,0.0,0.0,0.0,0.0,0.0,0.0,0.0,0.0,0.0,0.0,0.27,0.0,0.0,3.5,2.0,-0.742745003837626,7.0,1.0,0.0,0.0,0.0,0.0,0.0,0.0,0.0,0.119250645994832,0.0740740740740741,0.3833797721242485,0.05472500589934953,0.15478636779183097,0.8740708578517371,0.3235987313450722,22.5,29,0.0,0.0,2025.0,1.0,6
00-0040142,Kaleb Johnson,RB,PIT,SEA,0.0,0.0,0.0,0.0,0.0,1.0,0.0,0.0,0.0,0.0,0.0,0.04,0.0,0.0,0.0,0.0,0.0,0.0,0.0,0.0,0.0,0.0,0.0,0.775776054011658,-2.0,0.0,0.0,0.0,0.020802770482795295,0.7968017619632698,0.11837821229128537,0.8396172336508811,0.09116215491932625,21.75,27,0.0,0.0,2025.0,1.0,3
00-0040154,Tai Felton,WR,MIN,ATL,0.0,0.0,0.0,0.0,0.0,0.0,0.0,0.0,0.0,0.0,0.0,0.0,0.0,0.0,0.0,0.0,0.0,0.0,0.0,0.0,0.0,0.0,0.0,0.0,0.0,0.0,0.0,0.0,0.41544864227327927,0.542687684151771,0.4423465529190415,1.3570812856920385,0.6993078860089404,24.5,1,0.0,0.0,2025.0,1.0,4
00-0040162,Dylan Sampson,RB,CLE,BAL,0.0,0.0,0.0,3.2249090909090907,0.0,12.0,0.0,0.0,0.0,0.0,0.0,0.43,0.0,0.0,-2.56,-25.0,5.00409826257965,64.0,8.0,0.33333334,0.33333334,0.3333333333333333,-0.9204445117042942,-2.12549951102119,29.0,0.0,0.219924812030075,0.19047619047619,0.6643675657351072,0.6766129411731504,0.4835107079562128,0.581792831983949,0.12240871327035403,17.0,2,0.161170239208809,0.040802905239509434,2025.0,1.0,1
00-0040164,Jaylin Lane,WR,WAS,GB,0.0,0.0,0.0,0.0,0.0,0.0,0.0,0.0,0.0,0.0,0.0,0.3,0.0,0.0,0.55,20.0,0.595893124700524,11.0,1.0,0.0,0.0,0.0,0.0,0.0,0.0,0.0,0.153627487331603,0.0689655172413793,0.00988249693290696,0.042419559444668964,0.40477829806766363,0.9686790896230817,0.23802384129491655,22.5,11,0.0,0.0,2025.0,1.0,4
00-0040170,Elic Ayomanor,WR,TEN,LA,0.3862351073855556,18.36428571428572,1.6405485259854302,0.0,-0.3412351073855575,0.0,28.57142857142857,0.0,0.0,0.0,0.0,0.79,0.0,47.50027713113846,0.0977443609022556,133.0,-2.98236671247287,13.0,2.0,0.0,0.0,0.0,0.0,0.0,0.0,0.0,0.736666666666667,0.28,0.16017826304580493,0.5702544836979172,0.09401781950329521,0.7686121017115329,0.05324944836641776,18.0,16,0.0,0.0,2025.0,1.0,2
00-0040172,Jordan Watkins,WR,SF,NO,0.0,0.0,0.0,0.0,0.0,0.0,0.0,0.0,0.0,0.0,0.0,0.0,0.0,0.0,0.0,0.0,0.0,0.0,0.0,0.0,0.0,0.0,0.0,0.0,0.0,0.0,0.0,0.0,0.0010079464191690844,0.21012726124712083,0.7159385408595069,1.2111524529917945,0.2915127352732966,23.5,22,0.0,0.0,2025.0,1.0,5
00-0040177,Jordan James,RB,SF,NO,0.0,0.0,0.0,0.0,0.0,0.0,0.0,0.0,0.0,0.0,0.0,0.0,0.0,0.0,0.0,0.0,0.0,0.0,0.0,0.0,0.0,0.0,0.0,0.0,0.0,0.0,0.0,0.0,0.0010079464191690844,0.21012726124712083,0.7159385408595069,1.2111524529917945,0.2915127352732966,23.5,22,0.0,0.0,2025.0,1.0,4
00-0040179,DJ Giddens,RB,IND,DEN,0.0,0.0,0.0,2.636454545454546,0.0,12.0,0.0,0.0,0.0,0.2,0.0,0.25,16.666666666666664,0.0,0.0,0.0,0.0,0.0,0.0,0.13333334,0.0,0.3333333333333333,-0.1714488316772181,0.983128003834281,41.0,0.0,0.0,0.0,0.22119294912017282,0.1318181880266351,0.24612469288376718,0.65267643344506,0.21561467293103723,20.0,9,0.03281662735866691,0.0,2025.0,1.0,2
00-0040184,KeAndre Lambert-Smith,WR,LAC,LV,0.0,0.0,0.0,0.0,0.0,0.0,0.0,0.0294117647058823,1.0,0.0,0.0,0.22,0.0,0.0,0.0,30.0,-0.64774235477671,0.0,0.0,0.0,0.0,0.0,0.0,0.0,0.0,0.0,0.105521155830753,0.0294117647058824,0.01369597288205726,0.44255367496101533,0.41568276454145103,0.9219208273604723,0.07250375529578955,25.0,18,0.0,0.0,2025.0,1.0,5
00-0040187,Mitchell Evans,TE,CAR,ARI,0.0,0.0,0.0,0.0,0.0,0.0,0.0,0.0,0.0,0.0,0.0,0.0,0.0,0.0,0.0,0.0,0.0,0.0,0.0,0.0,0.0,0.0,0.0,0.0,0.0,0.0,0.0,0.0,0.3874449549143641,0.04345606300835222,0.7776609787795629,0.5977972001182874,0.2526673747248363,19.0,0,0.0,0.0,2025.0,1.0,3
00-0040189,Oronde Gadsden II,TE,LAC,LV,0.0,0.0,0.0,0.0,0.0,0.0,0.0,0.0,0.0,0.0,0.0,0.0,0.0,0.0,0.0,0.0,0.0,0.0,0.0,0.0,0.0,0.0,0.0,0.0,0.0,0.0,0.0,0.0,0.01369597288205726,0.44255367496101533,0.41568276454145103,0.9219208273604723,0.07250375529578955,25.0,18,0.0,0.0,2025.0,1.0,3
00-0040194,Jackson Hawes,TE,BUF,NYJ,0.0,0.0,0.0,0.0,0.0,0.0,0.0,0.0,0.0,0.0,0.0,0.19,0.0,0.0,1.11538461538462,26.0,2.81580700917402,29.0,1.0,0.0,0.0,0.0,0.0,0.0,0.0,0.0,0.0788333333333333,0.0222222222222222,0.2607154342727115,0.6905793882853771,0.6120001623258199,1.2809942195805868,0.2868257926037341,26.75,24,0.0,0.0,2025.0,1.0,3
00-0040198,Ollie Gordon II,RB,MIA,NE,0.0,0.0,0.0,0.0,0.0,2.0,0.0,0.0,0.0,0.0,0.0,0.25,0.0,0.0,0.2,-5.0,-3.40090451115975,-1.0,1.0,1.0,0.0,0.0,0.0,0.226554422231857,4.0,0.0,0.0331697054698457,0.032258064516129,0.054277742381471206,0.09168588038453629,0.9339513667694092,0.942309537035285,0.442772862775828,23.0,21,0.9339513667694092,0.0,2025.0,1.0,3
00-0040202,Devin Neal,RB,NO,SF,0.0,0.0,0.0,0.0,0.0,2.0,0.0,0.0,0.0,0.0,0.0,0.09,0.0,0.0,0.0,0.0,0.0,0.0,0.0,0.0,0.0,0.0,0.0,-0.158510331995785,9.0,0.0,0.0,0.0,0.0687549655940788,0.3835530124170316,1.168760669635824,1.2494945090869056,0.015669534598864422,19.0,28,0.0,0.0,2025.0,1.0,3
00-0040205,Kalel Mullings,RB,TEN,LA,0.0,0.0,0.0,0.0,0.0,0.0,0.0,0.0,0.0,0.0,0.0,0.0,0.0,0.0,0.0,0.0,0.0,0.0,0.0,0.0,0.0,0.0,0.0,0.0,0.0,0.0,0.0,0.0,0.16017826304580493,0.5702544836979172,0.09401781950329521,0.7686121017115329,0.05324944836641776,18.0,16,0.0,0.0,2025.0,1.0,3
00-0040206,Riley Leonard,QB,IND,DEN,0.0,0.0,0.0,0.0,0.0,0.0,0.0,0.0,0.0,0.0,0.0,0.0,0.0,0.0,0.0,0.0,0.0,0.0,0.0,0.0,0.0,0.0,0.0,0.0,0.0,0.0,0.0,0.0,0.22119294912017282,0.1318181880266351,0.24612469288376718,0.65267643344506,0.21561467293103723,20.0,9,0.0,0.0,2025.0,1.0,3
00-0040208,Tahj Brooks,RB,CIN,JAX,0.0,0.0,0.0,0.0,0.0,0.0,0.0,0.0,0.0,0.0,0.0,0.0,0.0,0.0,0.0,0.0,0.0,0.0,0.0,0.0,0.0,0.0,0.0,0.0,0.0,0.0,0.0,0.0,0.01539195920881597,0.23686800898980356,0.6551661597560544,0.5559186714604935,0.31172083281901036,26.25,14,0.0,0.0,2025.0,1.0,3
00-0040211,Graham Mertz,QB,HOU,TB,0.0,0.0,0.0,0.0,0.0,0.0,0.0,0.0,0.0,0.0,0.0,0.0,0.0,0.0,0.0,0.0,0.0,0.0,0.0,0.0,0.0,0.0,0.0,0.0,0.0,0.0,0.0,0.0,0.3833797721242485,0.05472500589934953,0.15478636779183097,0.8740708578517371,0.3235987313450722,22.5,29,0.0,0.0,2025.0,1.0,3
00-0040218,Jimmy Horn Jr.,WR,CAR,ARI,0.0,0.0,0.0,0.0,0.0,0.0,0.0,0.0,0.0,0.0,0.0,0.0,0.0,0.0,0.0,0.0,0.0,0.0,0.0,0.0,0.0,0.0,0.0,0.0,0.0,0.0,0.0,0.0,0.3874449549143641,0.04345606300835222,0.7776609787795629,0.5977972001182874,0.2526673747248363,19.0,0,0.0,0.0,2025.0,1.0,6
00-0040225,Thomas Fidone II,TE,NYG,DAL,0.0,0.0,0.0,0.0,0.0,0.0,0.0,0.0,0.0,0.0,0.0,0.0,0.0,0.0,0.0,0.0,0.0,0.0,0.0,0.0,0.0,0.0,0.0,0.0,0.0,0.0,0.0,0.0,1.0990607488613864,0.26446988219082257,0.5225983861961978,1.1160668244592196,0.05570249285921378,19.5,8,0.0,0.0,2025.0,1.0,4
00-0040234,Quinn Ewers,QB,MIA,NE,0.0,0.0,0.0,0.0,0.0,0.0,0.0,0.0,0.0,0.0,0.0,0.0,0.0,0.0,0.0,0.0,0.0,0.0,0.0,0.0,0.0,0.0,0.0,0.0,0.0,0.0,0.0,0.0,0.054277742381471206,0.09168588038453629,0.9339513667694092,0.942309537035285,0.442772862775828,23.0,21,0.0,0.0,2025.0,1.0,3
00-0040236,Kyle Monangai,RB,CHI,DET,0.0,0.0,0.0,0.0,0.0,0.0,0.0,0.0,0.0,0.0,0.0,0.13,0.0,0.0,2.2,5.0,1.0682970455382,11.0,1.0,0.0,0.0,0.0,0.0,0.0,0.0,0.0,0.0574256318496981,0.0294117647058824,0.4492361330256993,0.4458114954562155,0.6319974805689496,0.9034941704066157,0.22014637083599872,20.5,10,0.0,0.0,2025.0,1.0,2
00-0040237,Tez Johnson,WR,TB,HOU,0.0,0.0,0.0,0.0,0.0,0.0,0.0,0.0,0.0,0.0,0.0,0.14,0.0,0.0,0.0,5.0,-0.795663331751712,0.0,0.0,0.0,0.0,0.0,0.0,0.0,0.0,0.0,0.0607033639143731,0.0333333333333333,0.2513759927260177,0.7233072743850615,0.6101352841003179,0.5829015487383274,0.009079454985036099,20.0,12,0.0,0.0,2025.0,1.0,4
00-0040238,LeQuint Allen Jr.,RB,JAX,CIN,0.0,0.0,0.0,0.0,0.0,1.0,0.0,0.0,0.0,0.0,0.0,0.14,0.0,0.0,-1.0,-4.0,-0.718777980382829,4.0,1.0,0.0,0.0,0.0,0.0,1.19424974976573,7.0,0.0,0.0391680841193753,0.0344827586206897,0.0316753864286811,0.3948760311448736,0.8919250545027676,1.0150011204882208,0.07487562553799428,23.25,6,0.0,0.0,2025.0,1.0,3
00-0040241,Dominic Lovett,WR,DET,CHI,0.0,0.0,0.0,0.0,0.0,0.0,0.0,0.0,0.0,0.0,0.0,0.0,0.0,0.0,0.0,0.0,0.0,0.0,0.0,0.0,0.0,0.0,0.0,0.0,0.0,0.0,0.0,0.0,0.3055564827482153,0.18146581117327829,0.8996269535308904,0.7829102668390547,0.2865915302846011,26.0,5,0.0,0.0,2025.0,1.0,5
00-0040242,Jacory Croskey-Merritt,RB,WAS,GB,0.0,0.0,0.0,2.840666666666667,0.0,10.0,0.0,0.0,0.0,0.0,0.0,0.33,10.0,0.0,0.0,-5.0,-0.754906003829092,0.0,0.0,0.33333334,0.0,0.5,3.913788788118539,2.92846616485622,82.0,1.0,0.039179335063651,0.0344827586206897,0.00988249693290696,0.042419559444668964,0.40477829806766363,0.9686790896230817,0.23802384129491655,22.5,11,0.13492610205440986,0.0,2025.0,1.0,2
00-0040244,Moliki Matavao,TE,NO,SF,0.0,0.0,0.0,0.0,0.0,0.0,0.0,0.0,0.0,0.0,0.0,0.0,0.0,0.0,0.0,0.0,0.0,0.0,0.0,0.0,0.0,0.0,0.0,0.0,0.0,0.0,0.0,0.0,0.0687549655940788,0.3835530124170316,1.168760669635824,1.2494945090869056,0.015669534598864422,19.0,28,0.0,0.0,2025.0,1.0,3
00-0040259,Gage Larvadain,WR,CLE,BAL,0.0,0.0,0.0,0.0,0.0,0.0,0.0,0.0,0.0,0.0,0.0,0.0,0.0,0.0,0.0,0.0,0.0,0.0,0.0,0.0,0.0,0.0,0.0,0.0,0.0,0.0,0.0,0.0,0.6643675657351072,0.6766129411731504,0.4835107079562128,0.581792831983949,0.12240871327035403,17.0,2,0.0,0.0,2025.0,1.0,6
00-0040277,Jahdae Walker,WR,CHI,DET,0.0,0.0,0.0,0.0,0.0,0.0,0.0,0.0,0.0,0.0,0.0,0.0,0.0,0.0,0.0,0.0,0.0,0.0,0.0,0.0,0.0,0.0,0.0,0.0,0.0,0.0,0.0,0.0,0.4492361330256993,0.4458114954562155,0.6319974805689496,0.9034941704066157,0.22014637083599872,20.5,10,0.0,0.0,2025.0,1.0,6
00-0040429,Josh Williams,RB,TB,HOU,0.0,0.0,0.0,0.0,0.0,0.0,0.0,0.0,0.0,0.0,0.0,0.0,0.0,0.0,0.0,0.0,0.0,0.0,0.0,0.0,0.0,0.0,0.0,0.0,0.0,0.0,0.0,0.0,0.2513759927260177,0.7233072743850615,0.6101352841003179,0.5829015487383274,0.009079454985036099,20.0,12,0.0,0.0,2025.0,1.0,4
00-0040432,Beaux Collins,WR,NYG,DAL,0.0,0.0,0.0,0.0,0.0,0.0,0.0,0.0,0.0,0.0,0.0,0.0,0.0,0.0,0.0,0.0,0.0,0.0,0.0,0.0,0.0,0.0,0.0,0.0,0.0,0.0,0.0,0.0,1.0990607488613864,0.26446988219082257,0.5225983861961978,1.1160668244592196,0.05570249285921378,19.5,8,0.0,0.0,2025.0,1.0,5
00-0040466,Raheim Sanders,RB,CLE,BAL,0.0,0.0,0.0,0.0,0.0,3.0,0.0,0.0,0.0,0.5,0.0,0.04,0.0,0.0,0.0,0.0,0.0,0.0,0.0,0.33333334,0.0,0.0,0.0,3.38437430135673,3.0,1.0,0.0,0.0,0.6643675657351072,0.6766129411731504,0.4835107079562128,0.581792831983949,0.12240871327035403,17.0,2,0.161170239208809,0.0,2025.0,1.0,4
00-0040476,Ulysses Bentley IV,RB,IND,DEN,0.0,0.0,0.0,0.0,0.0,1.0,0.0,0.0,0.0,0.0,0.0,0.03,0.0,0.0,0.0,0.0,0.0,0.0,0.0,0.0,0.0,0.0,0.0,-0.795169524395127,0.0,0.0,0.0,0.0,0.22119294912017282,0.1318181880266351,0.24612469288376718,0.65267643344506,0.21561467293103723,20.0,9,0.0,0.0,2025.0,1.0,4
00-0040494,Max Brosmer,QB,MIN,ATL,0.0,0.0,0.0,0.0,0.0,0.0,0.0,0.0,0.0,0.0,0.0,0.0,0.0,0.0,0.0,0.0,0.0,0.0,0.0,0.0,0.0,0.0,0.0,0.0,0.0,0.0,0.0,0.0,0.41544864227327927,0.542687684151771,0.4423465529190415,1.3570812856920385,0.6993078860089404,24.5,1,0.0,0.0,2025.0,1.0,3
00-0040506,Myles Price,WR,MIN,ATL,0.0,0.0,0.0,0.0,0.0,0.0,0.0,0.0,0.0,0.0,0.0,0.0,0.0,0.0,0.0,0.0,0.0,0.0,0.0,0.0,0.0,0.0,0.0,0.0,0.0,0.0,0.0,0.0,0.41544864227327927,0.542687684151771,0.4423465529190415,1.3570812856920385,0.6993078860089404,24.5,1,0.0,0.0,2025.0,1.0,5
00-0040509,Ben Yurosek,TE,MIN,ATL,0.0,0.0,0.0,0.0,0.0,0.0,0.0,0.0,0.0,0.0,0.0,0.0,0.0,0.0,0.0,0.0,0.0,0.0,0.0,0.0,0.0,0.0,0.0,0.0,0.0,0.0,0.0,0.0,0.41544864227327927,0.542687684151771,0.4423465529190415,1.3570812856920385,0.6993078860089404,24.5,1,0.0,0.0,0.0,0.0,4
00-0040547,Nate Carter,RB,ATL,MIN,0.0,0.0,0.0,0.0,0.0,0.0,0.0,0.0,0.0,0.0,0.0,0.0,0.0,0.0,0.0,0.0,0.0,0.0,0.0,0.0,0.0,0.0,0.0,0.0,0.0,0.0,0.0,0.0,0.3000481741629133,0.10874913228338078,1.0512314081821592,0.8749991577640015,0.2129980550560807,20.0,20,0.0,0.0,2025.0,1.0,3
00-0040563,Efton Chism III,WR,NE,MIA,0.0,0.0,0.0,0.0,0.0,0.0,0.0,0.0,0.0,0.0,0.0,0.0,0.0,0.0,0.0,0.0,0.0,0.0,0.0,0.0,0.0,0.0,0.0,0.0,0.0,0.0,0.0,0.0,0.5717123177444071,0.366684450851966,0.12050679215040297,1.1048768026963869,0.23563525676785815,21.5,19,0.0,0.0,2025.0,1.0,6
00-0040581,Dont'e Thornton Jr.,WR,LV,LAC,0.0,0.0,0.0,0.0,0.0,0.0,0.0,0.0,0.0,0.0,0.0,0.6,0.0,0.0,0.45,100.0,2.48775929625845,45.0,2.0,0.0,0.0,0.0,0.0,0.0,0.0,0.0,0.381818181818182,0.121212121212121,0.320426504326425,0.517388999653759,0.17258718809061602,0.8718944463927459,0.1794531590390648,21.5,17,0.0,0.0,2025.0,1.0,3
00-0040582,Arian Smith,WR,NYJ,BUF,0.0,0.0,0.0,0.0,0.0,0.0,0.0,0.0,0.0,0.0,0.0,0.09,0.0,0.0,0.0,0.0,0.0,0.0,0.0,0.0,0.0,0.0,0.0,0.0,0.0,0.0,0.0,0.0,0.4934356054882013,0.3060545987566863,0.9263675130401681,1.4381485327529986,0.11416938876997434,19.75,3,0.0,0.0,2025.0,1.0,4
00-0040583,Woody Marks,RB,HOU,TB,0.0,0.0,0.0,0.0,0.0,3.0,0.0,0.0,0.0,0.0,0.0,0.11,0.0,0.0,0.0,0.0,0.0,0.0,0.0,0.0,0.0,0.0,0.0,-1.58322056313045,3.0,0.0,0.0,0.0,0.3833797721242485,0.05472500589934953,0.15478636779183097,0.8740708578517371,0.3235987313450722,22.5,29,0.0,0.0,2025.0,1.0,4
00-0040584,Gunnar Helm,TE,TEN,LA,0.0,0.0,0.0,0.0,0.0,0.0,0.0,0.0,0.0,0.0,0.0,0.4,0.0,0.0,0.5,32.0,0.699697245960124,16.0,1.0,0.0,0.0,0.0,0.0,0.0,0.0,0.0,0.196190476190476,0.08,0.16017826304580493,0.5702544836979172,0.09401781950329521,0.7686121017115329,0.05324944836641776,18.0,16,0.0,0.0,2025.0,1.0,2
00-0040586,Jaydon Blue,RB,DAL,NYG,0.0,0.0,0.0,0.0,0.0,0.0,0.0,0.0,0.0,0.0,0.0,0.0,0.0,0.0,0.0,0.0,0.0,0.0,0.0,0.0,0.0,0.0,0.0,0.0,0.0,0.0,0.0,0.0,0.04675342036973735,0.6372246955549405,1.006240546654429,0.8686276924336725,0.0769774093736673,25.0,23,0.0,0.0,2025.0,1.0,3
00-0040590,Konata Mumpfield,WR,LA,TEN,0.0,0.0,0.0,0.0,0.0,0.0,0.0,0.0,0.0,0.0,0.0,0.0,0.0,0.0,0.0,0.0,0.0,0.0,0.0,0.0,0.0,0.0,0.0,0.0,0.0,0.0,0.0,0.0,0.1797937189108486,0.08065404161557142,1.0552898096411443,1.1241445759122863,0.11316282191050671,23.5,30,0.0,0.0,2025.0,1.0,5
00-0040629,Dalevon Campbell,WR,CAR,ARI,0.0,0.0,0.0,0.0,0.0,0.0,0.0,0.0,0.0,0.0,0.0,0.0,0.0,0.0,0.0,0.0,0.0,0.0,0.0,0.0,0.0,0.0,0.0,0.0,0.0,0.0,0.0,0.0,0.3874449549143641,0.04345606300835222,0.7776609787795629,0.5977972001182874,0.2526673747248363,19.0,0,0.0,0.0,2025.0,1.0,7
00-0040644,Trevor Etienne,RB,CAR,ARI,0.0,0.0,0.0,0.0,0.0,1.0,0.0,0.0,0.0,0.0,0.0,0.03,0.0,0.0,0.0,0.0,0.0,0.0,0.0,0.0,0.0,0.0,0.0,-0.0755558335222304,4.0,0.0,0.0,0.0,0.3874449549143641,0.04345606300835222,0.7776609787795629,0.5977972001182874,0.2526673747248363,19.0,0,0.0,0.0,2025.0,1.0,3
00-0040646,Jalen Royals,WR,KC,PHI,0.0,0.0,0.0,0.0,0.0,0.0,0.0,0.0,0.0,0.0,0.0,0.0,0.0,0.0,0.0,0.0,0.0,0.0,0.0,0.0,0.0,0.0,0.0,0.0,0.0,0.0,0.0,0.0,0.022508549051636805,0.22290272216463763,0.6833722184349974,0.946304037756645,0.0009573318179038651,22.5,25,0.0,0.0,2025.0,1.0,4
00-0040648,Tory Horton,WR,SEA,PIT,0.0,0.0,0.0,0.0,0.0,0.0,0.0,0.0,0.0,0.0,0.0,0.54,0.0,0.0,0.0,0.0,0.0,0.0,0.0,0.0,0.0,0.0,0.0,0.0,0.0,0.0,0.0,0.0,0.6729064925588149,0.4191947719219354,0.6098905230063066,1.2347897022297165,0.00404824710031119,18.75,26,0.0,0.0,2025.0,1.0,3
00-0040649,Robbie Ouzts,RB,SEA,PIT,0.0,0.0,0.0,0.0,0.0,0.0,0.0,0.0,0.0,0.0,0.0,0.0,0.0,0.0,0.0,0.0,0.0,0.0,0.0,0.0,0.0,0.0,0.0,0.0,0.0,0.0,0.0,0.0,0.6729064925588149,0.4191947719219354,0.6098905230063066,1.2347897022297165,0.00404824710031119,18.75,26,0.0,0.0,0.0,0.0,4
00-0040663,Harold Fannin Jr.,TE,CLE,BAL,4.780525308120365,5.809999999999999,3.106535909313707,0.0,-0.2276681652632204,1.0,77.77777777777779,0.0,0.0,0.0,0.0,0.72,0.0,24.150193977461665,0.969230769230769,65.0,0.448856917617377,63.0,7.0,0.0,0.16666667,0.0,0.0,-0.290209224622231,3.0,0.0,0.492481203007519,0.214285714285714,0.6643675657351072,0.6766129411731504,0.4835107079562128,0.581792831983949,0.12240871327035403,17.0,2,0.0,0.11276882578423486,2025.0,1.0,2
00-0040666,Omarion Hampton,RB,LAC,LV,0.0,0.0,0.0,2.780416666666667,0.0,15.0,0.0,0.0,0.0,0.0,0.0,0.8,20.0,0.0,-3.25,-4.0,0.700550223700702,13.0,2.0,1.0,0.0,0.4,-1.6659330834727626,-0.472501275773354,48.0,0.0,0.0800481596147231,0.0588235294117647,0.01369597288205726,0.44255367496101533,0.41568276454145103,0.9219208273604723,0.07250375529578955,25.0,18,0.41568276454145103,0.0,2025.0,1.0,1
00-0040667,Matthew Golden,WR,GB,WAS,0.0,0.0,0.0,0.0,0.0,0.0,0.0,0.0,0.0,0.0,0.0,0.48,0.0,0.0,1.6,10.0,2.09065185661893,16.0,2.0,0.0,0.0,0.0,0.0,0.0,0.0,0.0,0.16403162055336,0.0909090909090909,0.040939318976922434,0.3138651021617542,0.8228718713535192,0.3070360828672106,0.07476300472024246,26.0,31,0.0,0.0,2025.0,1.0,2
00-0040668,Shedeur Sanders,QB,CLE,BAL,0.0,0.0,0.0,0.0,0.0,0.0,0.0,0.0,0.0,0.0,0.0,0.0,0.0,0.0,0.0,0.0,0.0,0.0,0.0,0.0,0.0,0.0,0.0,0.0,0.0,0.0,0.0,0.0,0.6643675657351072,0.6766129411731504,0.4835107079562128,0.581792831983949,0.12240871327035403,17.0,2,0.0,0.0,2025.0,1.0,3
00-0040669,Isaac TeSlaa,WR,DET,CHI,0.0,0.0,0.0,0.0,0.0,0.0,0.0,0.0256410256410256,1.0,0.0,0.0,0.04,0.0,0.0,1.0,13.0,4.25493784435093,13.0,1.0,0.0,0.1,0.0,0.0,0.0,0.0,1.0,0.095301905069422,0.0263157894736842,0.3055564827482153,0.18146581117327829,0.8996269535308904,0.7829102668390547,0.2865915302846011,26.0,5,0.0,0.07829102668390547,2025.0,1.0,4
00-0040673,Jalen Milroe,QB,SEA,PIT,0.0,0.0,0.0,0.0,0.0,1.0,0.0,0.0,0.0,0.0,0.0,0.02,0.0,0.0,0.0,0.0,0.0,0.0,0.0,0.0,0.0,0.0,0.0,-0.551498190965504,1.0,0.0,0.0,0.0,0.6729064925588149,0.4191947719219354,0.6098905230063066,1.2347897022297165,0.00404824710031119,18.75,26,0.0,0.0,2025.0,1.0,3
00-0040676,Cam Ward,QB,TEN,LA,0.0,0.0,0.0,0.0,0.0,0.0,0.0,0.0,0.0,0.0,0.0,1.0,0.0,0.0,0.0,0.0,0.0,0.0,0.0,0.0,0.0,0.0,0.0,0.0,0.0,0.0,0.0,0.0,0.16017826304580493,0.5702544836979172,0.09401781950329521,0.7686121017115329,0.05324944836641776,18.0,16,0.0,0.0,2025.0,1.0,1
00-0040691,Jaxson Dart,QB,NYG,DAL,0.0,0.0,0.0,0.0,0.0,0.0,0.0,0.0,0.0,0.0,0.0,0.0,0.0,0.0,0.0,0.0,0.0,0.0,0.0,0.0,0.0,0.0,0.0,0.0,0.0,0.0,0.0,0.0,1.0990607488613864,0.26446988219082257,0.5225983861961978,1.1160668244592196,0.05570249285921378,19.5,8,0.0,0.0,2025.0,1.0,2
00-0040692,Jarquez Hunter,RB,LA,TEN,0.0,0.0,0.0,0.0,0.0,0.0,0.0,0.0,0.0,0.0,0.0,0.0,0.0,0.0,0.0,0.0,0.0,0.0,0.0,0.0,0.0,0.0,0.0,0.0,0.0,0.0,0.0,0.0,0.1797937189108486,0.08065404161557142,1.0552898096411443,1.1241445759122863,0.11316282191050671,23.5,30,0.0,0.0,2025.0,1.0,3
00-0040704,Dillon Gabriel,QB,CLE,BAL,0.0,0.0,0.0,0.0,0.0,0.0,0.0,0.0,0.0,0.0,0.0,0.0,0.0,0.0,0.0,0.0,0.0,0.0,0.0,0.0,0.0,0.0,0.0,0.0,0.0,0.0,0.0,0.0,0.6643675657351072,0.6766129411731504,0.4835107079562128,0.581792831983949,0.12240871327035403,17.0,2,0.0,0.0,2025.0,1.0,2
00-0040705,Chimere Dike,WR,TEN,LA,0.0,0.0,0.0,0.0,0.0,1.0,0.0,0.0,0.0,0.0,0.0,0.18,0.0,0.0,0.0,20.0,-0.666813991731033,0.0,0.0,0.0,0.0,0.0,0.0,0.712710098130629,9.0,0.0,0.107619047619048,0.04,0.16017826304580493,0.5702544836979172,0.09401781950329521,0.7686121017115329,0.05324944836641776,18.0,16,0.0,0.0,2025.0,1.0,4
00-0040715,Cam Skattebo,RB,NYG,DAL,0.0,0.0,0.0,0.0,0.0,2.0,0.0,0.0,0.0,1.0,0.0,0.12,0.0,0.0,12.0,1.0,-0.106961556011811,12.0,2.0,0.33333334,0.0,0.0,0.0,-2.19977604493033,-3.0,0.0,0.0968473451327434,0.0625,1.0990607488613864,0.26446988219082257,0.5225983861961978,1.1160668244592196,0.05570249285921378,19.5,8,0.1741994655493885,0.0,2025.0,1.0,3
00-0040718,Travis Hunter,WR,JAX,CIN,4.772625256812073,6.802499999999999,3.105647956556303,0.0,-0.9276252568120732,0.0,75.0,0.0,0.0,0.0,0.0,0.64,0.0,25.925396598542232,0.559322033898305,59.0,-5.21736198414395,33.0,6.0,0.0,0.33333334,0.0,0.0,0.0,0.0,0.0,0.598994897170249,0.275862068965517,0.0316753864286811,0.3948760311448736,0.8919250545027676,1.0150011204882208,0.07487562553799428,23.25,6,0.0,0.33833371359608105,2025.0,1.0,2
00-0040719,Bhayshul Tuten,RB,JAX,CIN,0.0,0.0,0.0,0.0,0.0,3.0,0.0,0.0,0.0,0.0,0.0,0.06,0.0,0.0,0.0,0.0,0.0,0.0,0.0,0.22222222,0.0,0.0,0.0,-0.922690848819911,11.0,0.0,0.0,0.0,0.0316753864286811,0.3948760311448736,0.8919250545027676,1.0150011204882208,0.07487562553799428,23.25,6,0.19820556568522602,0.0,2025.0,1.0,2
00-0040727,Tre Harris,WR,LAC,LV,0.0,0.0,0.0,0.0,0.0,0.0,0.0,0.0,0.0,0.0,0.0,0.08,0.0,0.0,2.2,5.0,0.657012928277254,11.0,1.0,0.0,0.0,0.0,0.0,0.0,0.0,0.0,0.0543515651874785,0.0294117647058824,0.01369597288205726,0.44255367496101533,0.41568276454145103,0.9219208273604723,0.07250375529578955,25.0,18,0.0,0.0,2025.0,1.0,4
00-0040729,Jack Bech,WR,LV,LAC,0.0,0.0,0.0,0.0,0.0,0.0,0.0,0.0,0.0,0.0,0.0,0.06,0.0,0.0,1.76923076923077,13.0,2.97411069856025,23.0,1.0,0.0,0.0,0.0,0.0,0.0,0.0,0.0,0.0714545454545455,0.0303030303030303,0.320426504326425,0.517388999653759,0.17258718809061602,0.8718944463927459,0.1794531590390648,21.5,17,0.0,0.0,2025.0,1.0,4
00-0040730,RJ Harvey,RB,DEN,IND,0.0,0.0,0.0,0.0,0.0,6.0,0.0,0.0,0.0,0.0,0.0,0.29,0.0,0.0,0.5,-2.0,-0.796283039962873,-1.0,1.0,0.0,0.0,0.0,0.0,2.75565130083123,70.0,0.0,0.0339677705874889,0.027027027027027,0.1707737633777302,0.25907362992185967,0.6504177096192277,1.1232882050890116,0.3136954188287896,22.5,13,0.0,0.0,2025.0,1.0,2
00-0040734,TreVeyon Henderson,RB,NE,MIA,0.0,0.0,0.0,0.0,0.0,5.0,0.0,0.0,0.0,0.0,0.0,0.35,0.0,0.0,-1.26315789473684,-19.0,-2.94826054921055,24.0,6.0,0.5,0.0,0.0,0.0,0.358535294828471,27.0,0.0,0.162322946175637,0.133333333333333,0.5717123177444071,0.366684450851966,0.12050679215040297,1.1048768026963869,0.23563525676785815,21.5,19,0.060253396075201485,0.0,2025.0,1.0,2
00-0040735,Luther Burden III,WR,CHI,DET,0.0,0.0,0.0,0.0,0.0,0.0,0.0,0.0,0.0,0.0,0.0,0.27,0.0,0.0,0.0,-5.0,-0.979480431415141,-3.0,1.0,0.0,0.0,0.0,0.0,0.0,0.0,0.0,0.030809662267949,0.0294117647058824,0.4492361330256993,0.4458114954562155,0.6319974805689496,0.9034941704066157,0.22014637083599872,20.5,10,0.0,0.0,2025.0,1.0,4
00-0040736,Mason Taylor,TE,NYJ,BUF,0.0,0.0,0.0,0.0,0.0,0.0,0.0,0.0,0.0,0.0,0.0,0.88,0.0,0.0,1.11111111111111,18.0,1.46175842673983,20.0,1.0,0.0,0.0,0.0,0.0,0.0,0.0,0.0,0.145984784446323,0.0476190476190476,0.4934356054882013,0.3060545987566863,0.9263675130401681,1.4381485327529986,0.11416938876997434,19.75,3,0.0,0.0,2025.0,1.0,1
00-0040737,Terrance Ferguson,TE,LA,TEN,0.0,0.0,0.0,0.0,0.0,0.0,0.0,0.0,0.0,0.0,0.0,0.0,0.0,0.0,0.0,0.0,0.0,0.0,0.0,0.0,0.0,0.0,0.0,0.0,0.0,0.0,0.0,0.0,0.1797937189108486,0.08065404161557142,1.0552898096411443,1.1241445759122863,0.11316282191050671,23.5,30,0.0,0.0,2025.0,1.0,4
00-0040739,Elijah Arroyo,TE,SEA,PIT,0.0,0.0,0.0,0.0,0.0,0.0,0.0,0.0,0.0,0.0,0.0,0.31,0.0,0.0,1.4,5.0,0.328268999233842,7.0,1.0,0.0,0.0,0.0,0.0,0.0,0.0,0.0,0.0859483156437471,0.0454545454545455,0.6729064925588149,0.4191947719219354,0.6098905230063066,1.2347897022297165,0.00404824710031119,18.75,26,0.0,0.0,2025.0,1.0,2
00-0040743,Tyler Shough,QB,NO,SF,0.0,0.0,0.0,0.0,0.0,0.0,0.0,0.0,0.0,0.0,0.0,0.0,0.0,0.0,0.0,0.0,0.0,0.0,0.0,0.0,0.0,0.0,0.0,0.0,0.0,0.0,0.0,0.0,0.0687549655940788,0.3835530124170316,1.168760669635824,1.2494945090869056,0.015669534598864422,19.0,28,0.0,0.0,2025.0,1.0,2
00-0040782,Isaiah Bond,WR,CLE,BAL,0.0,0.0,0.0,0.0,0.0,0.0,0.0,0.0,0.0,0.0,0.0,0.28,0.0,0.0,0.0,-4.0,0.0423980581108481,5.0,1.0,0.0,0.0,0.0,0.0,0.0,0.0,0.0,0.025187969924812,0.0238095238095238,0.6643675657351072,0.6766129411731504,0.4835107079562128,0.581792831983949,0.12240871327035403,17.0,2,0.0,0.0,2025.0,1.0,4
