player_id,player_display_name,position,team,opponent_team,avg_avg_expected_yac,avg_avg_intended_air_yards,avg_avg_separation,avg_avg_time_to_los,avg_avg_yac_above_expectation,avg_carries,avg_catch_percentage,avg_endzone_target_share,avg_endzone_targets,avg_inside_5_carry_share,avg_inside_5_target_share,avg_offense_snap_share,avg_percent_attempts_gte_eight_defenders,avg_percent_share_of_intended_air_yards,avg_racr,avg_receiving_air_yards,avg_receiving_epa,avg_receiving_yards,avg_receptions,avg_redzone_carry_share,avg_redzone_target_share,avg_rush_pct_over_expected,avg_rush_yards_over_expected_per_att,avg_rushing_epa,avg_rushing_yards,avg_scored_touchdown,avg_target_share,avg_wopr,passing_tds_allowed_to_TE,rushing_tds_allowed_to_RB,passing_tds_allowed_to_RB,passing_tds_allowed_to_WR,rushing_tds_allowed_to_QB,implied_total,rush_matchup_value,pass_matchup_value,season,week,depth_chart_rank,predicted_touchdown_probability,merge_name,price,market_implied_prob,model_edge
00-0036158,J.K. Dobbins,RB,DEN,CIN,0.0,0.0,0.0,2.695018007586486,0.0,13.778293503990026,0.0,0.0,0.0,0.3604213696581656,5.12662180747247e-05,0.5765677023146321,31.747347874884593,0.0,-0.8666691605523352,-5.888249219945352,-0.8824698839537642,6.464352395311375,1.5960672130347533,0.5769872513604638,0.023295486348857784,0.37184977959172283,1.1336538248473402,0.998642595438568,71.30322414936481,0.8045613345315,0.07762670216216604,0.09973919555384309,0.7892864205454694,1.0362638012280274,0.4554691715713137,0.7043681432797678,0.013219702737034201,26.0,0.5979110023549056,0.010610375868665103,2025.0,4.0,1,0.5853526985762393,jk dobbins,-145.0,0.5918367346938775,-0.006484036117638259
00-0037248,James Cook,RB,BUF,NO,0.0,0.0,0.0,2.4780192837028596,0.0,16.103773900295444,0.0,1.683826024519599e-05,0.00046004109994146874,0.6183424463877094,0.05057865707058479,0.5093282616700914,25.409134270970398,0.0,-1.2327641516104586,-0.5195588336397426,0.3068889055526055,15.414230928352259,2.223623311206262,0.6784654059539623,0.08941043261374054,0.4586762025498077,1.3761499328428721,1.7644226230929336,86.53764494727963,0.966562624568204,0.07173802129830267,0.10960523604238895,0.3152784694454046,0.942060361029898,0.359302358769382,1.4032051717482255,0.0003636361058404368,31.5,0.6391553652792861,0.03212537933670786,2025.0,4.0,1,0.5742533689006669,james cook,-175.0,0.6363636363636364,-0.06211026746296944
00-0037840,Kyren Williams,RB,LA,IND,0.0,0.0,0.0,2.6302147066563113,0.0,19.076440323938392,0.0,0.0001289484592304512,0.004377428270401371,0.637688055463464,0.002379453887520392,0.7938441026539018,22.76244525418802,0.0,-0.4141416331211743,-1.3378710023203868,0.4012328242310442,12.19143039376105,1.8295922842195815,0.6481898110119172,0.09053721567916527,0.4623954321817252,0.33306845152018993,-1.1100866107427558,81.83482408551151,0.7128922944009107,0.0760427286814016,0.10568874476591703,0.32977962314874776,0.8208344921701718,0.1594128388650098,1.2692923254407729,0.08266126998905972,26.5,0.5320565543518466,0.01443279457434941,2025.0,4.0,1,0.5619277402135224,kyren williams,-190.0,0.6551724137931034,-0.093244673579581
00-0032764,Derrick Henry,RB,BAL,KC,0.0,0.0,0.0,2.7510605442320726,0.0,15.80435820656944,0.0,0.0,0.0,0.6417909607009933,0.000997127173748043,0.5767322128105495,42.0285668005663,0.0,0.8070046719535895,0.7903968835660098,0.3767405786683153,10.033464482697163,0.9995795885290337,0.5784570010609916,0.02807315431729412,0.3862793989257219,1.455359002526632,-0.6939583788917086,88.05479125393816,0.6619870773404805,0.045399150704672465,0.07106479624248067,0.07376652489602777,0.7072992784390073,0.00023824669626488088,0.9916837963195584,0.29483912876620205,25.5,0.4091422194584315,6.688336269829502e-06,2025.0,4.0,1,0.5498874532305434,derrick henry,-165.0,0.6226415094339622,-0.0727540562034188
00-0039139,Jahmyr Gibbs,RB,DET,CLE,0.0,0.0,0.0,2.3760718843121347,0.0,16.705587498703423,0.0,0.0007913402622374035,0.028858785482773753,0.43774766118679814,0.0082491230140639,0.6318165216795393,14.023370619190334,0.0,10.882931497751674,-0.880031638303871,0.500864013691221,30.00172593213597,5.045974523984894,0.6449233586636078,0.2213571762382851,0.3476589398926898,0.12400237693502357,1.0700039599136424,77.81553338039585,0.8269143294056999,0.17711033828187558,0.26328817771183344,0.6949048616323364,0.44644103516771233,0.0005275923189060786,1.2303873418907545,0.0974957082950226,27.25,0.2879202518456189,0.00011678634591805836,2025.0,4.0,1,0.5320501811188428,jahmyr gibbs,-170.0,0.6296296296296297,-0.09757944851078681
00-0036223,Jonathan Taylor,RB,IND,LA,0.0,0.0,0.0,2.6619171764783123,0.0,22.66603577452984,0.0,0.0,0.0,0.49586525040267154,4.7386568562066255e-06,0.8077878398759809,14.655301110879458,0.0,2.9139361004318824,-2.130463895001384,0.9767516968881498,21.07697170614844,2.1358356745157665,0.6871701244288851,0.039110524826999164,0.39961606459373805,0.938666983880715,1.7646693973735392,123.94955504692679,0.7722805198541317,0.09603123445438698,0.13240817662197205,0.5843214394384592,0.041179864316731624,0.024746728993716747,1.1804125011811302,0.37439994217156763,23.0,0.02829757248649308,0.0009678575586957789,2025.0,4.0,1,0.5061997166256033,jonathan taylor,-205.0,0.6721311475409836,-0.16593143091538032
00-0040784,Quinshon Judkins,RB,CLE,DET,0.0,0.0,0.0,2.910724721261054,0.0,14.705882352941178,0.0,0.0,0.0,0.5882352941176471,0.0,0.4347058823529412,26.993464052287585,0.0,2.142857142857143,4.9411764705882355,-1.0545040386427607,4.705882352941177,1.8235294117647056,0.5882352941176471,0.0,0.434640522875817,2.0328951602775374,1.7383142570495913,80.41176470588235,0.5882352941176471,0.06577974870657798,0.11186513142675089,0.8232112770395787,0.8174109974476873,0.10732470051434657,1.162400031145099,0.2182339438567026,17.25,0.4808299984986396,0.0,2025.0,4.0,1,0.4928127427398163,quinshon judkins,145.0,0.40816326530612246,0.08464947743369383
00-0035700,Josh Jacobs,RB,GB,DAL,0.0,0.0,0.0,2.417252351242325,0.0,17.41201681939189,0.0,1.933625629750219e-05,0.0010348100758753225,0.7941269533621163,0.002909085241528035,0.6743797572311909,23.170704856986344,0.0,0.005455536422212895,-8.009954172081004,0.12458875164082694,19.41476097766867,2.241080358225343,0.7384631925985149,0.0014295098064046336,0.34235571575749885,-0.6391451331811722,-1.6545494941076984,58.717164988174645,0.6890018753051999,0.1389525714847084,0.10050328615318034,0.4287761720996243,0.464866842965463,0.025636905687460607,2.070984460710486,0.5497432443790785,27.25,0.34328705298946827,3.664820808609566e-05,2025.0,4.0,1,0.4810484948321163,josh jacobs,-200.0,0.6666666666666666,-0.18561817183455032
00-0040715,Cam Skattebo,RB,NYG,LAC,0.0,0.0,0.0,2.063711083437111,0.0,8.529680365296803,0.0,0.0,0.0,0.54337899543379,0.0,0.4624657534246575,10.377750103777501,0.0,8.815068493150685,5.063926940639269,0.13496482603413473,35.013698630136986,3.8264840182648396,0.531202441826484,0.045662102739726027,0.435865504358655,0.8825047867292161,0.9477907047143461,41.109589041095894,0.776255707762557,0.15972222222222238,0.24933274946167924,0.26216652691603776,0.3810939476496725,0.08606303301871639,0.7168373821221911,0.1620870522702443,18.75,0.20243803555680032,0.003929819055793061,2025.0,4.0,1,0.4790599678980009,cam skattebo,-115.0,0.5348837209302325,-0.05582375303223158
00-0040122,Ashton Jeanty,RB,LV,CHI,0.0,0.0,0.0,2.9412828708582133,0.0,15.529680365296803,0.0,0.0,0.0,0.680365296803653,0.0,0.6499543378995434,10.521946210482621,0.0,-0.12371046845932687,-9.525114155251142,-1.285921162365377,0.7671232876712328,1.406392694063927,1.0,0.07990867579908675,0.2814269474221126,-0.9352683485455556,-4.019280717186027,51.013698630136986,0.2237442922374429,0.04329372089805348,0.04239084731704681,0.2955174323899871,0.8547931654116371,0.1473013050503206,1.5194850312241222,0.15564277415484312,24.5,0.8547931654116371,0.011770652230048449,2025.0,4.0,1,0.46759034726986703,ashton jeanty,-140.0,0.5833333333333334,-0.11574298606346634
00-0036973,Travis Etienne,RB,JAX,SF,0.0,0.0,0.0,2.4871956919749527,0.0,14.14947324963624,0.0,6.419537873211473e-05,0.0024212601681848213,0.0771579679659986,7.553553245684634e-10,0.5647346641959954,15.172062829324313,0.0,-0.6867064479659304,-8.052516471831552,0.17004470929014226,13.780124103656254,1.7265988002490633,0.5230404577843323,0.07954385773218545,0.28529982848928087,0.10987414485242554,-1.350204553172924,65.40158729403791,0.5122887490313218,0.08655036430965965,0.1100420884561656,0.6995983201659794,0.5746218328674522,0.006631008284161771,1.2423402590598835,0.03037924165610235,22.0,0.30055046651586426,0.000527455979576307,2025.0,4.0,1,0.4631994760577586,travis etienne,125.0,0.4444444444444444,0.018755031613314155
00-0033280,Christian McCaffrey,RB,SF,JAX,0.0,0.0,0.0,2.4276574768553734,0.0,15.278517034197069,0.0,0.006746109907334965,0.24826835301247158,0.42389898945280297,0.17526298797557796,0.7736908225010324,21.101535744143533,0.0,2.1286051240909907,21.648383426145774,0.6226687458439304,58.728696609912745,6.775449864539333,0.7232268849277979,0.3330483024352754,0.3773380628986468,-0.25296930071613144,-2.22367246883089,58.058786377960296,0.25711734051470375,0.26095527895496623,0.4460518517203622,0.11198903421417832,0.3129059010852398,0.15778670640033876,1.1942897130310721,0.21649979153291757,25.5,0.2263019601174036,0.052550594713486026,2025.0,4.0,1,0.46094303939386333,christian mccaffrey,-190.0,0.6551724137931034,-0.1942293743992401
00-0036997,Javonte Williams,RB,DAL,GB,0.0,0.0,0.0,1.9776511331204654,0.0,10.51826867840833,0.0,1.2574336610281035e-08,3.8980443491871253e-07,0.16878278144783213,0.05028804377122094,0.5862727427251362,10.812616414625442,0.0,0.5600964115720891,-8.574666033383433,-0.5172739124924953,21.166485188088032,4.116198871886952,0.2429177958996093,0.07509958656635632,0.41462807881499,1.1024563845700268,0.8016846741883618,57.39503178724377,0.39715684883006985,0.12052260257274075,0.1565306847388458,0.22829996872062927,0.4940510400939863,0.11445484759154825,0.6882572454839503,0.004153659864081591,20.25,0.12001378972154066,0.008595511734640597,2025.0,4.0,1,0.46036565657378814,javonte williams,125.0,0.4444444444444444,0.01592121212934372
00-0038542,Bijan Robinson,RB,ATL,WAS,0.0,0.0,0.0,2.946455417921579,0.0,17.899682607079214,0.0,1.0594896522892205e-05,0.0003566720924091976,0.29271814502576815,0.00027529979011049445,0.7811368349642612,9.641663673314847,0.0,-3.9294613479892897,3.3095686720638375,-0.7142478398151412,35.52486496820216,3.899474159200444,0.4135994979002453,0.12325333567487853,0.45600565308879476,0.8473244389878178,1.4966759996605559,95.23979862119347,0.43297686723727163,0.16156091371262854,0.2513472480381054,0.3584502896672794,0.6089180761904635,0.03541780908718966,1.2514299682851426,0.018039798226821915,22.0,0.251848210574759,0.00436536311229215,2025.0,4.0,1,0.4539480172532818,bijan robinson,-180.0,0.6428571428571429,-0.18890912560386108
00-0034844,Saquon Barkley,RB,PHI,TB,0.0,0.0,0.0,2.9988276588038434,0.0,21.474391680134538,0.0,0.00026831853103701306,0.006628313147587565,0.424931772742721,0.0009573898757714264,0.8283233346295799,20.57645873770024,0.0,-0.9922879709936353,-0.6692744689961142,-0.7024266177889449,10.34538550465071,2.7112132759405334,0.5391745255014576,0.2076436601508956,0.39452999640003644,0.14116581123441543,-0.5252284588052588,88.56864406400088,0.4941113781682009,0.14016035377896757,0.20484874698502611,0.023104560071346827,0.28221743665901144,0.16291839021267027,1.2319525841005978,0.19147953207946578,23.5,0.15216445249886015,0.033828970849650704,2025.0,4.0,1,0.44795811386271045,saquon barkley,-150.0,0.6,-0.15204188613728953
00-0039040,De'Von Achane,RB,MIA,NYJ,0.0,0.0,0.0,2.409918988803088,0.0,11.028747304853946,0.0,0.0003292702050449049,0.012985541877166,0.2038873932895647,0.0028170918876946564,0.7612578971616054,16.98438600973649,0.0,-5.1493225872797375,-3.499138001532747,0.13270597891469085,39.900059056111765,5.370068549579442,0.30384638691528804,0.05099427470502068,0.31680585731137384,-0.27861647921807764,0.12058450713108129,57.661393092140685,0.5812910969587144,0.20326043028107738,0.29334253317524533,0.34453832343980006,0.715554929248816,0.1473826068021808,0.9355981054798019,0.12229638208323372,24.0,0.21741877989167732,0.0075156691380124565,2025.0,4.0,1,0.44111208042749467,devon achane,-115.0,0.5348837209302325,-0.09377164050273784
00-0036963,Amon-Ra St. Brown,WR,DET,CLE,3.1456251769307984,8.498027605707854,2.76320182603372,0.0,0.0891315480995757,0.4533792431518032,80.31232688795491,0.037114398955280445,1.1322849306670342,1.0919072098660169e-08,0.27084569115638424,0.8604299089292075,0.0,34.4547486975063,1.1149918291365772,72.72338032612554,7.802655455802802,82.0242804404034,7.059572746729925,0.021338279945329997,0.41832231744599474,0.0,0.0,0.19479491876005034,1.685147075821908,0.6950543247260706,0.28557017083354097,0.666710201081772,0.6949048616323364,0.44644103516771233,0.0005275923189060786,1.2303873418907545,0.0974957082950226,27.25,0.0,0.5146984842159579,2025.0,4.0,1,0.4395659927858184,amonra st brown,125.0,0.4444444444444444,-0.004878451658625993
00-0038544,Quentin Johnston,WR,LAC,NYG,4.308894316325371,12.611218418792902,2.8891473415258306,0.0,1.8939566324824926,0.21984217308127713,58.37188280093231,0.028327930581750902,1.1333301375029317,0.0,0.4722206540391568,0.7856501976731944,0.0,33.92256845184231,0.743679785324985,108.36706810551759,4.003647862157783,81.01830170249791,5.41879597917867,0.0,0.24670003075748032,0.0,0.0,-0.22838047158392125,-0.40034811870617004,0.4381782563307493,0.2422137004857614,0.6002742914668894,0.3185646031879392,1.2106393377131368,0.03630135138003798,1.1391214738305775,0.02012054863838416,24.75,0.0,0.2810213026305098,2025.0,4.0,2,0.42908434453737365,quentin johnston,170.0,0.37037037037037035,0.0587139741670033
00-0038134,Kenneth Walker III,RB,SEA,ARI,0.0,0.0,0.0,2.5981155120198354,0.0,13.571518348894388,0.0,0.0,0.0,0.4987003913715201,0.0,0.5054818609969673,29.242759478526864,0.0,0.8049833511848059,-4.703112960783032,-0.07639881033184151,14.74758048024195,2.5025493239522314,0.6442443987753966,0.03357569252134848,0.33100408447095553,-0.1738901676865447,0.5662925553439602,51.604316169902866,0.575445132943772,0.09226625015594452,0.12498531219228426,0.019376504573782847,0.38211256336786525,0.6345982734096645,0.7079521683734823,0.1904379205373603,22.5,0.24617387865145599,0.02130707650258153,2025.0,4.0,1,0.4270208657310243,kenneth walker,100.0,0.5,-0.07297913426897568
00-0034348,Courtland Sutton,WR,DEN,CIN,2.204606617753629,11.769458242859338,2.04925372808579,0.0,0.49639389829564584,1.1011010465510681e-08,54.831862720043546,0.026448718901695364,0.8463230044099471,0.0,0.08729716136619933,0.8301843770355714,0.0,44.96115171004976,0.6017743902333398,106.61701954491438,4.0709264057544265,70.64324489947596,4.65365751643612,0.0,0.24186743331745472,0.0,0.0,1.881503765750215e-09,5.50550523275534e-08,0.6876460968125405,0.25405884962379066,0.7271062472108292,0.7892864205454694,1.0362638012280274,0.4554691715713137,0.7043681432797678,0.013219702737034201,26.0,0.0,0.17036371492565863,2025.0,4.0,1,0.42604219891400325,courtland sutton,135.0,0.425531914893617,0.0005102840203862202
00-0039075,Puka Nacua,WR,LA,IND,3.873959351975593,6.9835878472170805,2.9203378311634953,0.0,1.3641754969829945,0.9778462974484456,80.21297584809683,0.005484069717389529,0.17493376433237495,0.008823814218065924,0.04418388713619111,0.7924317392593384,0.0,34.52851761615598,2.4577524128557218,91.50732422666498,6.306156124570359,106.6423348961049,9.353891494859806,0.008845732949469014,0.15204199559783968,0.0,0.0,1.335117017802733,12.791476855656672,0.2857006436529632,0.3963604085827496,0.9189330151867552,0.32977962314874776,0.8208344921701718,0.1594128388650098,1.2692923254407729,0.08266126998905972,26.5,0.0,0.19298573815703768,2025.0,4.0,1,0.4240260731250083,puka nacua,105.0,0.4878048780487805,-0.06377880492377219
00-0036555,Chuba Hubbard,RB,CAR,NE,0.0,0.0,0.0,2.62616036097194,0.0,16.09122016617623,0.0,4.482545830836567e-12,1.5240655824844337e-10,0.2525401255280938,0.2200000094557494,0.7393180297542049,23.454550953533897,0.0,-0.024421549599868548,2.9261361933244965,0.3868522482242145,17.753714123808283,3.182822043229682,0.4260268234703269,0.15046808064365122,0.4365373173350976,0.17496058451489696,-0.23699115409403748,69.3145809803377,0.5771143526379934,0.13430583608032037,0.21292465642767586,0.04060371560989919,0.761334723213476,0.42482214639908256,1.2707031555694577,0.025105673214297866,18.5,0.3243490137282977,0.06392217298358616,2025.0,4.0,1,0.4230841585331418,chuba hubbard,115.0,0.46511627906976744,-0.04203212053662564
00-0030279,Keenan Allen,WR,LAC,NYG,2.3764136505534257,8.567158077640071,2.494734775653071,0.0,0.1857595953453541,1.6837331531305215e-05,58.86369799862942,0.04022490798312235,1.5473057997280761,0.0,0.03548039938835357,0.7097042177387453,0.0,26.497993681403297,0.8385690586844002,79.04068609380082,4.366997185048563,60.90829247178537,5.902139395024876,5.634835253044377e-07,0.3328314110124537,0.0,0.0,2.9900424376304782e-06,6.70766323717848e-05,0.7744995132336276,0.2571080929553595,0.5791438993897787,0.3185646031879392,1.2106393377131368,0.03630135138003798,1.1391214738305775,0.02012054863838416,24.75,0.0,0.379135407449617,2025.0,4.0,3,0.42223174709299616,keenan allen,170.0,0.37037037037037035,0.05186137672262581
00-0036912,DeVonta Smith,WR,PHI,TB,3.0117192811861955,8.499747369446274,2.411723345244623,0.0,-0.546341537640896,0.05042100000301356,65.75365099828831,0.0201483458679436,0.543217364093801,0.0,0.2551283082274788,0.8679792091289819,0.0,33.69970527503994,1.3572630548232458,63.76375573690404,5.173933019170468,57.998695464761866,5.737229466824966,0.0031513125001883476,0.21760753962095372,0.0,0.0,-0.023916762845544958,0.05042100000301356,0.5166422625177428,0.28474903694407744,0.6524439677559379,0.023104560071346827,0.28221743665901144,0.16291839021267027,1.2319525841005978,0.19147953207946578,23.5,0.0,0.26808217075580715,2025.0,4.0,2,0.4210287036688099,devonta smith,220.0,0.3125,0.1085287036688099
00-0038120,Breece Hall,RB,NYJ,MIA,0.0,0.0,0.0,1.9121584049451785,0.0,11.67898725042789,0.0,0.009557102144982907,0.3511191592240412,0.1616460503923918,0.12525158247363077,0.6090891532873295,11.233315914243152,0.0,-0.3831669727029031,-1.5267613183926918,-0.2287919256462493,23.58607418172928,2.8761351985725567,0.2683981990150203,0.11593750319448584,0.289848597270305,-0.21502607083026576,-1.6771937126866332,46.23837859141195,0.16270740786171908,0.14669554899278597,0.2156995564028845,0.7788053390377815,0.35354229997402575,0.1163646934377183,1.2649144653986988,0.504090383907069,21.5,0.09489011658865658,0.01349103201716083,2025.0,4.0,1,0.42078839921449585,breece hall,110.0,0.47619047619047616,-0.05540207697598032
00-0039361,Bucky Irving,RB,TB,PHI,0.0,0.0,0.0,2.685623785794789,0.0,18.8306128683717,0.0,0.0,0.0,0.13749348839937153,0.0010181470118484947,0.6724872429429178,17.536048487379063,0.0,-2.298476178189461,-13.965186111720342,0.9899070578918955,30.004253455107623,4.007894280029733,0.6250566796731558,0.24685388944003875,0.43462518339840156,-0.052543707464024585,-3.060987525566036,70.19648965909957,0.34440888166985967,0.1368793158664481,0.1670672232325593,0.10311033522107635,0.3441414372139988,0.30033540107654144,0.9695448207280812,0.2193591660366339,20.0,0.21510790408292993,0.07413896189227825,2025.0,4.0,1,0.4127851210701115,bucky irving,115.0,0.46511627906976744,-0.05233115799965593
00-0037228,Jaylen Warren,RB,PIT,MIN,0.0,0.0,0.0,2.1827478703612595,0.0,12.794823853681391,0.0,0.00014829950759198023,0.00415238621257545,0.504083368935916,0.07350000092531027,0.5950304121626773,16.967609013684207,0.0,2.4350927632743,-5.9431445525232816,1.243147043176364,39.1478072971101,3.514209756587903,0.680180708244424,0.07360118311378282,0.3715774478844573,-0.18649089060495072,-1.1840958199381075,42.79958409405094,0.15952649498518562,0.16013057938418235,0.20389299376114917,0.35216730370220917,0.7297758142853682,0.10651161587439915,0.4248873546525681,0.15310704424946572,19.0,0.496379430220273,0.00783938094371655,2025.0,4.0,1,0.41255034356469744,jaylen warren,150.0,0.4,0.01255034356469742
00-0040666,Omarion Hampton,RB,LAC,NYG,0.0,0.0,0.0,1.9187717118810996,0.0,14.58904109589041,0.0,0.0,0.0,0.776255707762557,0.0,0.7378995433789955,18.894496515260755,0.0,-5.955479452054795,-2.538812785388128,0.7345734491623256,30.168949771689494,3.506849315068493,0.8630137077625571,0.0,0.32982456140350874,-0.219834211549129,-1.855827409927302,50.37442922374429,0.4566210045662101,0.10632387867903861,0.15576261682115258,0.3185646031879392,1.2106393377131368,0.03630135138003798,1.1391214738305775,0.02012054863838416,24.75,1.0447983436030208,0.0,2025.0,4.0,1,0.4040769417174634,omarion hampton,-145.0,0.5918367346938775,-0.18775979297641415
00-0033040,Tyreek Hill,WR,MIA,NYJ,2.0945493444109573,12.517548749194836,2.8976024289000457,0.0,0.15176541469174595,0.04243089587350745,58.6447271887878,0.017901645087040424,0.638502404319858,2.784317388152818e-07,0.22407922964341562,0.777524277206295,0.0,51.68667032591914,0.5986729526572301,109.1263249716466,3.7710546707287866,62.12944948490572,4.972481095308783,5.861405642833993e-06,0.225993548591605,0.0,0.0,0.007632024234225792,0.24842599081187997,0.40757644737811877,0.23702980882144542,0.711256116595328,0.34453832343980006,0.715554929248816,0.1473826068021808,0.9355981054798019,0.12229638208323372,24.0,0.0,0.2114391359129632,2025.0,4.0,1,0.4030426344948072,tyreek hill,135.0,0.425531914893617,-0.02248928039880982
00-0031381,Davante Adams,WR,LA,IND,2.912057328353771,11.54977516469339,2.2248594832619046,0.0,0.8392249455113695,7.260112731130524e-08,48.63211296824754,0.07618036171349424,2.6225380124829627,0.0,0.38065892577242094,0.8645504895765924,0.0,45.67410905391779,0.9172416481753324,106.61230688405408,-0.16334660332807555,75.68563238848459,4.936602172860462,0.0,0.37932245476757537,0.0,0.0,-1.2344761004528878e-07,-2.698408395551261e-08,0.7494903430426649,0.3089707279099296,0.8158527060979284,0.32977962314874776,0.8208344921701718,0.1594128388650098,1.2692923254407729,0.08266126998905972,26.5,0.0,0.4814710807038381,2025.0,4.0,2,0.3997855588424925,davante adams,130.0,0.43478260869565216,-0.034997049853159656
00-0033921,Chris Godwin Jr.,WR,TB,PHI,4.853454349484012,5.806989888325595,3.148084197745944,0.0,1.8738644363228212,0.1886686803259048,78.40199461608259,0.008584265793702103,0.30194932897785726,3.3900536407114334e-08,0.1966276956606265,0.8832048606704478,0.0,23.89242155317791,1.6050587056565562,54.01973607952727,4.033461189369406,80.59484101559497,7.258968958843246,0.0008317481468724811,0.1572119390761364,0.0,0.0,0.23498131432418107,0.4936071655869386,0.38992172675695297,0.2633672741100409,0.567117805617558,0.10311033522107635,0.3441414372139988,0.30033540107654144,0.9695448207280812,0.2193591660366339,20.0,0.0,0.15242402128788668,2025.0,4.0,2,0.38979641669452414,chris godwin,280.0,0.2631578947368421,0.12663852195768205
00-0038543,Jaxon Smith-Njigba,WR,SEA,ARI,4.2232729898457775,9.523784574008571,3.650123444513695,0.0,0.2797392074523929,0.2037963287591079,75.54403675880938,0.002074263850601131,0.0684633619550446,0.0,0.04870806232128386,0.7107793385528861,0.0,42.84243367989004,0.9298867451612445,92.19069552355408,4.5081426627953185,86.47730359601618,6.347476474913729,0.0,0.18309539141345382,0.0,0.0,-0.05196409290702712,0.9167979365309574,0.3948515187747427,0.3315425127467286,0.8314380522769853,0.019376504573782847,0.38211256336786525,0.6345982734096645,0.7079521683734823,0.1904379205373603,22.5,0.0,0.1296227793703461,2025.0,4.0,1,0.38903604109715967,jaxon smithnjigba,150.0,0.4,-0.010963958902840354
00-0034960,Jakobi Meyers,WR,LV,CHI,2.7784162046727157,7.09727447249276,1.8867051914251478,0.0,1.0992658841391678,0.009777856823810637,44.907830556044445,0.022734061150773567,0.8900808779260783,0.0004885240793739587,0.06507628591532405,0.9263737098788548,0.0,22.671981504649974,0.8723245542838232,88.46025655075776,2.0965197185022912,75.06328469602083,5.45357357611075,7.465758900679887e-05,0.16124749120135967,0.0,0.0,0.014914399892027239,0.1746648301694587,0.1813093072444879,0.23598512896728444,0.5612230973054744,0.2955174323899871,0.8547931654116371,0.1473013050503206,1.5194850312241222,0.15564277415484312,24.5,0.0,0.24501314920290937,2025.0,4.0,1,0.38485008176246605,jakobi meyers,140.0,0.4166666666666667,-0.03181658490420064
00-0039916,Ricky Pearsall,WR,SF,JAX,1.9570825871584714,12.575223256137834,1.4741534595643275,0.0,-0.23204828455733165,0.3635140317091358,59.08464072278823,0.010538250103225627,0.3781682926340619,0.0,0.025642577625019855,0.8547717421488046,0.0,38.80091800493905,0.7312060859582449,114.59287034749859,3.5437231263306312,84.2941070650457,5.405783197727158,0.009091839937431657,0.152301773685532,0.0,0.0,-0.3022824479528067,-0.17819932671102265,0.18519862865592054,0.20879797285461407,0.5935039174630226,0.11198903421417832,0.3129059010852398,0.15778670640033876,1.1942897130310721,0.21649979153291757,25.5,0.0,0.1818924415890173,2025.0,4.0,2,0.38400066190906385,ricky pearsall,185.0,0.3508771929824561,0.033123468926607724
00-0037197,Isiah Pacheco,RB,KC,BAL,0.0,0.0,0.0,1.783514978690926,0.0,9.372819105766924,0.0,0.0002922159050613191,0.008474261246778268,0.025671742112549002,0.014280955889787311,0.5084957712141844,1.5716177548953105,0.0,-0.12195605083441412,-4.369717483854807,-0.5522358862890289,5.1019289687612135,1.2552593623736348,0.34454810985047907,0.009238401803561638,0.30719826424743973,-0.35643047499645253,-1.4942316404535883,34.5811955705714,0.03513250983641279,0.053204814753351086,0.06673659104957078,0.3377614893793184,1.43789244501132,0.2678564152043463,0.7921279836840369,0.33670826126707726,23.0,0.4954231240969342,0.0024745651893193876,2025.0,4.0,1,0.38292021577740004,isiah pacheco,205.0,0.32786885245901637,0.05505136331838367
00-0035676,A.J. Brown,WR,PHI,TB,1.317313661170453,8.678407777720912,1.3722078531276778,0.0,1.5708269849160292,1.4478409284416507e-09,50.702289092858216,0.040835722993360586,1.1188127650534117,0.0,0.1614597113006879,0.9268247601269974,0.0,38.074013860018894,0.8073943760818937,80.01320490374924,2.6233538229672853,63.925902925362486,4.837223274070925,1.8506206214162784e-10,0.20049106946132894,0.0,0.0,1.0485775242549228e-09,9.525260266203651e-09,0.5492669072782388,0.3117675704206666,0.7335814771537966,0.023104560071346827,0.28221743665901144,0.16291839021267027,1.2319525841005978,0.19147953207946578,23.5,0.0,0.24699549111197663,2025.0,4.0,1,0.3819818823294563,aj brown,160.0,0.38461538461538464,-0.0026335022859283463
00-0039919,Rome Odunze,WR,CHI,LV,3.889278958132404,10.459875196044152,2.70729754644028,0.0,1.0252978904127226,0.006516431774976609,44.527499926109655,0.035430767626841594,1.1176605283409544,0.0,0.16031853664403736,0.9150176495754483,0.0,32.717867693100885,0.7181873990512712,95.78915307914812,3.4065173816466245,62.58731969074725,4.115148807125028,0.0,0.2755885519364491,0.0,0.0,0.0029370160560685484,0.03921378671177166,0.6829491221241641,0.23848983085392686,0.6115005204131857,0.21483667681656474,0.8006757600978365,0.03279601211419237,1.1696458519579582,0.30549828941547824,23.0,0.0,0.32234100661956805,2025.0,4.0,2,0.38167033255134875,rome odunze,145.0,0.40816326530612246,-0.026492932754773713
00-0036554,Nico Collins,WR,HOU,TEN,3.5373656656793853,10.595756023662219,2.730690983600306,0.0,0.45609157869115036,0.0009969879213931373,62.239598099871195,0.034082009945724814,0.8584323813047529,0.0,0.19924980581801202,0.765199636730925,0.0,37.983316224801,0.810993821411933,90.41163145688259,1.3954356624257462,65.81103457047297,5.198984921747836,0.0,0.2299626763835538,0.0,0.0,0.0003444664502482228,0.006978915449751957,0.6856739489822419,0.27760611244441813,0.6699043532586313,0.24573912331260728,1.6263770821484274,0.05164639410319531,1.0620731932420067,0.08385619811716438,22.75,0.0,0.2442371940331592,2025.0,4.0,1,0.3797240126137407,nico collins,115.0,0.46511627906976744,-0.08539226645602671
00-0036322,Justin Jefferson,WR,MIN,PIT,4.903505824240017,10.714357237724485,3.392412983036644,0.0,2.0274905251163937,0.14927668230351163,60.95370175776154,0.033345073138073354,0.9868029518095686,3.275721563989014e-08,0.23320530875002946,0.9217518159036667,0.0,34.80893913853462,1.0884550947623453,76.75277284315602,1.0434819259074901,75.78800077678018,4.847449565095012,0.00011970235210747459,0.2155964621512491,0.0,0.0,-0.010812840548437466,0.5912469779073236,0.26239492223312566,0.2962795173640909,0.695233982428352,1.0123321386521649,0.5071851035127225,0.0015724687248208065,0.8155974940769841,0.3414007827103336,21.5,0.0,0.17583993426242214,2025.0,4.0,1,0.3791028019716968,justin jefferson,145.0,0.40816326530612246,-0.029060463334425635
00-0040129,Emeka Egbuka,WR,TB,PHI,5.4770049524444255,11.3429299847793,2.793653681920326,0.0,0.030327619853899115,0.2237442922374429,67.42770167427702,0.015403448690218695,0.54337899543379,0.0,0.0,0.7943835616438356,0.0,31.63194243288651,0.7474541980027678,83.78538812785389,3.907926114406556,63.073059360730596,4.9132420091324205,0.0,0.15601217808219175,0.0,0.0,0.19910505022874886,2.0136986301369864,0.54337899543379,0.23736319489744145,0.5757062494582911,0.10311033522107635,0.3441414372139988,0.30033540107654144,0.9695448207280812,0.2193591660366339,20.0,0.0,0.15126079923009608,2025.0,4.0,3,0.37749215941635494,emeka egbuka,160.0,0.38461538461538464,-0.007123225199029692
00-0036389,Jalen Hurts,QB,PHI,TB,0.0,0.0,0.0,0.0,0.0,9.61238733313264,0.0,2.1781437279223826e-12,5.227544947013729e-11,0.49337981595172103,2.6137724735068647e-11,0.9092441078611067,0.0,0.0,0.0,1.5248499135234665e-10,-1.4671771194621592e-10,2.1706785290325993e-12,7.235595096775338e-13,0.37781162597243784,1.3068862367534323e-11,0.0,0.0,3.281584616543696,39.24259523840245,0.86638938004743,2.196696601018477e-12,3.6114842866130995e-12,0.023104560071346827,0.28221743665901144,0.16291839021267027,1.2319525841005978,0.19147953207946578,23.5,0.07234319335538454,0.0,2025.0,4.0,1,0.3773667812736657,jalen hurts,-135.0,0.574468085106383,-0.19710130383271734
00-0038563,Tre Tucker,WR,LV,CHI,2.6708956011674547,7.845184206723819,1.884942314132586,0.0,-0.4034012313355224,0.6696543403410908,38.92276256229455,0.023691508706197236,0.8019702660902022,0.000996995624854943,0.0,0.9072733477884377,0.0,21.91083278548104,0.6688809690342447,85.84595595264899,3.8492460030658124,63.68661194461288,4.170376806120494,0.0016305217730994653,0.19003936846001007,0.0,0.0,-0.08973889021727344,2.955142072433131,0.5381055487916883,0.1996878916152542,0.4987397052887076,0.2955174323899871,0.8547931654116371,0.1473013050503206,1.5194850312241222,0.15564277415484312,24.5,0.0,0.28876197571827084,2025.0,4.0,2,0.3767441682931492,tre tucker,220.0,0.3125,0.06424416829314922
00-0036252,Michael Pittman,WR,IND,LA,3.463569901807726,6.555606610392995,2.9777782977181086,0.0,1.1291991790457834,1.91985317864764e-06,77.80388095649803,0.004689152610315817,0.18290508726954735,0.0,0.07414961776479391,0.8527188101280258,0.0,17.785632164962138,1.4167447544711456,54.40699422063843,4.019532552483925,64.53310027207063,5.457378055879115,7.590184908132796e-11,0.38644195134861825,0.0,0.0,2.4637514862699103e-07,1.1730191179620631e-05,0.5240907152674195,0.2338502523679051,0.49989367030978316,0.5843214394384592,0.041179864316731624,0.024746728993716747,1.1804125011811302,0.37439994217156763,23.0,0.0,0.4561609103527391,2025.0,4.0,1,0.3766021159227705,michael pittman,230.0,0.30303030303030304,0.07357181289246745
00-0037740,Garrett Wilson,WR,NYJ,MIA,3.9649317202485137,8.134970490135734,3.686214580454097,0.0,-0.038372563910274674,0.10373776520985666,70.92307083243867,0.014501085840315443,0.5043921688055027,0.0,0.07728843232553156,0.9707723709974168,0.0,41.65120445573768,1.2212429004717391,69.39527684473161,0.897468435501993,70.15254183523952,6.6832138575030635,4.012758933212468e-09,0.20966250254321797,0.0,0.0,-0.052528039301105514,0.0015498474260197289,0.5644436744543424,0.325339747414097,0.7648556888231484,0.7788053390377815,0.35354229997402575,0.1163646934377183,1.2649144653986988,0.504090383907069,21.5,0.0,0.2652051323186079,2025.0,4.0,1,0.37592396644762704,garrett wilson,145.0,0.40816326530612246,-0.03223929885849541
00-0036275,D'Andre Swift,RB,CHI,LV,0.0,0.0,0.0,2.853143136006563,0.0,14.10308756017877,0.0,9.610726055448503e-09,4.010360015242894e-07,0.3941731759623746,0.00034199810734153756,0.6676984572847541,19.330705131918876,0.0,-2.7009711253505935,-3.1717450368467794,-0.5426088101362014,22.137599916611507,2.6113272159758307,0.5291722524876676,0.00014826382995283032,0.32378716232153165,-0.593387323385233,-2.1814177786061197,49.2051104147696,0.3289589298743642,0.11813394540099512,0.18271742622533532,0.21483667681656474,0.8006757600978365,0.03279601211419237,1.1696458519579582,0.30549828941547824,23.0,0.42369539548324753,4.862462363229581e-06,2025.0,4.0,1,0.37492472717174813,dandre swift,135.0,0.425531914893617,-0.050607187721868896
00-0039915,Ladd McConkey,WR,LAC,NYG,3.643738182721455,8.129799140466993,3.4693767210711566,0.0,0.8601959434239921,0.0,73.50771369758485,0.00776081203545778,0.2900748003701726,0.0,0.05150871424347948,0.8158109773075132,0.0,19.719546182886692,1.083796368136857,65.35377980224588,3.363275809489194,63.804801172926126,5.214588546406538,0.0,0.0742686704936837,0.0,0.0,0.0,0.0,0.11351927812794599,0.20697029508230919,0.45637115239582404,0.3185646031879392,1.2106393377131368,0.03630135138003798,1.1391214738305775,0.02012054863838416,24.75,0.0,0.0846010373922025,2025.0,4.0,1,0.37335781343213875,ladd mcconkey,170.0,0.37037037037037035,0.0029874430617684022
00-0036900,Ja'Marr Chase,WR,CIN,DEN,4.228884958561194,7.973089636595281,2.810487636876216,0.0,1.606736419044734,0.37805484749603335,73.33802951314202,0.019710450211784605,0.8425006375213586,0.0,0.14024711775567386,0.9163601491528517,0.0,34.10697177221282,1.2378957316920043,78.67582920573763,2.3314841883739135,89.2172246844164,7.791563670844417,5.477297896935908e-09,0.17932803456151786,0.0,0.0,0.2518221170234593,3.4307351188042468,0.4362017261330724,0.2841952719432443,0.6654909913629745,0.060232214177897564,0.41671564206272016,0.3109379485277461,0.6156197035613635,0.3177003394940683,18.5,0.0,0.11039787147700357,2025.0,4.0,1,0.3730872150239043,jamarr chase,140.0,0.4166666666666667,-0.04357945164276239
00-0034791,Nick Chubb,RB,HOU,TEN,0.0,0.0,0.0,1.4974184909085428,0.0,11.119054208623432,0.0,0.0001002300108697783,0.002906670315223574,0.24824210296989774,0.011310966011260729,0.47664145791083146,16.67465337768762,0.0,-0.7660570011308563,-2.856203665535697,-1.2104855159921726,8.244946393833967,1.520640418042021,0.2821896184274781,0.15727193414407092,0.23656101273555086,0.3747411100384188,-1.3324624617807739,44.433605472125876,0.30791503177428725,0.06839938444604926,0.09549799602448998,0.24573912331260728,1.6263770821484274,0.05164639410319531,1.0620731932420067,0.08385619811716438,22.75,0.4589467282306599,0.008122528292176466,2025.0,4.0,1,0.370550480582446,nick chubb,155.0,0.39215686274509803,-0.021606382162652038
00-0036259,Jauan Jennings,WR,SF,JAX,4.354356783998331,9.253782146316755,2.6701654949113665,0.0,1.5203486045916836,0.0,55.05359630448083,0.012326502258610893,0.42420431666043423,0.0,0.010016271626679755,0.7558937641987049,0.0,30.37402365059082,0.7405543764992084,75.43288388782865,-0.3706147524213641,57.96346291311804,4.710679271874892,0.0,0.0863799134856756,0.0,0.0,0.0,0.0,0.3497786023270206,0.23364826211677828,0.5551037328507498,0.11198903421417832,0.3129059010852398,0.15778670640033876,1.1942897130310721,0.21649979153291757,25.5,0.0,0.10316264208845635,2025.0,4.0,1,0.37049258735296436,jauan jennings,170.0,0.37037037037037035,0.00012221698259401448
00-0037744,Trey McBride,TE,ARI,SEA,5.568166200937632,5.797531555450113,2.7286949387288337,0.0,-0.6303356888205154,0.0059319808637629074,67.36195610454355,0.02458992908285998,0.8779049723545499,0.0029659904318814537,0.49810048504300536,0.9099246142537416,0.0,26.595027694550815,1.2158871936090379,54.95215113888601,2.691026198544668,64.7628295116538,6.365777260519119,0.0006591089782714553,0.32382390393315796,0.0,0.0,0.00356545469124258,0.011863961727525815,0.48130046128862786,0.2805374831956453,0.6194620255857731,0.7055833666599866,0.05309517694105782,0.0420286532090999,0.6117392626058678,0.008985472478048156,21.0,0.0,0.22848476034213766,2025.0,4.0,1,0.3686211448666775,trey mcbride,165.0,0.37735849056603776,-0.008737345699360244
00-0037525,Jordan Mason,RB,MIN,PIT,0.0,0.0,0.0,1.6284366809875606,0.0,11.560573144509235,0.0,0.0,0.0,0.32354640421345754,0.0,0.4954085711554467,4.21938628443274,0.0,-0.5377034164930463,-1.0751323748577881,-0.18652777408683308,3.753159679763018,0.7213472718020678,0.43113582956189384,0.004044484990113383,0.30669546810238113,1.2521044265383419,1.2714395513191123,65.36360613512679,0.3118124601989401,0.04636815591629515,0.06427380821463685,1.0123321386521649,0.5071851035127225,0.0015724687248208065,0.8155974940769841,0.3414007827103336,21.5,0.2186656703443926,6.359826154960483e-06,2025.0,4.0,1,0.368128294441473,jordan mason,-125.0,0.5555555555555556,-0.1874272611140826
00-0039338,Brock Bowers,TE,LV,CHI,4.538430290823137,7.782153239257295,3.291623002524436,0.0,1.275759429982641,0.12360056207672565,69.41199271686426,0.0214750786859978,0.7387584732224428,0.0,0.3084506013232164,0.8017801173979249,0.0,19.140087505248697,1.1252108186933971,54.96433346920301,1.123807350401233,57.82103156464241,5.0907705907035075,0.0,0.2399668672773989,0.0,0.0,-0.06222486058627981,0.02323730016348317,0.13613353318330085,0.21762572070989758,0.4551626202739016,0.2955174323899871,0.8547931654116371,0.1473013050503206,1.5194850312241222,0.15564277415484312,24.5,0.0,0.07091439247648575,2025.0,4.0,1,0.36615732117822736,brock bowers,155.0,0.39215686274509803,-0.025999541566870676
00-0033906,Alvin Kamara,RB,NO,BUF,0.0,0.0,0.0,2.258382269853462,0.0,16.294128403253122,0.0,5.727474032481032e-09,2.1044608637935882e-07,0.21685742619289855,9.387711248720766e-06,0.7457232593498465,12.380213204550188,0.0,0.026236825714307754,9.940320942666453,-1.7891632424516801,23.83047497706096,3.4176451314460357,0.6909234236579431,0.012489673268076486,0.24915437731626994,-0.4140955661211456,-3.186309856113339,58.45597001740037,0.2616245114215153,0.12390781720704896,0.2064600541911948,0.3573954169990003,0.7597672232717286,0.05223135437550944,1.3103762737397842,0.2512623116088044,16.0,0.5249409710859916,0.00065235255049923,2025.0,4.0,1,0.3622629370057254,alvin kamara,110.0,0.47619047619047616,-0.11392753918475074
00-0035261,Tony Pollard,RB,TEN,HOU,0.0,0.0,0.0,2.4206492841003127,0.0,17.286721829730613,0.0,1.6272074960627068e-06,6.423617765153808e-05,0.15308732552385557,2.4893071674105273e-11,0.8005006174607824,11.676219779699995,0.0,-8.455137558874647,-1.5054995884439097,-2.644603411362874,11.260159074314135,1.2260073136701164,0.44885638330542693,0.00528948841646761,0.3080798720441012,-0.146070343199295,-2.546806504780632,61.69101524765294,0.37213252593340784,0.07198155376414365,0.10174698072861327,0.3579077905768634,1.1121417258453545,0.0036656805750712386,0.6954456008193758,0.12296923156323143,15.75,0.4991919127860015,1.9389574940309642e-05,2025.0,4.0,1,0.36163536712149663,tony pollard,130.0,0.43478260869565216,-0.07314724157415553
00-0039893,Brian Thomas Jr.,WR,JAX,SF,7.619002560111867,11.286577138353469,2.5806419350468057,0.0,-0.37956189038432975,0.25544463870786877,40.52458907552777,0.016301387938847493,0.6170969194456196,0.0,0.045173631706598716,0.8643821378535713,0.0,41.17451523202495,0.640706595125729,109.36293708727216,-0.5524585152614273,61.55283596579111,4.02966433915423,0.01634637631411857,0.1571867777898332,0.0,0.0,0.5070861611553718,2.8792743832298697,0.3321273946733473,0.26711978833478567,0.6941332916546508,0.6995983201659794,0.5746218328674522,0.006631008284161771,1.2423402590598835,0.03037924165610235,22.0,0.0,0.19527946224020973,2025.0,4.0,1,0.3569917698283202,brian thomas,175.0,0.36363636363636365,-0.006644593808043442
00-0039064,Zay Flowers,WR,BAL,KC,3.5928813543559084,7.101835763824451,2.1311345244219675,0.0,0.2714876557580797,0.68989054987294,38.06301586890535,0.010351595971100863,0.2133479174325419,0.0,0.1174360554268778,0.7637475458177895,0.0,25.875788850020662,1.3652172866094925,65.65425142054852,2.813377052929493,56.533726970693266,4.13064336197617,0.012644258216719084,0.06508523404813399,0.0,0.0,0.009387226749691455,3.1006677191213194,0.1660803097802929,0.2622476166252592,0.5907017233421252,0.07376652489602777,0.7072992784390073,0.00023824669626488088,0.9916837963195584,0.29483912876620205,25.5,0.0,0.0645439719852005,2025.0,4.0,1,0.35580414188874154,zay flowers,125.0,0.4444444444444444,-0.08864030255570288
00-0034827,DJ Moore,WR,CHI,LV,4.0579628337829785,7.684465656455619,4.0205666065486785,0.0,0.3201547131014478,1.7778233581318468,77.75798390426029,0.017759290891594153,0.5559158760128177,0.0,0.3409284246274327,0.9040355680625888,0.0,20.035838328983512,1.829419829163631,47.26570902102611,2.605313330302186,49.17051562393161,5.18838540937399,9.591216571486546e-06,0.20422688778353806,0.0,0.0,-0.4021738777849558,5.554320381867511,0.4349831864104014,0.22547277726120318,0.4757466190930355,0.21483667681656474,0.8006757600978365,0.03279601211419237,1.1696458519579582,0.30549828941547824,23.0,0.0,0.2388731321542987,2025.0,4.0,1,0.3494530072160541,dj moore,200.0,0.3333333333333333,0.016119673882720786
00-0036613,Jaylen Waddle,WR,MIA,NYJ,3.0043585717051586,7.53379846196048,2.57250989546197,0.0,-0.2453812861435592,0.11725707003326001,66.36377161476082,0.025381347436815315,0.8561658750357566,3.23858592582384e-10,0.1922904926171072,0.7886183521739399,0.0,22.250410581297988,1.0324638968596518,57.702956313649395,1.8157385335175316,47.43839668949089,4.4986172923403025,0.006401986951070867,0.25386886458157604,0.0,0.0,0.06262626685554361,0.6130588727127089,0.5435993860331033,0.1765906230790154,0.4324469747718958,0.34453832343980006,0.715554929248816,0.1473826068021808,0.9355981054798019,0.12229638208323372,24.0,0.0,0.23751922874283093,2025.0,4.0,2,0.3468133029413516,jaylen waddle,155.0,0.39215686274509803,-0.045343559803746436
00-0038597,Chase Brown,RB,CIN,DEN,0.0,0.0,0.0,2.718083048367678,0.0,15.846589013919777,0.0,0.002382247361653837,0.0941929903955193,0.8396684384474603,0.003068352014562348,0.7152426229948734,17.33814037884329,0.0,3.4441531452721352,8.851380285796436,-2.519470892487397,19.741556849277544,3.2569793077516596,0.9111942830864055,0.06910931699189723,0.26313993175183487,-0.7840990207651427,-3.052961480125538,43.07143893656096,0.2903913743533373,0.12865535102530884,0.22894951536598548,0.060232214177897564,0.41671564206272016,0.3109379485277461,0.6156197035613635,0.3177003394940683,18.5,0.37970891072023144,0.02148870924961423,2025.0,4.0,1,0.34606294621989186,chase brown,125.0,0.4444444444444444,-0.09838149822455255
00-0033090,Hunter Henry,TE,NE,CAR,2.524438192535544,5.757317213622625,1.658436390485722,0.0,0.0752028368723373,0.0,40.07991322742272,0.033559668806094727,1.09410460628732,0.0,0.39757653009859356,0.8153110946329788,0.0,21.10697858210018,0.9431697476230653,53.267513205634486,3.165284250923604,49.11877431198111,4.325252944349952,0.0,0.3181012627753755,0.0,0.0,0.0,0.0,0.3756122728855842,0.20936399447664336,0.4710454453749254,0.2887671459068964,0.5098126813332812,0.05566773520615474,0.8733033595020957,0.19671396744361522,24.0,0.0,0.09185719376102484,2025.0,4.0,1,0.3443073841796815,hunter henry,180.0,0.35714285714285715,-0.012835472963175665
00-0037238,Drake London,WR,ATL,WAS,1.9384825926508609,7.63538131658676,1.9425418838710984,0.0,0.5749389798330876,0.017294403106684588,43.500116895765494,0.02355741502009272,0.8839251365943623,0.0,0.22670746692172675,0.8826357099222473,0.0,26.982775348644456,0.8413557743707413,104.00720413448177,1.2021816703394939,72.41381345617943,5.672703441407851,0.0,0.20423798972877272,0.0,0.0,-0.0409832059925525,-0.051883209320053754,0.15168380984012345,0.27385526838815943,0.6598426124310129,0.3584502896672794,0.6089180761904635,0.03541780908718966,1.2514299682851426,0.018039798226821915,22.0,0.0,0.25558954100889936,2025.0,4.0,1,0.3415338226400436,drake london,145.0,0.40816326530612246,-0.06662944266607884
00-0038794,Jaleel McLaughlin,RB,DEN,CIN,0.0,0.0,0.0,1.8578390005816234,0.0,10.606127507280588,0.0,0.0,0.0,0.026894842544930776,0.005932026089456437,0.30059962024259496,9.314314693438229,0.0,-1.0702992631181663,-8.061423852568469,-0.5938344065839067,6.705225116994228,1.7103047838394643,0.380592343987446,0.0050931023947169505,0.24777919611530388,-0.06118224609184876,-0.858325771160996,44.48563215717929,0.026161448370027852,0.061300159984363334,0.06365997383462377,0.7892864205454694,1.0362638012280274,0.4554691715713137,0.7043681432797678,0.013219702737034201,26.0,0.39439406909871577,0.0023197511284496035,2025.0,4.0,4,0.3352145254968039,jaleel mclaughlin,850.0,0.10526315789473684,0.22995136760206708
00-0039337,Malik Nabers,WR,NYG,LAC,3.685411232113535,16.767302229998425,2.5676501273728816,0.0,0.7435065765535098,0.03070186192395092,51.92776779281708,0.047006409890522655,1.6674663237360714,0.0,0.1329481499004504,0.9100992225024708,0.0,56.19126940719284,0.6578932006354219,145.1602120288563,0.639838727103264,80.38878036836941,5.487258960084914,0.0014146799573267269,0.2411401243314098,0.0,0.0,-0.010047563015707818,0.049868700868347736,0.42333532136385565,0.3087027262413863,0.812408925835643,0.26216652691603776,0.3810939476496725,0.08606303301871639,0.7168373821221911,0.1620870522702443,18.75,0.0,0.17285825545034747,2025.0,4.0,1,0.33488798788043533,malik nabers,175.0,0.36363636363636365,-0.028748375755928313
00-0037247,George Pickens,WR,DAL,GB,3.1240607023514926,9.924040980401665,2.113748076080646,0.0,1.2063004346924182,0.019056636071800807,42.91830693122521,0.03878934182053537,1.7403693244203586,3.119734924515251e-08,0.10912232932766107,0.8722477435437139,0.0,30.438689262500223,0.659525380605807,85.56771493497254,0.8821263961661416,54.887191226345124,4.054645755125057,1.169900573295208e-08,0.2640435137986048,0.0,0.0,-0.0023242532228504053,0.06140067405395724,0.5865670136020048,0.1942316348706048,0.5157247806850456,0.22829996872062927,0.4940510400939863,0.11445484759154825,0.6882572454839503,0.004153659864081591,20.25,0.0,0.18172986149493117,2025.0,4.0,2,0.330508654329942,george pickens,155.0,0.39215686274509803,-0.06164820841515606
00-0038117,Wan'Dale Robinson,WR,NYG,LAC,2.3573783874635486,5.558431387166628,2.4607253933492848,0.0,0.8891124483246097,0.014229596389118828,51.33013326616559,0.014986254882727883,0.5398079970313442,0.0,0.06933877460843169,0.7541355318028007,0.0,15.691819348883643,1.2648787177379957,77.3872922550639,2.3675171966171944,62.33734928447193,5.078854563834232,9.65972157254949e-07,0.1465464121128002,0.0,0.0,-0.04225245396055777,0.01681588147798451,0.2841245553783913,0.2305006490856297,0.5160857131266716,0.26216652691603776,0.3810939476496725,0.08606303301871639,0.7168373821221911,0.1620870522702443,18.75,0.0,0.10504994641833945,2025.0,4.0,2,0.32395648741615046,wandale robinson,320.0,0.23809523809523808,0.08586124932091238
00-0039849,Marvin Harrison Jr.,WR,ARI,SEA,2.8979322470792153,11.806434048764169,2.836959203853977,0.0,0.7373517165797384,0.0,56.616615954061295,0.02734655449048275,0.8570106010504194,0.0,0.18012924120027954,0.8395337671258899,0.0,39.36367211248225,0.7176532227683851,77.74565931428798,2.420068612831868,50.04455067836307,3.5999298600011165,0.0,0.18939787255597726,0.0,0.0,0.0,0.0,0.2822296476007071,0.19980063837854792,0.5711822420352922,0.7055833666599866,0.05309517694105782,0.0420286532090999,0.6117392626058678,0.008985472478048156,21.0,0.0,0.11586211489651364,2025.0,4.0,1,0.32360171479306743,marvin harrison,195.0,0.3389830508474576,-0.015381336054390182
00-0035685,David Montgomery,RB,DET,CLE,0.0,0.0,0.0,1.4611038193579584,0.0,11.500163435536791,0.0,0.0,0.0,0.3992709190171898,2.571914924237522e-09,0.3832577864963806,18.671041475419887,0.0,1.3235648245418246,-1.2877794045668292,0.760225021993316,17.712610940937353,2.302789704291767,0.3327760551189493,0.02399433951971117,0.1767212645065389,0.19575547119963368,2.178744575450335,75.46674800111471,0.6811935956174838,0.06711452694899682,0.09987334460289483,0.6949048616323364,0.44644103516771233,0.0005275923189060786,1.2303873418907545,0.0974957082950226,27.25,0.14856488652633143,1.2659229227824182e-05,2025.0,4.0,2,0.3224056907999605,david montgomery,-125.0,0.5555555555555556,-0.23314986475559507
00-0035659,Terry McLaurin,WR,WAS,ATL,1.056515841503444,6.3287657345606085,1.3501837992239998,0.0,0.3381823403193291,0.003459533772124373,31.84074808952538,0.010196258074434923,0.3198955672785005,0.0,0.08450035797583157,0.7822438799541392,0.0,20.177869859164048,0.747663857139545,84.57523698210377,2.3830479597431315,54.60730643411529,4.061928159070537,5.109691316559127e-15,0.13063391038159153,0.0,0.0,-0.00913644258978871,0.0028537309930608996,0.24053936925500638,0.22590244455829075,0.5880323388957314,0.2674356241384136,0.516577451765065,0.34868761084779737,0.6659896258550828,0.5085624792552026,23.5,0.0,0.08700082909902256,2025.0,4.0,1,0.32053325409662525,terry mclaurin,135.0,0.425531914893617,-0.10499866079699177
00-0040170,Elic Ayomanor,WR,TEN,HOU,1.6251450284671904,11.372678843226788,1.6158010940521592,0.0,0.34371341902139385,0.0,64.23135464231355,0.03371858454771215,1.2328767123287672,0.0,0.0,0.7479908675799086,0.0,29.101281546698957,0.7261961886895274,69.62100456621005,4.36216871701973,38.15981735159817,3.5525114155251143,0.0,0.2815829538812785,0.0,0.0,0.0,0.0,0.776255707762557,0.19166333082061815,0.4950794622675279,0.3579077905768634,1.1121417258453545,0.0036656805750712386,0.6954456008193758,0.12296923156323143,15.75,0.0,0.19582562654246033,2025.0,4.0,2,0.31974085459554297,elic ayomanor,390.0,0.20408163265306123,0.11565922194248174
00-0040124,Tetairoa McMillan,WR,CAR,NE,5.295703876588523,11.863328259766618,2.1080034148016016,0.0,0.035827325846790034,0.0,48.731608320649414,0.03805175038051749,0.9132420091324202,0.0,0.22831050228310504,0.8683561643835617,0.0,48.10703614287113,0.8170903047281258,85.09589041095892,1.3137511980279195,69.0958904109589,4.4063926940639275,0.0,0.10784953789954337,0.0,0.0,0.0,0.0,0.0,0.271741866385565,0.7045455155069551,0.04060371560989919,0.761334723213476,0.42482214639908256,1.2707031555694577,0.025105673214297866,18.5,0.0,0.13704474813565756,2025.0,4.0,1,0.31681433971807327,tetairoa mcmillan,170.0,0.37037037037037035,-0.05355603065229708
00-0037240,Jameson Williams,WR,DET,CLE,1.9601431203559214,3.726914521070978,1.7612998939784499,0.0,0.11712588784500536,0.4034551493802236,34.38996057677124,0.0028416553984436568,0.11154035268906254,0.03601509550233965,0.02782823671008169,0.8745957295569632,0.0,12.758710961972113,1.0382499716868316,68.96519947847734,4.0002324311752995,61.73567751324354,3.2968412663059987,0.010304689668695634,0.04224833493089496,0.0,0.0,0.08483930880274984,1.0786121885637348,0.38205039374318156,0.15735613962259312,0.4525794794184056,0.6949048616323364,0.44644103516771233,0.0005275923189060786,1.2303873418907545,0.0974957082950226,27.25,0.0,0.05198181651493416,2025.0,4.0,2,0.3123186939067803,jameson williams,200.0,0.3333333333333333,-0.021014639426553017
00-0038996,Tucker Kraft,TE,GB,DAL,2.914093873434692,2.500128371534791,1.3998900152990432,0.0,0.5957971411505458,0.20539227885401318,27.45330763583792,0.01616718810366514,0.41526059024096273,0.0,0.02939888587134694,0.8854418726904325,0.0,5.590593078628138,1.4959192740704739,28.65173252870553,3.471564060746869,52.5652686450701,3.500399525364372,0.0,0.13202068396033093,0.0,0.0,-0.05588699604148003,0.55778787106573,0.4034120462670023,0.19086537093085437,0.35736867704410846,0.4287761720996243,0.464866842965463,0.025636905687460607,2.070984460710486,0.5497432443790785,27.25,0.0,0.056607323506484966,2025.0,4.0,1,0.3115462477703703,tucker kraft,200.0,0.3333333333333333,-0.021787085562962993
00-0036139,Rico Dowdle,RB,CAR,NE,0.0,0.0,0.0,1.7658632254396058,0.0,11.514916534303174,0.0,0.0031654492173537213,0.10932663511110723,0.41576085716101574,0.02726164110199324,0.46475201819101425,17.957400362590953,0.0,-0.5760864527751838,-3.0847586898338553,-0.3659263413362623,9.039498228853384,1.4295507567728396,0.5007477457543746,0.03119934800980948,0.30445584708138146,-0.7680234022566097,-0.8003442556835237,41.45968038776208,0.42801276603899513,0.05277792042697323,0.06436814149439328,0.04060371560989919,0.761334723213476,0.42482214639908256,1.2707031555694577,0.025105673214297866,18.5,0.3812366464136788,0.013254173987779208,2025.0,4.0,2,0.31152442349871606,rico dowdle,370.0,0.2127659574468085,0.09875846605190755
00-0034796,Lamar Jackson,QB,BAL,KC,0.0,0.0,0.0,0.0,0.0,5.934884905588474,0.0,0.0,0.0,0.1073317861707666,0.0,0.8660937526541027,0.0,0.0,0.0,0.0,0.0,0.0,0.0,0.2810483466474549,0.0,0.0,0.0,2.4302315622015547,45.52404009765883,0.24202583923355117,0.0,0.0,0.07376652489602777,0.7072992784390073,0.00023824669626488088,0.9916837963195584,0.29483912876620205,25.5,0.08286404966671715,0.0,2025.0,4.0,1,0.30791555974795787,lamar jackson,180.0,0.35714285714285715,-0.04922729739489928
00-0034753,Mark Andrews,TE,BAL,KC,1.5093099775126817,5.50918481608801,1.1199270344878158,0.0,-0.16315948313476258,0.40536403598854337,43.678647343688354,0.040254322489962066,1.0825769614283407,0.0,0.15764024465587645,0.7558267360329863,0.0,12.406613190942851,1.1405209726653063,43.834284454398265,3.4603118188908097,45.58395117795514,3.3564655662256926,0.017152882087146413,0.22437571573091422,0.0,0.0,0.13009510783762507,0.554425765270171,0.620383994357542,0.161761376818905,0.35692973988989696,0.07376652489602777,0.7072992784390073,0.00023824669626488088,0.9916837963195584,0.29483912876620205,25.5,0.0,0.016551416820528533,2025.0,4.0,1,0.30120892096529817,mark andrews,235.0,0.29850746268656714,0.002701458278731028
00-0035710,Daniel Jones,QB,IND,LA,0.0,0.0,0.0,0.0,0.0,5.725819969073023,0.0,0.0,0.0,0.45591050390176796,0.0,0.9537997876037433,0.0,0.0,3.3583152534464096e-07,3.547220354308514e-06,2.676472524908112e-07,4.3658096668412485e-06,2.7286310417757803e-07,0.29614241140707026,0.0,0.0,0.0,2.83625054394581,22.458571178298246,0.5331460015735457,8.26857916089489e-09,2.411538742894223e-08,0.5843214394384592,0.041179864316731624,0.024746728993716747,1.1804125011811302,0.37439994217156763,23.0,0.1108757017053557,0.0,2025.0,4.0,1,0.30086137868632995,daniel jones,165.0,0.37735849056603776,-0.07649711187970781
00-0037545,Rashid Shaheed,WR,NO,BUF,3.6334776692761963,12.442011686035379,2.794723232123402,0.0,-0.6086528580881442,0.28588320634345604,56.60960833447544,0.006747933689928091,0.2713841046483914,0.0,0.15565422016592112,0.7579804649143345,0.0,28.626686640815418,0.608063409054133,88.73243084705696,-0.8667654397135772,45.349318273902,3.9924800365038697,0.04135451357151751,0.19966032912956044,0.0,0.0,0.023232024044435532,1.2696283820358925,0.34366133193635096,0.1855549020034644,0.4902642381194669,0.3573954169990003,0.7597672232717286,0.05223135437550944,1.3103762737397842,0.2512623116088044,16.0,0.0,0.2616301580984523,2025.0,4.0,2,0.30067250907648235,rashid shaheed,320.0,0.23809523809523808,0.06257727098124427
00-0038608,Kayshon Boutte,WR,NE,CAR,1.078843603459594,6.598343175075407,1.1079055986250792,0.0,0.4460493739362061,0.0,35.12299492386394,0.02141881680446248,0.6882620729621514,0.0,0.08664528105841524,0.7774464616325697,0.0,16.682465125189527,0.8904912909596927,59.56082255524069,2.583309612701928,48.94179427247417,3.237362951173615,0.0,0.1263130072286663,0.0,0.0,0.0,0.0,0.36555985116148815,0.1341384571405968,0.3705512403597114,0.2887671459068964,0.5098126813332812,0.05566773520615474,0.8733033595020957,0.19671396744361522,24.0,0.0,0.1103095735616068,2025.0,4.0,2,0.30004928106006046,kayshon boutte,205.0,0.32786885245901637,-0.02781957139895591
00-0040128,Tyler Warren,TE,IND,LA,9.156711920826984,4.238929477422628,3.4069860507943885,0.0,2.5916670746068053,0.54337899543379,63.06443429731101,0.007715320421980777,0.2237442922374429,0.0,0.0,0.7710958904109588,0.0,12.66728157611574,3.2997106847296305,31.292237442922374,1.7747007835564599,59.607305936073054,4.2146118721461185,0.0,0.14383561643835616,0.0,0.0,-1.0058288299797544,0.6712328767123287,0.0,0.22856338538908208,0.43059160484938636,0.5843214394384592,0.041179864316731624,0.024746728993716747,1.1804125011811302,0.37439994217156763,23.0,0.0,0.08404623443977836,2025.0,4.0,1,0.2981561750762006,tyler warren,225.0,0.3076923076923077,-0.009536132616107085
00-0039065,Sam LaPorta,TE,DET,CLE,1.987964934456451,3.006437447122581,1.6789371116120386,0.0,0.6243106878793514,8.210645974447456e-05,35.02225510619295,0.007984362915947656,0.26803451010058016,0.0,0.014051728111941669,0.8856758521357063,0.0,12.224976471844041,1.4392938556203552,34.96234439101917,2.5922570405262766,47.120108096115594,4.60893117532357,0.0,0.1609267206560048,0.0,0.0,1.0935746409159865e-05,0.00032842583897789825,0.15498494689790737,0.18385862473138312,0.3980283478412963,0.6949048616323364,0.44644103516771233,0.0005275923189060786,1.2303873418907545,0.0974957082950226,27.25,0.0,0.11182876055040668,2025.0,4.0,1,0.2964285202776826,sam laporta,180.0,0.35714285714285715,-0.06071433686517458
00-0036040,Juwan Johnson,TE,NO,BUF,4.717584034625264,5.344427110537682,3.6227447422900276,0.0,-0.12945776738065118,0.0,61.54235191264702,0.00982627935122913,0.37009504495631157,0.0,0.030278802566116144,0.8705313593233758,0.0,16.445504792276278,1.140503721512432,52.288491504717555,1.9624591986727606,54.68218027391586,5.541496581647812,0.0,0.19757624158786846,0.0,0.0,0.0,0.0,0.24829090717481161,0.2126690451735703,0.44446260164789775,0.3573954169990003,0.7597672232717286,0.05223135437550944,1.3103762737397842,0.2512623116088044,16.0,0.0,0.07061284325139147,2025.0,4.0,1,0.2963687767427593,juwan johnson,265.0,0.273972602739726,0.022396174003033287
00-0037239,Chris Olave,WR,NO,BUF,2.9072727976790858,7.685325869740266,2.626203236668371,0.0,-1.0204872388794188,0.012106085876777762,51.45429268592215,0.029076851465790823,1.1510554442573817,0.0,0.07362103053834437,0.7539885245960691,0.0,31.881308848265917,0.8875641742617627,86.87220642244695,-0.5076687587309768,52.02801854850975,6.547799759310238,0.0,0.2528242249469013,0.0,0.0,0.010712182959177686,0.08474260113744432,0.026588744654966256,0.2677607923179397,0.6140863588569123,0.3573954169990003,0.7597672232717286,0.05223135437550944,1.3103762737397842,0.2512623116088044,16.0,0.0,0.3312948657970695,2025.0,4.0,1,0.28697058149400256,chris olave,215.0,0.31746031746031744,-0.03048973596631488
00-0038933,Dalton Kincaid,TE,BUF,NO,4.167060459725637,5.303048226921524,2.6551891815510857,0.0,1.436635833544627,0.0,51.57198073550112,0.023044254552359093,0.7056085861469864,0.0,0.04902736382550838,0.4999457837001613,0.0,25.024765608722802,1.0990430378324885,37.878207521488704,1.9343378369939912,44.86262961234793,4.0148890504531485,0.0,0.21119746889611588,0.0,0.0,0.0,0.0,0.46732857291890917,0.19201286100560924,0.44208028264745924,0.3152784694454046,0.942060361029898,0.359302358769382,1.4032051717482255,0.0003636361058404368,31.5,0.0,0.06658601474431086,2025.0,4.0,1,0.2863976356742888,dalton kincaid,165.0,0.37735849056603776,-0.09096085489174899
00-0039901,Keon Coleman,WR,BUF,NO,1.0096690431130726,5.209916232558271,0.9214108602957798,0.0,0.15266950017524822,0.10324310710100779,18.055584791304018,0.01496853051969263,0.5443411419195419,0.0,0.12187601009816922,0.7429594051739572,0.0,17.517791504473035,0.9651230712279874,63.297042923576726,1.8426788421762608,40.41691280642481,3.437046300751781,0.0,0.12933299411045876,0.0,0.0,0.08072588273089999,0.9291879639090698,0.2459805188917905,0.17540468309906543,0.4491254648441754,0.3152784694454046,0.942060361029898,0.359302358769382,1.4032051717482255,0.0003636361058404368,31.5,0.0,0.18148072621347852,2025.0,4.0,1,0.2856468751146057,keon coleman,150.0,0.4,-0.11435312488539434
00-0030061,Zach Ertz,TE,WAS,ATL,1.7393374658953524,4.167701518564851,1.6737465952651582,0.0,0.4695598708646698,1.5730014951611937e-08,45.81175045551221,0.00793742208441913,0.2787314129816226,7.865007475805968e-09,0.14205529408702008,0.6821302212109009,0.0,10.12203965540479,1.1587538803545758,37.46955178331548,2.6227708479927365,42.94243879876153,4.022728010091085,3.225348345505069e-09,0.20566181782418017,0.0,0.0,7.161761474225117e-09,6.292005980644775e-08,0.5890874102935252,0.17122179779404625,0.37361610624843483,0.2674356241384136,0.516577451765065,0.34868761084779737,0.6659896258550828,0.5085624792552026,23.5,0.0,0.05500129661125034,2025.0,4.0,1,0.2854066756949457,zach ertz,235.0,0.29850746268656714,-0.013100786991621427
00-0035640,DK Metcalf,WR,PIT,MIN,2.0844991229944765,5.986326459398868,1.1574854652604551,0.0,1.7041109391419926,2.643743612691815e-09,32.25949196835855,0.025792322806178727,0.7216593419197483,0.0,0.06394642274365558,0.8951658308564702,0.0,17.454682358747313,1.0792704229890182,50.94761534360619,2.7020113752693256,43.55378440163519,3.2610174640389866,0.0,0.2292371578310153,0.0,0.0,5.880783589788318e-10,1.586246167615086e-08,0.672163187584749,0.19093868866522012,0.5010474723873959,0.35216730370220917,0.7297758142853682,0.10651161587439915,0.4248873546525681,0.15310704424946572,19.0,0.0,0.09739996957889333,2025.0,4.0,1,0.2841042422498971,dk metcalf,145.0,0.40816326530612246,-0.12405902305622535
00-0037267,Jerome Ford,RB,CLE,DET,0.0,0.0,0.0,0.3357611434453224,0.0,4.768676049967883,0.0,0.0008610748890433117,0.03530284015811395,0.09971016230466036,3.313291808689847e-06,0.4563293938690549,0.05274603939828957,0.0,-1.3392475813050113,-4.066707641099224,-0.9447335328903251,13.141665122272194,3.114703966176831,0.17380807710773122,0.1741616370199958,0.05325888435653696,0.30651829921773976,-0.04162469036629794,24.037825417567316,0.12447542406879565,0.09368977600236612,0.12886813670520103,0.8232112770395787,0.8174109974476873,0.10732470051434657,1.162400031145099,0.2182339438567026,17.25,0.1420726336730951,0.018691845534259385,2025.0,4.0,2,0.2814056674533651,jerome ford,650.0,0.13333333333333333,0.14807233412003176
00-0030506,Travis Kelce,TE,KC,BAL,4.59916440951322,4.62619253554539,2.6609717886261164,0.0,0.3155453358105538,0.0006979379335500051,53.953424674123404,0.01100846508136115,0.35906104454051596,0.00013958170922375408,0.11027316806877772,0.8068195651022622,0.0,13.31974374397895,1.24050313589667,39.742845928274825,1.0801200957143278,46.05080109157164,4.440193306512442,8.724314546828747e-05,0.28687183493624674,0.0,0.0,-6.435673923670743e-05,0.0006980308565652852,0.26259355194643874,0.1984222814847374,0.397307630052553,0.3377614893793184,1.43789244501132,0.2678564152043463,0.7921279836840369,0.33670826126707726,23.0,0.0,0.09689425822904468,2025.0,4.0,1,0.2808626413085348,travis kelce,170.0,0.37037037037037035,-0.08950772906183557
00-0036567,Elijah Mitchell,RB,KC,BAL,0.0,0.0,0.0,1.4091826219002614,0.0,10.162931813989681,0.0,0.0,0.0,0.3928021545111596,0.0,0.3142737527474666,23.248206890398073,0.0,0.8112768364232815,0.8756746940460264,-0.027846212091214805,4.284156993985634,0.7552117358383754,0.38385515014323357,0.009164578464542926,0.281157468583138,0.3426195651309219,-0.4726783837671404,42.99037006844726,0.5177219467525552,0.030565844942001156,0.0481156258832675,0.3377614893793184,1.43789244501132,0.2678564152043463,0.7921279836840369,0.33670826126707726,23.0,0.5519424203696415,0.0024547911343714202,2025.0,4.0,4,0.2782369487203176,elijah mitchell,2000.0,0.047619047619047616,0.23061790110127
00-0035662,Marquise Brown,WR,KC,BAL,4.280754143915932,8.443048157820142,2.5003025300296473,0.0,-0.9225834110716594,0.025643667066707093,65.42723505038843,0.0020635791524312944,0.07964545575637029,0.0,0.024310919925343396,0.693951919181917,0.0,24.192970167250486,0.7643929912923461,69.33986276304944,0.5595185373543468,47.060956181104046,4.951139060620092,0.0,0.09834600323347759,0.0,0.0,-0.03120775988447734,-0.12775862194389065,0.013880844143003447,0.21738005012307302,0.5016155280978194,0.3377614893793184,1.43789244501132,0.2678564152043463,0.7921279836840369,0.33670826126707726,23.0,0.0,0.07790262124471838,2025.0,4.0,2,0.27790401411382964,marquise brown,205.0,0.32786885245901637,-0.049964838345186724
00-0037816,Romeo Doubs,WR,GB,DAL,2.1598724515222925,6.19428140149021,1.301541975053198,0.0,-0.019531627273392447,3.2102073731679804e-08,27.008778684110364,0.017894969944702528,0.4762804732120171,0.0,0.15904595592967513,0.7851893815567387,0.0,12.474351934598221,1.1383661499813527,57.980795587151064,2.669062030194454,38.08532144743854,2.900699824375233,0.0,0.16207955764754756,0.0,0.0,1.663801296189615e-08,3.531228110484779e-07,0.26703960506810687,0.16934733178861794,0.43333395700504795,0.4287761720996243,0.464866842965463,0.025636905687460607,2.070984460710486,0.5497432443790785,27.25,0.0,0.33566424528690036,2025.0,4.0,2,0.2778330410160246,romeo doubs,195.0,0.3389830508474576,-0.06115000983143304
00-0036407,Jerry Jeudy,WR,CLE,DET,2.247993914360956,11.988401544715675,1.96911869613081,0.0,0.27020526177111825,2.3949275262457313e-06,43.8225355910491,0.00806311480602835,0.2971142963910555,0.0,0.042583004502133974,0.8842110116196937,0.0,37.61426056560528,0.5283647787400461,96.72344981890508,-0.8058592960870194,52.55152696604395,4.3317720974824185,0.0,0.08207424691078286,0.0,0.0,1.7465087631488557e-06,3.103429160588714e-05,0.051066231600107356,0.22188374417679108,0.5802562025263971,0.8232112770395787,0.8174109974476873,0.10732470051434657,1.162400031145099,0.2182339438567026,17.25,0.0,0.09540310716530453,2025.0,4.0,1,0.27315600376938903,jerry jeudy,255.0,0.28169014084507044,-0.008534137075681403
00-0036875,Rhamondre Stevenson,RB,NE,CAR,0.0,0.0,0.0,1.1083178227390613,0.0,8.048296250911578,0.0,0.00024362767865398964,0.009471635198396364,0.7165089315049601,0.029510841733674728,0.5288064104865097,11.457059085805014,0.0,3.041199139288731,6.925113490737656,2.4339514687024577,34.975631264414496,2.6508015415278323,0.5826865904614275,0.03443334363267208,0.21374349071635895,0.4827931864497793,-3.642467900334392,33.046688459574234,0.09162168528319012,0.09994999660195045,0.18225552166746872,0.2887671459068964,0.5098126813332812,0.05566773520615474,0.8733033595020957,0.19671396744361522,24.0,0.2970610130600878,0.0019168262556061237,2025.0,4.0,1,0.27239277770341686,rhamondre stevenson,165.0,0.37735849056603776,-0.10496571286262091
00-0039910,Jayden Daniels,QB,WAS,ATL,0.0,0.0,0.0,0.0,0.0,8.710887593433595,0.0,0.0,0.0,0.08027478408408954,0.0,0.9152108116812614,0.0,0.0,0.0,0.0,0.0,0.0,0.0,0.45403044977138557,0.0,0.0,0.0,2.744009475581795,50.25991307967236,0.06298256361355775,0.0,0.0,0.2674356241384136,0.516577451765065,0.34868761084779737,0.6659896258550828,0.5085624792552026,23.5,0.23090285119309056,0.0,2025.0,4.0,1,0.2711657941094765,jayden daniels,245.0,0.2898550724637681,-0.018689278354291627
00-0036410,Tee Higgins,WR,CIN,DEN,1.0264003625103655,6.1673429021549016,0.9075352240257472,0.0,0.996966772076945,1.7931001922998738e-10,32.973933357138684,0.027948870397809755,1.0158610238706827,0.0,0.14486144254159541,0.8001238362850452,0.0,17.280838077022462,0.6604617130711776,68.36747083074376,3.422330831298148,47.64159867557598,3.5510429930628162,0.0,0.10840957335891903,0.0,0.0,1.6117807785715434e-11,7.841997001471705e-10,0.4115455000848684,0.1634793041292005,0.45642370067249,0.060232214177897564,0.41671564206272016,0.3109379485277461,0.6156197035613635,0.3177003394940683,18.5,0.0,0.06673906941443163,2025.0,4.0,2,0.27062335131135606,tee higgins,190.0,0.3448275862068966,-0.07420423489554051
00-0039894,Xavier Worthy,WR,KC,BAL,4.180562266735451,3.5489197252453004,2.738255338171592,0.0,0.615196048910044,1.6483874367816975,48.53410918169037,0.010473847740852747,0.42527443471147053,0.0020810342007073534,0.004722871736284497,0.5589722765548772,0.0,11.700049144395981,3.191501563909943,34.75545081760285,1.7293843111642313,40.818109811713825,4.287709875683849,0.11006550988195751,0.20575087052213728,0.0,0.0,-0.17951197009947167,7.359252423729713,0.5023051068113573,0.16483018596498156,0.3396500227304774,0.3377614893793184,1.43789244501132,0.2678564152043463,0.7921279836840369,0.33670826126707726,23.0,0.0,0.16298102220793595,2025.0,4.0,1,0.26926873496843773,xavier worthy,190.0,0.3448275862068966,-0.07555885123845885
00-0034857,Josh Allen,QB,BUF,NO,0.0,0.0,0.0,0.0,0.0,6.886481545492849,0.0,0.0,0.0,0.21867157145258867,1.3068862367527189e-11,0.9507708407419476,0.0,0.0,0.0,-1.7727207987089878e-12,8.135809034857516e-13,4.254529916901568e-12,3.5454415974179745e-13,0.21865030494790108,4.710831754985391e-12,0.0,0.0,3.8353670323668507,37.05147839860914,0.39386421330356897,7.878759296152602e-15,7.73621544421087e-15,0.3152784694454046,0.942060361029898,0.359302358769382,1.4032051717482255,0.0003636361058404368,31.5,7.950914543207875e-05,0.0,2025.0,4.0,1,0.26725914439122345,josh allen,-160.0,0.6153846153846154,-0.34812547099339197
00-0038611,Chris Rodriguez Jr.,RB,WAS,ATL,0.0,0.0,0.0,1.274608078011844,0.0,6.973516707490006,0.0,0.0,0.0,0.16052731238369652,0.0,0.2362199029977005,21.46150666824832,0.0,2.4391761435460704,0.13155207040098907,0.24419133103289434,2.735591319198963,0.24178616491920712,0.20758371375490717,0.0,0.16557812449507703,0.29980655861542493,-0.018464766412985188,27.97363488758244,0.3081994860171995,0.006946287148662355,0.010712801696355818,0.2674356241384136,0.516577451765065,0.34868761084779737,0.6659896258550828,0.5085624792552026,23.5,0.10723306587943861,0.0,2025.0,4.0,2,0.2609966927130534,chris rodriguez,175.0,0.36363636363636365,-0.10263967092331022
00-0033885,David Njoku,TE,CLE,DET,3.688956183387705,5.6770122771462725,2.350394918818652,0.0,1.3569137849635247,1.8222205613042748e-06,67.34775993353688,0.01193598925039534,0.5146201861525462,0.0,0.07915764134473247,0.7977467110510315,0.0,17.193356951912428,1.1659342994694253,45.553286532705165,-1.7415346653693902,43.421277740865754,5.139256582007743,0.0,0.16785235473786572,0.0,0.0,-2.5074531615862387e-06,-4.385334691945948e-06,0.14635959163476747,0.20669453307343613,0.42245183985125334,0.8232112770395787,0.8174109974476873,0.10732470051434657,1.162400031145099,0.2182339438567026,17.25,0.0,0.13817795129785881,2025.0,4.0,1,0.26017220723399276,david njoku,300.0,0.25,0.010172207233992758
00-0033923,Kareem Hunt,RB,KC,BAL,0.0,0.0,0.0,1.2514875197771156,0.0,9.110394041241749,0.0,0.0004674168402216944,0.017294421379968297,0.5105680798302966,0.010765781599602087,0.4244676251071364,13.11583892001931,0.0,-0.9865125999580991,-2.6390858824900905,0.22753278189158704,8.5316581514996,1.2182575904932507,0.3996065432951263,0.012229023060455837,0.23367761028827017,-0.10432636559601692,-0.19629218018984862,31.947580335913376,0.4915411061093402,0.043403097708489234,0.05917928672521438,0.3377614893793184,1.43789244501132,0.2678564152043463,0.7921279836840369,0.33670826126707726,23.0,0.574591229581151,0.003275622278424984,2025.0,4.0,2,0.25914807063010586,kareem hunt,200.0,0.3333333333333333,-0.07418526270322745
00-0035243,Miles Sanders,RB,DAL,GB,0.0,0.0,0.0,0.2654177790226063,0.0,6.685208492313933,0.0,4.4826197921067065e-13,1.793047916842681e-11,0.26792421367568886,0.0,0.29886988670658615,1.2197374749586,0.0,0.47679009773332054,4.127206411743997,-0.7191437400119286,10.872937923158457,2.2460696872740447,0.5232844223052275,0.03784378398840877,0.03665256785793073,-0.11955869882354571,-0.48172799309080827,31.958339091305923,0.31885593532226747,0.06261640280599767,0.1011996584424407,0.22829996872062927,0.4940510400939863,0.11445484759154825,0.6882572454839503,0.004153659864081591,20.25,0.2585292131048784,0.0043314045286808,2025.0,4.0,2,0.25842958560487317,miles sanders,450.0,0.18181818181818182,0.07661140378669135
00-0037837,Calvin Austin III,WR,PIT,MIN,1.801872077768348,8.132888987106844,1.4148151622559588,0.0,-0.07822357774891586,0.000734051019852113,41.46053186817498,0.019190706332454427,0.4871827795236064,0.0,0.0029659903366670106,0.7499409065356598,0.0,34.9988782384865,0.5173887672089507,66.2092573317848,-0.1610335785246143,35.06919569238488,2.505795609890171,3.3233482066973354e-05,0.21466758494994376,0.0,0.0,0.0007273665979573205,0.005979588201487751,0.4814503588451741,0.16790651802817283,0.5631887422478302,0.35216730370220917,0.7297758142853682,0.10651161587439915,0.4248873546525681,0.15310704424946572,19.0,0.0,0.09120954229903705,2025.0,4.0,2,0.2584029639994575,calvin austin,270.0,0.2702702702702703,-0.011867306270812783
00-0036550,Rashod Bateman,WR,BAL,KC,1.235680442798866,6.705385730602,1.4580335668696416,0.0,0.012013448005686987,1.971370888278689e-05,31.853487346387627,0.02060141367221295,0.5639583210189789,0.0,0.11210805247242801,0.6408048634322117,0.0,16.951428618344778,0.6234675930311152,61.794334074768955,2.2465386885427403,39.32538847767708,3.191547021882878,0.0,0.10592640758552356,0.0,0.0,4.9703160508044296e-05,0.00035484675989016416,0.5326703507190784,0.19615844802554983,0.4641484821832363,0.07376652489602777,0.7072992784390073,0.00023824669626488088,0.9916837963195584,0.29483912876620205,25.5,0.0,0.10504550200490487,2025.0,4.0,2,0.25741954172469,rashod bateman,280.0,0.2631578947368421,-0.0057383530121520865
00-0034351,Dallas Goedert,TE,PHI,TB,2.400023623865872,3.071262726034029,1.8341708461119786,0.0,-0.37131921457422273,0.001424268453156625,45.264469673487845,0.012364376083969137,0.25925769087226413,0.0,0.07407145136890553,0.7149727688177552,0.0,13.692543412889401,1.1822402233816032,32.96767864110027,2.3473737519304363,40.28060862435838,3.621114421761003,0.00012947894899217644,0.15742381005516407,0.0,0.0,-0.000654534145968772,0.001424268453156625,0.4416286038183109,0.187907539449216,0.4116464129223238,0.023104560071346827,0.28221743665901144,0.16291839021267027,1.2319525841005978,0.19147953207946578,23.5,0.0,0.003637207876079831,2025.0,4.0,1,0.25716331108234974,dallas goedert,380.0,0.20833333333333334,0.0488299777490164
00-0039165,Zach Charbonnet,RB,SEA,ARI,0.0,0.0,0.0,2.4484653656620767,0.0,12.247443029339308,0.0,0.0,0.0,0.450068720218288,0.0,0.5932543867376213,25.553501019375442,0.0,-0.1308418428126785,-1.8871458133644494,-0.13149170850160358,6.518240006215762,0.889014391159615,0.46471403946532064,0.0019789120328871203,0.24980117049450812,-0.7782406700946962,-2.8228501076038577,36.297296551450714,0.32859609292025893,0.038411697431640454,0.043003002054793724,0.019376504573782847,0.38211256336786525,0.6345982734096645,0.7079521683734823,0.1904379205373603,22.5,0.17757307285312895,0.0012558141592997757,2025.0,4.0,2,0.254107782344213,zach charbonnet,185.0,0.3508771929824561,-0.09676941063824313
00-0036919,Kenneth Gainwell,RB,PIT,MIN,0.0,0.0,0.0,0.31111550865906046,0.0,5.448541521751714,0.0,0.0,0.0,0.20605474489921408,1.2589255550685634e-09,0.3574945021481799,3.764377684360027,0.0,-4.33003914633406,-1.4704443585739448,-0.7623682276935598,10.338672890848597,1.8884280045021908,0.19731104054899548,0.016706172621701723,0.019828832288779713,-0.28012556136884503,-1.3923110278525794,16.77441778801867,0.3173239744381386,0.09177085293209698,0.12564113021083564,0.35216730370220917,0.7297758142853682,0.10651161587439915,0.4248873546525681,0.15310704424946572,19.0,0.14399282528413648,0.0017794014410140978,2025.0,4.0,2,0.25385578705497863,kenneth gainwell,360.0,0.21739130434782608,0.03646448270715255
00-0037258,Dameon Pierce,RB,HOU,TEN,0.0,0.0,0.0,0.6000147154705242,0.0,6.227462020932864,0.0,0.0,0.0,0.003381671937039331,9.659742882477683e-06,0.23475171297446437,7.842268787484468,0.0,-0.05073318553240492,-1.666702464083687,-0.491902978240328,0.2192543776184879,0.1106665870222898,0.20364720586366977,0.030024286740808162,0.1563653630722558,1.2934995402552965,0.5277331113690644,43.05909808784793,0.22967118984550575,0.029624098748708822,0.03785597929443399,0.24573912331260728,1.6263770821484274,0.05164639410319531,1.0620731932420067,0.08385619811716438,22.75,0.33120714846023536,0.0015506461456831198,2025.0,4.0,4,0.2534608725195343,dameon pierce,390.0,0.20408163265306123,0.04937923986647308
00-0035229,T.J. Hockenson,TE,MIN,PIT,1.863145258272234,5.24422645087006,2.007323282674127,0.0,0.36714649462171856,2.1772365460376668e-10,42.919550496841865,0.016066656668410957,0.43364864119290786,0.0,0.3179941363212089,0.7111987482880816,0.0,14.053822888948012,0.8774282754048097,39.965933701481504,0.9693694580906382,32.67575409810212,3.3585051529151144,0.0,0.17638489132640395,0.0,0.0,-1.0870707510483109e-09,0.0,0.30176172016629293,0.19658317669746425,0.4179662795838077,1.0123321386521649,0.5071851035127225,0.0015724687248208065,0.8155974940769841,0.3414007827103336,21.5,0.0,0.1785600942623882,2025.0,4.0,1,0.25316285531812643,tj hockenson,255.0,0.28169014084507044,-0.028527285526944002
00-0036309,Darnell Mooney,WR,ATL,WAS,3.182193424070405,9.064555646847568,2.448753840484327,0.0,-0.7892669451695093,7.011703887217995e-05,34.74256872096956,0.020154954082459632,0.42475382248419347,0.0,0.0019774092657098663,0.8992615258197834,0.0,25.72794559222772,0.5518402392332221,78.67796067251435,-0.9225979344411823,44.33815027872243,3.1600297695838617,8.460656197592952e-06,0.07037082619299062,0.0,0.0,-2.6420609532686143e-05,0.00018047977162781966,0.024493724316664016,0.2031089508807313,0.5277815883506275,0.3584502896672794,0.6089180761904635,0.03541780908718966,1.2514299682851426,0.018039798226821915,22.0,0.0,0.08806416079089353,2025.0,4.0,2,0.25123464230617015,darnell mooney,260.0,0.2777777777777778,-0.026543135471607637
00-0035719,Deebo Samuel Sr.,WR,WAS,ATL,3.4657408653112425,1.9693699375235356,2.5433438513039732,0.0,0.7627543530380998,2.0990370067278104,40.7691960563209,0.00023996554413463207,0.006780141404259454,0.0011556321507663397,0.03548059549019486,0.7011912813071147,0.0,6.681643628741172,3.136579529141618,21.30918377176514,1.7950229374664972,35.839492231921895,4.205389871089593,0.052830841250769325,0.08472212663190762,0.0,0.0,0.39611978937852654,12.607696690463165,0.5382344658387064,0.19722409129143165,0.3557751670186186,0.2674356241384136,0.516577451765065,0.34868761084779737,0.6659896258550828,0.5085624792552026,23.5,0.0,0.056424057417231104,2025.0,4.0,2,0.24927423841600807,deebo samuel,145.0,0.40816326530612246,-0.1588890268901144
00-0037261,Khalil Shakir,WR,BUF,NO,2.7763958774232793,4.2140139643070045,1.855316962267426,0.0,0.07354683595288723,0.007270936113135455,29.381682694125416,0.004399187724946162,0.13974732073453972,0.0,0.016811520263187173,0.6407599837810838,0.0,9.784111150419339,0.6704891586536612,34.056531050967436,1.5943685069016154,39.73464833863705,3.702359336249911,2.2797794995666437e-05,0.11359733518332026,0.0,0.0,-0.0034177176087674737,0.01727760748896412,0.3878978466621782,0.1722603516204445,0.34217660930888083,0.3152784694454046,0.942060361029898,0.359302358769382,1.4032051717482255,0.0003636361058404368,31.5,0.0,0.15940036822605164,2025.0,4.0,2,0.24787823638033804,khalil shakir,205.0,0.32786885245901637,-0.07999061607867833
00-0037838,Isaiah Likely,TE,BAL,KC,2.40356263819027,3.5419881203256884,1.6234984003147215,0.0,-0.029592528285543998,0.0,26.770832490334787,0.01691573551097827,0.35025180896276864,0.0,0.012884519875791454,0.6315292274545804,0.0,6.852587155575253,2.2208208769555973,29.30938894549933,2.393745081039964,28.390418134785964,2.5487142237912326,0.0,0.1622690250574114,0.0,0.0,0.0,0.0,0.4428032318184439,0.12843924767252393,0.26984761638008725,0.07376652489602777,0.7072992784390073,0.00023824669626488088,0.9916837963195584,0.29483912876620205,25.5,0.0,0.01197002207675169,2025.0,4.0,2,0.24587855235798736,isaiah likely,255.0,0.28169014084507044,-0.035811588487083074
00-0036265,AJ Dillon,RB,PHI,TB,0.0,0.0,0.0,0.5305142231560503,0.0,6.691113571150531,0.0,2.5847834900598653e-05,0.0006978915423161647,0.11511082227162953,0.000698027973868253,0.25583490621616756,3.9308869866319687,0.0,-1.8554710756653114,0.01995684911647095,0.07840862453612187,5.464063497879304,0.48878812850340164,0.2410401148364476,0.006439503512337125,0.07429653797226399,-0.11587280363412476,-0.6483853397095176,25.495383508607325,0.10841155663877397,0.01716878175244096,0.025377024259311088,0.023104560071346827,0.28221743665901144,0.16291839021267027,1.2319525841005978,0.19147953207946578,23.5,0.06802572334113599,0.0010491135459988004,2025.0,4.0,3,0.2450708443925588,aj dillon,1300.0,0.07142857142857142,0.17364227296398738
00-0034837,Calvin Ridley,WR,TEN,HOU,5.022472745732174,13.840050791364588,2.921625421113659,0.0,2.0400846322279778,0.31921714219343056,43.90518372386767,0.007514704637926003,0.24517934117993997,0.0,0.013023206350951111,0.8451879127465263,0.0,38.302540357855264,0.5668047770684083,87.59321758153789,0.04022356770799072,48.56796984536277,2.840279150375201,0.0002472364501766658,0.07011978052948516,0.0,0.0,-0.12599076706489307,0.9017582553137736,0.057250019064186135,0.2195743029691376,0.598247686256672,0.3579077905768634,1.1121417258453545,0.0036656805750712386,0.6954456008193758,0.12296923156323143,15.75,0.0,0.048764492899650576,2025.0,4.0,1,0.24475804216901073,calvin ridley,265.0,0.273972602739726,-0.02921456057071528
00-0037664,Alec Pierce,WR,IND,LA,1.3332328034233933,11.7452006072536,1.2618927010000163,0.0,-0.0833214921167198,0.0,47.702610787625545,0.02045113135411555,0.6840478421014651,0.0,0.03600901436744095,0.7341432482332935,0.0,27.118960003827947,0.6802295737122205,90.80438752583729,3.296020076395667,59.04937610717126,3.075224876898029,0.0,0.08114630912783279,0.0,0.0,0.0,0.0,0.22584892683266536,0.1568061293187413,0.49280570597322054,0.5843214394384592,0.041179864316731624,0.024746728993716747,1.1804125011811302,0.37439994217156763,23.0,0.0,0.09578611771920227,2025.0,4.0,2,0.24397779313118673,alec pierce,390.0,0.20408163265306123,0.0398961604781255
00-0036945,Justin Fields,QB,NYJ,MIA,0.0,0.0,0.0,0.0,0.0,5.651934099038645,0.0,0.0,0.0,0.14889067161105524,0.0,0.5279080431462105,0.0,0.0,0.0,0.0,0.0,0.0,0.0,0.12119742334168958,0.0,0.0,0.0,-0.053451370389083715,34.43380591333716,0.28075664766339076,0.0,0.0,0.7788053390377815,0.35354229997402575,0.1163646934377183,1.2649144653986988,0.504090383907069,21.5,0.06109445566085986,0.0,2025.0,4.0,1,0.2399943398452178,justin fields,195.0,0.3389830508474576,-0.0989887110022398
00-0038041,Jake Ferguson,TE,DAL,GB,2.96507239644941,3.739732559024279,2.8844863944079235,0.0,-0.023387438289195747,0.0,67.53784887331047,0.009737548003469258,0.404433348068602,0.0,0.07586192395932172,0.6488620403651352,0.0,12.792689316982504,1.3912152920937932,40.079748253469404,-0.5932087689572522,52.351453430072155,7.6217461466483964,0.0,0.0634285240734045,0.0,0.0,0.0,0.0,0.0002090007413741784,0.22689236199566712,0.4346623549521939,0.22829996872062927,0.4940510400939863,0.11445484759154825,0.6882572454839503,0.004153659864081591,20.25,0.0,0.014480730061953929,2025.0,4.0,1,0.23666471684040286,jake ferguson,215.0,0.31746031746031744,-0.08079560061991459
00-0038979,Cedric Tillman,WR,CLE,DET,1.0098737655385068,6.138997529683541,1.0866711865559062,0.0,0.05772041902461379,0.01764119803047791,25.379214378442544,0.013356320232895152,0.6179384186907565,0.0,0.2228259999971572,0.8009285852599736,0.0,16.292250497651946,0.7544282399502159,58.3233211957279,0.05054071244271222,36.06845916171509,3.2826408790112303,0.0,0.14352713633553763,0.0,0.0,-0.04159261920912087,-0.08375920400042736,0.44283689891199185,0.14860558939607058,0.3498845693297193,0.8232112770395787,0.8174109974476873,0.10732470051434657,1.162400031145099,0.2182339438567026,17.25,0.0,0.16683594774659583,2025.0,4.0,2,0.2366383691154138,cedric tillman,330.0,0.23255813953488372,0.004080229580530087
00-0038104,Tyquan Thornton,WR,KC,BAL,1.2801157635895581,12.19326105345189,1.7296965454374664,0.0,0.23246708444180167,0.01922489872225767,25.576158013592895,0.02244830184139229,0.7437938856990066,4.928585873085273e-06,0.3002670728295773,0.5940086731713247,0.0,28.261185946307215,0.35632611683913296,112.12581488224619,2.081542562756243,43.27026711489031,2.5737882898997433,0.0014573248223326454,0.0731985333315712,0.0,0.0,0.019909913408793747,0.27994224330407974,0.5105246762015162,0.1536440754537043,0.5011076929586152,0.3377614893793184,1.43789244501132,0.2678564152043463,0.7921279836840369,0.33670826126707726,23.0,0.0,0.05798260661656626,2025.0,4.0,3,0.23496257014559085,tyquan thornton,425.0,0.19047619047619047,0.04448637966940039
00-0034383,Dalton Schultz,TE,HOU,TEN,2.0455146096965455,4.079851882517278,2.411202266810517,0.0,0.2909406389667408,0.0,42.89733691876733,0.010548529718431265,0.4030375054153374,0.0,1.8750103588508253e-05,0.6812082423966663,0.0,9.520109070167168,1.1005938089404865,31.74386218862223,1.2036216305602387,32.557517206994596,3.6514719603307224,0.0,0.19357213915568985,0.0,0.0,0.0,0.0,0.07520939590600716,0.16867412712064248,0.34548147047589184,0.24573912331260728,1.6263770821484274,0.05164639410319531,1.0620731932420067,0.08385619811716438,22.75,0.0,0.047568247773865244,2025.0,4.0,1,0.22938650157074214,dalton schultz,295.0,0.25316455696202533,-0.023778055391283193
00-0037291,Jalen Nailor,WR,MIN,PIT,1.446143105529237,8.227107441795336,1.7560518864097543,0.0,0.06504139713540279,0.01193479567952668,38.07933143170724,0.0033999932517705875,0.12738182840539955,0.0006783140529825345,0.01012030277962537,0.7620893268232672,0.0,18.641793602447358,0.7782070710740914,52.09460539974359,0.4553897782232426,34.619898033929964,2.5211573127338838,0.0013501302912409543,0.13816368597104364,0.0,0.0,-0.01703220272928007,-0.055054380101204156,0.09855631197798384,0.16443012299932186,0.4126851295951452,1.0123321386521649,0.5071851035127225,0.0015724687248208065,0.8155974940769841,0.3414007827103336,21.5,0.0,0.11268595605042256,2025.0,4.0,3,0.22921447162174052,jalen nailor,500.0,0.16666666666666666,0.06254780495507387
00-0037256,Rachaad White,RB,TB,PHI,0.0,0.0,0.0,0.8996989166386544,0.0,6.893733140012107,0.0,9.71118667844391e-07,2.8162441367487384e-05,0.2790511739130464,0.03626386901172172,0.35602297148618295,11.859013031230683,0.0,-1.1366696911488732,-5.43260761396787,-0.5653005978728057,8.177993178410517,1.8715610885549079,0.267185905933063,0.09655105735068463,0.19648453892812232,0.6212406756900404,0.36180513194509667,33.38925274878092,0.3443723411113756,0.05909290518537077,0.07446982483618064,0.10311033522107635,0.3441414372139988,0.30033540107654144,0.9695448207280812,0.2193591660366339,20.0,0.0919497416711286,0.028997700533782023,2025.0,4.0,2,0.22723012111315793,rachaad white,330.0,0.23255813953488372,-0.005328018421725783
00-0040242,Jacory Croskey-Merritt,RB,WAS,ATL,0.0,0.0,0.0,0.6355829528158295,0.0,7.168949771689498,0.0,0.0,0.0,0.18264840182648404,0.0,0.32680365296803654,2.2374429223744294,0.0,-0.3805175038051749,-1.9406392694063928,-0.5416436853933416,2.2831050228310503,0.4566210045662101,0.22678843680365296,0.0,0.11187214611872145,0.875687902364422,1.020570575141085,35.652968036529685,0.680365296803653,0.041074021588901166,0.05147788285027938,0.2674356241384136,0.516577451765065,0.34868761084779737,0.6659896258550828,0.5085624792552026,23.5,0.11715379277381352,0.0,2025.0,4.0,1,0.2271576029095517,jacory croskeymerritt,170.0,0.37037037037037035,-0.14321276746081865
00-0036970,Kyle Pitts,TE,ATL,WAS,3.652672062816603,4.6737619932862,2.9804330824844167,0.0,0.2487011551431824,1.6235086813365887e-06,57.24675285159727,0.005167318593610881,0.16830627562674597,0.0,0.00016354650304556986,0.6966424481069752,0.0,11.257924072996358,1.5335875756490527,32.44114692780884,0.41254241606661135,36.102380621872285,3.8899403157252936,0.0,0.07329944866393587,0.0,0.0,-2.6807436253197403e-06,-6.494034725346355e-06,0.07670414010149113,0.16350453475295082,0.3404535534270974,0.3584502896672794,0.6089180761904635,0.03541780908718966,1.2514299682851426,0.018039798226821915,22.0,0.0,0.026274208606039687,2025.0,4.0,1,0.22336686774214995,kyle pitts,340.0,0.22727272727272727,-0.003905859530577316
00-0031610,Darren Waller,TE,MIA,NYJ,3.674092960351423,6.575264373657368,3.127196691742209,0.0,0.06609689350592435,0.0,66.15722844498924,0.003201337589059591,0.10294592031530499,0.0,0.03788138430308738,0.5856042951327681,0.0,15.42502763466835,1.0255230585634747,43.79771745697389,1.7414371524443635,44.03651114606438,4.25342638655799,0.0,0.03477428480632871,0.0,0.0,0.0,0.0,0.055276219392953886,0.1873964072288121,0.44956282199341563,0.34453832343980006,0.715554929248816,0.1473826068021808,0.9355981054798019,0.12229638208323372,24.0,0.0,0.011981073785990606,2025.0,4.0,1,0.22184986847728713,darren waller,340.0,0.22727272727272727,-0.005422858795440133
00-0034775,Christian Kirk,WR,HOU,TEN,4.506343850410985,10.214694781585699,2.0173326956856843,0.0,1.425579327305637,0.0011084835466750901,32.28412856105275,0.012182222351447058,0.32219934035180997,0.0,0.09415320852656955,0.6569189301376436,0.0,24.550305679562605,0.5783743346291279,84.02768379605065,-1.9525001436997256,42.537721264367846,2.8780410783250305,0.0,0.0758815371002364,0.0,0.0,-0.0006219381499576311,0.006253633279632028,0.054564883981514774,0.18967494237649368,0.5035059242451785,0.24573912331260728,1.6263770821484274,0.05164639410319531,1.0620731932420067,0.08385619811716438,22.75,0.0,0.08059174641615988,2025.0,4.0,2,0.22084849810593657,christian kirk,245.0,0.2898550724637681,-0.06900657435783156
00-0033908,Cooper Kupp,WR,SEA,ARI,1.1346227860745988,2.9585151690679505,1.1656015946463238,0.0,0.5389383656517465,0.005149082829828444,23.972957527885995,0.003466947528297524,0.09746667315312046,0.0,0.016037177006073027,0.7213770092151244,0.0,10.013090923268766,3.8283598412024977,30.989872765100014,1.1895831341742304,43.210335686242274,3.3557494772238843,0.0005070197246618528,0.070206067860175,0.0,0.0,-0.0005158077168196816,0.017662528772622622,0.07391042805721867,0.18920165532427438,0.3880131374038271,0.019376504573782847,0.38211256336786525,0.6345982734096645,0.7079521683734823,0.1904379205373603,22.5,0.0,0.049702537974586736,2025.0,4.0,2,0.22048494659074605,cooper kupp,310.0,0.24390243902439024,-0.023417492433644188
00-0037666,Jalen Tolbert,WR,DAL,GB,1.9312611631747407,3.537309741224168,1.2548665834689143,0.0,0.4239618691826666,0.0,23.102253051631028,0.023443011481822956,0.9294817176981831,0.0,0.17455287243168977,0.6840720117384771,0.0,8.002827302441073,0.7048115425879189,32.58450962904607,0.6906643204494733,25.967739953201022,2.373225777215183,0.0,0.3016933048112336,0.0,0.0,0.0,0.0,0.17638017281129773,0.11105383302917304,0.252508048326951,0.22829996872062927,0.4940510400939863,0.11445484759154825,0.6882572454839503,0.004153659864081591,20.25,0.0,0.20764260295032944,2025.0,4.0,3,0.2198783537223956,jalen tolbert,425.0,0.19047619047619047,0.02940216324620512
00-0031588,Stefon Diggs,WR,NE,CAR,2.2297101404488378,6.158900802124742,2.181285019789809,0.0,0.4098500878639296,0.14023969545039885,53.0532691984085,0.0036296843449055965,0.1166682298866881,0.0,0.008841726054575321,0.5791698049161935,0.0,19.433284913284176,1.2012681567348737,47.881192640489324,1.6502966887158057,43.870598507627534,4.5117770389984075,0.003021969063744936,0.028175027735907136,0.0,0.0,-0.10538324857525529,-0.19177506976694222,0.0852898931872943,0.18504221052739647,0.4301546772829652,0.2887671459068964,0.5098126813332812,0.05566773520615474,0.8733033595020957,0.19671396744361522,24.0,0.0,0.024605346375832428,2025.0,4.0,1,0.21956281880261183,stefon diggs,195.0,0.3389830508474576,-0.11942023204484578
00-0038976,Marvin Mims Jr.,WR,DEN,CIN,2.49384168695197,0.7411407431320075,1.413653516528483,0.0,0.9379109933899661,0.2809100364534286,21.556324831955987,0.024908481538479094,0.7045080787022909,0.0,0.026227976547098866,0.40684331108367106,0.0,2.974594391561837,0.680298208155325,42.418397686609026,1.8229025105861738,28.72202014456543,2.7489653721595664,7.846995246867264e-06,0.039148217718676624,0.0,0.0,-0.13504618389821352,0.3634558759445407,0.4217479677546458,0.13798404400039183,0.3345767597640567,0.7892864205454694,1.0362638012280274,0.4554691715713137,0.7043681432797678,0.013219702737034201,26.0,0.0,0.02757475742721636,2025.0,4.0,3,0.21752118829109296,marvin mims,350.0,0.2222222222222222,-0.00470103393112925
00-0031687,Raheem Mostert,RB,LV,CHI,0.0,0.0,0.0,0.173986998832478,0.0,6.1067761894488415,0.0,3.449899054487704e-07,1.3799596217950818e-05,0.07343475101433464,0.027171883372807803,0.3438273693756287,0.5793113259582158,0.0,0.7160932707016291,0.8025266733496585,0.12992572719271456,13.638837995414214,1.92097969560028,0.14897452472178463,0.06411601660477528,0.027584073057083675,0.003212767072355408,-2.7757748610300244,14.682734758062116,0.030069556149517233,0.0665608276668091,0.10289924575126581,0.2955174323899871,0.8547931654116371,0.1473013050503206,1.5194850312241222,0.15564277415484312,24.5,0.12734240555262846,0.009444372920511425,2025.0,4.0,4,0.216616945873307,raheem mostert,1500.0,0.0625,0.154116945873307
00-0039875,Ray Davis,RB,BUF,NO,0.0,0.0,0.0,0.40268747677401656,0.0,5.085283651839492,0.0,0.0,0.0,0.0294755115201794,0.06328704046938831,0.20646038202995862,4.154484878193593,0.0,1.2424476033002534,0.18642643783932594,0.23862289786609256,2.4902228563266364,0.6052756221313934,0.07170763210923001,0.06966185733066206,0.06512442083065473,0.12709707965298767,-0.5792289545950217,16.39830373395328,0.1767260697419391,0.03370122228652272,0.059172250363647205,0.3152784694454046,0.942060361029898,0.359302358769382,1.4032051717482255,0.0003636361058404368,31.5,0.06755291779342032,0.025029669655163043,2025.0,4.0,2,0.21639006997661595,ray davis,310.0,0.24390243902439024,-0.027512369047774293
00-0030035,Adam Thielen,WR,MIN,PIT,1.0168995081054926,3.678628158875149,0.8839073741106456,0.0,-0.1269275579937384,3.4925547962791944e-05,25.712226219117863,0.020920062082463442,0.5499842915044129,0.0,0.07357775247621613,0.7364942640200576,0.0,9.104970377045174,0.3963050353028856,47.56825029099776,1.6928047796646561,27.867186185975424,2.211679240974646,3.5203055179998487e-06,0.19747514841053382,0.0,0.0,5.755081296048498e-06,0.00019602449075764407,0.1483625800384346,0.13981401682019878,0.3495043745363833,1.0123321386521649,0.5071851035127225,0.0015724687248208065,0.8155974940769841,0.3414007827103336,21.5,0.0,0.16106023618611193,2025.0,4.0,4,0.2108751381540311,adam thielen,650.0,0.13333333333333333,0.07754180482069778
00-0039851,Drake Maye,QB,NE,CAR,0.0,0.0,0.0,0.0,0.0,6.045850568646433,0.0,0.0,0.0,0.01180412881463112,0.0,0.8840374439980031,0.0,0.0,0.0,-1.1799212240115176,-0.19606340972159325,0.2949803060028794,0.1474901530014397,0.0928405486997617,0.0,0.0,0.0,0.7737419985780472,29.375186740611138,0.2502788360785439,0.0032775589555875447,0.0025765513036134385,0.2887671459068964,0.5098126813332812,0.05566773520615474,0.8733033595020957,0.19671396744361522,24.0,0.018263032674372296,0.0,2025.0,4.0,1,0.2087993273165331,drake maye,320.0,0.23809523809523808,-0.02929591077870497
00-0032385,Sterling Shepard,WR,TB,PHI,2.591945049379857,5.477021355685937,1.73249510093555,0.0,2.0603814493567953,0.11371209641997015,37.53305410553532,0.011886762912096746,0.348132841415514,0.0,0.010710803774474914,0.6101851260026073,0.0,11.83187847788616,1.1965912713698528,40.608934979752,2.770569323452431,44.62842563134491,3.1207066264123564,0.007043162965868437,0.06848063657828904,0.0,0.0,0.07329252627657595,1.3187915691259338,0.0022903666384798595,0.1409478235557929,0.315197129625912,0.10311033522107635,0.3441414372139988,0.30033540107654144,0.9695448207280812,0.2193591660366339,20.0,0.0,0.06639504651464213,2025.0,4.0,4,0.2038182004997919,sterling shepard,340.0,0.22727272727272727,-0.023454526772935358
00-0035228,Kyler Murray,QB,ARI,SEA,0.0,0.0,0.0,0.0,0.0,5.807622572559207,0.0,0.0,0.0,0.11902095418466768,0.0,0.98251009291654,0.0,0.0,0.0,0.0,0.0,0.0,0.0,0.16689292516563156,0.0,0.0,0.0,1.3068270582673644,33.606467495631414,0.06332571652635255,0.0,0.0,0.7055833666599866,0.05309517694105782,0.0420286532090999,0.6117392626058678,0.008985472478048156,21.0,0.0014996117858567329,0.0,2025.0,4.0,1,0.2032953030297477,kyler murray,280.0,0.2631578947368421,-0.059862591707094404
00-0040730,RJ Harvey,RB,DEN,CIN,0.0,0.0,0.0,0.0,0.0,3.853881278538812,0.0,0.0,0.0,0.0,0.0,0.3027853881278539,0.0,0.0,0.06925418569254335,-1.589041095890411,-0.9580395662637246,11.283105022831052,1.9132420091324198,0.0,0.0,0.0,0.0,-0.8008726191779778,19.1324200913242,0.0,0.0869153847116922,0.1293834087981513,0.7892864205454694,1.0362638012280274,0.4554691715713137,0.7043681432797678,0.013219702737034201,26.0,0.0,0.0,2025.0,4.0,2,0.20239052367417065,rj harvey,210.0,0.3225806451612903,-0.12019012148711966
00-0038997,Josh Downs,WR,IND,LA,1.6428887006259192,3.1567672364002757,0.9758002902388091,0.0,0.021438677235985068,0.0029066860423100738,30.057830184403997,0.009930687821410817,0.3461897135350762,0.0,0.005666850969681745,0.5759305551269658,0.0,8.411556610218039,0.8326419391287,44.5185662506361,1.6746412442157008,42.863417599312434,4.041117311551877,0.0,0.0971077500667469,0.0,0.0,-0.0025358455306126976,-0.0029066860423100738,0.0780122574775891,0.19130098988629057,0.4090413159381288,0.5843214394384592,0.041179864316731624,0.024746728993716747,1.1804125011811302,0.37439994217156763,23.0,0.0,0.11462720214036078,2025.0,4.0,3,0.20210571719196677,josh downs,280.0,0.2631578947368421,-0.061052177544875325
00-0039868,Troy Franklin,WR,DEN,CIN,2.233720834117635,3.289526882809472,1.451291584113113,0.0,0.6150161821144439,0.21643376596012248,31.172377520766435,0.0015346330156263488,0.05067536244402791,0.0,0.07109838030777131,0.6282319321733578,0.0,12.728316720697967,0.7400293677373265,31.76844616155322,-0.054484053400768354,32.20161414706154,3.47140731223832,0.0,0.4540789806365561,0.0,0.0,0.13859772346189211,2.3352924799943,0.2243965385808714,0.1699781853777493,0.3725262407536122,0.7892864205454694,1.0362638012280274,0.4554691715713137,0.7043681432797678,0.013219702737034201,26.0,0.0,0.3198387684933407,2025.0,4.0,2,0.20194606540242763,troy franklin,245.0,0.2898550724637681,-0.0879090070613405
00-0036626,Dyami Brown,WR,JAX,SF,1.1120735347718542,3.413864481965952,1.134164694895633,0.0,0.1717446551674183,0.6669066890880998,23.585976084045438,0.010488473184320855,0.4359577437315122,0.0,0.0122060530176258,0.5478000323290294,0.0,7.281097218603052,0.9831990317386805,45.527954553954196,1.6528932011806803,31.115033132708238,3.1018498812786355,0.0,0.060839435586781045,0.0,0.0,0.5130710308634838,4.082267841146715,0.2120581396183324,0.12121257330742774,0.296083309686165,0.6995983201659794,0.5746218328674522,0.006631008284161771,1.2423402590598835,0.03037924165610235,22.0,0.0,0.07558328016793867,2025.0,4.0,3,0.20098539493551945,dyami brown,310.0,0.24390243902439024,-0.04291704408887079
00-0040583,Woody Marks,RB,HOU,TEN,0.0,0.0,0.0,0.0,0.0,4.36986301369863,0.0,0.0,0.0,0.0,0.0,0.33009132420091325,0.0,0.0,-1.7442922374429222,1.1415525114155252,0.6308250210577594,15.93607305936073,0.776255707762557,0.4566210045662101,0.0,0.0,0.0,-1.7066037249485617,17.47488584474886,0.0,0.03926499459554852,0.06352468230818441,0.24573912331260728,1.6263770821484274,0.05164639410319531,1.0620731932420067,0.08385619811716438,22.75,0.7426379370540764,0.0,2025.0,4.0,2,0.20065558007201756,woody marks,205.0,0.32786885245901637,-0.1272132723869988
00-0034521,Allen Lazard,WR,NYJ,MIA,0.5047559784264603,1.2903481962625767,0.5227755709515293,0.0,0.05218193742328702,5.646846990723873e-05,8.194940422087749,0.018868354609406692,0.68837181197897,0.0,0.20827833564252213,0.65442798574453,0.0,3.1924912699084347,0.9522155059172903,36.3269927245644,1.4546266602694944,30.198132500249493,2.125268151698803,0.0,0.14376295288750257,0.0,0.0,-0.00011264127015828044,1.53096301987666e-06,0.5647765827989422,0.0999223955931915,0.2762004078924045,0.7788053390377815,0.35354229997402575,0.1163646934377183,1.2649144653986988,0.504090383907069,21.5,0.0,0.18184783869583362,2025.0,4.0,5,0.1996216064414008,allen lazard,800.0,0.1111111111111111,0.0885104953302897
00-0033858,Jonnu Smith,TE,PIT,MIN,2.2156124443011525,0.9843414859609904,1.4615627453467985,0.0,-0.16655867062042315,0.013550384072856319,31.98407892328773,0.004699840461107056,0.19223761562951588,6.571239442860751e-06,0.13674791402127268,0.6648367549853595,0.0,4.369418813023502,4.880740581129261,13.742807476605435,2.145690009403421,33.04266741002396,4.722382137191668,0.004039397091721453,0.1532864552182391,0.0,0.0,-0.008035266053860133,-0.0014227115792439125,0.40481185145635556,0.17868079212745555,0.3154239174329524,0.35216730370220917,0.7297758142853682,0.10651161587439915,0.4248873546525681,0.15310704424946572,19.0,0.0,0.053982477628276695,2025.0,4.0,1,0.1990204420612995,jonnu smith,350.0,0.2222222222222222,-0.023201780160922697
00-0038606,Parker Washington,WR,JAX,SF,1.8603532539615502,5.792909746099143,1.8949522567614367,0.0,1.8243093169976345,0.0,40.05957567610173,0.003945051763562141,0.09860854827709019,0.0,0.08811255878926103,0.5834430244216683,0.0,17.839579223155212,0.8301347362672579,65.20756347572556,-0.342374425597683,37.5720877845782,3.3028567913679137,0.0,0.1616045346141439,0.0,0.0,0.0,0.0,0.1927066884247784,0.16055856548324524,0.3948865015893997,0.6995983201659794,0.5746218328674522,0.006631008284161771,1.2423402590598835,0.03037924165610235,22.0,0.0,0.20076781939778746,2025.0,4.0,4,0.19890411066010857,parker washington,350.0,0.2222222222222222,-0.023318111562113636
00-0035100,Jake Browning,QB,CIN,DEN,0.0,0.0,0.0,0.0,0.0,1.5353006891310086,0.0,0.0,0.0,0.09275353103068844,0.0,0.6511479644801624,0.0,0.0,0.0,-0.08557167014391179,-0.025706427889076115,-0.08557167014391179,0.012224524306273113,0.09060014243970019,0.0,0.0,0.0,0.6447417910761252,4.510604568729854,0.2926570099078644,0.0003303925568184449,7.67065225663124e-05,0.060232214177897564,0.41671564206272016,0.3109379485277461,0.6156197035613635,0.3177003394940683,18.5,0.028783696011303695,0.0,2025.0,4.0,1,0.19664209838590047,jake browning,800.0,0.1111111111111111,0.08553098727478936
00-0033591,Noah Brown,WR,WAS,ATL,0.5124059707829958,2.759589938249832,0.5151980465942935,0.0,0.06358596071272035,0.00011731036172065393,13.410724167242545,0.007876235012527587,0.2428996264115847,0.0,0.0017785665516064655,0.5305761630145682,0.0,7.929882408372483,0.5286832345441376,55.78166548542877,-0.3757427935897268,27.50349963041913,2.401492247797802,5.864731585283522e-05,0.09389309203924853,0.0,0.0,-0.00013011415452814174,-0.00011723171164573617,0.026501483324884657,0.14455699886202836,0.3840037243864745,0.2674356241384136,0.516577451765065,0.34868761084779737,0.6659896258550828,0.5085624792552026,23.5,0.0,0.06253182523759598,2025.0,4.0,3,0.1964674249984534,noah brown,475.0,0.17391304347826086,0.02255438152019254
00-0038935,Brenton Strange,TE,JAX,SF,2.2421214497551234,2.7913123244425786,2.161247472966326,0.0,-0.10791115457035429,0.0,42.26617668988596,0.0006884692258842085,0.027127288982687667,0.0,0.009969508211514934,0.7727099856075657,0.0,6.13863114024636,1.1930835793484569,31.98945659593108,2.338610939632344,42.06174841520234,4.0504220622219975,0.0,0.007702730666128069,0.0,0.0,0.0,0.0,0.004674733357841994,0.1390827004210445,0.28906554835434795,0.6995983201659794,0.5746218328674522,0.006631008284161771,1.2423402590598835,0.03037924165610235,22.0,0.0,0.005388817434714173,2025.0,4.0,1,0.1957147452510584,brenton strange,275.0,0.26666666666666666,-0.07095192141560827
00-0035208,Olamide Zaccheaus,WR,CHI,LV,2.2250725621866883,5.944081302519085,1.867580813214585,0.0,0.4182006692963072,0.5820310721905961,31.08360593441224,0.006621337466413679,0.22563009476066143,0.0,0.05042336735316489,0.540126013835201,0.0,12.097861325836993,1.4930817505149587,42.624989298768625,-0.04377969153301413,33.39464856461098,3.2160559945640395,0.0,0.15614292734731833,0.0,0.0,0.4062140420736069,6.066248712186166,0.12263984533119204,0.16386124495250737,0.350497722308867,0.21483667681656474,0.8006757600978365,0.03279601211419237,1.1696458519579582,0.30549828941547824,23.0,0.0,0.18263192728436373,2025.0,4.0,3,0.19541941113056785,olamide zaccheaus,425.0,0.19047619047619047,0.004943220654377384
00-0038454,Keaton Mitchell,RB,BAL,KC,0.0,0.0,0.0,0.5942618595347547,0.0,7.439176307100442,0.0,0.0015990808542673725,0.03677885964814958,0.0,0.0,0.2827073120567651,1.989369129104734,0.0,-0.05635424034448461,-2.0142257492963873,0.4460189274233034,12.81573395858114,0.9156251713228707,0.08504951053152138,0.01838942982407479,0.019893691291047334,-0.4224755089321033,-0.17254473058407085,35.81621425424353,0.06252406140185429,0.04429304402970719,0.058193035434787654,0.07376652489602777,0.7072992784390073,0.00023824669626488088,0.9916837963195584,0.29483912876620205,25.5,0.060155457430535825,4.381220901780688e-06,2025.0,4.0,4,0.19427724025554619,keaton mitchell,950.0,0.09523809523809523,0.09903914501745095
00-0031236,Brandin Cooks,WR,NO,BUF,0.8792663656947137,7.600071677288006,1.567991006766114,0.0,-0.2682579976082965,0.11750007799505341,28.861636258426156,0.01148423079904308,0.3949835883203284,0.0,0.08886550707199294,0.6994614227995571,0.0,15.385713304751492,0.7158675425427259,56.85682100392324,-0.7453879633378122,26.737683903694226,2.789438789889206,0.0027265186724160207,0.055174970023965035,0.0,0.0,-0.12682996000276583,-0.4886881224383605,0.05367123894347637,0.1335552019522687,0.33870290632721606,0.3573954169990003,0.7597672232717286,0.05223135437550944,1.3103762737397842,0.2512623116088044,16.0,0.0,0.07229997162370759,2025.0,4.0,3,0.19346755759502077,brandin cooks,650.0,0.13333333333333333,0.060134224261687436
00-0040189,Oronde Gadsden II,TE,LAC,NYG,1.4985390089956254,9.042857142857144,1.9220702529944227,0.0,0.1154609910043746,0.0,71.42857142857143,0.0212765957446808,1.0,0.0,0.0,0.26,0.0,15.4695862557736,0.793103448275862,58.0,0.411700226438409,46.0,5.0,0.0,0.2,0.0,0.0,0.0,0.0,0.0,0.152173913043478,0.322899564203912,0.3185646031879392,1.2106393377131368,0.03630135138003798,1.1391214738305775,0.02012054863838416,24.75,0.0,0.06371292063758785,2025.0,4.0,2,0.1931764780537475,oronde gadsden,370.0,0.2127659574468085,-0.01958947939306102
00-0034407,Ray-Ray McCloud,WR,ATL,WAS,3.2279945621796764,5.866471123067373,2.512135360972078,0.0,1.8075699281256015,0.18661983379718503,31.089665443318943,0.010264102738840302,0.2164234147492234,7.620327911549771e-11,2.7068348068094576e-08,0.6426442144467225,0.0,9.964498561124698,1.0622418150153916,34.30641568687562,-2.583523151220966,28.056889261201572,2.138492992095039,0.009003751110098475,0.052796120452088265,0.0,0.0,0.0978944447686866,1.6398302327238627,0.005946916281528572,0.12605419527365436,0.27968206943876117,0.3584502896672794,0.6089180761904635,0.03541780908718966,1.2514299682851426,0.018039798226821915,22.0,0.0,0.06607064734293538,2025.0,4.0,3,0.19307745291266348,rayray mccloud,550.0,0.15384615384615385,0.03923129906650963
00-0038555,Tank Bigsby,RB,PHI,TB,0.0,0.0,0.0,1.1308451676501674,0.0,7.011552768713858,0.0,0.0,0.0,0.2377281717742544,0.0,0.22509478229300656,12.23518611781194,0.0,-0.4729507743018867,0.3099191394846438,-0.2287072182598962,1.0824835493184963,0.2989331450666807,0.30038457710984356,0.0,0.1565960838190676,-0.10209904603846595,-0.5172432091080565,22.393075298429615,0.2631927420453487,0.017049508746818282,0.03038153183734461,0.023104560071346827,0.28221743665901144,0.16291839021267027,1.2319525841005978,0.19147953207946578,23.5,0.08477376536384122,0.0,2025.0,4.0,4,0.1921706279047455,tank bigsby,1300.0,0.07142857142857142,0.12074205647617409
00-0037617,Hassan Haskins,RB,LAC,NYG,0.0,0.0,0.0,0.27066107141156576,0.0,1.9928194091083111,0.0,0.0,0.0,0.07703097600453372,0.0,0.12525237042436718,5.171626398084949,0.0,0.8364226570604755,0.4459143815608335,0.27028348957555837,2.7577464354163608,0.18435247130536744,0.07459464452863783,0.0,0.01767778965738395,-0.08068734522033773,-0.022431784319629878,5.844258592625905,0.16551953235021918,0.005646930319904755,0.009679731185020343,0.3185646031879392,1.2106393377131368,0.03630135138003798,1.1391214738305775,0.02012054863838416,24.75,0.09030721104909696,0.0,2025.0,4.0,2,0.1921200828943978,hassan haskins,380.0,0.20833333333333334,-0.01621325043893554
00-0037801,KaVontae Turpin,WR,DAL,GB,1.215975182459732,1.731407034554829,0.5327277007982589,0.0,0.2628865283381181,1.562335693931903,7.886451099246678,0.013769415938066219,0.6038605607437569,0.0,0.008685872923569777,0.43403839909475306,0.0,3.203133411520462,1.2804414945226017,41.34970570102436,2.1814730970167413,41.3507161754584,2.345529609118773,0.016809382895477364,0.10348944874717778,0.0,0.0,0.16515877016292554,7.572502139677151,0.22011195090734895,0.08218737655133668,0.23088865212054224,0.22829996872062927,0.4940510400939863,0.11445484759154825,0.6882572454839503,0.004153659864081591,20.25,0.0,0.07122736293138503,2025.0,4.0,4,0.1903148601018006,kavontae turpin,380.0,0.20833333333333334,-0.018018473231532744
00-0039342,Xavier Legette,WR,CAR,NE,2.592970969928313,9.387122264093879,2.3184705206201777,0.0,-1.1409477270648747,0.4035504396981615,33.50732724950269,0.024317954583187452,1.0835777933731985,0.0,0.2584768342485397,0.7131015613716561,0.0,21.03818801810769,0.25657059847752994,61.19579882065324,-3.8826280554070527,16.29887428371939,2.556830789022997,0.0,0.33218943027844233,0.0,0.0,-0.19184015142823768,0.27327077737345074,0.02682980927205836,0.1936066710552369,0.43242029258466397,0.04060371560989919,0.761334723213476,0.42482214639908256,1.2707031555694577,0.025105673214297866,18.5,0.0,0.42211415730163704,2025.0,4.0,3,0.18966496690933404,xavier legette,500.0,0.16666666666666666,0.022998300242667385
00-0038393,Dontayvion Wicks,WR,GB,DAL,0.6630156593511299,6.930362689752984,0.9382879123826143,0.0,-0.14406302200758284,9.659753860392768e-06,34.11880079816663,0.0020658984685061905,0.06552421574309503,0.0,0.06008576372537784,0.6123897487556477,0.0,13.351683601840744,0.8850608775097969,53.13375302894104,0.07441708889713496,31.63553739304401,2.9701087490987743,0.0,0.2548033289370152,0.0,0.0,-3.6306607303217733e-06,9.659753860392768e-06,0.05522265135863058,0.17465268372575976,0.4672552408679626,0.4287761720996243,0.464866842965463,0.025636905687460607,2.070984460710486,0.5497432443790785,27.25,0.0,0.5276937347658609,2025.0,4.0,3,0.18944719807561333,dontayvion wicks,240.0,0.29411764705882354,-0.10467044898321021
00-0033873,Patrick Mahomes,QB,KC,BAL,0.0,0.0,0.0,0.0,0.0,4.804431613673205,0.0,2.953304121131365e-14,1.4766520605656843e-12,0.0007567958541097484,7.383260302828422e-13,0.9944526557030777,0.0,0.0,0.0,-0.0004956836035766469,-0.00019662702604927548,0.0009818212742689115,0.0004893195986269398,0.20875478728535524,1.6407244953324012e-13,0.0,0.0,2.3191168216103826,29.412010436113427,0.43193785429781745,1.811288764247469e-05,2.5015872165751526e-05,0.3377614893793184,1.43789244501132,0.2678564152043463,0.7921279836840369,0.33670826126707726,23.0,0.07028946145803053,0.0,2025.0,4.0,1,0.18810035399431163,patrick mahomes,340.0,0.22727272727272727,-0.039172373278415634
00-0040648,Tory Horton,WR,SEA,ARI,0.0,0.0,0.0,0.0,0.0,0.0,0.0,0.02174385736029571,0.4566210045662101,0.0,0.0,0.472420091324201,0.0,0.0,0.6165346897096524,38.949771689497716,1.1385331494993192,24.840182648401825,2.0091324200913245,0.0,0.07610350228310502,0.0,0.0,0.0,0.0,0.776255707762557,0.13394216133942152,0.3264428436193308,0.019376504573782847,0.38211256336786525,0.6345982734096645,0.7079521683734823,0.1904379205373603,22.5,0.0,0.053877639462140456,2025.0,4.0,3,0.1865490825849971,tory horton,380.0,0.20833333333333334,-0.02178425074833623
00-0038129,Cade Otton,TE,TB,PHI,0.7197421537112138,0.5837788164810642,0.5126987531717572,0.0,0.03815667064527345,0.0020346693709535676,11.509384132150819,0.008588514567693595,0.28230528951700745,0.0,0.05472727191919583,0.9084914758013418,0.0,2.544898747244573,1.1343071270733014,29.584369186452633,0.37447131869557754,27.761962740871034,2.5564281001873255,0.0,0.13150466706119185,0.0,0.0,-0.0026772387191559355,-0.00813867748381427,0.05078643476513442,0.13543412861173224,0.2848500543243795,0.10311033522107635,0.3441414372139988,0.30033540107654144,0.9695448207280812,0.2193591660366339,20.0,0.0,0.013559490303815529,2025.0,4.0,1,0.1853720372436472,cade otton,330.0,0.23255813953488372,-0.047186102291236515
00-0040734,TreVeyon Henderson,RB,NE,CAR,0.0,0.0,0.0,1.3374844333748444,0.0,7.100456621004566,0.0,0.0,0.0,0.0,0.0,0.39063926940639265,8.302200083022003,0.0,8.849795722182167,-2.698630136986301,0.5323839475062994,23.634703196347033,3.351598173515981,0.15182648401826485,0.0,0.0,-1.4631032364611947,-0.2042102330551932,22.022831050228312,0.0,0.09567864469591678,0.14151566635256863,0.2887671459068964,0.5098126813332812,0.05566773520615474,0.8733033595020957,0.19671396744361522,24.0,0.07740306691475617,0.0,2025.0,4.0,2,0.18309106291896235,treveyon henderson,185.0,0.3508771929824561,-0.16778613006349377
00-0039364,Sione Vaki,RB,DET,CLE,0.0,0.0,0.0,0.0,0.0,1.0071760845263424,0.0,0.0,0.0,0.0,0.0,0.048730662435541444,0.0,0.0,2.6223768819823268,1.803577224045292,0.465509910794308,6.520392340701743,0.5914319714399048,0.0,0.0,0.0,0.0,-0.5259294794638456,2.2087194836103996,0.0,0.017410186703238375,0.030470978684132545,0.6949048616323364,0.44644103516771233,0.0005275923189060786,1.2303873418907545,0.0974957082950226,27.25,0.0,0.0,2025.0,4.0,4,0.1818281225839032,sione vaki,1500.0,0.0625,0.11932812258390321
00-0037263,Tyler Allgeier,RB,ATL,WAS,0.0,0.0,0.0,1.2176645980968288,0.0,7.874065069262433,0.0,0.0,0.0,0.24739897956280263,3.3132830431705193e-06,0.20613197263046334,12.79027044225032,0.0,0.538538333940884,-0.8844109198781297,-0.27576763601267645,3.2294364099688666,0.8084807651446959,0.18424599231206318,0.03025647274460231,0.24338225459232574,0.1450478089395405,0.4279049040168574,33.08932160674742,0.24297301346248779,0.03335183662228717,0.04887444949624607,0.3584502896672794,0.6089180761904635,0.03541780908718966,1.2514299682851426,0.018039798226821915,22.0,0.11219071518446443,0.001071617975320082,2025.0,4.0,2,0.1807969720973917,tyler allgeier,250.0,0.2857142857142857,-0.10491731361689399
00-0039921,Trey Benson,RB,ARI,SEA,0.0,0.0,0.0,0.8302152131746171,0.0,6.326703683815648,0.0,0.0,0.0,0.3101195129632265,0.0,0.38231272619872186,6.303413016584356,0.0,2.432608161495698,-4.0072259584695225,-1.9590939293637566,11.182687036832007,2.0403650812567635,0.21239955254361284,0.07033391599240912,0.07518069899282898,0.3599981581547216,-0.0774398009636065,33.729517468799436,0.017376900905902957,0.09628888356017354,0.12973426500666724,0.7055833666599866,0.05309517694105782,0.0420286532090999,0.6117392626058678,0.008985472478048156,21.0,0.011277391824504632,0.0029560397640829286,2025.0,4.0,1,0.18072839816593214,trey benson,105.0,0.4878048780487805,-0.30707647988284836
00-0040663,Harold Fannin Jr.,TE,CLE,DET,2.09833833634059,3.00041095890411,1.7144412218914342,0.0,0.288373992426533,0.2237442922374429,49.365804160324714,0.0,0.0,0.0,0.0,0.6547031963470319,0.0,8.610787499460084,2.6876868438512296,25.91324200913242,0.7320332727466761,40.853881278538815,4.534246575342466,0.0,0.03729071611872145,0.0,0.0,-0.06493265756387816,0.6712328767123287,0.0,0.1422730478861449,0.2776132000901214,0.8232112770395787,0.8174109974476873,0.10732470051434657,1.162400031145099,0.2182339438567026,17.25,0.0,0.03069813803781309,2025.0,4.0,2,0.1800901268902698,harold fannin,425.0,0.19047619047619047,-0.010386063585920674
00-0036187,Reggie Gilliam,RB,BUF,NO,0.0,0.0,0.0,0.0,0.0,0.0,0.0,0.0,0.0,0.0,0.0,0.0,0.0,0.0,0.0,0.0,0.0,0.0,0.0,0.0,0.0,0.0,0.0,0.0,0.0,0.0,0.0,0.0,0.3152784694454046,0.942060361029898,0.359302358769382,1.4032051717482255,0.0003636361058404368,31.5,0.0,0.0,0.0,0.0,4,0.17608771220156547,reggie gilliam,2500.0,0.038461538461538464,0.137626173740027
00-0034975,Justice Hill,RB,BAL,KC,0.0,0.0,0.0,0.0008184162916057311,0.0,1.8015913536676007,0.0,0.00010708785426833336,0.002034669231098335,0.012191006596180947,0.0,0.41351735590002686,3.0120754937913815e-05,0.0,-0.3457998598655767,2.1055326219752986,-0.07978208022521244,25.02135252474314,2.537953944313532,0.05603041571593979,0.013136220459213045,3.59742183831845e-05,-0.0006214177681123505,-0.45266192689933993,5.97898248455139,0.11564239811667858,0.12366838564306083,0.19025333214179588,0.07376652489602777,0.7072992784390073,0.00023824669626488088,0.9916837963195584,0.29483912876620205,25.5,0.03963027260652183,3.1296611258146443e-06,2025.0,4.0,2,0.17507458488100197,justice hill,500.0,0.16666666666666666,0.008407918214335314
00-0033881,Evan Engram,TE,DEN,CIN,1.676672263167602,2.2493801525869253,1.8201415934728897,0.0,0.022502409169635855,9.753754143919162e-06,35.0040027683282,0.0010329165359760609,0.03622893536670521,1.051847206538278e-10,0.06713648944010206,0.5618116091328496,0.0,7.145144194607531,1.5393635063402744,22.689567816239958,0.4043700610397456,26.840844780276438,3.5507164048924635,7.264850580911981e-09,0.06134226141568946,0.0,0.0,9.746642974206204e-06,0.00012557604944455952,0.03306573493537777,0.16216529904563387,0.3114668603915082,0.7892864205454694,1.0362638012280274,0.4554691715713137,0.7043681432797678,0.013219702737034201,26.0,0.0,0.048416613940953986,2025.0,4.0,1,0.17499723784624774,evan engram,320.0,0.23809523809523808,-0.06309800024899034
00-0039732,Bo Nix,QB,DEN,CIN,0.0,0.0,0.0,0.0,0.0,6.134025860150235,0.0,0.00017460933147804718,0.005936717270253614,0.303512051615065,0.0009894528981646599,0.9869490821625184,0.0,0.0,0.005936717270253614,0.011873434540507228,0.023033836655290026,0.011873434540507228,0.005936717270253614,0.2997261195365854,0.0006596352456540492,0.0,0.0,-0.1644994505594326,26.757407893172054,0.012558513962709862,0.0001799005287024716,0.00030270217990835326,0.7892864205454694,1.0362638012280274,0.4554691715713137,0.7043681432797678,0.013219702737034201,26.0,0.003962290202798438,0.0,2025.0,4.0,1,0.17416985978178626,bo nix,255.0,0.28169014084507044,-0.10752028106328418
00-0035644,Noah Fant,TE,CIN,DEN,3.553535801949655,2.0842257082047637,3.5095893641516396,0.0,0.5966309374209992,0.0,61.016221554463044,0.008080014911193575,0.20129323937391022,0.0,0.07782404915173873,0.4360746505689135,0.0,6.678032804864384,3.0908094553646284,18.67677759284243,-2.6363447546665197,32.62655272426595,4.050715819833046,0.0,0.07470331277268837,0.0,0.0,0.0,0.0,0.24990479245097785,0.17449966557795674,0.32165802362907464,0.060232214177897564,0.41671564206272016,0.3109379485277461,0.6156197035613635,0.3177003394940683,18.5,0.0,0.004499545934723037,2025.0,4.0,1,0.1740285923357231,noah fant,500.0,0.16666666666666666,0.0073619256690564405
00-0033857,JuJu Smith-Schuster,WR,KC,BAL,0.5182567277242031,0.9060122741289501,0.5157410730876496,0.0,0.3492917169312544,3.1326594389221697e-07,15.412779796540068,0.0002686429232125916,0.009220133725327758,2.2930050950710723e-08,0.0030898575911188736,0.6842886691403129,0.0,1.876952012290256,1.844055796535197,17.52778091437013,1.6748507374208648,29.76640283234918,2.5820548148293305,2.2930050950710723e-08,0.0723319865218777,0.0,0.0,-3.254938929421753e-08,9.397978316766508e-07,0.03980158281095002,0.1008071094962437,0.1986273668096204,0.3377614893793184,1.43789244501132,0.2678564152043463,0.7921279836840369,0.33670826126707726,23.0,0.0,0.05729619063943591,2025.0,4.0,4,0.1721611495856144,juju smithschuster,425.0,0.19047619047619047,-0.018315040890576062
00-0039880,Malik Washington,WR,MIA,NYJ,4.35785318798909,3.596952062163437,3.175380306433324,0.0,0.6258993002993926,1.486753158027136,41.01032403590314,0.001490044666944171,0.050661518676101906,0.0,0.0,0.5977203025491171,0.0,9.487848702080266,0.7734123280712933,23.21328622854508,-0.9351560479014054,18.574686053287127,2.5293624544152435,0.0029801385053623572,0.06323238705699702,0.0,0.0,0.3723987815086725,11.643627925831476,0.0059602770107247145,0.12804619879141937,0.26883665454479794,0.34453832343980006,0.715554929248816,0.1473826068021808,0.9355981054798019,0.12229638208323372,24.0,0.0,0.05916010153549196,2025.0,4.0,3,0.1704043401681502,malik washington,425.0,0.19047619047619047,-0.020071850308040262
00-0040236,Kyle Monangai,RB,CHI,LV,0.0,0.0,0.0,0.0,0.0,4.9771689497716896,0.0,0.0,0.0,0.0,0.0,0.2925570776255708,0.0,0.0,0.005175038051749202,2.1232876712328768,-0.17404465425863808,6.844748858447488,1.0,0.19786910410958902,0.07610350228310502,0.0,0.0,-2.0749653140976014,16.25570776255708,0.0,0.051946307788370644,0.0823235475984634,0.21483667681656474,0.8006757600978365,0.03279601211419237,1.1696458519579582,0.30549828941547824,23.0,0.15842899533282312,0.002495891382809179,2025.0,4.0,2,0.17038299091005185,kyle monangai,260.0,0.2777777777777778,-0.10739478686772594
00-0039738,Blake Corum,RB,LA,IND,0.0,0.0,0.0,0.0,0.0,4.827436384648413,0.0,0.0,0.0,0.09175298353368444,0.0,0.20989780450676906,0.0,0.0,-0.26803931956430777,-0.21838117742882143,0.1363087307898704,3.969853434776613,0.3400175610641432,0.17069804505876857,0.0,0.0,0.0,1.38730767900267,29.085144246813925,0.21048966318535806,0.012489840464307905,0.018064237329450325,0.32977962314874776,0.8208344921701718,0.1594128388650098,1.2692923254407729,0.08266126998905972,26.5,0.1401148431302554,0.0,2025.0,4.0,2,0.16805883485792864,blake corum,220.0,0.3125,-0.14444116514207136
00-0036355,Justin Herbert,QB,LAC,NYG,0.0,0.0,0.0,0.0,0.0,4.923845130175612,0.0,0.0,0.0,0.02105746959211188,9.572878742844245e-08,0.9891525083350144,0.0,0.0,0.0,-9.845831733444369e-05,2.4262625066263213e-05,0.00013708983716755646,1.4056114700451994e-05,0.09079072519589317,6.384941969429458e-08,0.0,0.0,-1.4619986773347315,21.211186351742708,0.018051037492491966,3.808330131888528e-07,3.0188668788703345e-07,0.3185646031879392,1.2106393377131368,0.03630135138003798,1.1391214738305775,0.02012054863838416,24.75,0.0018267592022181388,0.0,2025.0,4.0,1,0.1677052229270472,justin herbert,340.0,0.22727272727272727,-0.05956750434568006
00-0030564,DeAndre Hopkins,WR,BAL,KC,0.4820792889939524,1.7505825890284432,0.30694269757727805,0.0,-0.02750292988572576,7.127440984521694e-05,9.801246383897393,0.012896309956845098,0.4292952766940535,0.0,0.029129541802460662,0.33388027709697327,0.0,4.754332950044829,0.739459772554638,45.54387107025517,2.235546326543704,33.39215541776152,2.239519559527816,1.2338980980001916e-05,0.028458654879166826,0.0,0.0,1.4582300754092273e-05,0.0002988959024753816,0.41703792327416134,0.10008531639651468,0.274870918374905,0.07376652489602777,0.7072992784390073,0.00023824669626488088,0.9916837963195584,0.29483912876620205,25.5,0.0,0.02822198690872028,2025.0,4.0,3,0.16741523012094656,deandre hopkins,400.0,0.2,-0.032584769879053455
00-0040198,Ollie Gordon II,RB,MIA,NYJ,0.0,0.0,0.0,0.0,0.0,4.876712328767123,0.0,0.0,0.0,0.4566210045662101,0.0,0.2084474885844749,0.0,0.0,-0.4879756468797576,-2.077625570776256,-0.7727962116113876,1.374429223744292,0.54337899543379,0.4977168949771689,0.0,0.0,0.0,1.2757539004547271,20.80365296803653,0.4566210045662101,0.017206142288996897,0.019788376203249206,0.34453832343980006,0.715554929248816,0.1473826068021808,0.9355981054798019,0.12229638208323372,24.0,0.3561437775713285,0.0,2025.0,4.0,2,0.16682664266294026,ollie gordon,295.0,0.25316455696202533,-0.08633791429908508
00-0033955,Jeremy McNichols,RB,WAS,ATL,0.0,0.0,0.0,8.219261810153095e-06,0.0,3.2967041928729275,0.0,8.865808030493182e-06,0.00023937681682331617,0.10928857547335796,0.0,0.24787609442102296,0.00010542264952903996,0.0,0.8051831511353459,1.785051571678095,0.040569456525513234,2.340076266711446,0.807595172989078,0.061724988481285506,0.019166127468327805,5.153996199197511e-07,-3.3902359194331635e-06,1.9649581429879677,33.46513676779677,0.3222655526196986,0.03031916131151969,0.05017928498481048,0.2674356241384136,0.516577451765065,0.34868761084779737,0.6659896258550828,0.5085624792552026,23.5,0.031885737259890454,0.006682991196135565,2025.0,4.0,3,0.16607844140943198,jeremy mcnichols,390.0,0.20408163265306123,-0.03800319124362925
00-0039847,Theo Johnson,TE,NYG,LAC,2.5273912277473913,3.1159096703925937,2.0599768218925494,0.0,-0.1822041999979947,0.0,37.390516221531094,0.009637865474223328,0.30892512519601,0.0,0.0014975042275184559,0.8409511503710559,0.0,5.758267795813946,1.1853533947541093,21.395870851691534,-0.3917961448494913,25.319038780673996,2.5550043981313477,0.0,0.1538122714380821,0.0,0.0,0.0,0.0,0.035640012554732106,0.11650718557921912,0.22697754343979978,0.26216652691603776,0.3810939476496725,0.08606303301871639,0.7168373821221911,0.1620870522702443,18.75,0.0,0.04032442899998886,2025.0,4.0,1,0.16471028492152812,theo johnson,550.0,0.15384615384615385,0.010864131075374261
00-0038621,DeMario Douglas,WR,NE,CAR,1.6781402852973626,3.2890319848486205,3.1565504298286555,0.0,-0.7093821897696816,0.21656993610541633,29.521854198094573,0.01581053737709143,0.5563615226290349,0.0,0.19239634613183682,0.5067531775528484,0.0,7.420557515771153,0.8036699961216888,23.21522178281151,-0.71766853415968,15.732986092648385,2.365186450090019,0.0,0.13958547069025093,0.0,0.0,0.007520217333816957,0.9175217747681159,0.2563613511465427,0.1308532215899907,0.2661456546791709,0.2887671459068964,0.5098126813332812,0.05566773520615474,0.8733033595020957,0.19671396744361522,24.0,0.0,0.12190046049147744,2025.0,4.0,4,0.1623711203539673,demario douglas,340.0,0.22727272727272727,-0.06490160691875996
00-0036894,Pat Freiermuth,TE,PIT,MIN,0.8088905460037353,1.5713222766399744,0.8566814107432495,0.0,0.03337154009522578,0.0,17.17130226772864,0.011157622066578152,0.35269689200627186,0.0,0.05551382565844216,0.6260711680482975,0.0,6.89299868854313,0.9150926376058784,32.15901197124005,-0.7680740258735909,30.796090336906275,3.252476395782522,0.0,0.20090359200236083,0.0,0.0,0.0,0.0,0.1885708769611682,0.16589812790256755,0.3843598949650519,0.35216730370220917,0.7297758142853682,0.10651161587439915,0.4248873546525681,0.15310704424946572,19.0,0.0,0.07075167629956013,2025.0,4.0,2,0.1621424517258416,pat freiermuth,400.0,0.2,-0.03785754827415841
00-0035537,Ty Johnson,RB,BUF,NO,0.0,0.0,0.0,2.173786508265119e-08,0.0,2.665832484724602,0.0,0.00023272255371031416,0.007756948016402559,0.001346059653124331,0.0029066703129335568,0.2801867239088042,2.632685914529148e-07,0.0,4.143043008952375,6.655670945032818,0.13695637502049243,8.910297285044916,0.7497677000669706,0.023581370626866636,0.07553150530695642,2.955024068467382e-09,1.8731389113480764e-09,0.21300077344892543,13.97076491771272,0.029353290525437267,0.058242123012993176,0.1012045529622005,0.3152784694454046,0.942060361029898,0.359302358769382,1.4032051717482255,0.0003636361058404368,31.5,0.022215074526325814,0.027138648018191533,2025.0,4.0,3,0.16205668038503915,ty johnson,550.0,0.15384615384615385,0.008210526538885293
00-0038559,Michael Wilson,WR,ARI,SEA,0.8442786213139372,2.5186098377285764,0.6691678244623147,0.0,0.21994564465744482,0.10290113646862825,12.3790924319808,0.011817553807446039,0.35157371047490066,0.0,0.0004237993194131607,0.7504876391059426,0.0,5.941047386304058,0.39120326928758775,41.30321132421095,1.5161862703058688,15.687583196011614,1.6463361650501884,0.0,0.05349644728603327,0.0,0.0,-0.08381047058271514,0.7203079552803979,0.2548778659572595,0.0987697271242318,0.3009498660492047,0.7055833666599866,0.05309517694105782,0.0420286532090999,0.6117392626058678,0.008985472478048156,21.0,0.0,0.032725877214791664,2025.0,4.0,2,0.1606294484599956,michael wilson,370.0,0.2127659574468085,-0.05213650898681291
00-0033282,Curtis Samuel,WR,BUF,NO,2.761241996229823,0.664337784106082,2.0511718793840514,0.0,0.5642640887004755,0.28058772756608014,34.91088276448804,0.001450143255409817,0.037907759521342524,9.387587210380857e-06,0.07067607264862905,0.5067299993604542,0.0,1.8534087785217221,8.590227926566175,7.730396919608503,-0.6957267708196921,25.176449690348853,3.2946150346298664,0.0007028503098310635,0.07949360024425878,0.0,0.0,-0.07718583207851006,0.9493632198910772,0.07285831451540772,0.134905317086991,0.2253202972484527,0.3152784694454046,0.942060361029898,0.359302358769382,1.4032051717482255,0.0003636361058404368,31.5,0.0,0.11154583098362991,2025.0,4.0,6,0.16021236660126234,curtis samuel,1000.0,0.09090909090909091,0.06930327569217143
00-0032392,Austin Hooper,TE,NE,CAR,0.4773978812602417,0.9734626039028805,0.3454105348690636,0.0,0.050207426780958415,0.0,11.145403815782906,0.0015808911705013072,0.0559977907402919,0.0,0.0010038163149180513,0.569093037010527,0.0,2.023259564805225,1.5270287795229014,25.79777553183225,1.0876976378257124,29.417601279614058,2.593336081167634,0.0,0.08364299035257963,0.0,0.0,0.0,0.0,0.042997747697536164,0.1095316088680826,0.25815838049629747,0.2887671459068964,0.5098126813332812,0.05566773520615474,0.8733033595020957,0.19671396744361522,24.0,0.0,0.02415334759923249,2025.0,4.0,2,0.16017264732718137,austin hooper,500.0,0.16666666666666666,-0.006494019339485291
00-0040736,Mason Taylor,TE,NYJ,MIA,1.95898494450412,1.6331811263318126,1.5468351440805612,0.0,-0.6587566340018379,0.0,30.441400304414,0.0,0.0,0.0,0.0,0.764931506849315,0.0,5.319230679617236,0.931857522308769,14.347031963470322,-0.45586489958930754,14.292237442922374,2.36986301369863,0.0,0.10654490319634702,0.0,0.0,0.0,0.0,0.0,0.1193737769080233,0.23989915190604344,0.7788053390377815,0.35354229997402575,0.1163646934377183,1.2649144653986988,0.504090383907069,21.5,0.0,0.08297773945657864,2025.0,4.0,1,0.15998484319163483,mason taylor,550.0,0.15384615384615385,0.00613868934548098
00-0039794,Braelon Allen,RB,NYJ,MIA,0.0,0.0,0.0,0.07967334906825808,0.0,4.674724230991102,0.0,0.0,0.0,0.09034828402353337,0.10508384878445788,0.26922839811003113,0.31309230150147005,0.0,1.8841981348419035,2.737335630401734,-0.009916266763949737,7.518701180353303,1.0076538696515036,0.34063986372441185,0.11311024098774669,0.014245682899787098,-0.0075797627739973466,-1.2959106746651756,18.37038935481318,0.1517620045825082,0.04213199068427341,0.07496709643854647,0.7788053390377815,0.35354229997402575,0.1163646934377183,1.2649144653986988,0.504090383907069,21.5,0.12043060088396727,0.013162038517205583,2025.0,4.0,2,0.15993583934566727,braelon allen,150.0,0.4,-0.24006416065433275
00-0034983,Hunter Renfrow,WR,CAR,NE,1.1314295646986336,3.4403702480983185,1.2080840953282401,0.0,0.1255104384581845,3.3795022176113773e-05,26.868996087730928,0.011484654608205285,0.6310782371753635,0.0,0.1400361498551771,0.4806036013078713,0.0,7.546724210206037,0.6639071179906639,34.04995974160973,-0.66420899989998,19.17057210874395,2.87973010496542,0.0,0.15582142236757926,0.0,0.0,-3.440803300858046e-05,-9.442670749527793e-05,0.21155717680844469,0.14311149855280503,0.31539981972252285,0.04060371560989919,0.761334723213476,0.42482214639908256,1.2707031555694577,0.025105673214297866,18.5,0.0,0.19800277310780423,2025.0,4.0,2,0.15956490517250202,hunter renfrow,285.0,0.2597402597402597,-0.1001753545677577
00-0037746,Brian Robinson,RB,SF,JAX,0.0,0.0,0.0,0.5779514579206453,0.0,6.9443111031865605,0.0,2.5077387614287988e-05,0.0007026249108308321,0.09241715561084925,0.0006978916486462276,0.2830028461729357,2.390276309408363,0.0,0.043415137822332875,-1.414413495349376,-0.3923847900770784,3.966486571222382,0.8952248117711749,0.1483134643187546,0.009670060949310746,0.06647188991056276,-0.1079657118613201,-0.9914702259133722,29.77511223094248,0.05382733465598811,0.03273021472000668,0.04519549829802074,0.11198903421417832,0.3129059010852398,0.15778670640033876,1.1942897130310721,0.21649979153291757,25.5,0.046408158195733476,0.0015258070678822757,2025.0,4.0,2,0.15896293652639817,brian robinson,400.0,0.2,-0.04103706347360184
00-0033555,Mack Hollins,WR,NE,CAR,0.12812397787933308,0.5342688601403645,0.11320131384647344,0.0,0.0042508227576104176,1.0735368322402305e-05,2.3339031152410423,0.011541320535463643,0.275027751384248,0.0,0.05293795001467314,0.656599544207355,0.0,0.8742850193391125,0.8332555001381635,23.31827453121671,1.5762081070816583,19.580640267829903,2.362376207862859,0.0,0.13476398720120064,0.0,0.0,1.015597201430339e-05,0.000132531320914815,0.2613346051166467,0.0944027161576505,0.21383918945924932,0.2887671459068964,0.5098126813332812,0.05566773520615474,0.8733033595020957,0.19671396744361522,24.0,0.0,0.11768984276270594,2025.0,4.0,3,0.15887079192657472,mack hollins,550.0,0.15384615384615385,0.005024638080420862
00-0038619,Andrei Iosivas,WR,CIN,DEN,0.5000663760025607,3.8523918152854923,0.7247821181311076,0.0,-0.1108502321769803,0.0,10.222972733590273,0.004986037259959457,0.1603809745999113,0.0,0.026634104330670136,0.8037471583517375,0.0,5.691716624244258,0.674709586334304,42.63832487570123,-1.9335593492670338,26.126271314219988,1.9991237333077703,0.0,0.05421436753928373,0.0,0.0,0.0,0.0,0.15331834388801868,0.09618334378627179,0.24598454916371265,0.060232214177897564,0.41671564206272016,0.3109379485277461,0.6156197035613635,0.3177003394940683,18.5,0.0,0.03337543287330066,2025.0,4.0,3,0.15556006875012984,andrei iosivas,750.0,0.11764705882352941,0.03791300992660043
00-0036414,Cam Akers,RB,MIN,PIT,0.0,0.0,0.0,0.28526074292235365,0.0,5.458035517024022,0.0,2.209775724356634e-08,7.955192607683906e-07,0.2479437141437472,0.008657197751429358,0.22628329174564846,1.5012441993234076,0.0,-0.6117835891303937,-5.122619934780879,-0.39092898526839154,3.6345880531011243,0.8204419502648193,0.1814870887697985,0.06270541963892326,0.02712125052439733,-0.13259234597099376,-0.31499513092695186,28.93271277511982,0.24340209281761405,0.03782007009773701,0.0419706322148204,1.0123321386521649,0.5071851035127225,0.0015724687248208065,0.8155974940769841,0.3414007827103336,21.5,0.09204754790393291,9.860231125897121e-05,0.0,0.0,4,0.15365745713347642,cam akers,650.0,0.13333333333333333,0.02032412380014309
00-0040581,Dont'e Thornton Jr.,WR,LV,CHI,0.0,0.0,0.0,0.0,0.0,0.0,0.0,0.0,0.0,0.0,0.0,0.6625570776255708,0.0,0.0,0.41141696102926395,80.13698630136986,0.40436223558321477,29.70319634703197,1.6803652968036529,0.0,0.0,0.0,0.0,0.0,0.0,0.0,0.12450153726568709,0.36777672049836413,0.2955174323899871,0.8547931654116371,0.1473013050503206,1.5194850312241222,0.15564277415484312,24.5,0.0,0.0,2025.0,4.0,3,0.15346996548511563,donte thornton,320.0,0.23809523809523808,-0.08462527261012245
00-0039150,Bryce Young,QB,CAR,NE,0.0,0.0,0.0,0.0,0.0,3.0987556188697893,0.0,0.0,0.0,0.15883857508132568,0.0,0.9894872962044637,0.0,0.0,0.0,0.0,0.0,0.0,0.0,0.1815612531000666,0.0,0.0,0.0,1.3508851418767343,17.256940290358198,0.5069110098429216,0.0,0.0,0.04060371560989919,0.761334723213476,0.42482214639908256,1.2707031555694577,0.025105673214297866,18.5,0.0045582174887086975,0.0,2025.0,4.0,1,0.152900284038355,bryce young,450.0,0.18181818181818182,-0.028917897779826812
00-0038797,Emanuel Wilson,RB,GB,DAL,0.0,0.0,0.0,0.43581955587145377,0.0,4.765912403710975,0.0,0.0,0.0,0.06212371144499557,0.0,0.1874499221459011,3.485703820437465,0.0,-0.025852772235698988,-1.0268319907279813,-0.13438841797623904,0.048053474658235826,0.17367577043257587,0.05531039414370113,0.0008647898918747782,0.059967466554880104,0.09222524846174851,0.5579693213664538,22.24825392138847,0.23201198617036548,0.0067863256712476115,0.006828344231752124,0.4287761720996243,0.464866842965463,0.025636905687460607,2.070984460710486,0.5497432443790785,27.25,0.025711968308757778,2.2170536897462943e-05,2025.0,4.0,2,0.15216232456129136,emanuel wilson,390.0,0.20408163265306123,-0.05191930809176987
00-0038440,Zavier Scott,RB,MIN,PIT,0.0,0.0,0.0,0.0,0.0,8.0,0.0,0.0,0.0,0.0,0.0,0.28,0.0,0.0,-3.33333333333333,-6.0,-1.101800246106,20.0,1.0,0.0,0.0,0.0,0.0,-0.708862911735196,30.0,0.0,0.0416666666666667,0.0401595744680851,1.0123321386521649,0.5071851035127225,0.0015724687248208065,0.8155974940769841,0.3414007827103336,21.5,0.0,0.0,2025.0,4.0,2,0.151884578883518,zavier scott,700.0,0.125,0.026884578883518
00-0033307,Kendrick Bourne,WR,SF,JAX,1.0429271835130165,2.771619978728645,0.7100500773965576,0.0,0.4287980011007467,0.03645721867488679,24.322809237450606,0.001029495408693565,0.03828121103906403,0.0,0.004332170174512798,0.5989578831875128,0.0,5.845070564178168,1.076722628962092,30.91800600336221,0.7100098956070603,29.972923897202044,2.9886366011891816,5.015233646631677e-06,0.004586651731939272,0.0,0.0,0.0252828769018255,0.21753169283436552,0.020978487238372596,0.11754163004592298,0.26012784982202625,0.11198903421417832,0.3129059010852398,0.15778670640033876,1.1942897130310721,0.21649979153291757,25.5,0.0,0.005477790980711223,2025.0,4.0,3,0.15141547324560703,kendrick bourne,450.0,0.18181818181818182,-0.030402708572574794
00-0040667,Matthew Golden,WR,GB,DAL,0.0,0.0,0.0,0.0,0.0,2.0091324200913245,0.0,0.010310796877301506,0.319634703196347,0.0,0.0,0.6201826484018265,0.0,0.0,1.0563524039752876,43.65296803652968,1.1136732551680646,27.32420091324201,2.273972602739726,0.03995433789954338,0.0,0.0,0.0,0.14615959568655207,8.904109589041097,0.0,0.11707639561520841,0.452632884450668,0.4287761720996243,0.464866842965463,0.025636905687460607,2.070984460710486,0.5497432443790785,27.25,0.0,0.0,2025.0,4.0,1,0.15137807036882064,matthew golden,210.0,0.3225806451612903,-0.17120257479246967
00-0039299,George Holani,RB,SEA,ARI,0.0,0.0,0.0,0.9488779104011155,0.0,3.977137499549241,0.0,0.0,0.0,0.0,0.0,0.13499441058742923,10.818217878908081,0.0,-5.322527135696513,-0.44718906638779704,-0.08606613499270692,5.322527135696513,0.8077963290180664,0.0,0.0,0.14424290505210777,-0.017000880800237497,-2.801982417334693,10.973279001839098,0.0,0.039046305691819536,0.05664204287745919,0.019376504573782847,0.38211256336786525,0.6345982734096645,0.7079521683734823,0.1904379205373603,22.5,0.0,0.0,2025.0,4.0,3,0.15133849291602247,george holani,1500.0,0.0625,0.08883849291602247
00-0040466,Raheim Sanders,RB,CLE,DET,0.0,0.0,0.0,0.0,0.0,3.0,0.0,0.0,0.0,0.5,0.0,0.04,0.0,0.0,0.0,0.0,0.0,0.0,0.0,0.33333334,0.0,0.0,0.0,3.38437430135673,3.0,1.0,0.0,0.0,0.8232112770395787,0.8174109974476873,0.10732470051434657,1.162400031145099,0.2182339438567026,17.25,0.27247033793196906,0.0,2025.0,4.0,4,0.1510369999334394,raheim sanders,3000.0,0.03225806451612903,0.11877893541731036
00-0034829,Mike Gesicki,TE,CIN,DEN,0.7705513458538645,1.3047225763015147,0.6659182315302291,0.0,-0.06617328139065257,0.0,17.348626802238464,0.008985321442916404,0.26603030654204257,0.0,0.20537343000825903,0.4215965112824928,0.0,4.973613366778831,0.7290139049307981,33.59824755926812,-1.5576711006163089,25.693046172517167,3.101249148257345,0.0,0.12271083494564537,0.0,0.0,0.0,0.0,0.006120499630133951,0.12964519069022565,0.30028799374332654,0.060232214177897564,0.41671564206272016,0.3109379485277461,0.6156197035613635,0.3177003394940683,18.5,0.0,0.007391145292394749,2025.0,4.0,3,0.15065706219037994,mike gesicki,650.0,0.13333333333333333,0.01732372885704661
00-0036727,Adam Prentice,RB,DEN,CIN,0.0,0.0,0.0,0.0,0.0,0.0,0.0,0.0,0.0,0.0,0.0,0.2,0.0,0.0,0.0,0.0,-1.11848904262297,4.0,1.0,0.0,0.0,0.0,0.0,0.0,0.0,0.0,0.027027027027027,0.0405405405405405,0.7892864205454694,1.0362638012280274,0.4554691715713137,0.7043681432797678,0.013219702737034201,26.0,0.0,0.0,0.0,0.0,4,0.15008328122226758,adam prentice,1300.0,0.07142857142857142,0.07865470979369615
00-0039363,Isaac Guerendo,RB,SF,JAX,0.0,0.0,0.0,0.28314240920383765,0.0,2.587490476956448,0.0,0.0,0.0,0.05985377226530214,0.0,0.12509122489185495,3.3080712844916804,0.0,0.04426916058665812,2.5331468895402693,0.32866830152297494,7.553421044764361,0.6319924900241481,0.054959794785925074,0.0,0.036537976847773566,0.055507389091810966,-0.11900986226794719,10.85925434134635,0.07234750405792408,0.02095754116885345,0.0367163201120309,0.11198903421417832,0.3129059010852398,0.15778670640033876,1.1942897130310721,0.21649979153291757,25.5,0.01719724411094975,0.0,2025.0,4.0,3,0.14981175230477117,isaac guerendo,950.0,0.09523809523809523,0.05457365706667594
00-0036754,Brock Wright,TE,DET,CLE,0.05151526675911959,0.05711872041500251,0.056367692422531396,0.0,0.0007565675252940909,0.0,0.9685204114553508,0.007305464241214428,0.28205078608000095,0.0,0.08076788677183391,0.5456839321763713,0.0,0.16860817813933154,3.7360545425494815,7.229074749052486,1.2438113697261888,14.31620362422921,1.5318530467847433,0.0,0.09414750868164658,0.0,0.0,0.0,0.0,0.4097379502812578,0.061983868001978214,0.1153022903372051,0.6949048616323364,0.44644103516771233,0.0005275923189060786,1.2303873418907545,0.0974957082950226,27.25,0.0,0.06542356149344881,2025.0,4.0,2,0.14977253314786337,brock wright,850.0,0.10526315789473684,0.04450937525312654
00-0035535,Darius Slayton,WR,NYG,LAC,0.06115082033539413,0.8952557468198231,0.09825792306493156,0.0,0.02029430681053622,0.05889525877374272,2.1823793477773603,0.007748100133291687,0.3118765116147438,0.0,0.00017447288566782145,0.8625325624937007,0.0,2.053962134023784,0.855761625677973,30.640445141588074,1.1604143386203347,28.2592803139392,1.961930082615205,0.026905351494373845,0.11780370244762792,0.0,0.0,0.024661615491959478,0.39574281533565225,0.07485391416995839,0.08964780410812885,0.21340953523244036,0.26216652691603776,0.3810939476496725,0.08606303301871639,0.7168373821221911,0.1620870522702443,18.75,0.0,0.08444609766685915,2025.0,4.0,3,0.14889453109367787,darius slayton,370.0,0.2127659574468085,-0.06387142635313064
00-0038040,Zamir White,RB,LV,CHI,0.0,0.0,0.0,0.18536871596181997,0.0,4.665381958147456,0.0,0.0,0.0,0.052823129302047495,0.0,0.2598528223549754,1.1963000326104964,0.0,-0.8218147281182006,-0.2639123872392466,-0.5141096906664511,5.272832791031417,0.8429493335822725,0.06726875646336215,0.00028853143088548725,0.022039191007089558,-0.022974711647249024,-2.6234852631030643,12.540160795999576,0.07406494979042119,0.04220093141372,0.06210194674170131,0.2955174323899871,0.8547931654116371,0.1473013050503206,1.5194850312241222,0.15564277415484312,24.5,0.05750087327062186,4.250105631746865e-05,2025.0,4.0,2,0.14827917850050604,zamir white,700.0,0.125,0.023279178500506037
00-0040719,Bhayshul Tuten,RB,JAX,SF,0.0,0.0,0.0,0.0,0.0,5.968036529680366,0.0,0.0,0.0,0.4566210045662101,0.0,0.17095890410958903,0.0,0.0,-0.9298464092984644,-2.146118721461187,0.9880217857213417,10.228310502283104,0.639269406392694,0.2475900606392694,0.029057700000000002,0.0,0.0,-0.03320421154194542,25.474885844748858,0.776255707762557,0.027608278966711815,0.03646569090060044,0.6995983201659794,0.5746218328674522,0.006631008284161771,1.2423402590598835,0.03037924165610235,22.0,0.1422706544443006,0.0001926818494186875,2025.0,4.0,2,0.14775609793809852,bhayshul tuten,205.0,0.32786885245901637,-0.18011275452091785
00-0039021,Roschon Johnson,RB,CHI,LV,0.0,0.0,0.0,0.10658438658246142,0.0,1.5265427806099705,0.0,0.0,0.0,0.08774039629866334,0.0,0.14615491826182805,2.0089182315449907,0.0,-0.11884922618659806,-0.9207062593573404,0.15614571251306167,3.811241938906817,0.9216334878034567,0.06907954170045372,0.008716486122303085,0.026064508726197286,0.012001025544035027,-0.3781262712507533,3.210887912574797,0.10934773743247063,0.03795831905516528,0.04261820152045184,0.21483667681656474,0.8006757600978365,0.03279601211419237,1.1696458519579582,0.30549828941547824,23.0,0.05531031455822097,0.0002858659844602417,2025.0,4.0,3,0.14603852294404593,roschon johnson,900.0,0.1,0.04603852294404592
00-0040718,Travis Hunter,WR,JAX,SF,3.8050098392157117,3.251244292237443,1.9320063441975563,0.0,-0.5186856383024689,0.0,32.76255707762557,0.007610350076103498,0.319634703196347,0.0,0.0,0.5737899543378995,0.0,9.065912845961767,0.9588589634445218,30.095890410958905,-2.1152046139548744,24.00456621004566,2.7579908675799087,0.0,0.10363913223744291,0.0,0.0,0.0,0.0,0.0,0.13253105805055504,0.27826312004688053,0.6995983201659794,0.5746218328674522,0.006631008284161771,1.2423402590598835,0.03037924165610235,22.0,0.0,0.12875506639260634,2025.0,4.0,2,0.14579989941622004,travis hunter,215.0,0.31746031746031744,-0.1716604180440974
00-0040194,Jackson Hawes,TE,BUF,NO,0.0,0.0,0.0,0.0,0.0,0.0,0.0,0.01630789302022178,0.4566210045662101,0.0,0.22831050228310504,0.38908675799086756,0.0,0.0,0.7061819459079743,7.461187214611872,1.2465706793073108,10.369863013698629,1.0,0.0,0.041511,0.0,0.0,0.0,0.0,0.4566210045662101,0.034669372568915925,0.07351739344899412,0.3152784694454046,0.942060361029898,0.359302358769382,1.4032051717482255,0.0003636361058404368,31.5,0.0,0.01308752454514819,2025.0,4.0,3,0.14558516725295942,jackson hawes,950.0,0.09523809523809523,0.050347072014864186
00-0039163,C.J. Stroud,QB,HOU,TEN,0.0,0.0,0.0,0.0,0.0,3.4652453119488738,0.0,0.00019135492582371107,0.00593200270053505,0.0011215676677985057,0.0,0.9067160488248442,0.0,0.0,0.0,0.059318403490519214,-0.004308917654788145,0.0,1.623514831316213e-06,0.092156337991616,0.000593200270053505,0.0,0.0,1.2291425668159455,20.075805203504405,9.943678320857693e-05,0.00020458957265654114,0.00040103874434826786,0.24573912331260728,1.6263770821484274,0.05164639410319531,1.0620731932420067,0.08385619811716438,22.75,0.007727880136377314,0.0,2025.0,4.0,1,0.14523062452241028,cj stroud,550.0,0.15384615384615385,-0.00861552932374357
00-0040649,Robbie Ouzts,RB,SEA,ARI,0.0,0.0,0.0,0.0,0.0,0.0,0.0,0.0,0.0,0.0,0.0,0.42,0.0,0.0,0.0,0.0,0.0,0.0,0.0,0.0,0.0,0.0,0.0,0.0,0.0,0.0,0.0,0.0,0.019376504573782847,0.38211256336786525,0.6345982734096645,0.7079521683734823,0.1904379205373603,22.5,0.0,0.0,0.0,0.0,4,0.1440552855188739,robbie ouzts,2500.0,0.038461538461538464,0.10559374705733543
00-0040586,Jaydon Blue,RB,DAL,GB,0.0,0.0,0.0,0.0,0.0,0.0,0.0,0.0,0.0,0.0,0.0,0.0,0.0,0.0,0.0,0.0,0.0,0.0,0.0,0.0,0.0,0.0,0.0,0.0,0.0,0.0,0.0,0.0,0.22829996872062927,0.4940510400939863,0.11445484759154825,0.6882572454839503,0.004153659864081591,20.25,0.0,0.0,2025.0,4.0,3,0.1439025988960208,jaydon blue,1800.0,0.05263157894736842,0.09127101994865239
00-0034272,Marquez Valdes-Scantling,WR,SF,JAX,1.5426378722100405,4.397539081297411,0.6931854433460657,0.0,-0.004526266142467809,0.07203001605325418,10.469337915289074,0.008658240583158115,0.3470194241323136,0.0,0.017295211765461824,0.45087650132289386,0.0,10.58891208548133,0.5304826466218008,47.30588091834923,0.05316452493410389,20.212455776504548,1.2816438795179312,3.987337232670685e-11,0.03926934102601084,0.0,0.0,-0.019473810039833894,0.28811995356823494,0.0773547720110841,0.09001931476471937,0.2515508554370028,0.11198903421417832,0.3129059010852398,0.15778670640033876,1.1942897130310721,0.21649979153291757,25.5,0.0,0.04689897002487379,2025.0,4.0,5,0.1431504811927861,marquez valdesscantling,800.0,0.1111111111111111,0.032039370081674984
00-0034270,Tyler Conklin,TE,LAC,NYG,1.80312094677673,1.2033893194606433,1.1951107985639768,0.0,-0.18670654583805055,0.2349460790751738,21.776786831512553,0.004551685115158335,0.16646999999408577,3.2102072932237077e-09,0.09665321178638597,0.4802992061166436,0.0,3.486922011957451,1.2184097908114022,17.491469055707412,0.63896003441839,26.86699197582308,2.3415156631887895,2.0428590640253595e-09,0.06353740192728852,0.0,0.0,0.03143612040024218,0.42000080208102775,0.26430628750967533,0.09504155768709069,0.19475469290351533,0.3185646031879392,1.2106393377131368,0.03630135138003798,1.1391214738305775,0.02012054863838416,24.75,0.0,0.02024076723255927,2025.0,4.0,3,0.14205385456747194,tyler conklin,600.0,0.14285714285714285,-0.0008032882896709115
00-0036534,Shane Zylstra,TE,DET,CLE,0.09326617584044689,0.9679452778676829,0.3089557786261297,0.0,-0.020406828269501083,0.0,9.036149448584304,0.008398524265550844,0.341215607937029,0.0,0.11517940298800557,0.3302206811708071,0.0,1.711086602881164,1.3169775655179061,8.984385943750103,0.34808499535393256,12.246967718973847,1.2405453347021036,0.0,0.028317074784696163,0.0,0.0,0.0,0.0,0.12261898090135659,0.05147485189251299,0.10322903929603937,0.6949048616323364,0.44644103516771233,0.0005275923189060786,1.2303873418907545,0.0974957082950226,27.25,0.0,0.01967767293509181,2025.0,4.0,4,0.14197640068641176,shane zylstra,1200.0,0.07692307692307693,0.06505332376333484
00-0036290,Cole Kmet,TE,CHI,LV,0.1626781127995999,0.2615533694261285,0.13982727993486468,0.0,0.002797684321213818,0.00010102126648002596,2.7404149105760007,0.012777208464708154,0.37916944515062284,4.105319926346358e-05,0.09503366041223822,0.9225285836783553,0.0,0.772156988720794,1.0936463591393544,20.089144984042527,1.6873949557991592,19.92918481838508,1.7185562869333533,2.0526611990604044e-05,0.0811996736509773,0.0,0.0,7.271660767735853e-05,9.762485722159485e-05,0.3804358341312363,0.07032708561474034,0.15854886251198025,0.21483667681656474,0.8006757600978365,0.03279601211419237,1.1696458519579582,0.30549828941547824,23.0,0.0,0.017444668045765537,2025.0,4.0,1,0.1387207386633741,cole kmet,400.0,0.2,-0.06127926133662592
00-0036637,Noah Gray,TE,KC,BAL,1.937999557189824,3.3942714359339186,1.4163526632400592,0.0,0.28872685795117203,0.10290967080296413,24.419289425843058,0.002123223917304817,0.08259133228549304,3.6703368977998706e-09,0.15267003223604791,0.5412857492449861,0.0,6.188283968915044,0.6741920467163366,19.899999525018366,-1.1606368589191347,10.600443388932364,1.8425579154090896,1.9331669004859e-06,0.1503213241314002,0.0,0.0,-0.1527158219059541,-0.41159032957043196,0.0559619565463412,0.11516960660484296,0.2181319356331229,0.3377614893793184,1.43789244501132,0.2678564152043463,0.7921279836840369,0.33670826126707726,23.0,0.0,0.050772754324093006,2025.0,4.0,2,0.13850189522587175,noah gray,475.0,0.17391304347826086,-0.03541114825238911
00-0036630,Tylan Wallace,WR,BAL,KC,0.0,0.0,0.0,0.0,0.0,0.0,0.0,0.017962688114238345,0.5101994788661448,0.0,0.0,0.4647672380940684,0.0,0.0,0.622096735212712,9.070845877081336,0.6798212087850346,8.594755021891128,0.7224662453975964,0.0,0.0829442744582597,0.0,0.0,0.0,0.0,0.22219295556945326,0.04190163991897099,0.08603481419599267,0.07376652489602777,0.7072992784390073,0.00023824669626488088,0.9916837963195584,0.29483912876620205,25.5,0.0,0.08225449297773836,2025.0,4.0,4,0.1372906947637675,tylan wallace,800.0,0.1111111111111111,0.026179583652656407
00-0040179,DJ Giddens,RB,IND,LA,0.0,0.0,0.0,0.5898916562889165,0.0,3.141552511415525,0.0,0.0,0.0,0.04474885844748858,0.0,0.14223744292237442,3.7290715372907144,0.0,0.0,-1.9178082191780819,-0.3413956769540429,0.0,0.0,0.02983257378995434,0.03196347031963471,0.07458143074581429,-0.038360697498555654,-0.1194711364335253,10.54337899543379,0.0,0.009685900096858999,0.010448407125760653,0.5843214394384592,0.041179864316731624,0.024746728993716747,1.1804125011811302,0.37439994217156763,23.0,0.0012285013408892037,0.000790991337698709,2025.0,4.0,2,0.13687916596684818,dj giddens,600.0,0.14285714285714285,-0.005977976890294667
00-0036182,Nick Westbrook-Ikhine,WR,MIA,NYJ,0.6310214969136254,2.4698606503617495,0.5329814177301553,0.0,0.32703622600229804,0.0,11.273486704650454,0.005924760744488098,0.19615664463319035,0.0,0.0035675606313057746,0.5225819442328399,0.0,5.8617523709600325,0.5032138025850607,25.614104352862736,0.2620668212093706,17.522551278048784,1.539094792058012,0.0,0.033194209369074384,0.0,0.0,0.0,0.0,0.09894664612308592,0.09247123355788718,0.20652189244150848,0.34453832343980006,0.715554929248816,0.1473826068021808,0.9355981054798019,0.12229638208323372,24.0,0.0,0.031056439398605886,2025.0,4.0,4,0.1367707223474161,nick westbrookikhine,700.0,0.125,0.011770722347416107
00-0038685,Chris Brooks,RB,GB,DAL,0.0,0.0,0.0,0.0,0.0,1.6371818017999644,0.0,0.0,0.0,0.0,0.0,0.1491850522071149,0.0,0.0,-0.41758273686383823,-2.2848050265710587,-0.45376767548134117,6.759214870272715,0.8806019373242623,0.014842578776133307,0.027766728308802276,0.0,0.0,-0.5185576458096723,7.623299571259055,0.0,0.04283208076256417,0.0606783438568711,0.4287761720996243,0.464866842965463,0.025636905687460607,2.070984460710486,0.5497432443790785,27.25,0.006899822737127276,0.0007118529949021066,2025.0,4.0,3,0.13549890592109728,chris brooks,550.0,0.15384615384615385,-0.01834724792505657
00-0036422,Adam Trautman,TE,DEN,CIN,6.7796505380333e-05,0.00016052941754262306,9.447730759934569e-05,0.0,-1.208320483292864e-05,0.0,0.002054089039009088,0.008730397057499244,0.267953875197133,0.0,0.07021348126315148,0.49595382200619803,0.0,0.00047931985938535815,1.041808855611267,5.604464902855557,0.3151607253270144,5.870237359856753,1.129991016396259,0.0,0.06261277792833271,0.0,0.0,0.0,0.0,0.266729567465967,0.045081195018858294,0.08817968213870075,0.7892864205454694,1.0362638012280274,0.4554691715713137,0.7043681432797678,0.013219702737034201,26.0,0.0,0.0494194153714621,2025.0,4.0,3,0.1354531945186001,adam trautman,475.0,0.17391304347826086,-0.03845984895966076
00-0037085,Tyler Badie,RB,DEN,CIN,0.0,0.0,0.0,0.0,0.0,1.1408386700880306,0.0,0.00400481362251248,0.16019254490049917,0.0,0.0,0.12427455171424005,0.0,0.0,-0.3132720335696703,-0.4614208947963249,-0.43323990981694,7.495610560807945,1.095755911023176,0.0,0.010989208580174244,0.0,0.0,0.007637298482503753,7.060280454646057,0.03846223003060985,0.05361769949289703,0.07620140639415124,0.7892864205454694,1.0362638012280274,0.4554691715713137,0.7043681432797678,0.013219702737034201,26.0,0.0,0.005005245728236336,2025.0,4.0,3,0.13464118517208362,tyler badie,700.0,0.125,0.009641185172083622
00-0036427,Tyler Johnson,WR,NYJ,MIA,0.44673645728022476,0.9139450164048062,0.41287599991867113,0.0,0.6272417979689905,0.0,8.484740809866263,0.006339880072310842,0.19635026218711105,0.0,0.05283475388497732,0.6326582930168521,0.0,2.8905873652355667,0.8127584452165655,25.560726672005572,0.559474722534432,21.510649459619298,1.6636503216557341,0.0,0.05979788536852399,0.0,0.0,0.0,0.0,0.10493568269696987,0.08590475658574406,0.23007862862655584,0.7788053390377815,0.35354229997402575,0.1163646934377183,1.2649144653986988,0.504090383907069,21.5,0.0,0.0756392102028992,2025.0,4.0,3,0.13462007695361736,tyler johnson,850.0,0.10526315789473684,0.02935691905888052
00-0032464,Kalif Raymond,WR,DET,CLE,0.16081124607291258,0.12803285244186033,0.06488212026853374,0.0,0.012616998413541981,0.2519286885915398,0.8433294251164994,7.857213717539838e-09,2.853515852959138e-07,0.0,7.775844807293785e-11,0.4285301776771877,0.0,0.2884818257411638,0.7864510137336888,13.710363749596498,0.32077786790115603,11.982282675719949,1.2360054615558116,1.712451985297609e-05,0.0037701378574944073,0.0,0.0,0.08355922471694767,1.5353967883014867,0.04201452308658281,0.062243475405392476,0.13894802768497838,0.6949048616323364,0.44644103516771233,0.0005275923189060786,1.2303873418907545,0.0974957082950226,27.25,0.0,0.004638729897044248,2025.0,4.0,3,0.13386381387444699,kalif raymond,475.0,0.17391304347826086,-0.04004922960381388
00-0038738,Hunter Luepke,RB,DAL,GB,0.0,0.0,0.0,0.0,0.0,0.0,0.0,0.0,0.0,0.0,0.0,0.16,0.0,0.0,0.0,0.0,0.0,0.0,0.0,0.0,0.0,0.0,0.0,0.0,0.0,0.0,0.0,0.0,0.22829996872062927,0.4940510400939863,0.11445484759154825,0.6882572454839503,0.004153659864081591,20.25,0.0,0.0,0.0,0.0,4,0.1327074915875317,hunter luepke,2000.0,0.047619047619047616,0.08508844396848408
00-0040238,LeQuint Allen Jr.,RB,JAX,SF,0.0,0.0,0.0,0.0,0.0,0.8630136986301371,0.0,0.0,0.0,0.0,0.0,0.21625570776255706,0.0,0.0,1.1461187214611874,0.4748858447488586,-0.3915873092741992,5.004566210045661,0.680365296803653,0.045662102739726027,0.0,0.0,0.0,0.4759341516982779,5.7214611872146115,0.0,0.019731662647407375,0.02983228862816753,0.6995983201659794,0.5746218328674522,0.006631008284161771,1.2423402590598835,0.03037924165610235,22.0,0.02623844116888328,0.0,2025.0,4.0,3,0.13253336626736817,lequint allen,750.0,0.11764705882352941,0.014886307443838759
00-0037112,Jake Tonges,TE,SF,JAX,1.7407608979823261,0.30840900118436665,1.4268116504500916,0.0,0.15985102463907122,0.0,22.10817212791157,0.0055270430319778775,0.1934465061192262,0.0,0.0967232530596131,0.5797078562968812,0.0,0.6207410860324585,1.8916962758257678,14.910777733912356,0.5890798678713192,19.759178839320963,2.4753257007500986,0.0,0.03868930122384524,0.0,0.0,0.0,0.0,0.1934465061192262,0.0930617551111703,0.17969260042251656,0.11198903421417832,0.3129059010852398,0.15778670640033876,1.1942897130310721,0.21649979153291757,25.5,0.0,0.004332777478479856,2025.0,4.0,1,0.13214548899004536,jake tonges,450.0,0.18181818181818182,-0.04967269282813647
00-0036980,Elijah Moore,WR,BUF,NO,0.9834375184940988,2.854594004558673,1.023149007308071,0.0,-0.15207021724711403,0.8843540832307584,14.009623650146699,0.0031694351293744824,0.13795275161018744,0.1050000000373396,0.0028847019104933412,0.4490084304071272,0.0,6.9578822997023115,2.1335024479480795,25.34163955091475,-0.9101732085683023,25.065241525261616,1.8926772008670683,0.02333664692768997,0.014809815328774593,0.0,0.0,0.2931495007391631,5.75329528685498,0.21873345346738804,0.09779878190590945,0.22510236490514832,0.3152784694454046,0.942060361029898,0.359302358769382,1.4032051717482255,0.0003636361058404368,31.5,0.0,0.020781209461972656,2025.0,4.0,4,0.1317169139569755,elijah moore,750.0,0.11764705882352941,0.01406985513344608
00-0035567,Craig Reynolds,RB,DET,CLE,0.0,0.0,0.0,0.05101040932729839,0.0,3.703195054492782,0.0,0.0,0.0,0.014017627696795905,0.0,0.13259507702855,0.67657205509488,0.0,1.5253962220616806,-1.3288567501824522,-0.614057047274488,4.425472208730292,0.3190141528162572,0.022180991442495242,0.0,0.009035914064447969,0.011018095763944911,-1.1933512464325056,14.370273934084654,0.004152659041335693,0.018826395101317284,0.023000834510214497,0.6949048616323364,0.44644103516771233,0.0005275923189060786,1.2303873418907545,0.0974957082950226,27.25,0.009902504780633745,0.0,2025.0,4.0,3,0.13099869109480353,craig reynolds,850.0,0.10526315789473684,0.02573553320006669
00-0039918,Caleb Williams,QB,CHI,LV,0.0,0.0,0.0,0.0,0.0,4.945137061613251,0.0,0.0,0.0,0.0014544957312121354,0.0,0.962823340501806,0.0,0.0,0.0,0.0,0.0,0.0,0.0,0.2472374515327853,0.0,0.0,0.0,0.014117585792669562,26.11829204856078,0.14711738829824103,0.0,0.0,0.21483667681656474,0.8006757600978365,0.03279601211419237,1.1696458519579582,0.30549828941547824,23.0,0.07553061852270812,0.0,2025.0,4.0,1,0.13071473435349754,caleb williams,380.0,0.20833333333333334,-0.0776185989798358
00-0034855,Baker Mayfield,QB,TB,PHI,0.0,0.0,0.0,0.0,0.0,4.03562168655566,0.0,0.0,0.0,0.0004727657281368483,0.0,0.9874407960965724,0.0,0.0,7.380185518914646e-12,3.07507717735518e-11,1.0889391213079181e-11,3.69009261282622e-11,6.15015435471036e-12,0.07963263531579223,0.0,0.0,0.0,3.8522959614553614,37.19962614692556,0.013649079592360195,1.9219232358469876e-13,3.917766419910317e-13,0.10311033522107635,0.3441414372139988,0.30033540107654144,0.9695448207280812,0.2193591660366339,20.0,0.017468148472171586,0.0,2025.0,4.0,1,0.13017519287200421,baker mayfield,600.0,0.14285714285714285,-0.012681949985138635
00-0040476,Ulysses Bentley IV,RB,IND,LA,0.0,0.0,0.0,0.0,0.0,1.0,0.0,0.0,0.0,0.0,0.0,0.03,0.0,0.0,0.0,0.0,0.0,0.0,0.0,0.0,0.0,0.0,0.0,-0.795169524395127,0.0,0.0,0.0,0.0,0.5843214394384592,0.041179864316731624,0.024746728993716747,1.1804125011811302,0.37439994217156763,23.0,0.0,0.0,0.0,0.0,4,0.12983455325157836,ulysses bentley,2200.0,0.043478260869565216,0.08635629238201314
00-0034159,Will Dissly,TE,LAC,NYG,0.8489677274588807,1.0697083896861577,0.6922778039037725,0.0,0.20783058794227952,0.0,16.707198000403515,0.005044139869363516,0.16429459410601582,0.0,0.07350000378177604,0.5043579418884709,0.0,2.3862224939612022,2.273512854947782,9.914644321990341,0.9548568509991682,20.990138226588343,2.073157047143214,0.0,0.05139879169810317,0.0,0.0,0.0,0.0,0.17240457570643344,0.07832085815707897,0.14433382955404542,0.3185646031879392,1.2106393377131368,0.03630135138003798,1.1391214738305775,0.02012054863838416,24.75,0.0,0.01637383568164578,2025.0,4.0,1,0.12964861352008164,will dissly,500.0,0.16666666666666666,-0.03701805314658502
00-0040208,Tahj Brooks,RB,CIN,DEN,0.0,0.0,0.0,0.0,0.0,2.2831050228310503,0.0,0.0,0.0,0.0,0.0,0.0821917808219178,0.0,0.0,0.0,0.0,0.0,0.0,0.0,0.0,0.0,0.0,0.0,-0.45494675810648677,7.762557077625571,0.0,0.0,0.0,0.060232214177897564,0.41671564206272016,0.3109379485277461,0.6156197035613635,0.3177003394940683,18.5,0.0,0.0,2025.0,4.0,3,0.1294486108494513,tahj brooks,850.0,0.10526315789473684,0.02418545295471447
00-0038951,Sean Tucker,RB,TB,PHI,0.0,0.0,0.0,0.0158821132591127,0.0,1.7197187163639187,0.0,0.0,0.0,0.01849120378850515,0.0,0.04986325807959786,0.12741025718616458,0.0,0.304111209672053,0.25282830844818405,0.019444770657040096,1.260631554416516,0.1589230387333254,0.01759791936376006,0.0,0.00445935900151576,0.023491406275139487,0.04390906928894314,8.690015060650646,0.030709710386115197,0.007455559975651095,0.011577796099143906,0.10311033522107635,0.3441414372139988,0.30033540107654144,0.9695448207280812,0.2193591660366339,20.0,0.006056173261820447,0.0,2025.0,4.0,3,0.12943046946323133,sean tucker,1600.0,0.058823529411764705,0.07060694005146663
00-0040142,Kaleb Johnson,RB,PIT,MIN,0.0,0.0,0.0,0.0,0.0,1.0,0.0,0.0,0.0,0.0,0.0,0.03411764705882353,0.0,0.0,0.0,0.0,0.0,0.0,0.0,0.0,0.0,0.0,0.0,-0.10307544545160911,-0.23529411764705876,0.0,0.0,0.0,0.35216730370220917,0.7297758142853682,0.10651161587439915,0.4248873546525681,0.15310704424946572,19.0,0.0,0.0,2025.0,4.0,3,0.12941645458567314,kaleb johnson,2200.0,0.043478260869565216,0.08593819371610792
00-0039796,Rasheen Ali,RB,BAL,KC,0.0,0.0,0.0,0.0,0.0,0.6013307750474939,0.0,0.0,0.0,0.0,0.0,0.03211331889856837,0.0,0.0,0.0,-0.560673907151747,-0.0892738703971408,0.0,0.0,0.07308651499734375,0.0,0.0,0.0,-0.1075983169048283,1.90616313028002,0.0,0.007475652485242259,0.00980170909449467,0.07376652489602777,0.7072992784390073,0.00023824669626488088,0.9916837963195584,0.29483912876620205,25.5,0.051694039321242925,0.0,2025.0,4.0,3,0.1293820678207107,rasheen ali,1700.0,0.05555555555555555,0.07382651226515516
00-0039305,Jack Westover,RB,NE,CAR,0.0,0.0,0.0,0.0,0.0,0.0,0.0,0.0,0.0,0.0,0.0,0.0,0.0,0.0,0.0,0.0,0.0,0.0,0.0,0.0,0.0,0.0,0.0,0.0,0.0,0.0,0.0,0.0,0.2887671459068964,0.5098126813332812,0.05566773520615474,0.8733033595020957,0.19671396744361522,24.0,0.0,0.0,0.0,0.0,4,0.12925709403175983,jack westover,1900.0,0.05,0.07925709403175983
00-0037805,Jeremy Ruckert,TE,NYJ,MIA,0.0,0.0,0.0,0.0,0.0,0.0,0.0,0.013717090005307688,0.3024216493210708,0.0,0.15000019490247044,0.40344179834449695,0.0,0.0,1.5748831233384124,8.778459418637771,1.747141532466163,8.619855714681151,1.3120592038927568,0.0,0.10843294784793715,0.0,0.0,0.0,0.0,0.30000038980494087,0.06405405920393333,0.12582969567449037,0.7788053390377815,0.35354229997402575,0.1163646934377183,1.2649144653986988,0.504090383907069,21.5,0.0,0.08444815871157878,2025.0,4.0,2,0.12905242789949473,jeremy ruckert,800.0,0.1111111111111111,0.01794131678838362
00-0040202,Devin Neal,RB,NO,BUF,0.0,0.0,0.0,0.0,0.0,2.0,0.0,0.0,0.0,0.0,0.0,0.09,0.0,0.0,0.0,0.0,0.0,0.0,0.0,0.0,0.0,0.0,0.0,-0.158510331995785,9.0,0.0,0.0,0.0,0.3573954169990003,0.7597672232717286,0.05223135437550944,1.3103762737397842,0.2512623116088044,16.0,0.0,0.0,2025.0,4.0,3,0.12891377325212874,devin neal,2000.0,0.047619047619047616,0.08129472563308113
00-0035689,Dawson Knox,TE,BUF,NO,2.6945894022102417,1.562299051214616,1.6768275494459712,0.0,-0.09727061611774322,0.0,13.674202713268615,0.0003562810871101372,0.01043200084302714,0.0,0.0008975854390336529,0.5792996433076585,0.0,5.297246958200825,2.2592887659488476,15.876632857152657,-0.019877684575980843,20.371770538878526,1.8239936116141364,0.0,0.11126582318114706,0.0,0.0,0.0,0.0,0.005280236879335073,0.1133452594957623,0.22495956561365416,0.3152784694454046,0.942060361029898,0.359302358769382,1.4032051717482255,0.0003636361058404368,31.5,0.0,0.035079718434135064,2025.0,4.0,2,0.1287828791409674,dawson knox,425.0,0.19047619047619047,-0.06169331133522307
00-0039424,Devaughn Vele,WR,NO,BUF,0.19515581613016128,0.43806434571191233,0.13185707553870898,0.0,-0.0037316672930868943,0.0,3.4442348997097634,0.021773790801444898,0.7801345187136227,0.0,0.4039176237637685,0.4116527784378197,0.0,1.4984063107574694,0.955188453068232,20.398580972379904,1.9836744771716464,20.169906457118678,1.8244569789141554,0.0,0.15806189165238763,0.0,0.0,0.0,0.0,0.5336697118831588,0.07079135678366885,0.17557271899410393,0.3573954169990003,0.7597672232717286,0.05223135437550944,1.3103762737397842,0.2512623116088044,16.0,0.0,0.2071205526037172,2025.0,4.0,4,0.12872928832002573,devaughn vele,900.0,0.1,0.02872928832002572
00-0036264,Jordan Love,QB,GB,DAL,0.0,0.0,0.0,0.0,0.0,2.6149052916890287,0.0,0.0,0.0,0.022119422956046506,0.0,0.9242357824400541,0.0,0.0,0.0,0.0,0.0,0.0,0.0,0.08392755807032166,0.0,0.0,0.0,0.675805923169609,9.977815628520508,0.009063648638810784,0.0,0.0,0.4287761720996243,0.464866842965463,0.025636905687460607,2.070984460710486,0.5497432443790785,27.25,0.046138608066392146,0.0,2025.0,4.0,1,0.1280339630644177,jordan love,425.0,0.19047619047619047,-0.06244222741177277
00-0038465,Malik Heath,WR,GB,DAL,0.5417664544381183,1.346290622569572,0.40340021701529216,0.0,0.316221557103268,0.0,8.830065298882195,0.00817865529875541,0.23005387737861077,0.0,0.12362091418435073,0.3531496994265809,0.0,3.4121315454419405,0.7401280765615078,18.716165074616438,1.359667706749791,19.04004845997195,1.2234738694066278,0.0,0.04517543368713403,0.0,0.0,0.0,0.0,0.1810683781754207,0.06111898683756801,0.1395658055683357,0.4287761720996243,0.464866842965463,0.025636905687460607,2.070984460710486,0.5497432443790785,27.25,0.0,0.09355762117191159,2025.0,4.0,5,0.12743562223323587,malik heath,650.0,0.13333333333333333,-0.005897711100097458
00-0040669,Isaac TeSlaa,WR,DET,CLE,0.0,0.0,0.0,0.0,0.0,0.0,0.0,0.005737033134293398,0.2237442922374429,0.0,0.0,0.19753424657534246,0.0,0.0,0.5670556401149995,25.69406392694064,0.6792029010044646,12.178082191780822,0.54337899543379,0.0,0.02237442922374429,0.0,0.0,0.0,0.0,0.2237442922374429,0.05242822546355348,0.1601419279895953,0.6949048616323364,0.44644103516771233,0.0005275923189060786,1.2303873418907545,0.0974957082950226,27.25,0.0,0.027529214498925557,2025.0,4.0,4,0.1268954411876466,isaac teslaa,650.0,0.13333333333333333,-0.006437892145686741
00-0040162,Dylan Sampson,RB,CLE,DET,0.0,0.0,0.0,0.7215550020755499,0.0,4.4200913242009126,0.0,0.006659056316590552,0.319634703196347,0.0,0.0,0.2062557077625571,0.0,0.0,0.02082191780822018,-3.356164383561644,1.6831680348200937,18.474885844748858,2.748858447488584,0.0745814322374429,0.18112633543378992,0.07458143074581429,-0.20594420581511605,-1.357912064737804,9.319634703196346,0.319634703196347,0.06600586553810733,0.08968611946393451,0.8232112770395787,0.8174109974476873,0.10732470051434657,1.162400031145099,0.2182339438567026,17.25,0.0609636829162853,0.019439329705692582,2025.0,4.0,3,0.126873190230967,dylan sampson,700.0,0.125,0.0018731902309669923
00-0038614,Scott Matlock,RB,LAC,NYG,0.0,0.0,0.0,0.0,0.0,0.0,0.0,0.0,0.0,0.0,0.0,0.0,0.0,0.0,0.0,0.0,0.0,0.0,0.0,0.0,0.0,0.0,0.0,0.0,0.0,0.0,0.0,0.0,0.3185646031879392,1.2106393377131368,0.03630135138003798,1.1391214738305775,0.02012054863838416,24.75,0.0,0.0,0.0,0.0,4,0.12659513669069158,scott matlock,3000.0,0.03225806451612903,0.09433707217456255
00-0040692,Jarquez Hunter,RB,LA,IND,0.0,0.0,0.0,0.0,0.0,0.0,0.0,0.0,0.0,0.0,0.0,0.0,0.0,0.0,0.0,0.0,0.0,0.0,0.0,0.0,0.0,0.0,0.0,0.0,0.0,0.0,0.0,0.0,0.32977962314874776,0.8208344921701718,0.1594128388650098,1.2692923254407729,0.08266126998905972,26.5,0.0,0.0,2025.0,4.0,3,0.12557732820680811,jarquez hunter,1200.0,0.07692307692307693,0.04865425128373119
00-0038678,Jordan Mims,RB,TEN,HOU,0.0,0.0,0.0,0.0,0.0,1.817424493773927,0.0,0.0006436300438426173,0.01802164122759329,0.0,0.01802164122759329,0.1973911554315611,0.0,0.0,-0.0634669124095617,1.4578742130488063,-0.9134957107708975,7.387592087786861,1.6235567719160906,0.007505890099406647,0.01372630707334718,0.0,0.0,0.1367770602229095,7.299267460488438,0.0,0.0749373760811401,0.11823450992096053,0.3579077905768634,1.1121417258453545,0.0036656805750712386,0.6954456008193758,0.12296923156323143,15.75,0.008347613569159668,5.0316257206231706e-05,0.0,0.0,4,0.12541398878973647,jordan mims,2500.0,0.038461538461538464,0.08695245032819801
00-0040735,Luther Burden III,WR,CHI,LV,0.0,0.0,0.0,0.0,0.0,0.4566210045662101,0.0,0.0,0.0,0.0,0.0,0.250365296803653,0.0,0.0,0.9869672754946727,30.022831050228312,1.821149619339784,47.045662100456624,1.9132420091324198,0.0,0.15601217808219175,0.0,0.0,0.5995412021992329,3.1963470319634704,0.4566210045662101,0.07487619373195517,0.1951467668813941,0.21483667681656474,0.8006757600978365,0.03279601211419237,1.1696458519579582,0.30549828941547824,23.0,0.0,0.18247899694876188,2025.0,4.0,4,0.12504732995693035,luther burden,550.0,0.15384615384615385,-0.0287988238892235
00-0036984,Trey Sermon,RB,PIT,MIN,0.0,0.0,0.0,0.05676059873612077,0.0,1.8701598901195475,0.0,0.0,0.0,0.017148353607799708,0.0,0.17402460671666034,0.6783221699166119,0.0,1.737641212197033,3.41504149365296,-0.8317807586945436,6.085679869909384,0.9737187312032486,0.01718407243871474,0.07669837951619524,0.007263098301338538,-0.007395316540252335,-0.14079285083204626,5.715316075486071,0.012655388202131707,0.044141836544369206,0.07279483941006325,0.35216730370220917,0.7297758142853682,0.10651161587439915,0.4248873546525681,0.15310704424946572,19.0,0.012540520456701803,0.008169268337217872,0.0,0.0,4,0.1249666414891239,trey sermon,2200.0,0.043478260869565216,0.08148838061955868
00-0035249,Josh Oliver,TE,MIN,PIT,0.24419927597498517,0.604515374453627,0.21024844049322905,0.0,0.027624240626906216,0.0,4.824260874270393,0.00238443483937984,0.07934813205183183,0.0,0.12381487970314185,0.4580282780418138,0.0,1.0948781165825872,1.2763503802914773,9.445808190328723,1.0712653573354685,14.85108586671039,1.3791806497445105,0.0,0.10000890290145378,0.0,0.0,0.0,0.0,0.35109124282625354,0.0610239551538068,0.11452952959580948,1.0123321386521649,0.5071851035127225,0.0015724687248208065,0.8155974940769841,0.3414007827103336,21.5,0.0,0.1012422265584854,2025.0,4.0,2,0.12471260737966104,josh oliver,1200.0,0.07692307692307693,0.047789530456584114
00-0040078,Brashard Smith,RB,KC,BAL,0.0,0.0,0.0,0.0,0.0,1.2328767123287672,0.0,0.0,0.0,0.0,0.0,0.10488584474885844,0.0,0.0,0.0,0.0,-0.6982886363682013,0.0,0.0,0.0,0.09132420091324202,0.0,0.0,0.3284078696636338,6.575342465753425,0.0,0.024068200733292872,0.036102301099939296,0.3377614893793184,1.43789244501132,0.2678564152043463,0.7921279836840369,0.33670826126707726,23.0,0.0,0.024461773078022494,2025.0,4.0,3,0.123270367194397,brashard smith,950.0,0.09523809523809523,0.02803227195630177
00-0039074,Davis Allen,TE,LA,IND,0.2910717738268468,0.1357747360345277,0.2406086629595495,0.0,-0.021347803812652045,0.0,4.722059990274015,0.006738559296880277,0.21971822816957293,0.0,0.017820006277366053,0.3902855952024563,0.0,0.25410226727514884,0.556179918095306,9.76738552677933,0.3301709198477405,7.194297320285419,1.0392477616658493,0.0,0.12112033162973648,0.0,0.0,0.0,0.0,0.3664827957703379,0.04596292330343552,0.09925209241588494,0.32977962314874776,0.8208344921701718,0.1594128388650098,1.2692923254407729,0.08266126998905972,26.5,0.0,0.03994301732050585,2025.0,4.0,2,0.12322168532605515,davis allen,800.0,0.1111111111111111,0.012110574214944048
00-0037306,John FitzPatrick,TE,GB,DAL,0.0,0.0,0.0,0.0,0.0,0.0,0.0,0.014424290505210775,0.3606072626302694,0.0,0.3606072626302694,0.2533215534960874,0.0,0.0,1.6853341026288269,2.576971620208431,1.0705133644479556,5.967040496195594,1.1081821787890809,0.0,0.1803036313151347,0.0,0.0,0.0,0.0,0.3606072626302694,0.04504900708970868,0.09605974356678991,0.4287761720996243,0.464866842965463,0.025636905687460607,2.070984460710486,0.5497432443790785,27.25,0.0,0.07730990085096541,2025.0,4.0,2,0.12254943211644345,john fitzpatrick,1200.0,0.07692307692307693,0.045626355193366525
00-0037475,Stone Smartt,TE,NYJ,MIA,0.5428063844909151,1.296556930557778,0.6411413386378766,0.0,-0.1731038374108861,0.0,12.254791404137793,0.0001316590488015321,0.004943272261750785,0.0,0.001017732524478103,0.4074039597758508,0.0,2.963784510570964,1.40378548401245,26.49301865593147,1.3739854013930684,31.039445898450634,2.5593570698454955,0.0,0.030283841533769066,0.0,0.0,0.0,0.0,0.0029078072127945785,0.08870427503863505,0.19922141061267948,0.7788053390377815,0.35354229997402575,0.1163646934377183,1.2649144653986988,0.504090383907069,21.5,0.0,0.023585217473073464,2025.0,4.0,3,0.1221468907077877,stone smartt,2000.0,0.047619047619047616,0.07452784308874008
00-0038551,Kendre Miller,RB,NO,BUF,0.0,0.0,0.0,0.16485934123335644,0.0,6.016242190720927,0.0,0.0,0.0,0.0030366120768316155,0.0,0.22676409663212493,0.5447701497247576,0.0,-0.2176303807789585,-2.3129457542733425,-0.04705831520488152,6.564925764166276,1.1410913117132442,0.12501918617410646,0.0,0.027383732186050773,0.020893538296269065,-1.030073586577403,20.33240342918606,0.04755883404297212,0.03500059237672993,0.048277319784995165,0.3573954169990003,0.7597672232717286,0.05223135437550944,1.3103762737397842,0.2512623116088044,16.0,0.09498547993519214,0.0,2025.0,4.0,2,0.12214508531690668,kendre miller,500.0,0.16666666666666666,-0.044521581349759975
00-0037594,Julius Chestnut,RB,TEN,HOU,0.0,0.0,0.0,0.0,0.0,2.396566974333177,0.0,0.0,0.0,0.31405319040478297,0.0,0.14944232340703145,0.0,0.0,-0.26052673507369384,0.35203866393335786,-0.4951998121130534,0.8454129829606118,0.12755643225315072,0.2104239922395689,0.0,0.0,0.0,0.07277122895720095,14.714949052865801,0.0,0.007834398469556745,0.012595497962851924,0.3579077905768634,1.1121417258453545,0.0036656805750712386,0.6954456008193758,0.12296923156323143,15.75,0.23402130188858364,0.0,2025.0,4.0,2,0.12131595222640168,julius chestnut,850.0,0.10526315789473684,0.016052794331664844
00-0039917,Michael Penix Jr.,QB,ATL,WAS,0.0,0.0,0.0,0.0,0.0,2.271597049420992,0.0,0.0,0.0,0.10498306476755039,0.0,0.8739690388938427,0.0,0.0,0.0,0.0,0.0,0.0,0.0,0.059472204223816626,0.0,0.0,0.0,0.5147167496258058,6.853970775824435,0.26518753358816594,0.0,0.0,0.3584502896672794,0.6089180761904635,0.03541780908718966,1.2514299682851426,0.018039798226821915,22.0,0.001072866564301998,0.0,2025.0,4.0,1,0.12092265013414767,michael penix,700.0,0.125,-0.004077349865852328
00-0038046,Charlie Kolar,TE,BAL,KC,0.00905297888695181,0.016457218868162534,0.004389950426495776,0.0,0.001920204004335456,0.050661518676101906,0.1362916676452384,0.0018055910961212536,0.06486972432491259,0.0,0.025330759338050953,0.42084881433765126,0.0,0.027370156390214055,2.395117251924971,15.775566742603846,0.9330807265103073,15.856920586962588,1.4407204909830653,0.0,0.012676741636312064,0.0,0.0,0.08708240881717756,0.10132303735220381,0.06282534931023398,0.06876990320152226,0.14443779525774664,0.07376652489602777,0.7072992784390073,0.00023824669626488088,0.9916837963195584,0.29483912876620205,25.5,0.0,0.0009351191775155256,2025.0,4.0,3,0.12024713145424264,charlie kolar,850.0,0.10526315789473684,0.0149839735595058
00-0039407,Dylan Laube,RB,LV,CHI,0.0,0.0,0.0,0.0,0.0,1.319778918278721,0.0,0.0,0.0,0.0,0.0,0.09311488353730756,0.0,0.0,-1.5659955257270701,-0.8290564547966837,0.013256774252141765,4.697986577181208,0.5527043031977892,0.0,0.0,0.0,0.0,-2.564557498043158,0.7895775759968418,0.0,0.027475395409364695,0.03921879923652926,0.2955174323899871,0.8547931654116371,0.1473013050503206,1.5194850312241222,0.15564277415484312,24.5,0.0,0.0,2025.0,4.0,3,0.12017323331159353,dylan laube,1200.0,0.07692307692307693,0.043250156388516606
00-0038705,Emari Demercado,RB,ARI,SEA,0.0,0.0,0.0,0.001932883277861585,0.0,1.394815213874405,0.0,3.6658013594283823e-06,0.00011730564350170823,0.00011730564350170823,0.0,0.1205600609150626,0.022350684382735204,0.0,-0.34804710661426597,-0.7621200977596568,-0.8362082394681181,3.8460037725044214,0.851587519946703,8.797923262628115e-05,0.12337686227737599,0.00029925961361052515,1.930542896917078e-05,-0.49576321064106565,6.395306746874503,0.03611327630013106,0.03736344637854395,0.051964889924356925,0.7055833666599866,0.05309517694105782,0.0420286532090999,0.6117392626058678,0.008985472478048156,21.0,4.671272923430885e-06,0.005185363358682715,2025.0,4.0,2,0.12006069819290169,emari demercado,400.0,0.2,-0.07993930180709832
00-0035250,Devin Singletary,RB,NYG,LAC,0.0,0.0,0.0,0.018169166145627396,0.0,3.845135101169593,0.0,0.0,0.0,0.03094471407700874,1.4718644495411925e-08,0.20308148872273923,0.21809037228337338,0.0,0.577181083314966,-2.46830375577485,-0.4091612749323932,0.16446608600578763,0.5497670298257287,0.029705649006174336,0.0001416087116856168,0.002224077558229884,-0.0024991624800261396,-0.3497121549348036,12.364551484085533,0.050497568173239055,0.017851182845076138,0.019403091677024982,0.26216652691603776,0.3810939476496725,0.08606303301871639,0.7168373821221911,0.1620870522702443,18.75,0.01132064304725855,1.2187275229537127e-05,2025.0,4.0,3,0.12005382809349908,devin singletary,450.0,0.18181818181818182,-0.06176435372468274
00-0035631,Drew Sample,TE,CIN,DEN,7.265671264285024e-07,7.291150079198173e-07,7.747320200576916e-07,0.0,1.4116338577357687e-07,0.012106082152275446,1.6440541831983637e-05,0.00021728932480808048,0.008474286671141758,0.0040353607981323605,0.30169485819214814,0.613262600530011,0.0,2.0479098618019615e-06,1.2134593847572595,1.8978286538894074,0.6324223683492736,10.8805021989188,1.536072531603989,0.0020176803990661803,0.31052284363684574,0.0,0.0,-0.017910356076203553,-0.048424328609101785,0.30879601470743373,0.06868259738341755,0.11617812366865704,0.060232214177897564,0.41671564206272016,0.3109379485277461,0.6156197035613635,0.3177003394940683,18.5,0.0,0.01870347842506429,2025.0,4.0,2,0.11995965081875895,drew sample,900.0,0.1,0.019959650818758945
00-0036971,Trevor Lawrence,QB,JAX,SF,0.0,0.0,0.0,0.0,0.0,2.580700790687155,0.0,0.0,0.0,0.05568145341371905,0.0,0.9210832305725818,0.0,0.0,0.0,0.0,0.0,0.0,0.0,0.0808800307705952,0.0,0.0,0.0,0.5809974220615739,8.521369305566697,0.12398689945411213,0.0,0.0,0.6995983201659794,0.5746218328674522,0.006631008284161771,1.2423402590598835,0.03037924165610235,22.0,0.0024570739999329057,0.0,2025.0,4.0,1,0.11942206096422375,trevor lawrence,500.0,0.16666666666666666,-0.047244605702442904
00-0036328,Antonio Gibson,RB,NE,CAR,0.0,0.0,0.0,0.6884812046031026,0.0,6.6062875768827185,0.0,2.7794001148990285e-09,9.1720203791668e-08,0.06328294045045277,6.76461557596985e-06,0.29337372954335333,2.637231000394375,0.0,-1.2555128078236866,5.296014402002574,-0.2613289319419984,4.276820054806476,0.8466796923519274,0.08774345692544858,0.035407607074954855,0.09235951121887641,-0.006890090710089591,-2.2322077834794833,28.597504204577323,0.02485878232948941,0.046044158332489246,0.07948162040142498,0.2887671459068964,0.5098126813332812,0.05566773520615474,0.8733033595020957,0.19671396744361522,24.0,0.0447327270446142,0.001971061294932158,2025.0,4.0,3,0.11925973098888137,antonio gibson,475.0,0.17391304347826086,-0.05465331248937949
00-0036887,Luke Farrell,TE,SF,JAX,0.015336168018306066,0.006893512606139889,0.0045422977774269725,0.0,0.005624478094715711,0.0,0.08545676784470943,3.7481038528381294e-05,0.0014242794640784897,0.0,0.0003560698660196224,0.4914828609169619,0.0,0.010876822566410883,0.6445853525878189,4.051204082440134,0.631140859549999,8.218965576322775,1.3814472793331232,0.0,0.06468185836880837,0.0,0.0,0.0,0.0,0.3000023193160466,0.05578819081308226,0.09351771692230534,0.11198903421417832,0.3129059010852398,0.15778670640033876,1.1942897130310721,0.21649979153291757,25.5,0.0,0.0072436588499011165,2025.0,4.0,2,0.1190456288945884,luke farrell,500.0,0.16666666666666666,-0.047621037772078254
00-0033526,Samaje Perine,RB,CIN,DEN,0.0,0.0,0.0,7.444476414717077e-07,0.0,1.5389277492346376,0.0,0.00013089211665680484,0.005576654613286124,0.0010960813894975857,0.0028248862755553875,0.2712202469723951,5.273518099041992e-06,0.0,2.5416734457100394,0.866037119140815,0.7699663055857339,8.370936589178338,0.8536096839466463,0.006627554679034487,0.002024640953792679,1.343511718118223e-07,-1.7164969093429652e-08,-0.29863182000384847,7.765282879253027,0.005177892158059195,0.032098621312114224,0.05147631469116867,0.060232214177897564,0.41671564206272016,0.3109379485277461,0.6156197035613635,0.3177003394940683,18.5,0.002761805703379642,0.0006295377046775547,2025.0,4.0,2,0.11902712464953039,samaje perine,850.0,0.10526315789473684,0.01376396675479355
00-0037120,Tyler Goodson,RB,IND,LA,0.0,0.0,0.0,0.09604832723485349,0.0,2.1182454251379084,0.0,0.003645772219504332,0.12285929745019922,0.008262890170241784,0.07227017497070544,0.11012938518346484,0.8913987571282744,0.0,-0.08277149253564778,1.7590030333039153,-0.028049485041497558,2.7164744680112687,0.5334963487208503,0.02689077509129655,0.018043728644369376,0.01876668822730977,0.01746463960058462,0.10994415112951045,9.163499948389928,0.10768256070635106,0.024940006734490868,0.0407025740206327,0.5843214394384592,0.041179864316731624,0.024746728993716747,1.1804125011811302,0.37439994217156763,23.0,0.0011073584696313383,0.000446523262798373,2025.0,4.0,3,0.11785100301104799,tyler goodson,1100.0,0.08333333333333333,0.03451766967771466
00-0032398,Chris Moore,WR,WAS,ATL,0.002492920259089381,0.02234254483407504,0.004098919610579472,0.0,0.00038562370692517305,0.03018403266997603,0.08820484226120817,3.224288476174786e-05,0.0011657280087362261,0.0,0.00016756386590964357,0.5534167894239732,0.0,0.04858595542424912,1.037225163907774,33.31973170315873,1.7972752786936688,28.066395138601163,1.7439557377041566,0.0,0.0009758397106808648,0.0,0.0,0.021207376591880635,0.47615879086739815,5.1462328613839193e-05,0.09654844678107803,0.26054693387991346,0.2674356241384136,0.516577451765065,0.34868761084779737,0.6659896258550828,0.5085624792552026,23.5,0.0,0.0006498991238108814,2025.0,4.0,5,0.11767225221785431,chris moore,1100.0,0.08333333333333333,0.03433891888452098
00-0036244,Colby Parkinson,TE,LA,IND,0.4017455838459279,0.6391566674299407,0.2918796455924291,0.0,0.12366936099618725,0.0,3.728987304838597,0.003744102593632142,0.10638746137095334,0.0,0.07653231015043817,0.4337802200407421,0.0,1.8396716487838671,0.5002267320034648,5.251894665299074,-1.9623553503668187,3.69487506793767,1.2049478983763249,0.0,0.21916251694169,0.0,0.0,0.0,0.0,0.01802710297836943,0.06196245347516528,0.11078187029368826,0.32977962314874776,0.8208344921701718,0.1594128388650098,1.2692923254407729,0.08266126998905972,26.5,0.0,0.07227533224536158,2025.0,4.0,3,0.11738825994345986,colby parkinson,1100.0,0.08333333333333333,0.03405492661012653
00-0040644,Trevor Etienne,RB,CAR,NE,0.0,0.0,0.0,0.0,0.0,0.2237442922374429,0.0,0.0,0.0,0.0,0.0,0.026803652968036527,0.0,0.0,-0.2130898021308981,-0.9589041095890409,-0.21008101692763417,0.639269406392694,0.319634703196347,0.0,0.0,0.0,0.0,-0.016905186495841506,0.8949771689497716,0.0,0.006030843456534854,0.007256310846902722,0.04060371560989919,0.761334723213476,0.42482214639908256,1.2707031555694577,0.025105673214297866,18.5,0.0,0.0,2025.0,4.0,3,0.11688396440456635,trevor etienne,2000.0,0.047619047619047616,0.06926491678551873
00-0039798,Isaiah Davis,RB,NYJ,MIA,0.0,0.0,0.0,0.06790770161792013,0.0,1.5616695174612278,0.0,0.0006423860654098727,0.025053056550985067,0.0,0.017537139585689556,0.1708352193972836,0.751591696529552,0.0,-0.011986294986228963,5.40331668436627,0.3394198824094014,3.2238252258366327,0.4618251151555022,0.043972770982188256,0.009186120793818326,0.010021222620394033,0.011650613908625202,0.32405982326940885,12.201673855176429,0.04259019613667463,0.03966627200579894,0.08043878809155486,0.7788053390377815,0.35354229997402575,0.1163646934377183,1.2649144653986988,0.504090383907069,21.5,0.015546234589273936,0.001068940130054519,2025.0,4.0,3,0.11687236529823392,isaiah davis,1500.0,0.0625,0.054372365298233916
00-0033110,Tyler Higbee,TE,LA,IND,0.8907069846850137,0.36078715964563907,0.6360134473240511,0.0,0.27078175140883537,1.5240655822501084e-10,12.934342423579778,0.002520811344492597,0.08079526820085361,0.0,0.07426639652001614,0.5804042610668521,0.0,1.1601190996664146,0.9395228979605612,-24.39311344007175,0.7116040707756822,18.334048701608324,2.008057166917744,0.0,0.1449440492789109,0.0,0.0,-1.0486212902175753e-10,1.5240655822501084e-10,0.1619355129363467,0.09294390179435141,0.0422580394215601,0.32977962314874776,0.8208344921701718,0.1594128388650098,1.2692923254407729,0.08266126998905972,26.5,0.0,0.04779959394885277,2025.0,4.0,1,0.11674857159712197,tyler higbee,350.0,0.2222222222222222,-0.10547365062510024
00-0039793,AJ Barner,TE,SEA,ARI,0.3876181330600611,0.13953026157597198,0.38502379414234655,0.0,0.24503991938269287,0.3578324274151086,10.79936590441079,0.005499019788178368,0.17533788943340325,0.0,0.11507195062619684,0.6313649352526184,0.0,0.3154842438768289,1.2024485627388226,9.615359674598976,0.29708824213574286,18.97304385326489,1.8016691019785682,0.02104896737098412,0.1296488597744633,0.0,0.0,0.3903058606678253,0.7156648548302172,0.4120190404645408,0.08647296361373014,0.16792997385274472,0.019376504573782847,0.38211256336786525,0.6345982734096645,0.7079521683734823,0.1904379205373603,22.5,0.0,0.002512141724405619,2025.0,4.0,1,0.11666473682362151,aj barner,500.0,0.16666666666666666,-0.05000192984304515
00-0040205,Kalel Mullings,RB,TEN,HOU,0.0,0.0,0.0,0.0,0.0,0.0,0.0,0.0,0.0,0.0,0.0,0.0,0.0,0.0,0.0,0.0,0.0,0.0,0.0,0.0,0.0,0.0,0.0,0.0,0.0,0.0,0.0,0.0,0.3579077905768634,1.1121417258453545,0.0036656805750712386,0.6954456008193758,0.12296923156323143,15.75,0.0,0.0,2025.0,4.0,3,0.11652961498242456,kalel mullings,1000.0,0.09090909090909091,0.02562052407333365
00-0034798,Durham Smythe,TE,CHI,LV,0.006474636613033174,0.008966149584676257,0.0065971776769428,0.0,0.0014451237570150132,5.0678205667327185e-06,0.14585205136609986,0.007588140170235542,0.3086868101099988,1.6235086812355938e-06,0.15289026699297467,0.2909708385287653,0.0,0.013015330572203328,0.5912345841190767,6.136874957944356,-0.21486700729283498,3.9498356612308387,0.6017140284555909,1.2932698143273896e-06,0.029264721925217046,0.0,0.0,4.214349669953628e-07,1.8200519750866025e-06,6.356974824571559e-06,0.035562957696944286,0.07275581389536487,0.21483667681656474,0.8006757600978365,0.03279601211419237,1.1696458519579582,0.30549828941547824,23.0,0.0,0.006287135606374491,2025.0,4.0,3,0.11574750462016935,durham smythe,1600.0,0.058823529411764705,0.05692397520840464
00-0037348,Tanner Conner,TE,MIA,NYJ,0.0,0.0,0.0,0.0,0.0,0.0,0.0,0.007677436245198442,0.23800052360115193,0.0,0.0,0.3182770802095765,0.0,0.0,1.0608666461000704,16.10711383565044,-0.9693406712170131,11.795645950421092,1.2658227848101267,0.0,0.1441603179856996,0.0,0.0,0.0,0.0,0.0,0.0801203736115887,0.17207458077687365,0.34453832343980006,0.715554929248816,0.1473826068021808,0.9355981054798019,0.12229638208323372,24.0,0.0,0.04966875426534139,2025.0,4.0,3,0.11515495111612474,tanner conner,800.0,0.1111111111111111,0.004043840005013635
00-0032211,Tyler Lockett,WR,TEN,HOU,0.03587566598792289,0.11809466536237247,0.01927140890185008,0.0,-0.01190287273766623,3.146054899103212e-09,0.5478620223877129,0.0015094439983653319,0.048960371833071864,0.0,0.0013915045502180398,0.5683137115499876,0.0,0.2694629655599931,0.8546270289218578,26.159491393497127,0.9672340073205962,20.675391730917546,2.3328101119992097,0.0,0.08673626456894232,0.0,0.0,-4.644125041636466e-10,1.276928164930127e-08,0.008228858000923427,0.10109357245344489,0.24263349104630766,0.3579077905768634,1.1121417258453545,0.0036656805750712386,0.6954456008193758,0.12296923156323143,15.75,0.0,0.060320353625976424,2025.0,4.0,3,0.11462001793143517,tyler lockett,900.0,0.1,0.014620017931435164
00-0039751,Jordan Whittington,WR,LA,IND,0.5067737588741444,0.6659863363858858,0.39174073512903773,0.0,0.06784213091850337,0.9928657127771855,6.436300438426178,0.001268236539591363,0.03677885964814958,0.0,0.0,0.5381634052575447,0.0,2.1215296883241392,1.920830066930283,16.276372267883886,0.8180042490927524,29.124866815395823,2.161372033625723,0.025530237667448823,0.03776077911924064,0.0,0.0,0.32639184458752035,4.240937109425472,0.0,0.08201457352019835,0.16894466581818596,0.32977962314874776,0.8208344921701718,0.1594128388650098,1.2692923254407729,0.08266126998905972,26.5,0.0,0.04792946713871633,2025.0,4.0,3,0.11392606958090135,jordan whittington,360.0,0.21739130434782608,-0.10346523476692474
00-0039874,Jaylen Wright,RB,MIA,NYJ,0.0,0.0,0.0,0.032182470758299296,0.0,4.292066478156464,0.0,0.0,0.0,0.0,0.0,0.1417388149309541,0.28210440706784096,0.0,-0.05449802724458371,-0.9021551494362458,-0.29471897110326223,1.0360986573595588,0.36961112561967074,0.02227319153711264,0.016493133508414082,0.005556601957396866,0.02340638631707371,-2.585800411484914,6.927185441406565,0.0,0.014979168317964205,0.020321440999839607,0.34453832343980006,0.715554929248816,0.1473826068021808,0.9355981054798019,0.12229638208323372,24.0,0.015937691994483964,0.0024308010108064653,2025.0,4.0,3,0.11388697724741619,jaylen wright,900.0,0.1,0.01388697724741618
00-0029892,Kyle Juszczyk,RB,SF,JAX,0.0,0.0,0.0,0.0,0.0,0.0,0.0,0.0,0.0,0.0,0.0,0.0,0.0,0.0,0.0,0.0,0.0,0.0,0.0,0.0,0.0,0.0,0.0,0.0,0.0,0.0,0.0,0.0,0.11198903421417832,0.3129059010852398,0.15778670640033876,1.1942897130310721,0.21649979153291757,25.5,0.0,0.0,0.0,0.0,4,0.11341712914183809,kyle juszczyk,475.0,0.17391304347826086,-0.060495914336422776
00-0037745,Velus Jones Jr.,RB,NO,BUF,0.0,0.0,0.0,0.0,0.0,0.5708952681750311,0.0,0.00035901200801393877,0.012807478888499245,0.0,0.0,0.05535477834877681,0.0,0.0,-0.06492850297042224,2.5348486571075117,0.029647909231610668,1.288241952933837,0.15941301092744795,2.3944234323162006e-05,6.305314801384751e-05,0.0,0.0,-0.020258975315215134,2.5276493067715387,0.0021525529767900675,0.008924492142825381,0.019611368966786717,0.3573954169990003,0.7597672232717286,0.05223135437550944,1.3103762737397842,0.2512623116088044,16.0,1.8192044425076415e-05,3.2933513184027183e-06,2025.0,4.0,4,0.11323198444605172,velus jones,3000.0,0.03225806451612903,0.08097391992992269
00-0039792,Devontez Walker,WR,BAL,KC,0.0,0.0,0.0,0.0,0.0,0.0,0.0,0.02447527124712416,0.6881168574812474,0.0,0.05527043031977893,0.1850256612712199,0.0,0.0,0.8312277931306752,34.849190682984606,3.1533795168576058,23.451638373470193,1.0829056454796682,0.0,0.04605869285432293,0.0,0.0,0.0,0.0,0.4117647058823529,0.0636620421661576,0.1984863448883294,0.07376652489602777,0.7072992784390073,0.00023824669626488088,0.9916837963195584,0.29483912876620205,25.5,0.0,0.04567565938329148,2025.0,4.0,5,0.11292332513998003,devontez walker,1200.0,0.07692307692307693,0.036000248216903105
00-0032950,Carson Wentz,QB,MIN,PIT,0.0,0.0,0.0,0.0,0.0,3.3534203286716946,0.0,0.0,0.0,0.03616011316574508,0.0,0.7401644088221959,0.0,0.0,0.0,0.0,0.0,0.0,0.0,0.21637172712752978,0.0,0.0,0.0,-0.7839307796393893,8.699871026430461,0.17505135214348844,0.0,0.0,1.0123321386521649,0.5071851035127225,0.0015724687248208065,0.8155974940769841,0.3414007827103336,21.5,0.07386947699772538,0.0,2025.0,4.0,2,0.11289223592495963,carson wentz,700.0,0.125,-0.01210776407504037
00-0038809,Ben Sims,TE,GB,DAL,0.0,0.0,0.0,0.0,0.0,0.0,0.0,0.009012774688543832,0.25242508384118856,0.0,0.0363206690020192,0.34179757224885926,0.0,0.0,1.202357001250359,7.684195925749077,0.1498603069390672,5.61000525431026,0.8124756101277256,0.0,0.10026778680442594,0.0,0.0,0.0,0.0,0.0363206690020192,0.04216041097434449,0.08636345269081419,0.4287761720996243,0.464866842965463,0.025636905687460607,2.070984460710486,0.5497432443790785,27.25,0.0,0.04299243781090298,2025.0,4.0,4,0.1125296642405664,ben sims,1300.0,0.07142857142857142,0.04110109281199498
00-0033757,Robert Tonyan,TE,KC,BAL,0.0027186055191243228,0.0024182738239287623,0.001891732225100392,0.0,-0.0006309423423875107,0.0,0.0352908079558257,0.01895823195223843,0.3056684799107937,0.0,3.7600464950281624e-06,0.39387337557495755,0.0,0.006991607017725987,0.771342964717414,20.15599377212915,0.36060467255975853,12.48430661038058,0.9925371813712711,0.0,0.11905213055085613,0.0,0.0,0.0,0.0,0.004223044408871279,0.06710466204155492,0.16025348322928046,0.3377614893793184,1.43789244501132,0.2678564152043463,0.7921279836840369,0.33670826126707726,23.0,0.0,0.04021122492863822,2025.0,4.0,3,0.11237973941607761,robert tonyan,1700.0,0.05555555555555555,0.05682418386052206
00-0037741,Jahan Dotson,WR,PHI,TB,0.4000848154676844,1.0684445298374035,0.31105098326497277,0.0,-0.09235216144314666,0.004152609577594679,6.571568439829429,0.0024742861351094757,0.07794146355979259,0.0,0.000291566955395253,0.5980409193883153,0.0,4.422106533305524,0.5542242372700849,31.599050126527043,0.1279630804054959,22.797101671280373,1.8391332882738252,0.0,0.033888800275233215,0.0,0.0,0.0031229793294255633,0.05398127611916367,0.00015917629701702436,0.10485012650770421,0.2672331248306089,0.023104560071346827,0.28221743665901144,0.16291839021267027,1.2319525841005978,0.19147953207946578,23.5,0.0,0.04174939507114261,2025.0,4.0,3,0.11194670554424438,jahan dotson,500.0,0.16666666666666666,-0.05471996112242228
00-0033854,Dare Ogunbowale,RB,HOU,TEN,0.0,0.0,0.0,0.008371265993747292,0.0,0.784005455455588,0.0,0.0004413855117727294,0.014140751443162061,1.664683412822586e-05,0.013002448813438759,0.16283639592257115,0.0393089096376301,0.0,0.7542439671130053,1.8787948786255622,-0.7317724695829982,6.204777585957841,0.6283878255511287,0.014926379787982261,0.030510689913077642,0.0005921669762898839,-0.003023141569690569,-0.33698426601754716,3.5110376115437054,0.0020427834213675804,0.030509365540142643,0.053027601485518217,0.24573912331260728,1.6263770821484274,0.05164639410319531,1.0620731932420067,0.08385619811716438,22.75,0.02427592200661785,0.0015757671156111938,2025.0,4.0,3,0.11184063375720694,dare ogunbowale,1100.0,0.08333333333333333,0.028507300423873616
00-0038618,Xavier Hutchinson,WR,HOU,TEN,0.0,0.0,0.0,0.0,0.0,0.14746620477438624,0.0,0.004456242535995719,0.12711801145738225,1.0058477323894436e-05,0.034301578512429785,0.6154741222504712,0.0,0.0,1.111941919848357,21.078022911250272,0.09609783671974294,18.634242928488522,2.0050623448237492,3.822165126944439e-05,0.015992765272194665,0.0,0.0,0.06599105611070649,0.7389198527390117,0.0,0.08831522100072797,0.19904488632696543,0.24573912331260728,1.6263770821484274,0.05164639410319531,1.0620731932420067,0.08385619811716438,22.75,0.0,0.016985487281409656,2025.0,4.0,3,0.11161931183615008,xavier hutchinson,425.0,0.19047619047619047,-0.07885687864004039
00-0040241,Dominic Lovett,WR,DET,CLE,0.0,0.0,0.0,0.0,0.0,0.0,0.0,0.0,0.0,0.0,0.0,0.0,0.0,0.0,0.0,0.0,0.0,0.0,0.0,0.0,0.0,0.0,0.0,0.0,0.0,0.0,0.0,0.0,0.6949048616323364,0.44644103516771233,0.0005275923189060786,1.2303873418907545,0.0974957082950226,27.25,0.0,0.0,2025.0,4.0,5,0.11129151709724086,dominic lovett,2500.0,0.038461538461538464,0.0728299786357024
00-0039376,Spencer Rattler,QB,NO,BUF,0.0,0.0,0.0,0.0,0.0,2.81346475924196,0.0,0.0,0.0,0.0,0.0,0.9629422251728309,0.0,0.0,0.0,0.0,0.0,0.0,0.0,0.05042436447096012,0.0,0.0,0.0,1.8473669488392142,17.468380429855,0.0,0.0,0.0,0.3573954169990003,0.7597672232717286,0.05223135437550944,1.3103762737397842,0.2512623116088044,16.0,0.012669742378378307,0.0,2025.0,4.0,1,0.11099768506157968,spencer rattler,475.0,0.17391304347826086,-0.06291535841668118
00-0037086,Grant Calcaterra,TE,PHI,TB,0.0729716810646049,0.02667840020306565,0.09441303637798153,0.0,0.00415692341351871,0.0,1.730116744686488,0.002417704120315985,0.05092943657768551,0.0,0.02522036070971557,0.5659928772557997,0.0,0.06205433616269461,0.6434078600209434,10.879890050837082,0.08769691719174225,10.541505815473288,1.004146907473305,0.0,0.0474875323744143,0.0,0.0,0.0,0.0,0.05044072141943114,0.06726685387563489,0.14120528629878798,0.023104560071346827,0.28221743665901144,0.16291839021267027,1.2319525841005978,0.19147953207946578,23.5,0.0,0.0010971785443846824,2025.0,4.0,2,0.1105223217611929,grant calcaterra,1500.0,0.0625,0.04802232176119289
00-0034487,Trent Sherfield,WR,DEN,CIN,0.0013880690568761917,0.005426318775170456,0.0010124890724832424,0.0,0.0007384564903418048,0.0,0.01725063622285919,0.0005098247301870781,0.020063372377302793,0.0,5.630991060892565e-05,0.2779872714993099,0.0,0.009974276203736131,1.1568049176787714,3.808917204646454,0.36243546678709154,6.41892175120742,1.0100082904084065,0.0,0.1144908814784792,0.0,0.0,0.0,0.0,0.043891364572716765,0.033110036213484406,0.06070869204158521,0.7892864205454694,1.0362638012280274,0.4554691715713137,0.7043681432797678,0.013219702737034201,26.0,0.0,0.08064372960946035,2025.0,4.0,4,0.10979819958751699,trent sherfield,1400.0,0.06666666666666667,0.04313153292085033
00-0038488,Brady Russell,RB,SEA,ARI,0.0,0.0,0.0,0.0,0.0,0.0,0.0,0.0,0.0,0.0,0.0,0.0,0.0,0.0,0.0,0.0,0.0,0.0,0.0,0.0,0.0,0.0,0.0,0.0,0.0,0.0,0.0,0.0,0.019376504573782847,0.38211256336786525,0.6345982734096645,0.7079521683734823,0.1904379205373603,22.5,0.0,0.0,0.0,0.0,4,0.10959781214089127,brady russell,2800.0,0.034482758620689655,0.07511505352020162
00-0034419,Braxton Berrios,WR,HOU,TEN,0.014137673408884482,0.06105833294754199,0.01993460964684553,0.0,0.00022127703187916256,0.004865253192287922,0.5135848660632669,0.0055408199501664306,0.21591938156477433,1.9564147531810826e-06,0.00011413184036822403,0.3872710172758563,0.0,0.11187272444055896,1.0613885320962042,7.778842901895286,-1.6842295697301195,3.6239845898992025,0.589038284015776,7.349668600993723e-06,0.020575665141425455,0.0,0.0,0.0032071609499260854,0.050886142958414676,0.004228040742568679,0.04458682891956226,0.09222929769950389,0.24573912331260728,1.6263770821484274,0.05164639410319531,1.0620731932420067,0.08385619811716438,22.75,0.0,0.021852862379831976,2025.0,4.0,6,0.10890622822243345,braxton berrios,1100.0,0.08333333333333333,0.025572894889100126
00-0038573,Derius Davis,WR,LAC,NYG,0.0,0.0,0.0,0.0,0.0,0.7847473305931606,0.0,0.003427391526363499,0.12245663284024166,0.0,0.00017099129314986848,0.13794393545866449,0.0,0.0,0.3884879805310436,2.9813995420806694,0.35287234918351174,4.751500183946038,0.5099202184231227,0.011048069500318183,0.017443746604843657,0.0,0.0,-0.444148885590914,0.960106513842423,0.12245663284024166,0.018528092716392403,0.03496895828095448,0.3185646031879392,1.2106393377131368,0.03630135138003798,1.1391214738305775,0.02012054863838416,24.75,0.0,0.01987054634163664,2025.0,4.0,5,0.10856641347953574,derius davis,1100.0,0.08333333333333333,0.025233080146202416
00-0033943,Josh Reynolds,WR,NYJ,MIA,0.23013616108455848,0.5990560208063359,0.1682831635774829,0.0,0.07447491326552998,1.1011010467106885e-08,3.953461178276288,0.010123263630480332,0.3113581400911868,0.0,0.00635284448941033,0.6437415779751656,0.0,1.251591154497237,0.45044546356218784,25.030013360015705,0.018050244346536317,13.874981262443946,1.2409861149416572,1.8351684478878486e-09,0.08994357326059092,0.0,0.0,1.4850752472101025e-09,5.5055052335534456e-08,0.07662823166432531,0.09374270400961678,0.22327820628158915,0.7788053390377815,0.35354229997402575,0.1163646934377183,1.2649144653986988,0.504090383907069,21.5,0.0,0.11377092688696906,2025.0,4.0,2,0.1084706568519062,josh reynolds,330.0,0.23255813953488372,-0.12408748268297752
00-0037539,Lucas Krull,TE,DEN,CIN,0.01104702517137845,0.010893828741989088,0.007316258997322316,0.0,-0.00020004722614811121,0.0,0.16295929307388307,8.192642942205824e-05,0.0027356791324778134,0.0,0.0005092477908558844,0.3737734693980813,0.0,0.016695522976228484,1.0678525346754595,8.64120919754639,-0.3759450505047724,10.189768795803685,1.4434185590239723,0.0,0.00043931110602560866,0.0,0.0,0.0,0.0,0.0020369911634235374,0.06778547796846883,0.12856999046552697,0.7892864205454694,1.0362638012280274,0.4554691715713137,0.7043681432797678,0.013219702737034201,26.0,0.0,0.00034674229038082386,2025.0,4.0,2,0.10792464633736824,lucas krull,1000.0,0.09090909090909091,0.017015555428277332
00-0038679,Tyrell Shavers,WR,BUF,NO,0.0,0.0,0.0,0.0,0.0,0.0,0.0,0.0,0.0,0.0,0.0,0.22812785388127857,0.0,0.0,1.36986301369863,11.196347031963471,2.4023459888601306,26.397260273972602,1.136986301369863,0.0,0.0,0.0,0.0,0.0,0.0,0.2237442922374429,0.06768138007188879,0.16139362761224882,0.3152784694454046,0.942060361029898,0.359302358769382,1.4032051717482255,0.0003636361058404368,31.5,0.0,0.0,2025.0,4.0,5,0.10754814132102337,tyrell shavers,700.0,0.125,-0.017451858678976626
00-0039890,Adonai Mitchell,WR,IND,LA,0.042360562553565656,0.09523841359177289,0.030605809290392395,0.0,-0.015173741176986564,0.049861824349736905,0.9363990268582223,0.0056376811987936875,0.19272716506016363,0.0,0.0,0.3001704927987013,0.0,0.20213466485671752,0.38645470565421725,36.29790625713345,-0.4507322553664882,12.213527500176863,1.016032355360339,0.001692644418464715,0.02958193254772477,0.0,0.0,-0.3448748175765001,-0.31331788625935014,0.0,0.08694243998257747,0.2204163284347949,0.5843214394384592,0.041179864316731624,0.024746728993716747,1.1804125011811302,0.37439994217156763,23.0,0.0,0.03491888298843128,2025.0,4.0,4,0.10729828564228554,adonai mitchell,400.0,0.2,-0.09270171435771447
00-0037614,John Metchie III,WR,PHI,TB,0.2400042523980925,0.8485261603431619,0.22533343793808572,0.0,-0.15853983209203942,0.00203480293025449,5.525036069011469,0.003013066431957816,0.09749995264673154,0.0,0.06179926835710923,0.23643097648114533,0.0,2.231117472730064,0.849740324870413,14.019711096604823,-0.1893815934898586,11.620628703087485,1.4150314436914722,0.00203480293025449,0.06545537113725847,0.0,0.0,-0.0005978407391327741,0.00813921172101796,0.012106877671532635,0.0718547424820074,0.14831886272037934,0.023104560071346827,0.28221743665901144,0.16291839021267027,1.2319525841005978,0.19147953207946578,23.5,0.0,0.08063791361580926,2025.0,4.0,5,0.1064834480418656,john metchie,1100.0,0.08333333333333333,0.023150114708532274
00-0038720,Julian Hill,TE,MIA,NYJ,0.0,0.0,0.0,0.0,0.0,0.0,0.0,0.00032201846833356104,0.012366581073518974,0.0,0.21108167423747998,0.529792567828531,0.0,0.0,1.8113565222894685,3.234452006040553,0.2547707883098425,4.934598738370532,0.6913033575474706,0.0,0.060959192372465186,0.0,0.0,0.0,0.0,0.0,0.027287451958542316,0.05173838977162645,0.34453832343980006,0.715554929248816,0.1473826068021808,0.9355981054798019,0.12229638208323372,24.0,0.0,0.021002777938253402,2025.0,4.0,2,0.10623970593280815,julian hill,900.0,0.1,0.006239705932808148
00-0039066,Michael Mayer,TE,LV,CHI,0.07502787251694219,0.18691283823842625,0.12956336879895153,0.0,0.02010256895283392,0.0,2.1794957912967345,1.8095183102983038e-05,0.0004885699437805424,0.0,2.8739882657918513e-05,0.4328724500784602,0.0,0.633673510918292,1.0469910598520518,9.928321305908435,0.5314692470852016,13.262928128963368,1.783778128800524,0.0,0.17180014937274588,0.0,0.0,0.0,0.0,0.0025234301844325306,0.0685687134507707,0.1264624917681011,0.2955174323899871,0.8547931654116371,0.1473013050503206,1.5194850312241222,0.15564277415484312,24.5,0.0,0.05076993902685012,2025.0,4.0,2,0.1060590290477126,michael mayer,360.0,0.21739130434782608,-0.11133227530011348
00-0033589,David Moore,WR,CAR,NE,0.26569849278594426,1.019519573528019,0.2004549917929691,0.0,-0.055585748444552906,0.07207508492183043,4.296818645989134,0.004774097529503217,0.1420513788616992,0.01440600154154163,0.01153234279120664,0.635746236559325,0.0,2.162813145861238,0.6157959841969207,22.715631734597668,0.5347174449325585,12.415827352610837,1.1801082710944555,0.009004036834980647,0.06764328097691649,0.0,0.0,-0.09702114624043119,0.00020330994047610808,0.2364126172167707,0.06733729106599341,0.16565094132887964,0.04060371560989919,0.761334723213476,0.42482214639908256,1.2707031555694577,0.025105673214297866,18.5,0.0,0.08595453059043925,2025.0,4.0,4,0.10596535857348835,david moore,650.0,0.13333333333333333,-0.027367974759844982
00-0037311,Ko Kieft,TE,TB,PHI,0.0,0.0,0.0,0.0,0.0,0.0,0.0,0.0,0.0,0.0,0.09168270768187309,0.19813876776679068,0.0,0.0,0.19851355963134382,5.526736608813608,0.013317394117712336,1.4134598586935836,0.2574545506227618,0.0,0.055149215895281586,0.0,0.0,0.0,0.0,0.16590180921192746,0.02002158301029722,0.04512009146976134,0.10311033522107635,0.3441414372139988,0.30033540107654144,0.9695448207280812,0.2193591660366339,20.0,0.0,0.005686454138141997,2025.0,4.0,3,0.10594605457153836,ko kieft,1600.0,0.058823529411764705,0.04712252515977365
00-0036646,Simi Fehoko,WR,ARI,SEA,0.3736222904678295,1.3033441370940473,0.18657507288824168,0.0,-0.10948645684312071,0.0,5.361349802937258,0.007413980870347522,0.2057226510098496,0.0,0.0,0.34467615426133313,0.0,2.485716726816365,0.19140245582388987,25.029622811284824,0.08563614691363447,9.877219031031151,0.6229073545843046,0.0,0.0842012758001884,0.0,0.0,0.0,0.0,0.03677885964814958,0.05811037944671693,0.155359579752461,0.7055833666599866,0.05309517694105782,0.0420286532090999,0.6117392626058678,0.008985472478048156,21.0,0.0,0.05150922636848054,2025.0,4.0,6,0.10586944721531107,simi fehoko,1800.0,0.05263157894736842,0.05323786826794265
00-0038783,Nate Adkins,TE,DEN,CIN,0.0,0.0,0.0,0.0,0.0,0.0,0.0,0.0009080098906575793,0.03541238573564565,0.0,0.03541238573564565,0.44779079514024267,0.0,0.0,2.5583860328696324,3.7120609907600586,0.9732927911436764,15.431332624603073,1.742664109154945,0.0,0.07741097435360184,0.0,0.0,0.0,0.0,0.1892446153161472,0.05640545872650921,0.10029820984048249,0.7892864205454694,1.0362638012280274,0.4554691715713137,0.7043681432797678,0.013219702737034201,26.0,0.0,0.061099430858491524,2025.0,4.0,4,0.10527888989675198,nate adkins,1000.0,0.09090909090909091,0.014369798987661067
00-0038840,Brycen Tremayne,WR,CAR,NE,0.6346072992514262,3.4007895775759964,0.5120455980195734,0.0,0.4357967012749592,0.0,16.581129095933676,0.0,0.0,0.0,0.0,0.22779707856296882,0.0,4.196744055058367,0.8719313661814599,20.416107382550337,1.0526158042012896,18.915909988156336,1.7540465850769837,0.0,0.0,0.0,0.0,0.0,0.0,0.0,0.06398530319018694,0.14604006605079442,0.04060371560989919,0.761334723213476,0.42482214639908256,1.2707031555694577,0.025105673214297866,18.5,0.0,0.0,2025.0,4.0,5,0.10500157625434815,brycen tremayne,750.0,0.11764705882352941,-0.012645482569181257
00-0033576,Eric Saubert,TE,SEA,ARI,0.08677950934684873,0.4395911476715736,0.20571419314599335,0.0,0.0038015286627325045,0.0,8.24969980179754,0.004205065796614693,0.17533758479942227,0.0,0.024038226664120064,0.39331850662848156,0.0,0.740888860878972,0.925731418398724,5.351062319924735,0.5889272245214721,7.046663331357185,0.9425168403855904,0.0,0.10939955633886882,0.0,0.0,0.0,0.0,0.07214045998011616,0.036433011559790195,0.07115836116904997,0.019376504573782847,0.38211256336786525,0.6345982734096645,0.7079521683734823,0.1904379205373603,22.5,0.0,0.0021197810037699057,2025.0,4.0,3,0.1048395341299917,eric saubert,1900.0,0.05,0.05483953412999169
00-0035602,Alex Bachman,WR,LV,CHI,0.0,0.0,0.0,0.0,0.0,0.2237442922374429,0.0,0.0,0.0,0.0,0.319634703196347,0.24511415525114158,0.0,0.0,0.4718416956461728,8.538812785388128,-0.056092409740231775,9.908675799086758,0.9589041095890409,0.0,0.05327245159817351,0.0,0.0,-0.8484062016282451,-0.6712328767123287,0.0,0.03975332626601019,0.08895853421113066,0.2955174323899871,0.8547931654116371,0.1473013050503206,1.5194850312241222,0.15564277415484312,24.5,0.0,0.08094669278003622,0.0,0.0,4,0.10476874494963687,alex bachman,1600.0,0.058823529411764705,0.04594521553787216
00-0039041,Elijah Higgins,TE,ARI,SEA,0.0,0.0,0.0,0.0,0.0,0.0,0.0,0.00861318160666295,0.21583629300174284,0.0,0.10916263378108226,0.2813731174566442,0.0,0.0,1.7589021467596972,8.453110329131148,0.8297075284893913,16.458028029065172,1.3201621944665125,0.0,0.07544169468598591,0.0,0.0,0.0,0.0,0.005816577442239449,0.06258690857604184,0.12624291180074673,0.7055833666599866,0.05309517694105782,0.0420286532090999,0.6117392626058678,0.008985472478048156,21.0,0.0,0.05323040492307276,2025.0,4.0,3,0.10435999272183098,elijah higgins,1400.0,0.06666666666666667,0.03769332605516432
00-0033375,Tim Patrick,WR,JAX,SF,0.2100592595661482,0.8138259233766125,0.33379771435803673,0.0,-0.005968480271978379,0.0,5.634768795436815,0.00835150686552995,0.3570843477716936,0.0,0.06190632971810671,0.4369754047691049,0.0,1.8097036954560417,2.0300622674995403,13.993763137692278,0.3892502452249296,13.131275795057322,1.211813234847051,0.0,0.0579349643323939,0.0,0.0,0.0,0.0,0.08614446868778591,0.046903203523495085,0.10967365525357657,0.6995983201659794,0.5746218328674522,0.006631008284161771,1.2423402590598835,0.03037924165610235,22.0,0.0,0.07197493859733135,2025.0,4.0,5,0.10425512674396845,tim patrick,900.0,0.1,0.00425512674396844
00-0038752,Jake Bobo,WR,SEA,ARI,0.0004909941033149233,0.0033929030054842906,0.000467051580579927,0.0,0.00015540994091366744,0.00034201272181406896,0.01915271242158786,0.011124857793111767,0.3003617636144862,0.00034201272181406896,0.10247601427771175,0.3006894631054947,0.0,0.00734617201204757,1.0622706555581,7.412080972829121,0.6564149639618037,6.365640543524071,0.9516604194599253,6.840254436281383e-05,0.05321148792261792,0.0,0.0,0.0002652665606961597,0.0010260381654422074,0.30070377633630024,0.034243714937569995,0.07426560237980223,0.019376504573782847,0.38211256336786525,0.6345982734096645,0.7079521683734823,0.1904379205373603,22.5,0.0,0.037671188257196724,2025.0,4.0,4,0.10405639416616978,jake bobo,2200.0,0.043478260869565216,0.06057813329660457
00-0040126,Colston Loveland,TE,CHI,LV,0.0,0.0,0.0,0.0,0.0,0.0,0.0,0.0,0.0,0.0,0.0,0.3426027397260274,0.0,0.0,0.7547593958552863,37.8310502283105,-0.02830207300453219,16.840182648401825,0.904109589041096,0.0,0.0,0.0,0.0,0.0,0.0,0.0,0.071771008112668,0.20834557295043007,0.21483667681656474,0.8006757600978365,0.03279601211419237,1.1696458519579582,0.30549828941547824,23.0,0.0,0.0,2025.0,4.0,2,0.10386216925494957,colston loveland,425.0,0.19047619047619047,-0.0866140212212409
00-0040009,Savion Williams,WR,GB,DAL,0.0,0.0,0.0,0.0,0.0,1.552511415525114,0.0,0.0,0.0,0.0,0.0,0.105662100456621,0.0,0.0,0.0,-0.6712328767123287,-0.08842506825490151,0.2237442922374429,0.2237442922374429,0.0,0.03729071611872145,0.0,0.0,-0.05289515628177812,7.214611872146118,0.0,0.010170195101701961,0.013398126590503006,0.4287761720996243,0.464866842965463,0.025636905687460607,2.070984460710486,0.5497432443790785,27.25,0.0,0.07722849361063817,2025.0,4.0,4,0.10369766075713686,savion williams,600.0,0.14285714285714285,-0.039159482100005985
00-0039394,Casey Washington,WR,ATL,WAS,0.839781193218613,7.214611872146119,0.7152700410643329,0.0,-0.6525665813464674,0.0,22.831050228310502,0.0,0.0,0.0,0.0,0.4657534246575343,0.0,14.064484772524763,1.1963469964002726,56.42465753424657,1.3947865797247174,18.200913242009133,1.593607305936073,0.0,0.0,0.0,0.0,0.0,0.0,0.0,0.08246857763206697,0.26665694569100823,0.3584502896672794,0.6089180761904635,0.03541780908718966,1.2514299682851426,0.018039798226821915,22.0,0.0,0.0,2025.0,4.0,4,0.10359430741129741,casey washington,1900.0,0.05,0.05359430741129741
00-0039144,Luke Musgrave,TE,GB,DAL,0.06759877887818828,0.056789798133525596,0.04567660198543587,0.0,-0.013525537774246107,0.0,0.9028664718632423,0.00014841793175634038,0.005936717270253614,0.0,0.0,0.3058071100225494,0.0,0.12158572972511529,2.0379210457186834,13.028358192227556,0.6405880370853871,15.728740054243957,1.372268098845441,0.0,0.016475129524559505,0.0,0.0,0.0,0.0,0.0041557020891775315,0.05571854296138811,0.11255014704238138,0.4287761720996243,0.464866842965463,0.025636905687460607,2.070984460710486,0.5497432443790785,27.25,0.0,0.007064142972386128,2025.0,4.0,3,0.10333714888647406,luke musgrave,900.0,0.1,0.003337148886474059
00-0034854,KhaDarel Hodge,WR,ATL,WAS,0.009338447214084765,0.06196978531404711,0.010269162702377177,0.0,0.009626101432545692,0.0006978915942370736,0.1482543686545697,0.011429397309104932,0.450168353048624,0.0006978915942370736,4.58574399123404e-05,0.4198986131747535,0.0,0.11591791101026233,1.1813471032767298,27.21045209733476,0.47525630007227954,13.292273787785057,0.7812951085377967,0.00013957831884741474,0.07527414587664957,0.0,0.0,-0.0004554080241721749,0.0,0.05050311002494726,0.05426322205137734,0.13383813839706793,0.3584502896672794,0.6089180761904635,0.03541780908718966,1.2514299682851426,0.018039798226821915,22.0,0.0,0.09420032198710677,2025.0,4.0,6,0.10323420348828447,khadarel hodge,1300.0,0.07142857142857142,0.03180563205971304
00-0040058,Nick Kallerup,TE,SEA,ARI,0.0,0.0,0.0,0.0,0.0,0.0,0.0,0.0,0.0,0.0,0.0,0.0,0.0,0.0,0.0,0.0,0.0,0.0,0.0,0.0,0.0,0.0,0.0,0.0,0.0,0.0,0.0,0.0,0.019376504573782847,0.38211256336786525,0.6345982734096645,0.7079521683734823,0.1904379205373603,22.5,0.0,0.0,2025.0,4.0,4,0.10251208246936656,nick kallerup,2200.0,0.043478260869565216,0.05903382159980135
00-0037005,Tommy Tremble,TE,CAR,NE,0.16927954686007018,0.15638681463441764,0.07711667408911077,0.0,0.03506037233602778,1.9825018934016376e-07,1.6391298456176044,0.003440785801111055,0.12041060262613225,2.6976975756200794e-09,0.03572033566902357,0.5570644071589309,0.0,0.30961126349327295,2.0254280698576914,11.094601329705181,1.1235099109772957,18.19784477436864,2.157560682146948,4.110415680807073e-08,0.06741805398142865,0.0,0.0,4.5223982142336954e-08,7.769710383663205e-07,0.1387346115458037,0.07450488208876381,0.14088000687454802,0.04060371560989919,0.761334723213476,0.42482214639908256,1.2707031555694577,0.025105673214297866,18.5,0.0,0.002737423490834761,2025.0,4.0,2,0.10233620942563645,tommy tremble,370.0,0.2127659574468085,-0.11042974802117206
00-0039810,Jermaine Burton,WR,CIN,DEN,0.47520588067887704,4.994788787998422,0.28441542247033985,0.0,0.2239650628663261,0.0,5.527043031977892,0.018058919559116933,0.8645874457165417,0.0,0.0,0.32048164232135806,0.0,5.074767117774547,0.28574955475175046,74.44176865377024,-2.2697266080000165,20.493880773786024,1.0,0.0,0.1046389707461508,0.0,0.0,0.0,0.0,0.0,0.0840036088679437,0.2608452969231814,0.060232214177897564,0.41671564206272016,0.3109379485277461,0.6156197035613635,0.3177003394940683,18.5,0.0,0.06441781215171155,2025.0,4.0,6,0.10177825466784675,jermaine burton,1200.0,0.07692307692307693,0.02485517774476982
00-0039050,Payne Durham,TE,TB,PHI,0.13964385144187047,0.4442013226573753,0.3398584473599171,0.0,-0.003338987099895163,0.0,5.195337107103805,0.007885779537568274,0.25234494520218476,0.0,0.02597668553551902,0.4250187690731124,0.0,0.7596524134177726,0.588530053331495,13.109549709691237,0.9125400106562427,10.85957923109613,1.0259714794957144,0.0,0.04849601880215938,0.0,0.0,0.0,0.0,0.25234494520218476,0.04472654923746972,0.09995555697483675,0.10311033522107635,0.3441414372139988,0.30033540107654144,0.9695448207280812,0.2193591660366339,20.0,0.0,0.005000440755578275,2025.0,4.0,2,0.10163440538808736,payne durham,1500.0,0.0625,0.039134405388087365
00-0040075,LaJohntay Wester,WR,BAL,KC,0.0,0.0,0.0,0.0,0.0,0.0,0.0,0.0,0.0,0.0,0.0,0.015981735159817354,0.0,0.0,0.0,0.0,0.0,0.0,0.0,0.0,0.0,0.0,0.0,0.0,0.0,0.0,0.0,0.0,0.07376652489602777,0.7072992784390073,0.00023824669626488088,0.9916837963195584,0.29483912876620205,25.5,0.0,0.0,2025.0,4.0,6,0.10146540713352392,lajohntay wester,2200.0,0.043478260869565216,0.057987146263958705
00-0038643,Brayden Willis,TE,SF,JAX,0.0,0.0,0.0,0.0,0.0,0.0,0.0,0.0,0.0,0.0,0.0,0.07273972602739726,0.0,0.0,0.0,3.1004566210045663,-0.5567226707871543,0.0,0.0,0.0,0.0,0.0,0.0,0.0,0.0,0.0,0.019065929862798845,0.03550343972191949,0.11198903421417832,0.3129059010852398,0.15778670640033876,1.1942897130310721,0.21649979153291757,25.5,0.0,0.0,2025.0,4.0,3,0.10130602240051617,brayden willis,1500.0,0.0625,0.03880602240051617
00-0040705,Chimere Dike,WR,TEN,HOU,1.3081588775756527,2.832602739726029,1.2195868771429272,0.0,-0.6672912976669784,1.7762557077625571,12.785388127853881,0.009685900096858999,0.319634703196347,0.11415525114155252,0.0,0.3617351598173516,0.0,6.368261555139453,-0.008411439557798602,13.881278538812785,-1.9896111389941487,0.5936073059360731,2.0091324200913245,0.07610350228310502,0.3881278538812785,0.0,0.0,-0.2590749689864771,6.260273972602739,0.0,0.11422387426026505,0.21154721983611674,0.3579077905768634,1.1121417258453545,0.0036656805750712386,0.6954456008193758,0.12296923156323143,15.75,0.0,0.26992180853720066,2025.0,4.0,4,0.1013017632967262,chimere dike,600.0,0.14285714285714285,-0.04155537956041665
00-0040432,Beaux Collins,WR,NYG,LAC,0.0,0.0,0.0,0.0,0.0,0.0,0.0,0.0,0.0,0.0,0.0,0.0,0.0,0.0,0.0,0.0,0.0,0.0,0.0,0.0,0.0,0.0,0.0,0.0,0.0,0.0,0.0,0.0,0.26216652691603776,0.3810939476496725,0.08606303301871639,0.7168373821221911,0.1620870522702443,18.75,0.0,0.0,2025.0,4.0,5,0.10096202600350793,beaux collins,1300.0,0.07142857142857142,0.029533454574936502
00-0040506,Myles Price,WR,MIN,PIT,0.0,0.0,0.0,0.0,0.0,0.0,0.0,0.0,0.0,0.0,0.0,0.07762557077625572,0.0,0.0,0.0,0.0,0.0,0.0,0.0,0.0,0.0,0.0,0.0,0.0,0.0,0.0,0.0,0.0,1.0123321386521649,0.5071851035127225,0.0015724687248208065,0.8155974940769841,0.3414007827103336,21.5,0.0,0.0,2025.0,4.0,6,0.10090116760473115,myles price,1800.0,0.05263157894736842,0.048269588657362736
00-0039912,Ben Sinnott,TE,WAS,ATL,0.0,0.0,0.0,0.0,0.0,0.0,0.0,0.0,0.0,0.0,0.08658180375752766,0.28917637301215243,0.0,0.0,1.5857103161452277,4.129674371641844,0.19446122797917273,6.825069416898057,1.0865818037575277,0.0,0.014430300914860621,0.0,0.0,0.0,0.0,0.08658180375752766,0.03648429914450805,0.06742004917402718,0.2674356241384136,0.516577451765065,0.34868761084779737,0.6659896258550828,0.5085624792552026,23.5,0.0,0.003859176531670871,2025.0,4.0,3,0.10065686129088361,ben sinnott,1400.0,0.06666666666666667,0.03399019462421694
00-0040237,Tez Johnson,WR,TB,PHI,0.0,0.0,0.0,0.0,0.0,0.0,0.0,0.0,0.0,0.0,0.0,0.22823529411764706,0.0,0.0,0.0,26.176470588235293,-0.4722747560658984,0.0,0.0,0.0,0.0,0.0,0.0,0.0,0.0,0.0,0.03473389355742294,0.12918450262615905,0.10311033522107635,0.3441414372139988,0.30033540107654144,0.9695448207280812,0.2193591660366339,20.0,0.0,0.0,2025.0,4.0,5,0.10058875701926867,tez johnson,850.0,0.10526315789473684,-0.004674400875468165
00-0039686,Colson Yankoff,TE,WAS,ATL,0.0,0.0,0.0,0.0,0.0,0.0,0.0,0.0,0.0,0.0,0.0,0.2247058823529412,0.0,0.0,0.0,0.0,0.0,0.0,0.0,0.0,0.0,0.0,0.0,0.0,0.0,0.0,0.0,0.0,0.2674356241384136,0.516577451765065,0.34868761084779737,0.6659896258550828,0.5085624792552026,23.5,0.0,0.0,2025.0,4.0,4,0.10056319641631106,colson yankoff,2000.0,0.047619047619047616,0.052944148797263446
00-0035500,Greg Dortch,WR,ARI,SEA,0.01910051686600052,0.021481724485895345,0.013421340769786641,0.0,0.010279404232831682,0.5063714427480754,0.2085940267810775,0.00011303362372509505,0.002961092695113001,2.319298839471964e-06,0.05435733345918188,0.252219746393628,0.0,0.055076146195089944,1.6234755764224804,1.3556972256283495,0.441267453299751,12.565558837689652,1.8471456138292937,0.15445936577160416,0.04683874065819117,0.0,0.0,0.10794818244994218,2.941256464742434,0.10596575632127454,0.058628991502841364,0.09356182868099205,0.7055833666599866,0.05309517694105782,0.0420286532090999,0.6117392626058678,0.008985472478048156,21.0,0.0,0.028653096671629345,2025.0,4.0,4,0.10050309490759829,greg dortch,700.0,0.125,-0.02449690509240171
00-0036415,Van Jefferson,WR,TEN,HOU,0.02429523692448715,0.12867916633093812,0.02034402067560427,0.0,-0.0029564371437832467,1.3877564419858835e-05,0.6826650228983583,0.00188120923189269,0.05037607271712511,0.0,0.0020764757232993336,0.469303780607373,0.0,0.23106817225584667,2.938670837783199,12.948239918082674,0.18033748390789328,11.779858141135005,1.5025369691517114,0.0,0.021067228834803168,0.0,0.0,-2.3761530500171693e-06,5.597799996800572e-05,0.039449128238115104,0.06751797498108385,0.1466588308726113,0.3579077905768634,1.1121417258453545,0.0036656805750712386,0.6954456008193758,0.12296923156323143,15.75,0.0,0.014651111614618966,2025.0,4.0,5,0.10048084935275647,van jefferson,1100.0,0.08333333333333333,0.017147516019423145
00-0036849,Tutu Atwell,WR,LA,IND,0.26815124067145973,0.9708182238206813,0.2928671366325789,0.0,-0.10164611659415855,0.02736931697565906,6.929535949919347,4.684754930353032e-06,0.00014836139966797974,0.0005086673823952094,0.0005423913874940344,0.39636001506950125,0.0,3.912211761858098,0.3904380259862826,17.971202597739005,-0.680777457617261,9.64380515597707,1.0658153968354835,0.00046805313927809287,0.010374258198170144,0.0,0.0,-0.02663323625183221,0.013037157541135784,7.319164188177654e-05,0.06434296695938174,0.1631397968421551,0.32977962314874776,0.8208344921701718,0.1594128388650098,1.2692923254407729,0.08266126998905972,26.5,0.0,0.013167966313078384,2025.0,4.0,4,0.10030090444820786,tutu atwell,550.0,0.15384615384615385,-0.053545249397946
00-0036620,Dee Eskridge,WR,MIA,NYJ,0.0,0.0,0.0,0.0,0.0,0.07886671689199287,0.0,0.0023396653738788596,0.06418308987488734,0.0,0.0,0.17098465365922183,0.0,0.0,0.7622575036952772,4.9009782222511244,0.21087954539777268,10.062640697799905,0.8954995624992071,0.0,0.0225260009294519,0.0,0.0,0.04024705052576217,0.5238211559836027,0.0014258938143964772,0.043597247056827174,0.08147249181406088,0.34453832343980006,0.715554929248816,0.1473826068021808,0.9355981054798019,0.12229638208323372,24.0,0.0,0.021075283793631452,2025.0,4.0,5,0.10014619588385101,dee eskridge,1500.0,0.0625,0.037646195883851014
00-0040629,Dalevon Campbell,WR,CAR,NE,0.0,0.0,0.0,0.0,0.0,0.0,0.0,0.0,0.0,0.0,0.0,0.0,0.0,0.0,0.0,0.0,0.0,0.0,0.0,0.0,0.0,0.0,0.0,0.0,0.0,0.0,0.0,0.0,0.04060371560989919,0.761334723213476,0.42482214639908256,1.2707031555694577,0.025105673214297866,18.5,0.0,0.0,2025.0,4.0,7,0.09997411850873236,dalevon campbell,2000.0,0.047619047619047616,0.052355070889684746
00-0040218,Jimmy Horn Jr.,WR,CAR,NE,0.0,0.0,0.0,0.0,0.0,0.0,0.0,0.0,0.0,0.0,0.0,0.0,0.0,0.0,0.0,0.0,0.0,0.0,0.0,0.0,0.0,0.0,0.0,0.0,0.0,0.0,0.0,0.0,0.04060371560989919,0.761334723213476,0.42482214639908256,1.2707031555694577,0.025105673214297866,18.5,0.0,0.0,2025.0,4.0,6,0.09997411850873236,jimmy horn,800.0,0.1111111111111111,-0.011136992602378742
00-0035298,Scott Miller,WR,PIT,MIN,0.0026954545267079844,0.008517982956400098,0.002740651008666742,0.0,-0.0010755183597551403,0.0002139777020678378,0.05780248029283617,0.0011882240691242997,0.029895841229033035,0.0,0.008647202425310361,0.3221353021292473,0.0,0.0209330157896989,0.9480650120035503,24.70223671468832,0.9108192111524959,17.528445146126558,1.1303007612511875,9.172021360635134e-09,0.08235923832694916,0.0,0.0,0.00024243895684227199,0.0032626896310217826,0.02945999269654294,0.08080733450613113,0.19865950023298376,0.35216730370220917,0.7297758142853682,0.10651161587439915,0.4248873546525681,0.15310704424946572,19.0,0.0,0.03499339890393783,2025.0,4.0,4,0.09989460893874852,scott miller,1800.0,0.05263157894736842,0.0472630299913801
00-0038839,Mitchell Tinsley,WR,CIN,DEN,0.0,0.0,0.0,0.0,0.0,0.0,0.0,0.009150326797385611,0.4117647058823529,0.0,0.0,0.12823529411764706,0.0,0.0,0.4117647058823529,5.352941176470588,0.39201857336892526,5.352941176470588,0.4117647058823529,0.0,0.051470588235294115,0.0,0.0,0.0,0.0,0.4117647058823529,0.03220035778175316,0.05870903340465583,0.060232214177897564,0.41671564206272016,0.3109379485277461,0.6156197035613635,0.3177003394940683,18.5,0.0,0.031686308271540765,2025.0,4.0,4,0.09984485741408856,mitchell tinsley,1600.0,0.058823529411764705,0.04102132800232386
00-0038456,Travis Vokolek,TE,ARI,SEA,0.0,0.0,0.0,0.0,0.0,0.0,0.0,0.0,0.0,0.0,0.0,0.0,0.0,0.0,0.0,0.0,0.0,0.0,0.0,0.0,0.0,0.0,0.0,0.0,0.0,0.0,0.0,0.0,0.7055833666599866,0.05309517694105782,0.0420286532090999,0.6117392626058678,0.008985472478048156,21.0,0.0,0.0,2025.0,4.0,4,0.09981619578567943,travis vokolek,1900.0,0.05,0.04981619578567943
00-0040737,Terrance Ferguson,TE,LA,IND,0.0,0.0,0.0,0.0,0.0,0.0,0.0,0.0,0.0,0.0,0.0,0.0,0.0,0.0,0.0,0.0,0.0,0.0,0.0,0.0,0.0,0.0,0.0,0.0,0.0,0.0,0.0,0.0,0.32977962314874776,0.8208344921701718,0.1594128388650098,1.2692923254407729,0.08266126998905972,26.5,0.0,0.0,2025.0,4.0,4,0.0996865354014489,terrance ferguson,1600.0,0.058823529411764705,0.04086300598968419
00-0034365,Ian Thomas,TE,LV,CHI,5.146637555988602e-06,1.1653462491279428e-05,7.526168380057515e-06,0.0,-1.3556590784135986e-06,0.0,0.00013032113655033834,0.00037834151602809507,0.012107028920330444,0.0,3.6703369413429447e-09,0.26714926049050114,0.0,2.3493442520103938e-05,0.6908014328253114,6.347858721403666,-0.7815902616262056,2.8060559035055213,0.6905292370972413,0.0,0.014228055626532867,0.0,0.0,0.0,0.0,1.1011010603808621e-08,0.0492810492947835,0.09927420701315069,0.2955174323899871,0.8547931654116371,0.1473013050503206,1.5194850312241222,0.15564277415484312,24.5,0.0,0.004204638466654902,2025.0,4.0,3,0.0995088492774709,ian thomas,1100.0,0.08333333333333333,0.016175515944137575
00-0040646,Jalen Royals,WR,KC,BAL,0.0,0.0,0.0,0.0,0.0,0.0,0.0,0.0,0.0,0.0,0.0,0.0,0.0,0.0,0.0,0.0,0.0,0.0,0.0,0.0,0.0,0.0,0.0,0.0,0.0,0.0,0.0,0.0,0.3377614893793184,1.43789244501132,0.2678564152043463,0.7921279836840369,0.33670826126707726,23.0,0.0,0.0,2025.0,4.0,5,0.09941006007318944,jalen royals,500.0,0.16666666666666666,-0.06725660659347722
00-0040164,Jaylin Lane,WR,WAS,ATL,0.0,0.0,0.0,0.0,0.0,0.0,0.0,0.02174385736029571,0.4566210045662101,0.0,0.0,0.3429223744292237,0.0,0.0,0.10213089802130913,16.438356164383563,-2.3759707335828026,2.1872146118721463,1.0,0.0,0.4566210045662101,0.0,0.0,0.0,0.0,0.0,0.09812977833761957,0.20159826031261296,0.2674356241384136,0.516577451765065,0.34868761084779737,0.6659896258550828,0.5085624792552026,23.5,0.0,0.3041048519886223,2025.0,4.0,6,0.09939391538106303,jaylin lane,380.0,0.20833333333333334,-0.10893941795227031
00-0030565,Geno Smith,QB,LV,CHI,0.0,0.0,0.0,0.0,0.0,2.6690079126788606,0.0,0.0,0.0,0.0019056729763018048,0.0,0.9854647433758531,0.0,0.0,0.0,-3.786609174444688e-05,-6.823091520483601e-06,-9.46652293611172e-06,4.73326146805586e-06,0.019691912956880213,0.0,0.0,0.0,1.709656459954958,11.236629623338214,0.008898344235514964,1.8204852478398425e-07,6.5992588250507e-08,0.2955174323899871,0.8547931654116371,0.1473013050503206,1.5194850312241222,0.15564277415484312,24.5,0.003064903961024536,0.0,2025.0,4.0,1,0.0993608040431743,geno smith,600.0,0.14285714285714285,-0.043496338813968555
00-0037004,Hunter Long,TE,JAX,SF,0.0,0.0,0.0,0.0,0.0,0.0,0.0,0.006869273130650537,0.21294746705016684,0.0,0.0,0.2289745084406042,0.0,0.0,1.3318336257488776,5.978536226693244,0.3695101637622411,8.785628971597305,1.2751345570946673,0.0,0.07098249043637207,0.0,0.0,0.0,0.0,0.21294746705016684,0.05447781796282622,0.09834660490695006,0.6995983201659794,0.5746218328674522,0.006631008284161771,1.2423402590598835,0.03037924165610235,22.0,0.0,0.0496592310704836,2025.0,4.0,3,0.09919476537152049,hunter long,1500.0,0.0625,0.036694765371520485
00-0038824,Ryan Miller,WR,TB,PHI,0.018304891156897072,0.13283969385960528,0.023530172061377065,0.0,-0.008259990542745723,0.0,0.7410172584210036,0.012065455550023526,0.43554279720637185,0.0,0.008821634028821473,0.30036882220754385,0.0,0.21332170776529624,0.73629359175462,21.52168563364852,0.4093188109003127,9.685546903355863,0.7471423421087938,0.0,0.05763405959203792,0.0,0.0,0.0,0.0,0.30536241570888256,0.04749601182930059,0.12984041299024568,0.10311033522107635,0.3441414372139988,0.30033540107654144,0.9695448207280812,0.2193591660366339,20.0,0.0,0.05587880397499396,2025.0,4.0,6,0.09919240821404428,ryan miller,850.0,0.10526315789473684,-0.006070749680692558
00-0040582,Arian Smith,WR,NYJ,MIA,0.0,0.0,0.0,0.0,0.0,0.319634703196347,0.0,0.0,0.0,0.0,0.0,0.5265296803652968,0.0,0.0,1.0294728102947284,7.488584474885844,0.23436489718068815,3.470319634703196,1.2328767123287672,0.0,0.0,0.0,0.0,-0.44622962254622744,-3.1963470319634704,0.0,0.056534029136768825,0.11540480840451749,0.7788053390377815,0.35354229997402575,0.1163646934377183,1.2649144653986988,0.504090383907069,21.5,0.0,0.0,2025.0,4.0,4,0.09919145294047586,arian smith,1500.0,0.0625,0.03669145294047586
00-0040590,Konata Mumpfield,WR,LA,IND,0.0,0.0,0.0,0.0,0.0,0.0,0.0,0.0,0.0,0.0,0.0,0.0,0.0,0.0,0.0,0.0,0.0,0.0,0.0,0.0,0.0,0.0,0.0,0.0,0.0,0.0,0.0,0.0,0.32977962314874776,0.8208344921701718,0.1594128388650098,1.2692923254407729,0.08266126998905972,26.5,0.0,0.0,2025.0,4.0,5,0.09909971424766631,konata mumpfield,1000.0,0.09090909090909091,0.008190623338575398
00-0038519,Nikko Remigio,WR,KC,BAL,0.8171530225507556,1.3868502434530858,0.3623297885939442,0.0,0.29661523643068893,0.3947887879984209,4.51375180944861,0.0,0.0,0.0,0.0,0.16302013422818792,0.0,7.586708115170056,0.4239702592446383,13.640742202921437,0.5471632742951534,12.303197789182786,0.5471772601658114,0.0,0.0,0.0,0.0,0.25373437729407894,4.342676667982629,0.0,0.05732205194252781,0.14780582892445251,0.3377614893793184,1.43789244501132,0.2678564152043463,0.7921279836840369,0.33670826126707726,23.0,0.0,0.0,2025.0,4.0,7,0.09905902634979606,nikko remigio,1800.0,0.05263157894736842,0.04642744740242764
00-0036590,Quintin Morris,TE,JAX,SF,0.08170231888570144,0.06950268459378449,0.04315557870197323,0.0,0.000262955277195255,0.0,0.5119274583387022,0.00919949776108136,0.2851244301415492,0.0,0.021223449803421328,0.3389238889433631,0.0,0.07963368156211706,0.7826502319700266,10.550026525934094,0.1570258637472196,7.2672949682767065,0.915566271845691,0.0,0.024358325819576702,0.0,0.0,0.0,0.0,0.09305279854969573,0.047499410755930366,0.1052496569519444,0.6995983201659794,0.5746218328674522,0.006631008284161771,1.2423402590598835,0.03037924165610235,22.0,0.0,0.017041043825431465,0.0,0.0,4,0.09889875002898178,quintin morris,1400.0,0.06666666666666667,0.03223208336231512
00-0036862,Ben Skowronek,WR,PIT,MIN,0.0034711863666332782,0.008293344106293869,0.0024838799628593387,0.0,-6.570670064257033e-05,0.010566420671473701,0.07554980038609174,0.00047178847712409246,0.01741286640949876,0.0,0.0014242710967314182,0.14936489241622822,0.0,0.02441712911883061,1.0902602737291953,5.449225640494727,0.9713415846536674,9.311109232480291,0.6264855200437598,1.1494895219791725e-05,0.004667467223956541,0.0,0.0,-0.01909961443898197,0.006409922642230586,0.15298973857974038,0.024031466304719973,0.05736645355637023,0.35216730370220917,0.7297758142853682,0.10651161587439915,0.4248873546525681,0.15310704424946572,19.0,0.0,0.0019831478017144602,2025.0,4.0,5,0.0988467115413359,ben skowronek,1200.0,0.07692307692307693,0.02192363461825897
00-0040563,Efton Chism III,WR,NE,CAR,0.0,0.0,0.0,0.0,0.0,0.0,0.0,0.0,0.0,0.0,0.0,0.0,0.0,0.0,0.0,0.0,0.0,0.0,0.0,0.0,0.0,0.0,0.0,0.0,0.0,0.0,0.0,0.0,0.2887671459068964,0.5098126813332812,0.05566773520615474,0.8733033595020957,0.19671396744361522,24.0,0.0,0.0,2025.0,4.0,6,0.09831906232863234,efton chism,1300.0,0.07142857142857142,0.026890490900060918
00-0036232,Harrison Bryant,TE,HOU,TEN,0.5605949043993893,0.4208120936881264,0.44025335214921224,0.0,0.174694114531854,0.017906588246744376,7.38735979499623,0.0003508082561710472,0.01320857535031647,0.0,0.0033722138095259716,0.37837458695332354,0.0,1.1060833469632265,3.2669855661616074,8.750383605408402,0.28732698290101794,12.688433879823236,1.341590607755683,0.0,0.010877406267053556,0.0,0.0,-0.009192208719522824,0.0193572989885491,0.021100586279855067,0.06287736048639397,0.12352507549880999,0.24573912331260728,1.6263770821484274,0.05164639410319531,1.0620731932420067,0.08385619811716438,22.75,0.0,0.002673004279980801,2025.0,4.0,2,0.0981862442859396,harrison bryant,850.0,0.10526315789473684,-0.007076913608797239
00-0040739,Elijah Arroyo,TE,SEA,ARI,0.0,0.0,0.0,0.0,0.0,0.0,0.0,0.0,0.0,0.0,0.0,0.420958904109589,0.0,0.0,1.9646879756468805,7.602739726027397,0.16936939369863777,11.474885844748858,0.8630136986301371,0.0,0.15601217808219175,0.0,0.0,0.0,0.0,0.0,0.06496471564964719,0.12609762537175884,0.019376504573782847,0.38211256336786525,0.6345982734096645,0.7079521683734823,0.1904379205373603,22.5,0.0,0.0030229706821754123,2025.0,4.0,2,0.09811782693472403,elijah arroyo,950.0,0.09523809523809523,0.002879731696628793
00-0037277,Teagan Quitoriano,TE,ATL,WAS,0.0,0.0,0.0,0.0,0.0,0.0,0.0,0.0032867669710523024,0.10066532847259632,0.0,0.02153815671819738,0.4290343471130307,0.0,0.0,2.4257726130264636,15.70154337978902,0.8794552393579523,18.193322288559816,0.8928607689017863,0.0,0.023741351325372088,0.0,0.0,0.0,0.0,0.06434465947057712,0.043595709419447036,0.10305740211476967,0.3584502896672794,0.6089180761904635,0.03541780908718966,1.2514299682851426,0.018039798226821915,22.0,0.0,0.008510094259672273,2025.0,4.0,3,0.09797604435056129,teagan quitoriano,4000.0,0.024390243902439025,0.07358580044812227
00-0039737,Tip Reiman,TE,ARI,SEA,0.0,0.0,0.0,0.0,0.0,0.0,0.0,0.0,0.0,0.0,0.0,0.4658399696091858,0.0,0.0,1.1266774882796238,6.385731878872206,0.16428160880567394,8.708987030615411,1.4871161059219262,0.0,0.0,0.0,0.0,0.0,0.0,0.0,0.060496240127770017,0.11418563837187211,0.7055833666599866,0.05309517694105782,0.0420286532090999,0.6117392626058678,0.008985472478048156,21.0,0.0,0.0,2025.0,4.0,2,0.09796537313664228,tip reiman,1100.0,0.08333333333333333,0.014632039803308947
00-0039052,Trey Palmer,WR,NO,BUF,0.10460649594121856,0.270721166584758,0.05547255399077571,0.0,-0.03843596148935014,0.00415710238650992,1.2325163923167313,0.007690342053951484,0.33092781165035595,0.0,2.737054647072359e-05,0.2816255601425976,0.0,0.5830931135995178,0.48324780725255706,45.91497273933494,0.5398935282499919,18.09631055594659,1.188796621442805,0.0,0.019799059243236584,0.0,0.0,0.0010952257876885685,0.02880873988654306,0.030750559603948742,0.06355921436050807,0.205724538358616,0.3573954169990003,0.7597672232717286,0.05223135437550944,1.3103762737397842,0.2512623116088044,16.0,0.0,0.025944217474705586,2025.0,4.0,6,0.09750174157443547,trey palmer,1900.0,0.05,0.04750174157443547
00-0036429,Charlie Woerner,TE,ATL,WAS,0.0,0.0,0.0,0.0,0.0,0.0,0.0,0.0,0.0,0.0,0.0,0.4411557163241546,0.0,0.0,0.6195311179612286,2.379471011661009,-1.0890416941446515,2.3117352795071917,0.914392825854855,0.0,0.004269435510407912,0.0,0.0,0.0,0.0,0.0,0.052091297017566936,0.08784587410412216,0.3584502896672794,0.6089180761904635,0.03541780908718966,1.2514299682851426,0.018039798226821915,22.0,0.0,0.0015303803954214849,2025.0,4.0,2,0.09743275652104956,charlie woerner,1500.0,0.0625,0.03493275652104956
00-0034869,Sam Darnold,QB,SEA,ARI,0.0,0.0,0.0,0.0,0.0,1.4261264383633117,0.0,0.0,0.0,0.02899317515634307,0.0,0.9024004611165494,0.0,0.0,0.0,0.0,0.0,0.0,0.0,0.012136212180319397,0.0,0.0,0.0,0.06185064555843103,4.493016005256719,0.008718180983116011,0.0,0.0,0.019376504573782847,0.38211256336786525,0.6345982734096645,0.7079521683734823,0.1904379205373603,22.5,0.0023111950108202096,0.0,2025.0,4.0,1,0.09712439344409267,sam darnold,650.0,0.13333333333333333,-0.03620893988924066
00-0040727,Tre Harris,WR,LAC,NYG,0.0,0.0,0.0,0.0,0.0,0.0,0.0,0.0,0.0,0.0,0.0,0.24940639269406395,0.0,0.0,0.8318493150684931,26.87214611872146,0.3356054437246956,13.328767123287673,0.8630136986301371,0.0,0.1598173515981735,0.0,0.0,0.0,0.0,0.0,0.05202222507691446,0.134998986219419,0.3185646031879392,1.2106393377131368,0.03630135138003798,1.1391214738305775,0.02012054863838416,24.75,0.0,0.182051377096211,2025.0,4.0,4,0.09712091520238597,tre harris,800.0,0.1111111111111111,-0.013990195908725134
00-0040184,KeAndre Lambert-Smith,WR,LAC,NYG,0.0,0.0,0.0,0.0,0.0,0.0,0.0,0.012110726643598593,0.4117647058823529,0.0,0.0,0.14941176470588236,0.0,0.0,0.0,12.352941176470589,-0.26671744020217475,0.0,0.0,0.0,0.0,0.0,0.0,0.0,0.0,0.0,0.012110726643598635,0.04344988769501594,0.3185646031879392,1.2106393377131368,0.03630135138003798,1.1391214738305775,0.02012054863838416,24.75,0.0,0.0,2025.0,4.0,6,0.097078370049961,keandre lambertsmith,1100.0,0.08333333333333333,0.013745036716627676
00-0038590,Justin Shorter,TE,LV,CHI,0.0,0.0,0.0,0.0,0.0,0.0,0.0,0.0,0.0,0.0,0.0,0.0,0.0,0.0,0.0,0.0,0.0,0.0,0.0,0.0,0.0,0.0,0.0,0.0,0.0,0.0,0.0,0.0,0.2955174323899871,0.8547931654116371,0.1473013050503206,1.5194850312241222,0.15564277415484312,24.5,0.0,0.0,2025.0,4.0,5,0.09705481031464053,justin shorter,1300.0,0.07142857142857142,0.025626238886069103
00-0038090,Skyy Moore,WR,SF,JAX,0.004583038796777301,0.014702700673454581,0.004754327533782442,0.0,-0.0012680743922821858,0.0053633374424817545,0.10658412496296671,0.0003244708217064566,0.012633544960753987,0.0,0.0,0.31414729899118493,0.0,0.03317669327213737,0.360551455270277,7.318200176189917,-0.28672860544591117,4.921577975269436,0.49683460668004126,5.9844860666411734e-05,0.005289962785968671,0.0,0.0,0.002627711493066069,0.04573084354853514,0.000996998928220104,0.02763428852062664,0.06148644457645216,0.11198903421417832,0.3129059010852398,0.15778670640033876,1.1942897130310721,0.21649979153291757,25.5,0.0,0.006317748137599575,2025.0,4.0,6,0.09692500573683391,skyy moore,800.0,0.1111111111111111,-0.014186105374277197
00-0035645,Gunner Olszewski,WR,NYG,LAC,0.0,0.0,0.0,0.0,0.0,0.1753865235497671,0.0,0.0,0.0,0.0,0.0,0.05627424599258893,0.0,0.0,0.04237554812375463,0.5925362171953722,-0.4456790505966629,0.4811657157873677,0.13307575803385657,1.8620692445892395e-05,0.0014831939637381638,0.0,0.0,0.03006843428616289,0.5621419210213123,0.0002394089052698482,0.00551533461786161,0.00948401249531864,0.26216652691603776,0.3810939476496725,0.08606303301871639,0.7168373821221911,0.1620870522702443,18.75,0.0,0.0010632088781455014,2025.0,4.0,6,0.09671974812336134,gunner olszewski,2200.0,0.043478260869565216,0.05324148725379613
00-0039521,Xavier Weaver,WR,ARI,SEA,0.0,0.0,0.0,0.0,0.0,0.0,0.0,0.012867647058823529,0.4117647058823529,0.0,0.0,0.4394117647058823,0.0,0.0,0.0,19.23529411764706,-0.7772709551979514,0.0,0.0,0.0,0.0,0.0,0.0,0.0,0.0,0.0,0.03125,0.11163735082920859,0.7055833666599866,0.05309517694105782,0.0420286532090999,0.6117392626058678,0.008985472478048156,21.0,0.0,0.0,2025.0,4.0,5,0.09668091721267365,xavier weaver,2000.0,0.047619047619047616,0.04906186959362603
00-0040584,Gunnar Helm,TE,TEN,HOU,0.0,0.0,0.0,0.0,0.0,0.0,0.0,0.0,0.0,0.0,0.0,0.3730593607305936,0.0,0.0,1.8731245923026756,10.036529680365296,0.7038444138629605,18.78538812785388,2.2328767123287676,0.0,0.0,0.0,0.0,0.0,0.0,0.0,0.07881122577179352,0.14587670025550972,0.3579077905768634,1.1121417258453545,0.0036656805750712386,0.6954456008193758,0.12296923156323143,15.75,0.0,0.0,2025.0,4.0,2,0.09654163177480898,gunnar helm,1100.0,0.08333333333333333,0.013208298441475655
00-0036876,Kylen Granson,TE,PHI,TB,0.0012078118742216114,0.0023147028576043114,0.00120562793293301,0.0,0.000353213739036499,0.00011809015106819614,0.025450323960840807,2.8222276252100505e-07,1.197901541956048e-05,0.0,4.055748678064975e-05,0.3150432889940392,0.0,0.004741209535364087,0.6814369569325713,13.756765668999448,-0.46009836475672355,7.351039126709552,0.8907414350315279,0.0,0.03230546090684545,0.0,0.0,0.0003317543025412486,0.0002345892636240673,6.7618021076464305e-06,0.0512488064486766,0.10487271287912894,0.023104560071346827,0.28221743665901144,0.16291839021267027,1.2319525841005978,0.19147953207946578,23.5,0.0,0.0007464034621547571,2025.0,4.0,3,0.0965201667506227,kylen granson,1400.0,0.06666666666666667,0.029853500083956028
00-0037654,Tucker Fisk,TE,LAC,NYG,0.0,0.0,0.0,0.0,0.0,0.0,0.0,0.0007151444931584624,0.025745201753704712,0.0,0.008581734089536247,0.36537134104561786,0.0,0.0,0.9593325609090638,8.677056778141822,0.04280927044081578,4.659707262610427,0.6873848511406847,0.0,0.008581734089536247,0.0,0.0,0.0,0.0,0.0,0.029031551477945696,0.05984824536906097,0.3185646031879392,1.2106393377131368,0.03630135138003798,1.1391214738305775,0.02012054863838416,24.75,0.0,0.0027338367148975256,2025.0,4.0,4,0.09647405182243493,tucker fisk,1700.0,0.05555555555555555,0.04091849626687938
00-0036741,Jack Stoll,TE,NO,BUF,0.0,0.0,0.0,0.0,0.0,0.0,0.0,0.007321162375696929,0.3001676574035744,0.0,0.0002327605260689747,0.4019386706867302,0.0,0.0,1.0598665146290815,10.814105376591984,0.5444452217531041,10.01006854147526,1.1093169748747689,0.0,0.07900815240876502,0.0,0.0,0.0,0.0,0.3001676574035744,0.04968894043570176,0.0990748726941449,0.3573954169990003,0.7597672232717286,0.05223135437550944,1.3103762737397842,0.2512623116088044,16.0,0.0,0.028237151576451142,2025.0,4.0,2,0.09642820275004112,jack stoll,2200.0,0.043478260869565216,0.0529499418804759
00-0038547,Luke Schoonmaker,TE,DAL,GB,0.1264637174199542,0.30990055265992045,0.15891728474520642,0.0,0.012300069360901762,0.0,4.394969789754201,0.0009196931141752376,0.0318910378716387,0.0,0.0001495284145685288,0.3551756248272034,0.0,0.7919953265975066,1.006443388801554,12.928877446582703,0.032011179420965166,8.32200285411678,1.0818307821290563,0.0,0.0009934929284295283,0.0,0.0,0.0,0.0,0.02579032510134888,0.04522569989871044,0.09814314778380125,0.22829996872062927,0.4940510400939863,0.11445484759154825,0.6882572454839503,0.004153659864081591,20.25,0.0,0.00022681440448462766,2025.0,4.0,2,0.09607492515610193,luke schoonmaker,1100.0,0.08333333333333333,0.0127415918227686
00-0039589,Kameron Johnson,WR,TB,PHI,0.0,0.0,0.0,0.0,0.0,0.17376418228120105,0.0,0.0017368974381956367,0.08163417959519512,0.0,0.027211393742626228,0.07448528986763772,0.0,0.0,0.0,0.24490253878558535,-0.1345204381840578,0.0,0.0,0.0,0.011662026239557729,0.0,0.0,0.1428883517218965,1.2828228222102087,0.0,0.0017368973831968363,0.0031730009921011625,0.10311033522107635,0.3441414372139988,0.30033540107654144,0.9695448207280812,0.2193591660366339,20.0,0.0,0.011306857139758177,2025.0,4.0,7,0.09605923558879721,kameron johnson,1600.0,0.058823529411764705,0.03723570617703251
00-0038576,Charlie Jones,WR,CIN,DEN,0.0,0.0,0.0,0.0,0.0,0.1037733400057691,0.0,0.0,0.0,0.0,0.0,0.05281211196783295,0.0,0.0,0.17275223198710488,3.200414280066493,0.18072686232030308,3.2377726824685706,0.3347505577143242,0.0,0.0,0.0,0.0,0.057072492968636264,0.6745267100374994,0.0,0.011703919830709491,0.03390944146050337,0.060232214177897564,0.41671564206272016,0.3109379485277461,0.6156197035613635,0.3177003394940683,18.5,0.0,0.0,2025.0,4.0,5,0.09599027269356472,charlie jones,1700.0,0.05555555555555555,0.04043471713800917
00-0036825,Feleipe Franks,TE,ATL,WAS,0.0,0.0,0.0,0.0,0.0,0.14457094197612433,0.0,0.0,0.0,0.0,0.0,0.0665453204386712,0.0,0.0,0.21883060420152073,10.454763414090172,-0.2931096170614175,2.6259672504182485,0.21883060420152073,0.0,0.0,0.0,0.0,-0.10087724346968083,0.13130052894389402,0.0,0.017047545884097317,0.050743631672660855,0.3584502896672794,0.6089180761904635,0.03541780908718966,1.2514299682851426,0.018039798226821915,22.0,0.0,0.0,2025.0,4.0,4,0.09595929591178462,feleipe franks,2800.0,0.034482758620689655,0.061476537291094965
00-0036972,Mac Jones,QB,SF,JAX,0.0,0.0,0.0,0.0,0.0,3.4137428430194228,0.0,0.0,0.0,0.008403250013472339,0.0,0.9779139778284283,0.0,0.0,0.0,0.0,0.0,0.0,0.0,0.05819582819987804,0.0,0.0,0.0,-0.003839365363580855,7.758438693877156,0.012106877644870406,0.0,0.0,0.11198903421417832,0.3129059010852398,0.15778670640033876,1.1942897130310721,0.21649979153291757,25.5,0.012599384673359082,0.0,2025.0,4.0,2,0.09591245950745991,mac jones,500.0,0.16666666666666666,-0.07075420715920674
00-0033217,Mo Alie-Cox,TE,IND,LA,2.6456592414740096e-06,3.610666214122011e-06,2.757746549346009e-06,0.0,2.4479507522763036e-06,0.0,6.138290882547914e-05,0.004242644799921032,0.16806166658442964,0.0,0.037580358615694455,0.4123801572173081,0.0,8.961279876399821e-06,2.355429808865631,8.974142226202193,0.2548111763632308,10.03162744300204,0.8326477122158208,0.0,0.08210117984594202,0.0,0.0,0.0,0.0,0.009738425756242418,0.04899001482996201,0.09565317850996811,0.5843214394384592,0.041179864316731624,0.024746728993716747,1.1804125011811302,0.37439994217156763,23.0,0.0,0.047973479587176654,2025.0,4.0,2,0.09538957466075021,mo aliecox,1200.0,0.07692307692307693,0.018466497737673282
00-0036628,John Bates,TE,WAS,ATL,0.014049409653023228,0.005508696145517973,0.01879161706415836,0.0,0.0023777315267691844,0.0,0.2547135642276771,0.00014032713553966991,0.004997332452827204,0.0,0.004179755547134172,0.3909947138453713,0.0,0.015727781971023952,1.4459466139189745,12.466780080172207,-0.004243920331726262,6.519863539202405,0.5899329575771902,0.0,0.02545458793976138,0.0,0.0,0.0,0.0,5.861083445062959e-05,0.0358494322202345,0.08431543724510056,0.2674356241384136,0.516577451765065,0.34868761084779737,0.6659896258550828,0.5085624792552026,23.5,0.0,0.00680746361285622,2025.0,4.0,2,0.09537527453915853,john bates,1300.0,0.07142857142857142,0.02394670311058711
00-0036331,Devin Duvernay,WR,CHI,LV,0.0011568253583031291,0.002465870629996428,0.0011221976352101819,0.0,-6.746616709369152e-05,0.06265009928787346,0.0259984075547683,2.5077379624034346e-06,7.808688405738528e-05,0.0,1.531196349084075e-05,0.10415624066161888,0.0,0.00491175154953699,0.310250238938795,5.964417605986776,0.18278814068414548,3.6392505315210255,0.49860135577675296,0.0031660543455290986,0.006960004131009383,0.0,0.0,-0.06500927047834651,-0.1618501128496844,5.0463318083328206e-05,0.019425361612572738,0.04330649930578986,0.21483667681656474,0.8006757600978365,0.03279601211419237,1.1696458519579582,0.30549828941547824,23.0,0.0,0.008140739961445377,2025.0,4.0,5,0.0948706418774185,devin duvernay,1400.0,0.06666666666666667,0.02820397521075184
00-0037304,Connor Heyward,TE,PIT,MIN,0.007770193555527406,0.011308009051623191,0.007568672315593564,0.0,-0.0016074739695528131,0.001827650422346396,0.2422452667442844,3.800520087253371e-05,0.0013541064970409003,0.0,0.02562858287753131,0.1834838045446185,0.0,0.016469173558690965,0.9098373796814542,6.506663781311687,0.04830042511740661,5.706714676820344,0.9118588141126786,0.0,0.043076626943399934,0.0,0.0,-0.001484461282256745,0.010113397836257225,0.050593313196553455,0.03741155673801898,0.07539208383452806,0.35216730370220917,0.7297758142853682,0.10651161587439915,0.4248873546525681,0.15310704424946572,19.0,0.0,0.015170179563243092,0.0,0.0,4,0.09466937141135305,connor heyward,1900.0,0.05,0.04466937141135305
00-0038359,Xavier Smith,WR,LA,IND,0.0,0.0,0.0,0.0,0.0,0.39650887231951915,0.0,0.0,0.0,0.0,0.0,0.03452911596405512,0.0,0.0,0.5094639208206256,6.0547571204656645,0.4430535142804555,6.340476749048848,0.2808882179540795,0.0,0.0,0.0,0.0,0.26721572368687463,3.1487469272432396,0.0,0.008489743183377313,0.03142028673268276,0.32977962314874776,0.8208344921701718,0.1594128388650098,1.2692923254407729,0.08266126998905972,26.5,0.0,0.0,2025.0,4.0,6,0.09456897566651261,xavier smith,2200.0,0.043478260869565216,0.05109071479694739
00-0038558,Darnell Washington,TE,PIT,MIN,0.0,0.0,0.0,0.0,0.0,0.0,0.0,0.0016088316657393625,0.05459473172342339,0.0,0.10303911375622059,0.4552245888562728,0.0,0.0,0.7165164399506033,8.242778846667484,0.33310038442970996,7.815441648285753,0.8049805633202657,0.0,0.08203459194799419,0.0,0.0,0.0,0.0,0.0041540103039922555,0.049365193682654566,0.10319096668500398,0.35216730370220917,0.7297758142853682,0.10651161587439915,0.4248873546525681,0.15310704424946572,19.0,0.0,0.02888990105663607,2025.0,4.0,3,0.09449834584947009,darnell washington,900.0,0.1,-0.005501654150529917
00-0039816,Anthony Gould,WR,IND,LA,0.0,0.0,0.0,0.0,0.0,0.0,0.0,0.0,0.0,0.0,0.0,0.02651006711409396,0.0,0.0,0.17302715448913397,2.43742597710225,0.25574195686179185,3.1144887485195416,0.13541255428345833,0.0,0.0,0.0,0.0,0.0,0.0,0.0,0.003761459869232229,0.01105869147578012,0.5843214394384592,0.041179864316731624,0.024746728993716747,1.1804125011811302,0.37439994217156763,23.0,0.0,0.0,2025.0,4.0,6,0.09415253861085823,anthony gould,3500.0,0.027777777777777776,0.06637476083308046
00-0040782,Isaiah Bond,WR,CLE,DET,0.0,0.0,0.0,0.0,0.0,0.319634703196347,0.0,0.0,0.0,0.0,0.0,0.4809132420091324,0.0,0.0,0.3237858032378579,32.118721461187214,-1.6607121103390048,10.342465753424657,1.45662100456621,0.0,0.10654490319634702,0.0,0.0,0.3009026045443226,2.8767123287671232,0.0,0.08406315071868019,0.21330876175770142,0.8232112770395787,0.8174109974476873,0.10732470051434657,1.162400031145099,0.2182339438567026,17.25,0.0,0.12384779879378534,2025.0,4.0,3,0.0937273934834672,isaiah bond,750.0,0.11764705882352941,-0.023919665340062207
00-0040131,Kyle Williams,WR,NE,CAR,0.0,0.0,0.0,0.0,0.0,0.0,0.0,0.0,0.0,0.0,0.0,0.11176470588235295,0.0,0.0,1.0840336134453765,9.058823529411764,0.840379290551509,9.647058823529411,1.0,0.0,0.0,0.0,0.0,0.0,0.0,0.0,0.025490196078431376,0.061958071400338245,0.2887671459068964,0.5098126813332812,0.05566773520615474,0.8733033595020957,0.19671396744361522,24.0,0.0,0.0,2025.0,4.0,5,0.09364075662451908,kyle williams,950.0,0.09523809523809523,-0.001597338613576152
00-0039355,Luke McCaffrey,WR,WAS,ATL,0.0,0.0,0.0,0.0,0.0,0.0,0.0,0.00032010080616137006,0.012163830634132065,0.0,0.2130461187718711,0.24546126284269104,0.0,0.0,1.6216341916931634,13.212265821058669,1.9664255154426273,24.06458564244599,1.5028486544366442,0.0,0.04813714956903934,0.0,0.0,0.0,0.0,0.301431062510275,0.07570074849291483,0.15553083761788764,0.2674356241384136,0.516577451765065,0.34868761084779737,0.6659896258550828,0.5085624792552026,23.5,0.0,0.03205884223121467,2025.0,4.0,4,0.09361075684779495,luke mccaffrey,750.0,0.11764705882352941,-0.02403630197573446
00-0038710,Blake Whiteheart,TE,CLE,DET,0.0,0.0,0.0,0.0,0.0,0.0,0.0,0.000819302734745644,0.02621768751186061,0.0,0.02621768751186061,0.23698443444683556,0.0,0.0,0.49130428892217926,5.342207543913606,-0.6132919940695629,2.8977792788446277,0.4949462355356197,0.0,0.017478459215163323,0.0,0.0,0.0,0.0,0.02621768751186061,0.020642634561551562,0.04490312220108947,0.8232112770395787,0.8174109974476873,0.10732470051434657,1.162400031145099,0.2182339438567026,17.25,0.0,0.014388464731198793,2025.0,4.0,3,0.09352316408192068,blake whiteheart,2200.0,0.043478260869565216,0.05004490321235547
00-0039824,Jared Wiley,TE,KC,BAL,0.0,0.0,0.0,0.0,0.0,0.0,0.0,0.0,0.0,0.0,0.0,0.18,0.0,0.0,1.75,4.0,-0.1450883746147155,7.0,1.0,0.0,0.0,0.0,0.0,0.0,0.0,0.0,0.0434782616794109,0.0970355719327926,0.3377614893793184,1.43789244501132,0.2678564152043463,0.7921279836840369,0.33670826126707726,23.0,0.0,0.0,2025.0,4.0,4,0.09349784311318354,jared wiley,2500.0,0.038461538461538464,0.05503630465164508
00-0039410,Ryan Flournoy,WR,DAL,GB,0.0,0.0,0.0,0.0,0.0,0.0,0.0,0.0,0.0,0.0,0.0,0.23568554800895308,0.0,0.0,0.6926104212824361,15.803321683661952,0.9111054369958556,13.511721730216152,1.4019953640558522,0.0,0.0,0.0,0.0,0.0,0.0,0.0,0.05039388189287235,0.1176601614798027,0.22829996872062927,0.4940510400939863,0.11445484759154825,0.6882572454839503,0.004153659864081591,20.25,0.0,0.0,2025.0,4.0,5,0.0927551528196706,ryan flournoy,1500.0,0.0625,0.030255152819670603
00-0026158,Joe Flacco,QB,CLE,DET,0.0,0.0,0.0,0.0,0.0,0.7941982604983467,0.0,0.0,0.0,0.0,0.0,0.9747077077855704,0.0,0.0,0.0,0.0,0.0,0.0,0.0,0.009163655153360801,0.0,0.0,0.0,0.059791371860613285,3.069422602784442,0.0,0.0,0.0,0.8232112770395787,0.8174109974476873,0.10732470051434657,1.162400031145099,0.2182339438567026,17.25,0.0019998206042607246,0.0,2025.0,4.0,1,0.09266056088607517,joe flacco,1500.0,0.0625,0.030160560886075174
00-0040154,Tai Felton,WR,MIN,PIT,0.0,0.0,0.0,0.0,0.0,0.0,0.0,0.0,0.0,0.0,0.0,0.11764705882352942,0.0,0.0,0.7563025210084059,4.11764705882353,-0.28636419447138883,5.294117647058823,0.5882352941176471,0.0,0.0,0.0,0.0,0.0,0.0,0.0,0.024509803921568648,0.05209637046307888,1.0123321386521649,0.5071851035127225,0.0015724687248208065,0.8155974940769841,0.3414007827103336,21.5,0.0,0.0,2025.0,4.0,5,0.09244893493131913,tai felton,2200.0,0.043478260869565216,0.04897067406175391
00-0039739,Roman Wilson,WR,PIT,MIN,0.0,0.0,0.0,0.0,0.0,0.0,0.0,0.0,0.0,0.0,0.0,0.35,0.0,0.0,0.304347826086957,23.0,-1.35150301922113,7.0,1.0,0.0,0.0,0.0,0.0,0.0,0.0,0.0,0.0645161290322581,0.183333333333333,0.35216730370220917,0.7297758142853682,0.10651161587439915,0.4248873546525681,0.15310704424946572,19.0,0.0,0.0,2025.0,4.0,3,0.09240443017569695,roman wilson,950.0,0.09523809523809523,-0.00283366506239828
00-0039451,Isaiah Williams,WR,NYJ,MIA,0.0,0.0,0.0,0.0,0.0,0.0,0.0,0.0,0.0,0.0,0.0,0.02237442922374429,0.0,0.0,0.08949771822859708,3.356164383561644,-0.5251483655955693,1.3424657534246573,0.4474885844748858,0.0,0.0,0.0,0.0,0.0,0.0,0.0,0.037290716484257073,0.09100047447910045,0.7788053390377815,0.35354229997402575,0.1163646934377183,1.2649144653986988,0.504090383907069,21.5,0.0,0.0,2025.0,4.0,6,0.09239751085820935,isaiah williams,1100.0,0.08333333333333333,0.009064177524876024
00-0040130,Jayden Higgins,WR,HOU,TEN,0.0,0.0,0.0,0.0,0.0,0.0,0.0,0.0,0.0,0.0,0.0,0.4345662100456621,0.0,0.0,2.8317527221636807,15.196347031963471,0.2244486286470722,18.392694063926943,1.2237442922374429,0.0,0.0,0.0,0.0,0.0,0.0,0.0,0.05144155471731408,0.13465170844476773,0.24573912331260728,1.6263770821484274,0.05164639410319531,1.0620731932420067,0.08385619811716438,22.75,0.0,0.0,2025.0,4.0,4,0.09184206853458435,jayden higgins,425.0,0.19047619047619047,-0.09863412194160612
00-0031484,Chris Manhertz,TE,NYG,LAC,0.0,0.0,0.0,0.0,0.0,0.0,0.0,0.004412907640140325,0.120197112163613,0.0,0.03430077380281297,0.3319899434690476,0.0,0.0,4.592076679410265,2.660186458327821,0.6094799249796214,8.347632154352725,0.8681610316972179,0.0,0.02846877610487428,0.0,0.0,0.0,0.0,0.1030196166256532,0.03635419408016313,0.06444405801935969,0.26216652691603776,0.3810939476496725,0.08606303301871639,0.7168373821221911,0.1620870522702443,18.75,0.0,0.007463560156965175,0.0,0.0,4,0.09179397316269787,chris manhertz,1300.0,0.07142857142857142,0.020365401734126445
00-0040134,Pat Bryant,WR,DEN,CIN,0.0,0.0,0.0,0.0,0.0,0.0,0.0,0.0,0.0,0.0,0.0,0.24,0.0,0.0,2.25,8.0,2.18243971740594,18.0,2.0,0.0,0.0,0.0,0.0,0.0,0.0,0.0,0.1,0.188095238095238,0.7892864205454694,1.0362638012280274,0.4554691715713137,0.7043681432797678,0.013219702737034201,26.0,0.0,0.0,2025.0,4.0,5,0.09178562380211451,pat bryant,1400.0,0.06666666666666667,0.025118957135447845
00-0039623,Mason Tipton,WR,NO,BUF,0.2518226025256639,1.3124584317590409,0.4141632494703842,0.0,0.0010543965128766081,0.0,7.148466403916341,0.0,0.0,0.0,0.0,0.6065237725329522,0.0,4.4907903607312365,0.3816276565949523,33.88830995689471,-1.389602405267192,8.812720883118036,1.183615851927659,0.0,0.006129810063954463,0.0,0.0,0.0,0.0,0.0,0.08306656368990337,0.22118095499051438,0.3573954169990003,0.7597672232717286,0.05223135437550944,1.3103762737397842,0.2512623116088044,16.0,0.0,0.008032357670337277,2025.0,4.0,5,0.09104031008672772,mason tipton,2200.0,0.043478260869565216,0.047562049217162505
00-0033246,Johnny Mundt,TE,JAX,SF,0.04045378127111941,0.02746963744912953,0.06015107222909411,0.0,-0.006930063674943406,0.0,1.1441470723241076,0.0031973176324931575,0.10159339418688955,0.0,0.03740140649460575,0.3306830282526757,0.0,0.05847753306559522,3.3267945393738323,1.377472706207199,0.18116727731769872,6.369961754748855,0.7990473915164341,0.0,0.02036249666728759,0.0,0.0,0.0,0.0,0.07718618502241999,0.036349097183872726,0.057844954008253596,0.6995983201659794,0.5746218328674522,0.006631008284161771,1.2423402590598835,0.03037924165610235,22.0,0.0,0.014245568462819753,2025.0,4.0,2,0.0894515559588006,johnny mundt,1500.0,0.0625,0.026951555958800597
00-0035021,Ashton Dulin,WR,IND,LA,0.003128153129753465,0.01704815529066364,0.0025322261598425978,0.0,0.0006623308784816242,0.3776536622990826,0.07427564711291991,0.0007124809657542817,0.015983575146765433,0.0,0.012469238487614775,0.16771456288945327,0.0,0.03745372561091715,0.036443148463403616,7.186953315532542,-0.30028390246854597,0.7349180578867022,0.03711389088899102,0.014211847038406956,0.013939123302251995,0.0,0.0,0.34177659348337613,4.1749278029622525,0.009038057169043169,0.010984255645296348,0.033194815515641664,0.5843214394384592,0.041179864316731624,0.024746728993716747,1.1804125011811302,0.37439994217156763,23.0,0.0,0.016453915401483454,2025.0,4.0,5,0.08934784171599049,ashton dulin,1600.0,0.058823529411764705,0.03052431230422578
00-0039648,David Martin-Robinson,TE,TEN,HOU,0.0,0.0,0.0,0.0,0.0,0.0,0.0,0.0,0.0,0.0,0.0,0.03662100456621004,0.0,0.0,0.0,0.0,0.13870064063703635,1.9178082191780819,0.319634703196347,0.0,0.0,0.0,0.0,0.0,0.0,0.0,0.016677909517941385,0.02501686427691209,0.3579077905768634,1.1121417258453545,0.0036656805750712386,0.6954456008193758,0.12296923156323143,15.75,0.0,0.0,2025.0,4.0,3,0.0893337086317994,david martinrobinson,2200.0,0.043478260869565216,0.045855447762234186
00-0040244,Moliki Matavao,TE,NO,BUF,0.0,0.0,0.0,0.0,0.0,0.0,0.0,0.0,0.0,0.0,0.0,0.0,0.0,0.0,0.0,0.0,0.0,0.0,0.0,0.0,0.0,0.0,0.0,0.0,0.0,0.0,0.0,0.0,0.3573954169990003,0.7597672232717286,0.05223135437550944,1.3103762737397842,0.2512623116088044,16.0,0.0,0.0,0.0,0.0,4,0.08908861526036196,moliki matavao,1700.0,0.05555555555555555,0.03353305970480641
00-0033106,Jared Goff,QB,DET,CLE,0.0,0.0,0.0,0.0,0.0,2.104084055893018,0.0,0.0,0.0,0.012766392710687935,0.0,0.9872233723678725,0.0,0.0,0.0013957830601533327,0.0049848766653808295,0.0017189212119807437,0.00697899406969163,0.0009970036471030764,0.037585115479462444,0.0001993975834176252,0.0,0.0,-1.0043972390029385,3.4862323559563984,0.001001924714173928,5.247347379430025e-05,0.000122880392493394,0.6949048616323364,0.44644103516771233,0.0005275923189060786,1.2303873418907545,0.0974957082950226,27.25,0.0036643874550204092,0.0,2025.0,4.0,1,0.0887906194151757,jared goff,750.0,0.11764705882352941,-0.02885643940835371
00-0038938,Jalin Hyatt,WR,NYG,LAC,0.010621999930943104,0.07460389937437283,0.010917063099298133,0.0,0.0015556683760351315,0.0,0.21707180289892203,4.092208335590178e-05,0.0011867404173211543,0.0,0.0,0.3153105500049301,0.0,0.18938353844015662,0.4082120660200405,32.90658378593074,-0.9374608989233101,6.270448166018874,0.7873239469545165,0.0,0.0,0.0,0.0,0.0,0.0,0.0,0.05406914572506638,0.2090244169688698,0.26216652691603776,0.3810939476496725,0.08606303301871639,0.7168373821221911,0.1620870522702443,18.75,0.0,0.0,2025.0,4.0,4,0.08876842877413295,jalin hyatt,1200.0,0.07692307692307693,0.011845351851056021
00-0040138,Jaylin Noel,WR,HOU,TEN,0.0,0.0,0.0,0.0,0.0,0.0,0.0,0.0,0.0,0.0,0.0,0.2234246575342466,0.0,0.0,0.7831050228310502,-1.3789954337899544,-0.2813802631622387,3.3926940639269407,0.680365296803653,0.0,0.0,0.0,0.0,0.0,0.0,0.0,0.02925756807035347,0.04126815569950323,0.24573912331260728,1.6263770821484274,0.05164639410319531,1.0620731932420067,0.08385619811716438,22.75,0.0,0.0,2025.0,4.0,5,0.08811641072336306,jaylin noel,600.0,0.14285714285714285,-0.05474073213377979
00-0040187,Mitchell Evans,TE,CAR,NE,0.0,0.0,0.0,0.0,0.0,0.0,0.0,0.0,0.0,0.0,0.0,0.22882352941176473,0.0,0.0,1.497478991596641,6.176470588235294,0.8101261765011314,9.0,1.0,0.0,0.0,0.0,0.0,0.0,0.0,0.0,0.03227894931557531,0.0739333878536519,0.04060371560989919,0.761334723213476,0.42482214639908256,1.2707031555694577,0.025105673214297866,18.5,0.0,0.0,2025.0,4.0,3,0.08805823451827274,mitchell evans,900.0,0.1,-0.011941765481727262
00-0039379,Jamari Thrash,WR,CLE,DET,0.0,0.0,0.0,0.0,0.0,0.0,0.0,0.0,0.0,0.0,0.0,0.2732778696225454,0.0,0.0,0.7135614290299573,14.85685192274776,-0.1546342833047597,4.682982873463477,1.0667543695962187,0.0,0.0,0.0,0.0,0.0,0.0,0.0,0.04654696526799444,0.11001129621826583,0.8232112770395787,0.8174109974476873,0.10732470051434657,1.162400031145099,0.2182339438567026,17.25,0.0,0.0,2025.0,4.0,4,0.0879620950623951,jamari thrash,950.0,0.09523809523809523,-0.00727600017570014
00-0040729,Jack Bech,WR,LV,CHI,0.0,0.0,0.0,0.0,0.0,0.0,0.0,0.0,0.0,0.0,0.0,0.16588235294117645,0.0,0.0,1.3167420814479642,11.23529411764706,2.4264413649079324,15.352941176470587,1.0,0.0,0.0,0.0,0.0,0.0,0.0,0.0,0.03426421073479895,0.07560268061521681,0.2955174323899871,0.8547931654116371,0.1473013050503206,1.5194850312241222,0.15564277415484312,24.5,0.0,0.0,2025.0,4.0,4,0.08718736807110232,jack bech,800.0,0.1111111111111111,-0.023923743040008785
00-0038115,Daniel Bellinger,TE,NYG,LAC,0.10807021994458338,0.2299271950040172,0.14368783034860874,0.0,0.06007363096665481,6.761838680220327e-06,2.998827052298643,3.5776924233969934e-07,9.659769543171885e-06,1.6904596700550817e-06,5.747468044964536e-05,0.3620008834705573,0.0,0.40429152056491235,1.7977265160200915,6.908655686798834,0.5981784183286284,9.929282243949086,1.1903740572570265,8.452298350275408e-07,0.01999831975186832,0.0,0.0,8.699584921358386e-06,1.3523677360440653e-05,1.874091889070779e-05,0.04045260617874239,0.08107851081202848,0.26216652691603776,0.3810939476496725,0.08606303301871639,0.7168373821221911,0.1620870522702443,18.75,0.0,0.0052428900335037155,2025.0,4.0,2,0.08697277291677605,daniel bellinger,650.0,0.13333333333333333,-0.046360560416557284
00-0031763,DeAndre Carter,WR,CLE,DET,0.2874132472217744,0.5497863319798126,0.17221731658228318,0.0,0.06336913198108875,0.020918473475681706,2.600878523297628,0.0009955432920443201,0.05125649417643227,0.0,0.0005202020712210987,0.07602391580858375,0.0,0.6862517142035152,0.236434866682677,6.522841961142595,-0.19475991812549479,3.7294081424627676,0.49482543463178946,0.0005190528653826736,0.034389760190127266,0.0,0.0,0.040834721423371405,0.18920786726617292,0.0002550008374902192,0.021393700170090818,0.04731038819338084,0.8232112770395787,0.8174109974476873,0.10732470051434657,1.162400031145099,0.2182339438567026,17.25,0.0,0.039974658316076425,2025.0,4.0,5,0.08654248752620192,deandre carter,2200.0,0.043478260869565216,0.0430642266566367
00-0039530,Brevyn Spann-Ford,TE,DAL,GB,0.49580007949521643,0.22277480701164884,0.29424274353795266,0.0,-0.029233974244404565,0.0,4.203298245502809,0.0009678647275828833,0.03677885964814958,0.0,0.0,0.2308716747607262,0.0,0.34964812601884804,1.0927846507930856,7.946323910165522,0.03100112918636847,5.393994952472041,0.7378307105250589,0.0,0.007600964387356384,0.0,0.0,0.0,0.0,0.0,0.026547181243356387,0.05906225515295018,0.22829996872062927,0.4940510400939863,0.11445484759154825,0.6882572454839503,0.004153659864081591,20.25,0.0,0.0017352999318800794,2025.0,4.0,3,0.08592874457162761,brevyn spannford,1500.0,0.0625,0.023428744571627608
00-0037093,Dareke Young,WR,SEA,ARI,0.0,0.0,0.0,0.0,0.0,0.0,0.0,0.0,0.0,0.0,0.0,0.1955467824713778,0.0,0.0,3.6446900908014204,6.613896565337544,0.2491266803913026,7.9873667587840504,0.6656138965653375,0.0,0.0,0.0,0.0,0.0,0.0,0.0,0.03714962521008338,0.08372207804262148,0.019376504573782847,0.38211256336786525,0.6345982734096645,0.7079521683734823,0.1904379205373603,22.5,0.0,0.0,2025.0,4.0,5,0.08591462230327064,dareke young,3500.0,0.027777777777777776,0.058136844525492865
00-0026498,Matthew Stafford,QB,LA,IND,0.0,0.0,0.0,0.0,0.0,2.2430133561599277,0.0,0.0,0.0,0.23942204688764437,1.4081220506495377e-05,0.9999880193071194,0.0,0.0,0.0,3.84224553605935e-10,-1.1991968679831864e-11,0.0,0.0,0.14020937301616762,4.023211183153023e-06,0.0,0.0,-1.4504400418497143,1.0211088311510659,7.95519253759237e-07,6.098802551788479e-13,1.7298420776973609e-12,0.32977962314874776,0.8208344921701718,0.1594128388650098,1.2692923254407729,0.08266126998905972,26.5,0.011589884837886215,0.0,2025.0,4.0,1,0.08545744313546612,matthew stafford,900.0,0.1,-0.014542556864533887
00-0036212,Tua Tagovailoa,QB,MIA,NYJ,0.0,0.0,0.0,0.0,0.0,1.2161635390858,0.0,0.0,0.0,0.00024276499604489787,0.0,0.9698916149084168,0.0,0.0,0.0,0.0,0.0,0.0,0.0,0.00684548309013148,0.0,0.0,0.0,-0.03133839536666652,4.475253325163891,7.42541325679376e-09,0.0,0.0,0.34453832343980006,0.715554929248816,0.1473826068021808,0.9355981054798019,0.12229638208323372,24.0,0.0008371778155350349,0.0,2025.0,4.0,1,0.08526587460470716,tua tagovailoa,950.0,0.09523809523809523,-0.009972220633388068
00-0039650,Bryce Oliver,WR,TEN,HOU,0.0,0.0,0.0,0.0,0.0,0.0,0.0,0.0,0.0,0.0,0.0,0.13538232893152555,0.0,0.0,0.7295195394926353,10.480922212134814,0.11446917996489371,9.084498625122963,0.711538669009183,0.0,0.02242695628606989,0.0,0.0,0.0,0.0,0.0,0.04139113594011636,0.08963202296886374,0.3579077905768634,1.1121417258453545,0.0036656805750712386,0.6954456008193758,0.12296923156323143,15.75,0.0,0.015596728088915752,2025.0,4.0,6,0.08296182765745505,bryce oliver,1900.0,0.05,0.03296182765745505
00-0023459,Aaron Rodgers,QB,PIT,MIN,0.0,0.0,0.0,0.0,0.0,1.881815551223465,0.0,0.0,0.0,6.787657543612984e-05,0.0,0.962521784201017,0.0,0.0,0.0,-1.5142250097625263e-08,-4.708125505033011e-09,-1.5159821967210393e-08,3.785562524406316e-09,0.00047594838302659673,4.720970737017187e-10,0.0,0.0,-0.437832658807871,2.898875169830584,0.00011737773807746797,1.2212436376826367e-10,1.5322492972440927e-10,0.35216730370220917,0.7297758142853682,0.10651161587439915,0.4248873546525681,0.15310704424946572,19.0,7.28710501405148e-05,0.0,2025.0,4.0,1,0.08000271311147414,aaron rodgers,2500.0,0.038461538461538464,0.041541174649935675
00-0033077,Dak Prescott,QB,DAL,GB,0.0,0.0,0.0,0.0,0.0,1.4083093892905592,0.0,0.0,0.0,0.036634475816388574,0.0,0.9033111150152039,0.0,0.0,6.982391409302319e-10,6.347628416330052e-09,1.6938249581129301e-09,6.982391257963059e-09,6.347628416330047e-10,0.026185694010401727,1.2695256832660107e-10,0.0,0.0,-0.1246013434572562,7.665655126282953,0.01775423322030695,1.9235238198497298e-11,4.7601128338563365e-11,0.22829996872062927,0.4940510400939863,0.11445484759154825,0.6882572454839503,0.004153659864081591,20.25,0.00010876646622412736,0.0,2025.0,4.0,1,0.07995429696429548,dak prescott,1000.0,0.09090909090909091,-0.010954793944795427
