player_id,player_display_name,position,team,opponent_team,avg_carries,avg_endzone_target_share,avg_endzone_targets,avg_explosive_receiving_plays,avg_explosive_rushing_plays,avg_inside_5_carry_share,avg_offense_snap_share,avg_racr,avg_receiving_air_yards,avg_receiving_epa,avg_receiving_yards,avg_receptions,avg_redzone_carry_share,avg_redzone_target_share,avg_rushing_epa,avg_rushing_yards,avg_scored_touchdown,avg_target_share,avg_wopr,passing_tds_allowed_to_WR,avg_receiving_yards_allowed,passing_tds_allowed_to_RB,avg_explosive_receiving_plays_allowed,avg_explosive_rushing_plays_allowed,avg_rushing_yards_allowed,rushing_tds_allowed_to_RB,avg_receiving_epa_allowed,avg_receiving_air_yards_allowed,avg_rushing_epa_allowed,passing_tds_allowed_to_TE,rushing_tds_allowed_to_QB,redzone_td_rate,implied_total,spread_line,rush_matchup_value,pass_matchup_value,season,week,depth_chart_rank,predicted_touchdown_probability,merge_name,price,market_implied_prob,model_edge
00-0039139,Jahmyr Gibbs,RB,DET,CHI,15.480781344711769,0.0016149864946189592,0.058895712792385695,0.13525016306748053,0.8439158748683079,0.4341788719803172,0.6269724557741065,4.046746166354002,-1.122515422199531,1.954148477514458,37.3790034887379,5.950975412851888,0.6760961185780743,0.14562630382071895,0.5102207029938346,77.50108610043011,0.6481868242744159,0.17424399577770072,0.2579037699154038,0.7456196997423483,206.36426383462063,0.30035108449076076,2.7926749820755967,0.6992329491302557,139.9232564318287,0.8873329906339923,3.467208176817725,169.55931417923966,0.6337952334640193,0.10360350152420324,0.31763831460173486,0.25,26.0,-5.5,0.599922390853917,0.04373901828293395,2025.0,2.0,1,0.651244366822495,jahmyr gibbs,-170.0,0.6296296296296297,0.02161473719286533
00-0032764,Derrick Henry,RB,BAL,CLE,20.19256777159764,0.0,0.0,0.01355261855775767,1.8899430990703747,0.4832468586275466,0.6155759444676417,3.789805437142556,2.837544658478859,0.5475834008501655,16.190743839279634,1.4277134451566107,0.43562651808048697,0.057292106017517386,3.254001319668576,139.23426791174901,0.7387491376782377,0.07078543810571745,0.11511803048456433,0.4675979944533539,190.98291846926696,0.0004953671752989366,2.123075345032236,1.0714262351469712,113.31653586169848,0.9111041534002388,6.884763532200227,222.69789292646917,-2.8539464083108563,0.8055212143304694,0.19897083325649723,0.1428571428571428,28.5,-11.5,0.3969011299544159,2.8380628724824796e-05,2025.0,2.0,1,0.6271438618843951,derrick henry,-205.0,0.6721311475409836,-0.044987285656588494
00-0034844,Saquon Barkley,RB,PHI,KC,23.376309551768415,0.0005475888389205662,0.013527169690671553,0.07589570035940793,0.8786747296430822,0.4488403376037083,0.759231295145209,1.015738844348699,3.715766390895421,0.3639365864011201,13.031398989751716,2.2269658691458507,0.5799479952029694,0.35561322928406053,1.2915551508802652,114.87478381063185,0.5798191391401128,0.14318439547524814,0.22234042305821058,0.9424079166995631,272.04583517510366,0.00045946351488580426,3.8602038897797524,0.7022681936053197,124.37903850063104,0.40265158865101447,12.62860606019557,273.5092160604203,1.5044216518793243,0.009355091421036694,0.1731410791146898,1.0,24.0,-1.5,0.23351698160344653,0.00016339130426674587,2025.0,2.0,1,0.6029674006791286,saquon barkley,-150.0,0.6,0.0029674006791285956
00-0037840,Kyren Williams,RB,LA,TEN,19.400899222546805,0.00026316037000417646,0.008933535539550907,0.012251561913961671,0.04092605433078464,0.689159382394395,0.8547839960844832,0.501753470748679,-2.669126965624153,-0.41845974104139155,7.860053988132682,1.6522288222444197,0.7029384764801314,0.039871393044516014,-0.05798697558561849,81.17310915031199,0.8426375763467592,0.07274489371758118,0.09569669972090346,0.8010545546222989,184.78090752679503,0.10537260420128523,2.146693655342376,0.9294946808416034,168.86497139446914,1.0538307798959183,4.0353168183888215,182.97348475560392,0.7180706328043575,0.04716080115093226,0.17113509819292433,0.6666666666666666,23.5,-5.5,0.7407782028879055,0.004201352518233663,2025.0,2.0,1,0.5832812924389738,kyren williams,-175.0,0.6363636363636364,-0.0530823439246626
00-0037248,James Cook,RB,BUF,NYJ,12.232191563626955,3.436379673395798e-05,0.0009388593962470303,0.37790103413085663,0.33241026248550043,0.4353927347737866,0.42781277745252627,-3.52604933099557,-1.5501200871868202,1.327799235624968,24.0494510294897,2.272700635997459,0.4866640741011348,0.04109041898837777,-0.06206962682658396,53.913560530164425,0.9317604576765522,0.061234056742558794,0.0890852892948495,0.5510022331907173,233.14830172898846,0.0006935965692475608,3.2560657434060816,0.4519927187991029,97.60658943336585,0.6031733249975763,11.162330412064389,197.38763289877627,-1.642427115010782,0.40301247020980474,0.24958445323109793,0.7142857142857143,26.75,-7.0,0.29354278773244835,2.8500173639283648e-05,2025.0,2.0,1,0.5790815632430049,james cook,-140.0,0.5833333333333334,-0.0042517700903285105
00-0038597,Chase Brown,RB,CIN,JAX,19.35992880263823,0.004861729309497628,0.19223059264391695,0.08605359836321674,0.41515156467375536,0.7799055230210407,0.8186355451195151,5.452297423355409,4.226983585892883,0.9378535364959721,22.165663667939203,3.340613694459506,0.9258766318761303,0.14102299895926443,-1.8423553044640273,65.92046894995605,0.5926354578639537,0.11491590899969288,0.1821625116939094,0.5333674371264814,219.98878537808878,0.016081706300817324,2.904290977853633,0.6805112794549838,134.69586148135113,0.6385834716025526,0.5644825735044232,285.7516003432199,1.2350580411988035,0.08154540646564994,0.013264880679409672,0.6666666666666666,26.25,-3.0,0.5912495138591379,0.0022678904509233575,2025.0,2.0,1,0.5680468060932571,chase brown,-150.0,0.6,-0.031953193906742894
00-0033553,James Conner,RB,ARI,CAR,11.987580259269503,1.836538863600756e-05,0.0006058187108367093,0.18222237516312964,0.33036307688448024,0.4800726535991199,0.5234558056633015,-3.2303744119341293,-8.49586469265054,1.037439543149466,19.974093827885877,3.602871522882093,0.5153549838374927,0.17992466393868484,-1.175409345055628,56.71722540301935,0.6660533181088971,0.12200132914405798,0.15085109694238052,0.524704625050906,241.7717231478533,0.11342029757946974,3.6841691507811745,1.1027215687547764,206.2120738509561,0.6118626149658869,9.296790797488706,259.71144283826516,7.892419603465722,0.39290640408432426,0.4014570764155553,0.6666666666666666,25.5,-6.5,0.31532644804651067,0.020407108925811723,2025.0,2.0,1,0.5642151483634689,james conner,-155.0,0.6078431372549019,-0.043627988891433045
00-0035700,Josh Jacobs,RB,GB,WAS,15.881666978349527,3.946174754593949e-05,0.0021118572977056314,0.14484083721806285,0.13234515524468277,0.5798509251810244,0.6379178719003594,1.13358273138645,-1.6529676981192354,0.2767095754206786,12.683185668706004,1.5124088943368321,0.5733942567585147,0.0029172367880415354,-0.2669103671381231,65.46360201668851,0.9775548475618712,0.06316851244909817,0.08860543450339115,0.14958266172828535,200.33758023888853,8.212742546839724e-05,3.081055440984674,0.3064649844880854,118.221777268278,0.8141185228345893,1.5049359626538208,251.93174949911918,-0.6974301175628789,0.1926883244372888,0.03681591475239495,0.6,26.0,-3.5,0.4668108853140792,2.3958514688354775e-07,2025.0,2.0,1,0.5615266891454068,josh jacobs,-200.0,0.6666666666666666,-0.10513997752125981
00-0038542,Bijan Robinson,RB,ATL,MIN,19.142214109144064,2.16222795756091e-05,0.0007279036357010034,0.620750355161553,0.3090157483442859,0.5973851235758072,0.8257896282638649,-3.5805320343133946,6.203212333221929,1.6751483960167877,37.9078967175782,3.611170661322754,0.6604080713448636,0.05936039086905492,0.6521473875262401,88.99956538367388,0.8836279668185035,0.138078431054833,0.21530725873005266,0.5068168416886427,233.67864666606908,0.21001400351147714,2.3821896317607685,0.47591796408112597,121.62520180300125,1.0607669679293457,2.5287524575130136,257.2040240762518,-0.15474741519064023,0.001522376560316811,0.3124633556111655,0.3333333333333333,20.0,4.5,0.7005390674365579,0.012466513336416355,2025.0,2.0,1,0.5389160778631616,bijan robinson,-155.0,0.6078431372549019,-0.06892705939174026
00-0039040,De'Von Achane,RB,MIA,NE,10.446404320235223,0.0006719910455837952,0.026501541074203452,0.10544962847118258,0.8471519193416658,0.41610355404405913,0.6835850442351039,-2.576765982898666,-0.2226251147459198,1.529295412889566,24.244514388076876,3.24496943009571,0.3751990002384318,0.029045782808969415,1.3884211129929216,66.8602820978845,0.7577426141413631,0.11390987461033017,0.16900645111450588,0.8184495305352072,244.70111896775256,0.367488014302481,3.943964933549361,0.5171682541030056,114.72671011908521,0.9414994351295548,10.623867891178463,301.3621771288041,-1.9870453266528632,0.010755896248803605,0.05123606778428315,1.0,23.0,-1.5,0.35324964678565723,0.010673977048329309,2025.0,2.0,1,0.5345803212773504,devon achane,-155.0,0.6078431372549019,-0.07326281597755147
00-0036555,Chuba Hubbard,RB,CAR,ARI,18.145346640243098,4.482545830836567e-12,1.5240655824844337e-10,0.30302476181115817,0.538734040840127,0.3725308633485747,0.8120775888896533,-1.2357699663817279,-8.84461983751592,-0.4519035116042658,17.681048851664794,3.1282081700608506,0.681687362829219,0.10357915700103452,0.8045882296719747,80.47873402805189,0.7492129293967853,0.1490454074423928,0.19428820478069816,0.545003518897085,230.10046490190405,0.21898341755047857,2.690734288707201,0.8122734692619176,123.41843553410261,0.7798215578936298,5.083626480078469,245.85335449697806,0.9594887319967952,0.0005119237840502647,0.3886488174231979,0.0,19.0,6.5,0.5315945012778817,0.02268211778708412,2025.0,2.0,1,0.49897384457565214,chuba hubbard,100.0,0.5,-0.0010261554243478632
00-0036223,Jonathan Taylor,RB,IND,DEN,25.134766885057264,0.0,0.0,0.004351981851150615,0.48820574873548295,0.3997250007102503,0.7663017141702853,-3.876939318706662,1.5296655544563413,0.41106027084807234,11.789738189220316,1.6649707635798268,0.6778982267322796,0.03696025317913,0.15102849848215608,119.7950104772427,0.5352663666516805,0.07204890076877918,0.10938928901789816,0.5693479670941345,211.97516669016215,0.12003545457602516,2.335966342551629,0.32634104913165396,79.43195136018002,0.2381951878830902,3.811986231599921,256.2849705314297,-5.627129127366398,0.0034820305030786097,0.21979661121237762,0.3333333333333333,20.0,2.5,0.161472095482109,0.004436540791601848,2025.0,2.0,1,0.4746984835086065,jonathan taylor,-145.0,0.5918367346938775,-0.11713825118527105
00-0036963,Amon-Ra St. Brown,WR,DET,CHI,0.06812090436840888,0.02326553722569216,0.8413978176704391,0.8718125768639303,1.4787787055631592e-08,2.2283820164513404e-08,0.8712855284276028,1.1186835543668225,62.33342923636989,5.109305999661272,70.96791926546855,6.2644341769523235,0.004586471565944155,1.4657917084964112e-05,0.009077694228438515,0.4390756648681936,0.3776618871770925,0.2260458724169489,0.5734306159923757,0.7456196997423483,206.36426383462063,0.30035108449076076,2.7926749820755967,0.6992329491302557,139.9232564318287,0.8873329906339923,3.467208176817725,169.55931417923966,0.6337952334640193,0.10360350152420324,0.31763831460173486,0.25,26.0,-5.5,0.0,1.092923173573918e-05,2025.0,2.0,1,0.4745306657070894,amonra st brown,130.0,0.43478260869565216,0.03974805701143724
00-0034857,Josh Allen,QB,BUF,NYJ,9.033635806985112,0.0,0.0,0.0,0.30696728657687833,0.4462685035948434,0.9552466137551868,0.0,-7.383260302828718e-12,1.157273827419388e-10,0.3529470000177689,1.4766520605657433e-12,0.3986060551028069,1.0367034623510348e-11,2.9748093818457626,35.02342530259952,0.8038045169308496,3.2814490234794244e-14,3.415385718315316e-14,0.5510022331907173,233.14830172898846,0.0006935965692475608,3.2560657434060816,0.4519927187991029,97.60658943336585,0.6031733249975763,11.162330412064389,197.38763289877627,-1.642427115010782,0.40301247020980474,0.24958445323109793,0.7142857142857143,26.75,-7.0,0.09948587431743895,0.0,2025.0,2.0,1,0.4712794081590247,josh allen,-125.0,0.5555555555555556,-0.08427614739653089
00-0039361,Bucky Irving,RB,TB,HOU,15.83310426188186,0.0,0.0,0.1779280106209443,0.496113413984683,0.28083237076382345,0.6149823642795935,-1.9785222897165726,-11.291945045080963,0.5002907439894004,19.583548036918874,3.1575832604012106,0.6430020331453512,0.3999742925385107,0.030711703796474296,72.42503646346997,0.7034599523598553,0.12042662273464369,0.15115028064992111,0.16910304529586243,237.61080819405473,0.0001247302328478411,3.499316994733715,0.6269452489773762,110.47594626669894,0.6166157670313019,8.365365081221865,251.82053926656994,-5.337731771606251,0.6468716199154779,0.250957615435175,0.3333333333333333,20.0,2.5,0.3964851918706074,4.9888886641478953e-05,2025.0,2.0,1,0.46044993216685126,bucky irving,-110.0,0.5238095238095238,-0.06335959164267257
00-0036158,J.K. Dobbins,RB,DEN,IND,15.38471051337868,0.0,0.0,0.00016756397694892242,0.13303661224488517,0.30692841029059303,0.5736052568257416,-1.7689264850423587,-4.057030524383169,-0.9142618712876629,9.336809067236134,2.216385294675175,0.5449031919589986,0.04754611801677811,-0.6185373881118201,62.135870276065084,0.6011297119857334,0.07660984458202282,0.10166242514257162,1.0215084986795735,213.11450473434897,0.025332258529641685,2.437460040205099,0.8108961452230912,95.69238625135026,0.6343561064728472,4.649412620659896,223.21278303249193,-0.9049483977105394,0.08092359707565405,0.16869646936082988,0.25,22.5,-2.5,0.34566266725573686,0.0012044505536818774,2025.0,2.0,1,0.45533799566739813,jk dobbins,130.0,0.43478260869565216,0.02055538697174597
00-0037744,Trey McBride,TE,ARI,CAR,0.012106083006804122,0.015198101768433022,0.5671528555695436,0.8616358356846178,0.0,0.006053041503402061,0.9282134147105249,1.4157010301135986,54.96356513145583,2.799659053806835,72.41392758427932,7.358728079667031,0.0013451203340893467,0.00403536100226804,0.007276437826539585,0.024212166013608243,0.3700008640131293,0.3084678078133257,0.6408629190007301,0.524704625050906,241.7717231478533,0.11342029757946974,3.6841691507811745,1.1027215687547764,206.2120738509561,0.6118626149658869,9.296790797488706,259.71144283826516,7.892419603465722,0.39290640408432426,0.4014570764155553,0.6666666666666666,25.5,-6.5,0.0,0.0015855191805832503,2025.0,2.0,1,0.45042764180898703,trey mcbride,150.0,0.4,0.05042764180898701
00-0036900,Ja'Marr Chase,WR,CIN,JAX,0.15929560709664276,0.030701599073584492,1.2908176276727297,0.8702001363030177,0.0,0.0,0.9321635697024514,0.8745321057090053,94.19556981033215,2.3757040170243955,80.74943812998646,6.839925858700332,1.1178158755950542e-08,2.2208267869564555e-08,0.09288957911554459,1.4912961604870436,0.4616361757862123,0.2792346290164141,0.7102568831088933,0.5333674371264814,219.98878537808878,0.016081706300817324,2.904290977853633,0.6805112794549838,134.69586148135113,0.6385834716025526,0.5644825735044232,285.7516003432199,1.2350580411988035,0.08154540646564994,0.013264880679409672,0.6666666666666666,26.25,-3.0,0.0,1.184516691660803e-08,2025.0,2.0,1,0.4478794770414824,jamarr chase,-130.0,0.5652173913043478,-0.11733791426286538
00-0040666,Omarion Hampton,RB,LAC,LV,15.0,0.0,0.0,0.0,0.0,0.0,0.8,-3.25,-4.0,0.7005502237007022,13.0,2.0,1.0,0.0,-0.4725012757733542,48.0,0.0,0.0588235294117647,0.080048159614723,0.44820554819442754,270.62416080172613,0.054767076116199485,3.113031593971403,0.5633224474429777,95.87394966002783,0.40954236754657836,6.8161516234978405,270.37578768437396,-2.211050410292658,0.253085901330722,0.011220998807078213,0.4,25.0,-3.5,0.40954236754657836,0.0,2025.0,2.0,1,0.43755942733349323,omarion hampton,-135.0,0.574468085106383,-0.1369086577728898
00-0039849,Marvin Harrison Jr.,WR,ARI,CAR,0.0,0.03868490125372618,1.3211856670513678,1.0929425410690858,0.0,0.0,0.824943112064385,0.7367383375867196,92.01437683136011,3.4670857265030453,63.643676998879364,4.6546355787691684,0.0,0.0,0.0,0.0,0.5764579981013505,0.21402205972086252,0.6225404304243646,0.524704625050906,241.7717231478533,0.11342029757946974,3.6841691507811745,1.1027215687547764,206.2120738509561,0.6118626149658869,9.296790797488706,259.71144283826516,7.892419603465722,0.39290640408432426,0.4014570764155553,0.6666666666666666,25.5,-6.5,0.0,0.0,2025.0,2.0,1,0.4370220986357379,marvin harrison,135.0,0.425531914893617,0.011490183742120852
00-0033280,Christian McCaffrey,RB,SF,NO,15.201055168987642,0.0027785601048256987,0.07809867337148857,0.5611526885323147,0.12267558735863308,0.2528550735947165,0.6918180020991392,1.7917464580430216,13.323231176369019,0.12502546248937405,43.69121701932437,5.133571091858605,0.6392385170166579,0.3551992478162584,-1.2485321574273565,63.079156057652824,0.09615783187735358,0.21193880356825634,0.3534131911720077,0.4214465833884481,211.8462031517832,0.004209894037916657,2.582192358756367,1.0954177498766107,155.03853986795474,0.6980823694545235,8.995693865132875,246.73827496278867,2.303212595469135,0.21429450384837068,0.0007421145026280422,0.4,23.5,-4.5,0.4462411386055843,0.0014953511956541474,2025.0,2.0,1,0.4315681697424074,christian mccaffrey,-180.0,0.6428571428571429,-0.2112889731147355
00-0039064,Zay Flowers,WR,BAL,CLE,0.9793700357033098,0.02112576436999091,0.43540511483359556,1.7326776224592668,0.00011729526622376602,0.0,0.6935660402353598,1.6619335246283051,71.04952189255849,3.955381865816075,75.27301359640336,4.20539502081112,0.025804679796073808,2.6837737721794437e-06,0.1129617460668558,4.613615777657867,0.3389403431807663,0.3012344130921401,0.6909900754174715,0.4675979944533539,190.98291846926696,0.0004953671752989366,2.123075345032236,1.0714262351469712,113.31653586169848,0.9111041534002388,6.884763532200227,222.69789292646917,-2.8539464083108563,0.8055212143304694,0.19897083325649723,0.1428571428571428,28.5,-11.5,0.0,1.2549272334376203e-06,2025.0,2.0,1,0.4314097966152539,zay flowers,135.0,0.425531914893617,0.005877881721636891
00-0033293,Aaron Jones,RB,MIN,ATL,11.741757204258686,0.001138611813880643,0.03529660783497772,0.31877165663858126,0.031040033087357484,0.0876083215787733,0.5888581042682903,0.08497353566705736,6.989087378802273,1.605367293659004,30.35904151011813,3.4006367238026063,0.40345769108157786,0.10538681806242267,-1.0327794733426447,47.10101499935819,0.4888038833700622,0.1329161213519573,0.23849274142736843,0.6924773655312295,221.92943755027446,0.21607751857160476,2.46051786615991,0.731939766875378,120.97742704816346,0.4419947995205356,9.715887350230378,276.5188566712339,1.9419026495488445,0.528826897925098,0.42563771276571377,0.5,24.5,-4.5,0.1783262012846202,0.022771722137085466,2025.0,2.0,1,0.4313565872864432,aaron jones,150.0,0.4,0.031356587286443194
00-0036358,CeeDee Lamb,WR,DAL,NYG,0.28270663020494086,0.02200798480535013,0.703480979104686,1.5895318978553408,0.00016756466602907739,0.0003419668693332918,0.786670761630807,1.0684804686131166,106.7379904704466,3.4795927112387464,96.63805904654446,7.063493571078693,0.005017454071565305,0.024730632133192716,-0.11093036239280159,1.0685930454178045,0.2714242576326583,0.32543752234944934,0.7656965344316073,0.4121602894751032,252.70105874148618,8.917603324793508e-11,2.1911288128992448,0.7040755017059136,142.9967914483915,1.0013047708431217,10.520427437582372,268.7162907698592,-1.340289978354449,0.36775592652954914,0.0410623441599691,0.6666666666666666,25.0,-5.5,0.0,0.010192984498918999,2025.0,2.0,1,0.4244592319382159,ceedee lamb,100.0,0.5,-0.07554076806178411
00-0036322,Justin Jefferson,WR,MIN,ATL,0.30464629041545843,0.047643006404243175,1.5853121465506352,0.9882330316023927,0.0,6.685146048959993e-08,0.9627588079667007,0.9438912475765693,82.9240262105276,-0.11240656678677025,74.03673627914176,5.54581543896999,0.0002442905145051132,3.6321703166556284e-08,-0.022067021571506987,1.2066264855256594,0.5354998412923192,0.3036316626142454,0.7301132578897614,0.6924773655312295,221.92943755027446,0.21607751857160476,2.46051786615991,0.731939766875378,120.97742704816346,0.4419947995205356,9.715887350230378,276.5188566712339,1.9419026495488445,0.528826897925098,0.42563771276571377,0.5,24.5,-4.5,0.0,2.5151957320384212e-08,2025.0,2.0,1,0.42089211010090677,justin jefferson,100.0,0.5,-0.07910788989909323
00-0039901,Keon Coleman,WR,BUF,NYJ,0.21143399413204977,0.030654406700195164,1.1147690634092342,1.097791704210991,0.0,0.0,0.8391409071257173,0.5966532192137546,110.39502719942338,2.3524375592380427,59.223289607909734,3.895037427517367,0.0,0.0,0.16532043895614354,1.902905947188448,0.5037493063540097,0.21611331976913903,0.6030498011622839,0.5510022331907173,233.14830172898846,0.0006935965692475608,3.2560657434060816,0.4519927187991029,97.60658943336585,0.6031733249975763,11.162330412064389,197.38763289877627,-1.642427115010782,0.40301247020980474,0.24958445323109793,0.7142857142857143,26.75,-7.0,0.0,0.0,2025.0,2.0,1,0.41485942182574803,keon coleman,230.0,0.30303030303030304,0.11182911879544499
00-0039065,Sam LaPorta,TE,DET,CHI,0.0001675646660339515,0.01629466316862689,0.5470107140211947,0.7528825314092891,0.0,0.0,0.9289305445622622,1.5101238951362486,48.33138743290405,2.686578667605381,64.81664290318939,5.671293862088728,0.0,0.0,2.2317912494068018e-05,0.000670258664135806,0.3162966829657423,0.21980586453517548,0.511711607556343,0.7456196997423483,206.36426383462063,0.30035108449076076,2.7926749820755967,0.6992329491302557,139.9232564318287,0.8873329906339923,3.467208176817725,169.55931417923966,0.6337952334640193,0.10360350152420324,0.31763831460173486,0.25,26.0,-5.5,0.0,0.0,2025.0,2.0,1,0.40579291302679815,sam laporta,190.0,0.3448275862068966,0.06096532681990158
00-0030279,Keenan Allen,WR,LAC,LV,3.4361901084655634e-05,0.027139171500000777,0.8924608157581588,0.546670493401211,0.0,0.0,0.8147024851832653,0.8587577295806849,72.04221651781737,3.808241101770606,58.36386218726493,5.616611010248995,1.1499663413854214e-06,2.759919219325015e-06,6.102127453335902e-06,0.00013689108647446145,0.5397949249617755,0.26719289367059024,0.5848723975469932,0.44820554819442754,270.62416080172613,0.054767076116199485,3.113031593971403,0.5633224474429777,95.87394966002783,0.40954236754657836,6.8161516234978405,270.37578768437396,-2.211050410292658,0.253085901330722,0.011220998807078213,0.4,25.0,-3.5,0.0,1.2370111066699048e-06,2025.0,2.0,3,0.4041946222144383,keenan allen,195.0,0.3389830508474576,0.06521157136698069
00-0039915,Ladd McConkey,WR,LAC,LV,0.0,0.01585722664000661,0.5926933716483416,1.1592009181652823,0.0,0.0,0.7783024934283327,1.1507606152302565,82.96705508188626,5.090130542035172,84.58876038814135,6.052129081804467,0.0,0.0,0.0,0.0,0.2319474963522427,0.24995557182739703,0.57102818175486,0.44820554819442754,270.62416080172613,0.054767076116199485,3.113031593971403,0.5633224474429777,95.87394966002783,0.40954236754657836,6.8161516234978405,270.37578768437396,-2.211050410292658,0.253085901330722,0.011220998807078213,0.4,25.0,-3.5,0.0,0.0,2025.0,2.0,1,0.4041800871793683,ladd mcconkey,150.0,0.4,0.004180087179368297
00-0036912,DeVonta Smith,WR,PHI,KC,0.10290000001255133,0.021986420138884608,0.49636196753265405,1.149809681282835,0.0,0.0,0.8622024676094625,2.0113019365623046,43.92603211371097,5.169971833373857,58.91570503023811,5.09638666691156,0.006431250000784458,0.03430000000418378,-0.04880972037150538,0.10290000001255133,0.44212706635365145,0.27499803629332453,0.5701581162605598,0.9424079166995631,272.04583517510366,0.00045946351488580426,3.8602038897797524,0.7022681936053197,124.37903850063104,0.40265158865101447,12.62860606019557,273.5092160604203,1.5044216518793243,0.009355091421036694,0.1731410791146898,1.0,24.0,-1.5,0.0,0.03232459154673784,2025.0,2.0,2,0.39329796595865163,devonta smith,225.0,0.3076923076923077,0.08560565826634392
00-0031381,Davante Adams,WR,LA,TEN,1.4816556594148304e-07,0.03651345236736137,1.3725265560869542,1.316206580343595,0.0,0.0,0.8950009991359208,1.2684434640401958,81.90266711030013,1.5594525384414886,74.74618854792722,5.666535046654426,0.0,0.0,-2.519338932412942e-07,-5.506955909289916e-08,0.48875580212773667,0.3080223548979804,0.6990713847339082,0.8010545546222989,184.78090752679503,0.10537260420128523,2.146693655342376,0.9294946808416034,168.86497139446914,1.0538307798959183,4.0353168183888215,182.97348475560392,0.7180706328043575,0.04716080115093226,0.17113509819292433,0.6666666666666666,23.5,-5.5,0.0,0.0,2025.0,2.0,2,0.3927334452077971,davante adams,145.0,0.40816326530612246,-0.01542982009832533
00-0033906,Alvin Kamara,RB,NO,SF,13.232915103425267,1.1695523545788271e-08,4.2967223779272545e-07,0.5378675745997616,0.08472160228050533,0.44256617576666857,0.7002515496544043,0.439729781668126,8.714940696578957,-0.41496496409914135,31.06219383795665,3.791112514207588,0.47637431999102114,0.02514253720359657,-2.1851560008258817,51.155040843346676,0.53392757426037,0.14737723814125944,0.24158949855683687,1.1463325355896448,201.92066870700515,0.013532669967677557,2.915492534488043,0.9717318397344884,127.81035230641143,1.1726976180968822,6.302397679863302,194.40086746396423,1.7631233052583506,0.38478136467249063,0.06199845235939472,0.2,19.0,4.5,0.5586430303759925,0.00034024565812632696,2025.0,2.0,1,0.38889823695166503,alvin kamara,100.0,0.5,-0.11110176304833497
00-0040122,Ashton Jeanty,RB,LV,LAC,19.0,0.0,0.0,0.0,0.0,1.0,0.86,-0.5,-4.0,-1.1610321420012042,2.0,2.0,1.0,0.0,-5.768620662888546,38.0,1.0,0.0606060606060606,0.0829090909090909,0.13642636869146324,227.58640237865163,0.1029012824458648,2.9612112037370526,0.3831027575721404,99.88995559332275,0.16549785234625566,3.387112380640221,252.25445123749932,1.3753355967034695,0.32502045024904325,0.3307899025923469,0.5,21.5,3.5,0.16549785234625566,0.0,2025.0,2.0,1,0.3846158040571883,ashton jeanty,-125.0,0.5555555555555556,-0.17093975149836727
00-0038120,Breece Hall,RB,NYJ,BUF,14.038750542359981,0.002497484224408337,0.10432470475247643,0.3579586532125499,0.014840710945481965,0.32988997374232826,0.6320186903973771,-0.4350346725113011,-9.60563894422368,0.23198889913456755,25.298111337972284,2.563541082260825,0.5477515481701333,0.061161831072332806,0.14698320451817867,69.07833383517186,0.3320560098863474,0.13319790531070927,0.16417867266451963,1.2464216784249194,242.72581743796871,0.08820550342241787,3.6048037652573353,0.9880569863458054,141.2389728630866,0.9383004556568503,10.898959027867818,217.11221186593897,-0.2602234062893032,0.10297012450895572,0.5127802277760151,0.6,19.75,7.0,0.5139555272347812,0.005394810099971995,2025.0,2.0,1,0.3772378905381938,breece hall,135.0,0.425531914893617,-0.04829402435542324
00-0038544,Quentin Johnston,WR,LAC,LV,0.020084523187673686,0.03175915537359852,1.0884285049125597,1.396960272976947,0.0,0.0,0.7450000891489487,0.8639056678661947,86.15711014294952,5.265109210323294,80.42510092927037,6.099588894182626,0.0,0.0,-0.0062856451335917,0.04010928536491437,0.465670123418532,0.2501059052226745,0.5757105366055135,0.44820554819442754,270.62416080172613,0.054767076116199485,3.113031593971403,0.5633224474429777,95.87394966002783,0.40954236754657836,6.8161516234978405,270.37578768437396,-2.211050410292658,0.253085901330722,0.011220998807078213,0.4,25.0,-3.5,0.0,0.0,2025.0,2.0,2,0.37655179440551195,quentin johnston,250.0,0.2857142857142857,0.09083750869122625
00-0039075,Puka Nacua,WR,LA,TEN,0.954787619671992,0.01119216281029872,0.35701354510831074,1.7910004496588676,0.0006979140141351321,0.01800807984319938,0.7643495840654327,3.9381379099419345,74.34092527173397,6.259283289661902,110.06609982589158,8.926295404992166,0.0180528126778878,0.054487315764691305,-0.11696176558920574,3.145560544578705,0.15448688453646106,0.4100703809443439,0.8543648886997753,0.8010545546222989,184.78090752679503,0.10537260420128523,2.146693655342376,0.9294946808416034,168.86497139446914,1.0538307798959183,4.0353168183888215,182.97348475560392,0.7180706328043575,0.04716080115093226,0.17113509819292433,0.6666666666666666,23.5,-5.5,0.0,0.04364731246244936,2025.0,2.0,1,0.37558800017080496,puka nacua,125.0,0.4444444444444444,-0.06885644427363946
00-0035710,Daniel Jones,QB,IND,DEN,6.664938713367583,0.0,0.0,0.0,0.14790358054736258,0.5018581712757342,0.9791832400339564,6.853704347173782e-07,7.239225216702312e-06,5.462188803948557e-07,8.909815651325926e-06,5.568634782078703e-07,0.28804573132076755,0.0,2.932152938237417,28.4460636353878,0.6594816359953614,1.687465085478395e-08,4.7734355271961825e-08,0.5693479670941345,211.97516669016215,0.12003545457602516,2.335966342551629,0.32634104913165396,79.43195136018002,0.2381951878830902,3.811986231599921,256.2849705314297,-5.627129127366398,0.0034820305030786097,0.21979661121237762,0.3333333333333333,20.0,2.5,0.06331147561849573,0.0,2025.0,2.0,1,0.3677654557287784,daniel jones,205.0,0.32786885245901637,0.03989660326976202
00-0036997,Javonte Williams,RB,DAL,NYG,7.629119743120758,2.5661911489112687e-08,7.955192561624942e-07,0.22501286446688515,0.006063168399731073,0.34445465654372337,0.5266790666058596,2.6981559488963147,-1.2748286174929497,-0.5621962701268902,19.25813303114602,2.767752795693367,0.28146488871368047,0.03064250469494349,0.9201952810214671,29.030677031087635,0.38195275266847123,0.11869890247473903,0.16579817040345285,0.4121602894751032,252.70105874148618,8.917603324793508e-11,2.1911288128992448,0.7040755017059136,142.9967914483915,1.0013047708431217,10.520427437582372,268.7162907698592,-1.340289978354449,0.36775592652954914,0.0410623441599691,0.6666666666666666,25.0,-5.5,0.2818321358938366,2.7325770174762874e-12,2025.0,2.0,1,0.3588674618747233,javonte williams,100.0,0.5,-0.1411325381252767
00-0034348,Courtland Sutton,WR,DEN,IND,2.247144993029861e-08,0.039691263065475914,1.2986183763738637,0.9584770880283012,0.0,0.0,0.8640497490542105,0.6785716791357981,108.05514192848268,3.2944110219033953,69.35356101926162,5.395219421342524,0.0,0.0,3.839803543520429e-09,1.1235724965149304e-07,0.7911144832970831,0.24838984541029516,0.7505852412669723,1.0215084986795735,213.11450473434897,0.025332258529641685,2.437460040205099,0.8108961452230912,95.69238625135026,0.6343561064728472,4.649412620659896,223.21278303249193,-0.9049483977105394,0.08092359707565405,0.16869646936082988,0.25,22.5,-2.5,0.0,0.0,2025.0,2.0,1,0.3563721994645832,courtland sutton,150.0,0.4,-0.043627800535416816
00-0036389,Jalen Hurts,QB,PHI,KC,10.249770067618384,4.4451912814769295e-12,1.0668459075544655e-10,0.0,0.5071985220606712,0.3844485813266058,0.8147838935939837,0.0,3.1119385990293585e-10,-2.9942391232015836e-10,4.429956181701853e-12,1.4766520605672856e-12,0.3220645383502542,2.667114768886164e-11,2.5955305484486573,49.168561711037135,0.7273252654027541,4.483054154824815e-12,7.370607066582507e-12,0.9424079166995631,272.04583517510366,0.00045946351488580426,3.8602038897797524,0.7022681936053197,124.37903850063104,0.40265158865101447,12.62860606019557,273.5092160604203,1.5044216518793243,0.009355091421036694,0.1731410791146898,1.0,24.0,-1.5,0.05576260171453741,0.0,2025.0,2.0,1,0.35321015427415486,jalen hurts,-110.0,0.5238095238095238,-0.17059936953536897
00-0035676,A.J. Brown,WR,PHI,KC,2.9547774049883764e-09,0.04507290406228395,1.0588015611829762,0.7443921358318377,0.0,0.0,0.906377061467409,0.8954952670438018,64.53715286010409,2.663734416696592,52.15490393069799,4.055557702224574,3.7767765895686595e-10,3.30467951587258e-10,2.139954171309729e-09,1.9439306665757373e-08,0.5087079739804118,0.2689134037080775,0.6377567603782276,0.9424079166995631,272.04583517510366,0.00045946351488580426,3.8602038897797524,0.7022681936053197,124.37903850063104,0.40265158865101447,12.62860606019557,273.5092160604203,1.5044216518793243,0.009355091421036694,0.1731410791146898,1.0,24.0,-1.5,0.0,3.1143561379131994e-10,2025.0,2.0,1,0.3519806330594545,aj brown,185.0,0.3508771929824561,0.0011034400769983632
00-0036410,Tee Higgins,WR,CIN,JAX,3.659388147605421e-10,0.024838964530586462,1.0323694364712643,0.5832886273763875,0.0,0.0,0.7580078291519202,0.8838308102668611,70.64789965464591,4.5321090190172715,64.04407893022729,5.349067332833917,0.0,0.0,3.2893485485574514e-11,1.60040755134466e-09,0.4113173471119697,0.20680125377487982,0.5199642894865882,0.5333674371264814,219.98878537808878,0.016081706300817324,2.904290977853633,0.6805112794549838,134.69586148135113,0.6385834716025526,0.5644825735044232,285.7516003432199,1.2350580411988035,0.08154540646564994,0.013264880679409672,0.6666666666666666,26.25,-3.0,0.0,0.0,2025.0,2.0,2,0.3455896202630073,tee higgins,130.0,0.43478260869565216,-0.08919298843264484
00-0037240,Jameson Williams,WR,DET,CHI,0.8233801283841704,0.005799312737458887,0.22763400109830828,0.4190344663839955,9.659769543171885e-06,0.07350039776177945,0.8506033998689028,1.2859347103975325,50.25540788805277,2.2692881805729934,53.37888847609853,4.646622133799103,0.021030035908014468,0.01633342172483988,0.1731419191760423,2.201255439819333,0.3511230851679253,0.18926701887418051,0.4725119754269566,0.7456196997423483,206.36426383462063,0.30035108449076076,2.7926749820755967,0.6992329491302557,139.9232564318287,0.8873329906339923,3.467208176817725,169.55931417923966,0.6337952334640193,0.10360350152420324,0.31763831460173486,0.25,26.0,-5.5,0.0,0.01217852100224026,2025.0,2.0,2,0.34415003173040554,jameson williams,195.0,0.3389830508474576,0.005166980882947925
00-0039893,Brian Thomas Jr.,WR,JAX,CIN,0.5217492432389368,0.01285436220182053,0.40188816224689766,1.0781828506790125,0.0,0.0,0.8652711167141859,0.6549336724399637,112.86884598251838,1.7149960633277443,70.95988175677427,5.287076851212881,0.033387702321797136,0.0,1.0357305655280766,5.880958152523422,0.6783748435915036,0.3231278425070363,0.8360250107153908,0.465091965761835,233.4271057105395,0.07204407639460027,2.4938202672384455,0.27680258225864446,91.29051809078298,0.8903342882204497,2.7281099034799396,226.82915365349749,-1.5150225017568677,0.3861811097480227,0.026978985177622164,0.4,23.25,3.0,0.0,0.0,2025.0,2.0,1,0.34135236748087006,brian thomas,145.0,0.40816326530612246,-0.0668108978252524
00-0037228,Jaylen Warren,RB,PIT,SEA,9.091477157263292,0.00030265206027584485,0.008474257687723662,0.19441951095682583,0.14896093600922178,0.40629256670494074,0.47598042992638073,6.010393477462491,0.11603168113721525,0.6845488603857662,22.2200144571465,2.396346413295584,0.5564912585379479,0.13294425990275877,-0.6535379889918014,37.99915108901443,0.3255642797458729,0.10452167804350816,0.15780981453983178,0.18539308394307435,253.14698316023794,7.366979389097092e-07,3.79449977666796,0.08376125844258163,105.08426175530839,0.10835750395938062,8.785536788258794,222.78507173553064,-3.060701846505621,0.01772109025513067,0.01833769893500203,0.75,21.75,-3.0,0.0603000037503864,9.793976226023908e-08,2025.0,2.0,1,0.33327737487587145,jaylen warren,120.0,0.45454545454545453,-0.12126807966958308
00-0034960,Jakobi Meyers,WR,LV,LAC,0.019954809844546572,0.026462488347581126,0.9593487304616227,1.9535158917340623,0.017294403000059577,0.0009969879170914637,0.9164769589364042,0.8983044596984692,97.44950316484275,3.317444012730169,85.47609121640491,6.721578726761002,0.00015236241901288173,2.7599192192779437e-06,0.030437549990830506,0.3564361079596184,0.3700189943771562,0.27129802084488264,0.6249487491283754,0.13642636869146324,227.58640237865163,0.1029012824458648,2.9612112037370526,0.3831027575721404,99.88995559332275,0.16549785234625566,3.387112380640221,252.25445123749932,1.3753355967034695,0.32502045024904325,0.3307899025923469,0.5,21.5,3.5,0.0,3.7652575696786813e-07,2025.0,2.0,1,0.3325258940030889,jakobi meyers,175.0,0.36363636363636365,-0.03111046963327474
00-0039384,Tyrone Tracy Jr.,RB,NYG,DAL,12.538399629311398,0.0026427650530099376,0.10306783706738774,0.0,0.18736136035133913,0.12643712309082175,0.6756537605773397,-5.9402696515303575,1.3285278100209064,-1.4770681503564222,15.794364154082078,2.320475279165693,0.2989954164351884,0.03965406110481544,-3.338519332740883,42.244485931408335,0.21889319528599377,0.12325101823821549,0.18771070374957158,1.0031368385444652,208.73075169948606,0.0011713135149931163,2.221101039974721,0.9554980041395231,135.73519232971114,0.5201364142152343,7.66118033331901,214.38136207875053,4.12127257890187,0.2569171183161825,1.1219249885287708,0.0,19.5,5.5,0.15551840377138962,4.6447337696433186e-05,2025.0,2.0,1,0.33186464983570224,tyrone tracy,130.0,0.43478260869565216,-0.10291795885994992
00-0036275,D'Andre Swift,RB,CHI,DET,15.679770530982516,1.9613726643806924e-08,8.184408194387637e-07,0.21204155110278744,0.032064187136626725,0.37586362418926705,0.7448948107854783,-1.9366757697220203,1.180112169715445,-1.4803518505812994,15.056326360407242,2.2067902366839736,0.5697392858904989,0.0001280834260410616,-2.837014395284108,53.21451105056403,0.2427733262739157,0.11466508788820882,0.18373318289829793,0.6908565608422284,248.79790137592812,0.21903000090648353,3.750454286197539,0.3744282175079347,94.86593767132996,0.6273693825462878,5.999693658499841,296.0898430981525,0.4808178760991659,0.35256559227227136,0.4453753956259393,0.6666666666666666,20.5,5.5,0.35743698400148527,2.8054112921879237e-05,2025.0,2.0,1,0.33132352379815305,dandre swift,145.0,0.40816326530612246,-0.0768397415079694
00-0036973,Travis Etienne,RB,JAX,CIN,13.080557633094783,0.00013101097820597099,0.004941347327332726,0.1974780718450717,0.3058106950418198,0.157465242070304,0.5390503346319445,-0.630013128401915,-6.0255437836099945,0.5643601814134103,20.408416657281517,2.6665281806779007,0.3531437591326575,0.0844123202026401,-1.419107361825174,68.75834147677394,0.004670907261123053,0.11305109605548853,0.15256698248892592,0.465091965761835,233.4271057105395,0.07204407639460027,2.4938202672384455,0.27680258225864446,91.29051809078298,0.8903342882204497,2.7281099034799396,226.82915365349749,-1.5150225017568677,0.3861811097480227,0.026978985177622164,0.4,23.25,3.0,0.31441599742686854,0.006081407645324463,2025.0,2.0,1,0.3285418409904186,travis etienne,110.0,0.47619047619047616,-0.14764863520005755
00-0039165,Zach Charbonnet,RB,SEA,PIT,11.067769372164266,0.0,0.0,0.0633074224844818,0.17313512540970472,0.6429563584346321,0.6117920813741052,-0.18691722251008733,-2.6959269673980577,-0.18784559762128583,16.031822922065935,1.270022620700011,0.49244876115156877,0.0028247677767833566,-0.30858218147034616,47.567627493672866,0.46942375200250785,0.05487394221804861,0.06021210872701871,0.867780842439905,253.09425709844461,2.3197365767972263e-06,2.9614401751978017,0.4398507521716309,127.44435202645248,0.6065002112444519,10.934958092529019,201.28228361027212,0.30021855433940964,0.1550487634571874,0.6967362912465139,0.3333333333333333,18.75,3.0,0.2986702776654951,6.552717132762535e-09,2025.0,2.0,2,0.3248857537204764,zach charbonnet,195.0,0.3389830508474576,-0.014097297126981212
00-0035261,Tony Pollard,RB,TEN,LA,16.911677142686173,3.3208318039231807e-06,0.00013109424548434797,0.3518691266380831,0.12769628878013073,0.15936189160482112,0.6951033005583127,-8.683954185502541,-1.1744889760025627,0.14010996603071865,14.408488267261728,1.2775659787387494,0.6099109803667148,0.010794872156120032,-3.9809418295510133,58.92043848818044,0.14720924048034284,0.06104743393816505,0.08509177204179373,0.14326900120420225,230.11066071910327,0.050421422238516145,2.885024848042757,0.15687180865352707,113.62415740512846,0.08404053942405885,5.847400169601213,239.9420664356624,0.06067858170798979,0.006856476660897507,0.1518366166780195,0.0,18.0,5.5,0.05125724779067528,0.0005442928069945293,2025.0,2.0,1,0.31601072876845204,tony pollard,-135.0,0.574468085106383,-0.258457356337931
00-0036875,Rhamondre Stevenson,RB,NE,MIA,9.2618290852904,0.000497199344567384,0.019329867766430475,0.00018985158398633032,0.07831463085379857,0.4214467978666677,0.5802171643343282,1.3743422658466888,-0.8671153365663644,0.3537183728376024,10.399247441996515,1.4302072257999818,0.4161971146698509,0.019847186613257208,-2.3226578608850126,33.27895604029143,0.1869830313314249,0.059791474190334634,0.08523179037329055,0.4354985575741741,252.61138208118254,0.0016809701866644605,3.0334584837549374,0.3489990407373956,117.60868695204101,0.10926999994697452,7.010226574227101,208.1952036798268,1.273298118150814,0.0010446008030858388,0.6001844569532085,0.3333333333333333,21.5,1.5,0.045477858697905556,3.336252898605135e-05,2025.0,2.0,1,0.3124583512282592,rhamondre stevenson,155.0,0.39215686274509803,-0.07969851151683882
00-0037238,Drake London,WR,ATL,MIN,0.03529470044433399,0.04807635749253792,1.8039288617747382,1.3703593496143072,0.0,0.0,0.9104810410081993,0.7472882713425775,136.2800088440085,1.9095690441168802,93.10982364050537,7.23000704288662,0.0,0.0,-0.08363919941497848,-0.10588410133300197,0.3095587975796172,0.3577932282101855,0.8278202240830287,0.5068168416886427,233.67864666606908,0.21001400351147714,2.3821896317607685,0.47591796408112597,121.62520180300125,1.0607669679293457,2.5287524575130136,257.2040240762518,-0.15474741519064023,0.001522376560316811,0.3124633556111655,0.3333333333333333,20.0,4.5,0.0,0.0,2025.0,2.0,1,0.31206511058713826,drake london,160.0,0.38461538461538464,-0.07255027402824638
00-0037740,Garrett Wilson,WR,NYJ,BUF,0.21170972586957545,0.012587249997383613,0.4171268743442473,1.2063662389804302,0.0,0.0,0.9660660632185599,1.5130760759432247,64.41893229233303,2.9819882393154673,70.31130986923488,5.80247725244886,8.189303982137284e-09,1.0919071976183033e-08,-0.1072000818643068,0.003162953944867975,0.5396809680559473,0.273288111757725,0.6416759207114747,1.2464216784249194,242.72581743796871,0.08820550342241787,3.6048037652573353,0.9880569863458054,141.2389728630866,0.9383004556568503,10.898959027867818,217.11221186593897,-0.2602234062893032,0.10297012450895572,0.5127802277760151,0.6,19.75,7.0,0.0,1.3609768019396558e-08,2025.0,2.0,1,0.30906799642786104,garrett wilson,205.0,0.32786885245901637,-0.018800856031155333
00-0039337,Malik Nabers,WR,NYG,DAL,0.06276341099270318,0.026238238897832354,0.8902053497897391,1.5727164888219858,0.0,0.0,0.8696599400510963,1.0171835443087727,93.97318034781676,1.6401743853058504,84.54192531853134,6.1189543294164706,0.002892011501744394,0.0,-0.020540099486204486,0.10194592679835432,0.43541836235123177,0.3479932745169804,0.8592593315486097,1.0031368385444652,208.73075169948606,0.0011713135149931163,2.221101039974721,0.9554980041395231,135.73519232971114,0.5201364142152343,7.66118033331901,214.38136207875053,4.12127257890187,0.2569171183161825,1.1219249885287708,0.0,19.5,5.5,0.0,0.0,2025.0,2.0,1,0.3026419278958823,malik nabers,130.0,0.43478260869565216,-0.13214068079976987
00-0038996,Tucker Kraft,TE,GB,WAS,0.4191630976135503,0.019168844680563932,0.41888468860742417,0.7016003497111843,0.0,0.0,0.8782333314042216,2.1038712925720318,34.472001285618596,1.6435422247341251,36.376008188531564,2.7353484708230775,0.0,0.0,-0.11405378496987187,1.1383295085467167,0.39470426458152563,0.18044320094219293,0.3738602388809029,0.14958266172828535,200.33758023888853,8.212742546839724e-05,3.081055440984674,0.3064649844880854,118.221777268278,0.8141185228345893,1.5049359626538208,251.93174949911918,-0.6974301175628789,0.1926883244372888,0.03681591475239495,0.6,26.0,-3.5,0.0,0.0,2025.0,2.0,1,0.2995769826917805,tucker kraft,215.0,0.31746031746031744,-0.01788333476853693
00-0036252,Michael Pittman,WR,IND,DEN,3.9180448803708875e-06,0.009569699203877402,0.37327568826612173,0.819015277943146,1.8520971809458178e-09,0.0,0.8886098165842893,1.0313116847531918,75.58570249013037,3.4572263275941615,69.86346994082962,5.749751134354202,1.5621065287024398e-10,3.0843675481420845e-10,5.027691727080414e-07,2.393878233800924e-05,0.45732799034325017,0.26537157051815546,0.5858726832222081,0.5693479670941345,211.97516669016215,0.12003545457602516,2.335966342551629,0.32634104913165396,79.43195136018002,0.2381951878830902,3.811986231599921,256.2849705314297,-5.627129127366398,0.0034820305030786097,0.21979661121237762,0.3333333333333333,20.0,2.5,0.0,1.7560783933058157e-10,2025.0,2.0,1,0.2982165774978731,michael pittman,245.0,0.2898550724637681,0.008361505034104988
00-0039338,Brock Bowers,TE,LV,LAC,0.2524558747979404,0.012733786314840265,0.4664105318935541,1.4860102107040751,0.0,0.0,0.7981167230460163,1.226692403250173,71.36207673505406,1.505614184733318,78.48473387963374,5.798643711651477,0.0,0.0,-0.12709514534164823,0.047462510219596535,0.2780546433744431,0.25107568619538817,0.535809450314301,0.13642636869146324,227.58640237865163,0.1029012824458648,2.9612112037370526,0.3831027575721404,99.88995559332275,0.16549785234625566,3.387112380640221,252.25445123749932,1.3753355967034695,0.32502045024904325,0.3307899025923469,0.5,21.5,3.5,0.0,0.0,2025.0,2.0,1,0.29381316626378995,brock bowers,160.0,0.38461538461538464,-0.09080221835159469
00-0031408,Mike Evans,WR,TB,HOU,1.850620528885252e-09,0.030950698012577188,1.0243461692233606,0.8084088690998649,0.0,0.0,0.7756990768375461,0.7015378766054485,114.21930674482084,3.5643597980532813,78.64203659532535,6.513901334361442,0.0,0.0,1.1798755587794205e-09,1.8506205288852512e-08,0.2899457351773593,0.3024284405202103,0.7356745017700732,0.16910304529586243,237.61080819405473,0.0001247302328478411,3.499316994733715,0.6269452489773762,110.47594626669894,0.6166157670313019,8.365365081221865,251.82053926656994,-5.337731771606251,0.6468716199154779,0.250957615435175,0.3333333333333333,20.0,2.5,0.0,0.0,2025.0,2.0,1,0.2930651016996024,mike evans,140.0,0.4166666666666667,-0.12360156496706426
00-0033699,Austin Ekeler,RB,WAS,GB,6.215349217422627,5.368238048595096e-05,0.0020411010957452802,0.3134060400999716,0.10669541274715257,0.08469333677718564,0.5495753059426872,-7.3225090191559445,-5.40005640408255,1.2061136314860945,27.918557809448927,2.964645162970204,0.18540276870964342,0.021658331181074148,-0.1808907553104309,23.882390786317167,0.1320595277061392,0.11403979319151522,0.15403909583668063,0.3397801905024674,226.46899479939498,0.051119025299657554,2.0441659648450545,0.15650573004388632,69.75291394390375,0.39602253080404703,5.381726484482363,184.1605112179014,-4.159325235953752,0.010662719513389336,0.00847685686547293,0.75,22.5,3.5,0.07342367368247037,0.0011071527795936914,2025.0,2.0,1,0.29207240788354516,austin ekeler,225.0,0.3076923076923077,-0.01561989980876255
00-0034827,DJ Moore,WR,CHI,DET,1.7914762410854033,0.014377561586343431,0.522277297985339,1.051922879264868,1.4766520605656843e-12,0.0,0.9168072817603865,2.7861414344311246,61.807569430666945,1.5436543751580722,67.77656249782143,5.996704917089853,1.9573910979647617e-05,4.6967464056461965e-05,-0.11003606906951705,7.049633432382819,0.2754758906334566,0.272897002694934,0.5777035911276482,0.6908565608422284,248.79790137592812,0.21903000090648353,3.750454286197539,0.3744282175079347,94.86593767132996,0.6273693825462878,5.999693658499841,296.0898430981525,0.4808178760991659,0.35256559227227136,0.4453753956259393,0.6666666666666666,20.5,5.5,0.0,3.2447780689528285e-05,2025.0,2.0,1,0.29206510354408804,dj moore,185.0,0.3508771929824561,-0.058812089438368076
00-0037197,Isiah Pacheco,RB,KC,PHI,8.720038397628501,0.0005963592665527317,0.017294418730029248,0.04254673014689681,0.0984917842443051,0.05239133453867722,0.4463178438835703,1.113356122978063,-5.366771282077874,-0.8206673078824953,5.575365672981188,1.520937715877975,0.3113226426767137,0.0188538899362439,-1.5506199810768122,33.59427577698886,0.07169903292499855,0.0615319009118911,0.07451619914915188,0.06273384957103531,176.5036708780575,0.0006844598908499135,1.691143727589463,0.46604457731105203,110.19398904851985,0.702329463702063,-2.011459997098214,246.80905123068464,-1.4310730811972392,0.06771543220198144,0.019100338850259545,0.25,22.5,1.5,0.21865106466944534,1.2904731447857782e-05,2025.0,2.0,1,0.29156929180293917,isiah pacheco,160.0,0.38461538461538464,-0.09304609281244547
00-0039916,Ricky Pearsall,WR,SF,NO,0.3067196522672215,0.02145104730773912,0.7697605590741476,1.5403261791285372,0.00859319839698788,0.0,0.7676341877533405,0.7951136970043903,89.95556568965596,2.6064696550434583,75.20008838281615,4.330102491156868,0.018632903366889594,0.024843871155852792,-0.08467140386959528,1.2295140990932283,0.37428669169526635,0.17710697703722791,0.48574956296844657,0.4214465833884481,211.8462031517832,0.004209894037916657,2.582192358756367,1.0954177498766107,155.03853986795474,0.6980823694545235,8.995693865132875,246.73827496278867,2.303212595469135,0.21429450384837068,0.0007421145026280422,0.4,23.5,-4.5,0.0,0.010470364616776974,2025.0,2.0,2,0.29075441212247843,ricky pearsall,205.0,0.32786885245901637,-0.037114440336537935
00-0038608,Kayshon Boutte,WR,NE,MIA,0.0,0.008516463995811168,0.36342987608584676,1.4194987689398009,0.0,0.0,0.8127881665217657,0.7763827689756838,97.59605505518975,4.94942863587579,75.91195580541236,4.955760724781457,0.0,0.0,0.0,0.0,0.31741420328365794,0.20417784407825526,0.5601085801651575,0.4354985575741741,252.61138208118254,0.0016809701866644605,3.0334584837549374,0.3489990407373956,117.60868695204101,0.10926999994697452,7.010226574227101,208.1952036798268,1.273298118150814,0.0010446008030858388,0.6001844569532085,0.3333333333333333,21.5,1.5,0.0,0.0,2025.0,2.0,2,0.28403905242395405,kayshon boutte,310.0,0.24390243902439024,0.040136613399563814
00-0037525,Jordan Mason,RB,MIN,ATL,9.927675800018728,0.0,0.0,0.012106087495397525,0.33893002298402625,0.047845043082433425,0.38615724450979305,-0.23975937783085727,-0.481714004004711,-0.13985399859738884,4.226315046887847,0.6144681366784336,0.38961792371036696,0.008253963396096714,-0.18808016728051485,49.451647035042846,0.022992818508709562,0.03337016433015856,0.04384517352383232,0.6924773655312295,221.92943755027446,0.21607751857160476,2.46051786615991,0.731939766875378,120.97742704816346,0.4419947995205356,9.715887350230378,276.5188566712339,1.9419026495488445,0.528826897925098,0.42563771276571377,0.5,24.5,-4.5,0.17220909607997098,0.0017834959290094336,2025.0,2.0,2,0.2818098125750809,jordan mason,100.0,0.5,-0.21819018742491908
00-0040128,Tyler Warren,TE,IND,DEN,1.0,0.0344827586206896,1.0,1.0,0.0,0.0,0.73,1.6170212765957446,47.0,1.188941822953983,76.0,7.0,0.0,0.0,0.4764728900045156,3.0,0.0,0.3103448275862069,0.6333743842364532,0.5693479670941345,211.97516669016215,0.12003545457602516,2.335966342551629,0.32634104913165396,79.43195136018002,0.2381951878830902,3.811986231599921,256.2849705314297,-5.627129127366398,0.0034820305030786097,0.21979661121237762,0.3333333333333333,20.0,2.5,0.0,0.0,2025.0,2.0,1,0.2811958927056778,tyler warren,235.0,0.29850746268656714,-0.01731156998088934
00-0035685,David Montgomery,RB,DET,CHI,11.408496811902221,0.0,0.0,0.04123302110356279,0.0032761059424147106,0.23320595165311292,0.3884852786039144,0.9562547259438844,-2.077100824548246,1.1316851265732144,26.47471622624618,3.658754500947704,0.37301233878802625,0.04896803973355393,-1.8500388736431532,37.13622044156718,0.3493746854062845,0.09811441915907343,0.14512259189165266,0.7456196997423483,206.36426383462063,0.30035108449076076,2.7926749820755967,0.6992329491302557,139.9232564318287,0.8873329906339923,3.467208176817725,169.55931417923966,0.6337952334640193,0.10360350152420324,0.31763831460173486,0.25,26.0,-5.5,0.33098615412015925,0.014707603839359587,2025.0,2.0,2,0.2809466200506786,david montgomery,-105.0,0.5121951219512195,-0.23124850190054091
00-0034753,Mark Andrews,TE,BAL,CLE,0.39870211426302277,0.030729139092786455,0.7399529825325967,0.42125833699491244,0.0,0.0,0.7037280327326983,1.3275938375044076,47.0903764426132,2.469729103422588,36.457043224067554,2.747888910868426,0.0350058811103013,0.05250001310306716,-0.014224685540776452,0.27433829646974595,0.6538448865080025,0.15301155318664342,0.3551276592004354,0.4675979944533539,190.98291846926696,0.0004953671752989366,2.123075345032236,1.0714262351469712,113.31653586169848,0.9111041534002388,6.884763532200227,222.69789292646917,-2.8539464083108563,0.8055212143304694,0.19897083325649723,0.1428571428571428,28.5,-11.5,0.0,0.042289874307148215,2025.0,2.0,1,0.2807586181075234,mark andrews,175.0,0.36363636363636365,-0.08287774552884025
00-0037247,George Pickens,WR,DAL,NYG,0.03889109453367729,0.018984004253104984,0.6129985923012259,0.6518605786122859,1.9100417773461803e-07,6.366805924487262e-08,0.8966280486747833,0.5067435286409243,85.24023455275469,-0.24612951730231344,41.2391654174013,3.070705597424456,2.3875522216827254e-08,0.0,-0.004743373981024977,0.12530749971121755,0.15625920037704047,0.19698335340799075,0.5265087933531732,0.4121602894751032,252.70105874148618,8.917603324793508e-11,2.1911288128992448,0.7040755017059136,142.9967914483915,1.0013047708431217,10.520427437582372,268.7162907698592,-1.340289978354449,0.36775592652954914,0.0410623441599691,0.6666666666666666,25.0,-5.5,0.0,0.0,2025.0,2.0,2,0.27479166258059523,george pickens,160.0,0.38461538461538464,-0.1098237220347894
00-0038134,Kenneth Walker III,RB,SEA,PIT,12.329628896021354,0.0,0.0,0.10445210005236387,0.06024387096164733,0.40551097264570307,0.5571058548746384,-2.0306471006644222,-10.822681420945191,-0.6329508262431123,17.178736432419353,4.066427679627824,0.44539666318169013,0.06301473690345054,-2.2487745579538343,37.0496202958573,0.13356135794759613,0.14340052505924447,0.1828620797650911,0.867780842439905,253.09425709844461,2.3197365767972263e-06,2.9614401751978017,0.4398507521716309,127.44435202645248,0.6065002112444519,10.934958092529019,201.28228361027212,0.30021855433940964,0.1550487634571874,0.6967362912465139,0.3333333333333333,18.75,3.0,0.270133170307269,1.461775900721882e-07,2025.0,2.0,1,0.27026733364199873,kenneth walker,175.0,0.36363636363636365,-0.09336902999436492
00-0040129,Emeka Egbuka,WR,TB,HOU,1.0,0.03125,1.0,2.0,0.0,0.0,0.93,0.943661971830986,71.0,6.027107290166896,67.0,4.0,0.0,0.0,0.8898776734713465,9.0,1.0,0.2,0.4488023952095809,0.16910304529586243,237.61080819405473,0.0001247302328478411,3.499316994733715,0.6269452489773762,110.47594626669894,0.6166157670313019,8.365365081221865,251.82053926656994,-5.337731771606251,0.6468716199154779,0.250957615435175,0.3333333333333333,20.0,2.5,0.0,0.0,2025.0,2.0,3,0.26754910077902744,emeka egbuka,155.0,0.39215686274509803,-0.1246077619660706
00-0035659,Terry McLaurin,WR,WAS,GB,0.0070602730047484045,0.020808689948030756,0.6528480964941016,0.2776528409763221,7.235595096771847e-13,0.0,0.8390691427629607,0.5439873556030667,90.56170812675963,1.4234192649746027,45.56593149798092,4.310057467486766,2.1281513188502735e-14,2.837535091800369e-14,-0.018645801085971525,0.005823940812259189,0.4908966719526351,0.22854240153175495,0.5753022588889037,0.3397801905024674,226.46899479939498,0.051119025299657554,2.0441659648450545,0.15650573004388632,69.75291394390375,0.39602253080404703,5.381726484482363,184.1605112179014,-4.159325235953752,0.010662719513389336,0.00847685686547293,0.75,22.5,3.5,0.0,9.641382140493656e-15,2025.0,2.0,1,0.26700271933346265,terry mclaurin,155.0,0.39215686274509803,-0.1251541434116354
00-0036139,Rico Dowdle,RB,CAR,ARI,14.805906815124567,0.00646009256528115,0.2231153097628571,0.004850280790341183,0.08647112096585889,0.15461248297113214,0.5792882197424252,-1.547405544239847,-3.723988011539847,-1.5192161912493745,9.264253754762224,1.8766299769039645,0.35662600577025094,0.06330698268189068,-1.514411720210828,62.386948550533305,0.26124908787658147,0.07411343063804844,0.1001231876365194,0.545003518897085,230.10046490190405,0.21898341755047857,2.690734288707201,0.8122734692619176,123.41843553410261,0.7798215578936298,5.083626480078469,245.85335449697806,0.9594887319967952,0.0005119237840502647,0.3886488174231979,0.0,19.0,6.5,0.27810464740513974,0.013863179422489382,2025.0,2.0,2,0.26532594870833903,rico dowdle,550.0,0.15384615384615385,0.11147979486218518
00-0035662,Marquise Brown,WR,KC,PHI,0.05233385898017811,0.0042113864761179265,0.16254174588107104,0.5909461688271699,0.0014242684537064585,0.0,0.6784733042923348,0.6730490972028168,80.04053151044897,0.9370598606544712,57.47133431329365,5.512528479371392,0.0,0.0,-0.06368941896878855,-0.2607333624376206,0.02832831209985288,0.26478485738038665,0.6163604878143395,0.06273384957103531,176.5036708780575,0.0006844598908499135,1.691143727589463,0.46604457731105203,110.19398904851985,0.702329463702063,-2.011459997098214,246.80905123068464,-1.4310730811972392,0.06771543220198144,0.019100338850259545,0.25,22.5,1.5,0.0,0.0,2025.0,2.0,2,0.2651441767243193,marquise brown,170.0,0.37037037037037035,-0.10522619364605107
00-0030506,Travis Kelce,TE,KC,PHI,0.0014243631296941826,0.0076879301449299465,0.3042062133479696,0.6475938651320908,0.0,0.00028486063106890867,0.8635093165352519,1.3115796138414972,46.27111413933901,2.0934637765046458,51.92000222769963,4.898353686760271,0.00017804723564912649,0.00028488591232576335,-0.00013134028904821855,0.0014245527685008768,0.5359052080540674,0.1938244998716795,0.4150560612239357,0.06273384957103531,176.5036708780575,0.0006844598908499135,1.691143727589463,0.46604457731105203,110.19398904851985,0.702329463702063,-2.011459997098214,246.80905123068464,-1.4310730811972392,0.06771543220198144,0.019100338850259545,0.25,22.5,1.5,0.0,1.9291172681394857e-05,2025.0,2.0,1,0.26499224436604896,travis kelce,165.0,0.37735849056603776,-0.1123662461999888
00-0038543,Jaxon Smith-Njigba,WR,SEA,PIT,0.4159116785511817,0.004233199710291634,0.13972141678586125,1.5453312282737495,0.0,0.0,0.8719992608391323,0.7935755244803763,90.7361078031255,1.8575564885411586,73.56587679525732,6.464238146220605,0.0,0.0,-0.10604937295495398,1.8710198117727832,0.19357376563396747,0.3500868305263622,0.8659573820449973,0.867780842439905,253.09425709844461,2.3197365767972263e-06,2.9614401751978017,0.4398507521716309,127.44435202645248,0.6065002112444519,10.934958092529019,201.28228361027212,0.30021855433940964,0.1550487634571874,0.6967362912465139,0.3333333333333333,18.75,3.0,0.0,0.0,2025.0,2.0,1,0.26386355953471696,jaxon smithnjigba,165.0,0.37735849056603776,-0.1134949310313208
00-0036550,Rashod Bateman,WR,BAL,CLE,4.023205931347841e-05,0.020177812151416855,0.5386904506047069,0.653445945094964,0.0,0.0,0.6875609466209156,0.6589945259090612,54.66190614676445,1.3615300430477366,35.25589477921378,2.5949939114811555,0.0,0.0,0.00010143502679671271,0.0007241770676426116,0.4748374494069942,0.1860376461538427,0.44397020440998525,0.4675979944533539,190.98291846926696,0.0004953671752989366,2.123075345032236,1.0714262351469712,113.31653586169848,0.9111041534002388,6.884763532200227,222.69789292646917,-2.8539464083108563,0.8055212143304694,0.19897083325649723,0.1428571428571428,28.5,-11.5,0.0,0.0,2025.0,2.0,2,0.2627582452395366,rashod bateman,210.0,0.3225806451612903,-0.0598223999217537
00-0040124,Tetairoa McMillan,WR,CAR,ARI,0.0,0.0,0.0,1.0,0.0,0.0,0.83,0.6538461538461539,104.0,1.7114196179318242,68.0,5.0,0.0,0.0,0.0,0.0,0.0,0.2647058823529412,0.6676907937896348,0.545003518897085,230.10046490190405,0.21898341755047857,2.690734288707201,0.8122734692619176,123.41843553410261,0.7798215578936298,5.083626480078469,245.85335449697806,0.9594887319967952,0.0005119237840502647,0.3886488174231979,0.0,19.0,6.5,0.0,0.0,2025.0,2.0,1,0.2622884485946763,tetairoa mcmillan,165.0,0.37735849056603776,-0.11507004197136145
00-0037816,Romeo Doubs,WR,GB,WAS,6.551444129475025e-08,0.02269546276713378,0.5434295474322598,0.869351713156123,0.0,0.0,0.7403864861240514,0.6514074267662762,75.77713657180209,2.9984964186544825,50.41902524753585,3.4095915561095587,0.0,0.0,3.395513188068947e-08,7.206588542422528e-07,0.11640733425514642,0.2172621357192052,0.5388742614642743,0.14958266172828535,200.33758023888853,8.212742546839724e-05,3.081055440984674,0.3064649844880854,118.221777268278,0.8141185228345893,1.5049359626538208,251.93174949911918,-0.6974301175628789,0.1926883244372888,0.03681591475239495,0.6,26.0,-3.5,0.0,0.0,2025.0,2.0,3,0.26014649782613736,romeo doubs,230.0,0.30303030303030304,-0.04288380520416568
00-0037261,Khalil Shakir,WR,BUF,NYJ,0.01483864748977314,0.008977935560991093,0.2851986591209192,0.5364130024343685,0.0,0.0,0.6691020165584602,1.0254881924123929,63.074562218095906,0.5776320111836774,48.397244209922754,4.678284664156519,4.652611731235614e-05,0.0001744729399213357,-0.006974934978464403,0.03526042905702902,0.17938329548404683,0.2265630915160924,0.47969306232679654,0.5510022331907173,233.14830172898846,0.0006935965692475608,3.2560657434060816,0.4519927187991029,97.60658943336585,0.6031733249975763,11.162330412064389,197.38763289877627,-1.642427115010782,0.40301247020980474,0.24958445323109793,0.7142857142857143,26.75,-7.0,0.0,9.613497952800582e-05,2025.0,2.0,2,0.25375775190822236,khalil shakir,230.0,0.30303030303030304,-0.04927255112208068
00-0036893,Najee Harris,RB,LAC,LV,8.92285163627041,3.169420318826528e-08,8.629638822669649e-07,0.057535175898558555,0.25806240903259736,0.29597526300009336,0.3564261109234659,-1.2043699146484248,-2.498617803962886,-0.27621618377662793,10.450462722004852,1.894095276171552,0.30058095158661946,0.02338951890199664,-0.4538422987616907,35.863040591887824,0.3190938853713462,0.08278127457369962,0.11477261840237642,0.44820554819442754,270.62416080172613,0.054767076116199485,3.113031593971403,0.5633224474429777,95.87394966002783,0.40954236754657836,6.8161516234978405,270.37578768437396,-2.211050410292658,0.253085901330722,0.011220998807078213,0.4,25.0,-3.5,0.12310063455218759,0.0012809755620269364,2025.0,2.0,2,0.2496249788393711,najee harris,195.0,0.3389830508474576,-0.08935807200808651
00-0033923,Kareem Hunt,RB,KC,PHI,9.04162049404122,0.000953911919173967,0.03529473752358791,0.017294440674568128,0.147000135101057,0.4297307757112422,0.42544413312111484,0.4560967679805861,-2.2634405517081455,0.2006880297565902,10.003384003295587,1.4454236572405441,0.33797252814811307,0.024956805642760045,0.820231032937615,31.09710269109101,0.3909002151761471,0.05630671427090637,0.07945644275777305,0.06273384957103531,176.5036708780575,0.0006844598908499135,1.691143727589463,0.46604457731105203,110.19398904851985,0.702329463702063,-2.011459997098214,246.80905123068464,-1.4310730811972392,0.06771543220198144,0.019100338850259545,0.25,22.5,1.5,0.23736806444029462,1.7081932466206044e-05,2025.0,2.0,2,0.24788402653407687,kareem hunt,240.0,0.29411764705882354,-0.046233620524746666
00-0037746,Brian Robinson,RB,SF,NO,10.376146179185541,5.117835021278368e-05,0.001433928617598042,0.003977684450110733,0.1291149767548786,0.18860646736901718,0.42388340348760156,0.017173750667211572,-0.3151292393981279,-0.18250001934606597,8.523443403736186,1.3984181401894547,0.20063973171926716,0.019734496782857828,-2.643912514001786,38.72472163069892,0.10985172085769043,0.0555181675916692,0.08248368299905767,0.4214465833884481,211.8462031517832,0.004209894037916657,2.582192358756367,1.0954177498766107,155.03853986795474,0.6980823694545235,8.995693865132875,246.73827496278867,2.303212595469135,0.21429450384837068,0.0007421145026280422,0.4,23.5,-4.5,0.14006305932530594,8.308014034743862e-05,2025.0,2.0,2,0.24771197538810394,brian robinson,275.0,0.26666666666666666,-0.018954691278562724
00-0035640,DK Metcalf,WR,PIT,SEA,5.395395127943288e-09,0.013773152134230846,0.431957840684813,1.5605087248720289,0.0,0.0,0.89625679766341,1.4358860240704585,63.87268437168774,3.0781999868743655,60.722008981654575,3.532688702117503,0.0,0.0,1.200159944234258e-09,3.2372370767659745e-08,0.3309452807602036,0.19540423066159565,0.531875996793464,0.18539308394307435,253.14698316023794,7.366979389097092e-07,3.79449977666796,0.08376125844258163,105.08426175530839,0.10835750395938062,8.785536788258794,222.78507173553064,-3.060701846505621,0.01772109025513067,0.01833769893500203,0.75,21.75,-3.0,0.0,0.0,2025.0,2.0,1,0.24770560157461535,dk metcalf,155.0,0.39215686274509803,-0.14445126117048268
00-0036259,Jauan Jennings,WR,SF,NO,0.0,0.01760925971333851,0.6060051515136379,0.16137784832658064,0.0,0.0,0.7070264037625565,0.6386814513440717,68.75618658372039,-1.1555992797922219,44.65807861950418,4.586375531339007,0.0,0.0,0.0,0.0,0.07111178125557951,0.2209816288532984,0.512371846394786,0.4214465833884481,211.8462031517832,0.004209894037916657,2.582192358756367,1.0954177498766107,155.03853986795474,0.6980823694545235,8.995693865132875,246.73827496278867,2.303212595469135,0.21429450384837068,0.0007421145026280422,0.4,23.5,-4.5,0.0,0.0,2025.0,2.0,1,0.24684279089455535,jauan jennings,220.0,0.3125,-0.06565720910544465
00-0035719,Deebo Samuel Sr.,WR,WAS,GB,2.4196991578445735,0.00034280792019663426,0.009685916291920792,0.6000056108706923,5.880714918476465e-05,0.001650903062266539,0.7844532045673049,1.4866315954265574,37.26422765969059,1.9523236498307486,47.000386471742516,4.329295019724602,0.10738917714524854,0.035989619560685075,0.4162056805750378,14.61043853293831,0.6660063797749264,0.2131589975025187,0.41878671918728066,0.3397801905024674,226.46899479939498,0.051119025299657554,2.0441659648450545,0.15650573004388632,69.75291394390375,0.39602253080404703,5.381726484482363,184.1605112179014,-4.159325235953752,0.010662719513389336,0.00847685686547293,0.75,22.5,3.5,0.0,0.012228559790440902,2025.0,2.0,2,0.24384815083493616,deebo samuel,165.0,0.37735849056603776,-0.1335103397311016
00-0030035,Adam Thielen,WR,MIN,ATL,7.127662849567271e-05,0.01718380016827439,0.5101720234781976,0.747979141270812,0.0,0.0,0.6967229877958397,0.6166675562340856,54.46581692043755,2.976484850311244,45.728951400037765,3.6564882468941446,7.184296975527935e-06,5.27156087549048e-12,1.1745064257572643e-05,0.00040004998113905344,0.3027807755894022,0.1730898277870982,0.39742549589112997,0.6924773655312295,221.92943755027446,0.21607751857160476,2.46051786615991,0.731939766875378,120.97742704816346,0.4419947995205356,9.715887350230378,276.5188566712339,1.9419026495488445,0.528826897925098,0.42563771276571377,0.5,24.5,-4.5,0.0,3.650436587297149e-12,2025.0,2.0,3,0.24128806871891714,adam thielen,425.0,0.19047619047619047,0.05081187824272668
00-0036407,Jerry Jeudy,WR,CLE,BAL,4.887607196425872e-06,0.016455336338853606,0.6063557069212673,0.8138687479577245,0.0,0.0,0.9192061461627247,0.7544859394864497,97.29275473246072,-0.8730954556633935,74.98270809402135,6.513820607112239,0.0,0.0,3.5643035953791776e-06,6.333528899168432e-05,0.10421679918402078,0.2764358955464449,0.6614336362282611,0.4351776778013054,258.52060081509967,0.011863962700014124,3.5560361051246887,0.06445284706514243,86.38509736552987,0.48549478573967364,1.5153719030410835,297.6770296301311,-2.2630191008767317,0.36773542794514424,0.6871597168724971,0.6666666666666666,17.0,11.5,0.0,0.0,2025.0,2.0,1,0.24007079705849793,jerry jeudy,245.0,0.2898550724637681,-0.049784275405270195
00-0033040,Tyreek Hill,WR,MIA,NE,0.08659366504798055,0.01852676668423628,0.6908212333058401,0.7970753043614967,4.5177428131404937e-10,5.682280383985746e-07,0.6941311779720191,0.6453645412737025,78.5231121870296,1.0151194895246165,50.080509152867144,4.515267541446432,1.1962052332209169e-05,3.2634563653673055e-09,0.015575559027531828,0.5069918179834645,0.21954377015939985,0.20445554717331538,0.5661604669751268,0.8184495305352072,244.70111896775256,0.367488014302481,3.943964933549361,0.5171682541030056,114.72671011908521,0.9414994351295548,10.623867891178463,301.3621771288041,-1.9870453266528632,0.010755896248803605,0.05123606778428315,1.0,23.0,-1.5,0.0,2.6709743301570047e-09,2025.0,2.0,1,0.24006253872784736,tyreek hill,150.0,0.4,-0.15993746127215266
00-0037267,Jerome Ford,RB,CLE,BAL,7.1605280696556735,0.0017572912200922285,0.07204642922881999,0.15870976785932178,0.30963839472404675,0.20348960830656762,0.5051592996979528,-0.2765184415254759,-1.8095856166690325,0.013627876666985882,10.840062943866522,1.7646853047932023,0.3547094568013544,0.04930852508267958,-0.7779297992484718,35.770931789924084,0.2540308312513674,0.054273850896410916,0.07371524697971382,0.4351776778013054,258.52060081509967,0.011863962700014124,3.5560361051246887,0.06445284706514243,86.38509736552987,0.48549478573967364,1.5153719030410835,297.6770296301311,-2.2630191008767317,0.36773542794514424,0.6871597168724971,0.6666666666666666,17.0,11.5,0.1722095917296096,0.0005849945023736214,2025.0,2.0,2,0.23991222021317427,jerome ford,300.0,0.25,-0.010087779786825735
00-0034351,Dallas Goedert,TE,PHI,KC,0.002034669218901542,0.01766339440659356,0.37036812983688133,0.1590368693371819,0.0,0.0,0.6313896697250856,1.2174860332975317,34.23954091607915,2.3056633619243776,43.40086946391283,4.7444491741400325,0.00018496992899104929,0.0,-0.0009350487608180682,0.002034669218901542,0.20232657684160252,0.23986791300935162,0.5036329739778875,0.9424079166995631,272.04583517510366,0.00045946351488580426,3.8602038897797524,0.7022681936053197,124.37903850063104,0.40265158865101447,12.62860606019557,273.5092160604203,1.5044216518793243,0.009355091421036694,0.1731410791146898,1.0,24.0,-1.5,0.0,0.0,2025.0,2.0,1,0.23563945510135115,dallas goedert,330.0,0.23255813953488372,0.0030813155664674297
00-0034837,Calvin Ridley,WR,TEN,LA,0.6514635565010718,0.0023491189115078,0.0717945733125255,1.159832731921087,0.0,0.0,0.823648801458417,0.6404861802552959,89.55758690703537,2.1078769096539673,58.1591221623844,3.8985288815154875,0.000504564184763702,1.3951944237092188e-06,-0.25712401519414785,1.8403229728650905,0.11683677378049158,0.23911109213035306,0.5938834298931512,0.14326900120420225,230.11066071910327,0.050421422238516145,2.885024848042757,0.15687180865352707,113.62415740512846,0.08404053942405885,5.847400169601213,239.9420664356624,0.06067858170798979,0.006856476660897507,0.1518366166780195,0.0,18.0,5.5,0.0,1.998881115704923e-07,2025.0,2.0,1,0.23535090402297518,calvin ridley,230.0,0.30303030303030304,-0.06767939900732786
00-0031588,Stefon Diggs,WR,NE,MIA,0.2862034601414658,0.0074075190661002785,0.23809842818810342,0.4544687259251242,0.0,0.0,0.6346322548694863,0.8747369308735885,75.79835231255471,1.3994220155187511,61.73591531411363,5.656687835674355,0.006167283831348204,0.0021185643675051082,-0.21506785932650452,-0.39137769336455397,0.17406100626871396,0.2334490549296325,0.5521190061913326,0.4354985575741741,252.61138208118254,0.0016809701866644605,3.0334584837549374,0.3489990407373956,117.60868695204101,0.10926999994697452,7.010226574227101,208.1952036798268,1.273298118150814,0.0010446008030858388,0.6001844569532085,0.3333333333333333,21.5,1.5,0.0,0.0009226317261765172,2025.0,2.0,1,0.23492872016443792,stefon diggs,215.0,0.31746031746031744,-0.08253159729587953
00-0036040,Juwan Johnson,TE,NO,SF,0.0,0.007448589271594809,0.3267245805722534,0.7953222563756117,0.0,0.0,0.8141456326284269,0.9995437459214179,62.93569665719895,2.500019050395241,59.37179619750238,5.492850150167874,0.0,0.0,0.0,0.0,0.0781447077262183,0.20111065815114212,0.440305143126258,1.1463325355896448,201.92066870700515,0.013532669967677557,2.915492534488043,0.9717318397344884,127.81035230641143,1.1726976180968822,6.302397679863302,194.40086746396423,1.7631233052583506,0.38478136467249063,0.06199845235939472,0.2,19.0,4.5,0.0,0.0,2025.0,2.0,1,0.2324565891437909,juwan johnson,310.0,0.24390243902439024,-0.011445849880599351
00-0036554,Nico Collins,WR,HOU,TB,0.002034669236477478,0.015983693607294302,0.466188529818365,0.5032363156558782,0.0,0.0,0.6493870127159853,0.9437601672442818,61.697206801817174,2.1347859684865123,48.349049989939004,4.426499833494198,0.0,0.0,0.0007029927545045231,0.01424268465534234,0.35851826034601236,0.2117663937867365,0.48816204961462567,0.16861482331828617,257.1706435669242,0.3121064119538574,2.950387595913393,0.07273722720929127,61.29553014124424,0.1473825237887609,7.551158312701071,289.35902159596225,-3.645788568092006,0.00013246537893566194,0.3907745552601453,0.0,22.5,-2.5,0.0,0.0,2025.0,2.0,1,0.23043153628726018,nico collins,115.0,0.46511627906976744,-0.23468474278250726
00-0040162,Dylan Sampson,RB,CLE,BAL,12.0,0.0,0.0,0.0,0.0,0.0,0.43,-2.56,-25.0,5.004098262579646,64.0,8.0,0.3333333333333333,0.3333333333333333,-2.1254995110211894,29.0,0.0,0.1904761904761904,0.2216117216117216,0.4351776778013054,258.52060081509967,0.011863962700014124,3.5560361051246887,0.06445284706514243,86.38509736552987,0.48549478573967364,1.5153719030410835,297.6770296301311,-2.2630191008767317,0.36773542794514424,0.6871597168724971,0.6666666666666666,17.0,11.5,0.16183159524655788,0.003954654233338041,2025.0,2.0,1,0.2286959406873947,dylan sampson,205.0,0.32786885245901637,-0.09917291177162166
00-0030061,Zach Ertz,TE,WAS,GB,3.210207133267314e-08,0.016198820581886767,0.5688396183803939,0.21620914867615088,0.0,1.605103566633657e-08,0.6880208596151102,1.0502707534903728,36.97867710872156,2.117765203341775,36.94375264948846,3.801485734841214,6.582343562840205e-09,8.025517833168285e-09,1.3389063530342593e-08,1.2840828533069256e-07,0.773647776141395,0.16167713664729702,0.340623225656029,0.3397801905024674,226.46899479939498,0.051119025299657554,2.0441659648450545,0.15650573004388632,69.75291394390375,0.39602253080404703,5.381726484482363,184.1605112179014,-4.159325235953752,0.010662719513389336,0.00847685686547293,0.75,22.5,3.5,0.0,8.557384560477757e-11,2025.0,2.0,1,0.22781462388772974,zach ertz,270.0,0.2702702702702703,-0.04245564638254054
00-0035243,Miles Sanders,RB,DAL,NYG,5.990221412871329,9.148203657456275e-13,3.659281462982506e-11,0.23470629097732465,0.3514290965424178,0.11821268096767276,0.2952446667480608,0.3812042862779803,7.443278391382262,-0.47141327018892243,13.128444741185946,1.889938137286667,0.24139677956614197,0.004282394852040737,-1.2844680913372175,33.69048794147618,0.2221549700434614,0.06956108959673146,0.11423514292663602,0.4121602894751032,252.70105874148618,8.917603324793508e-11,2.1911288128992448,0.7040755017059136,142.9967914483915,1.0013047708431217,10.520427437582372,268.7162907698592,-1.340289978354449,0.36775592652954914,0.0410623441599691,0.6666666666666666,25.0,-5.5,0.24171174704574336,3.818869857063708e-13,2025.0,2.0,2,0.22685959086911678,miles sanders,370.0,0.2127659574468085,0.014093633422308266
00-0039146,Jayden Reed,WR,GB,WAS,1.0345691121257983,0.016072525610561664,0.35780196966791367,0.7751641175954508,0.037242981576381395,0.0001675646660339515,0.5628518429087804,1.8900004830082708,51.28460429777427,1.4527212592688736,39.43077965016143,2.5093426474159295,0.08229582757291411,0.12880651081347333,-1.8354272969432468,3.971825444484012,0.3604218333768823,0.1592103081984633,0.3872359193719912,0.14958266172828535,200.33758023888853,8.212742546839724e-05,3.081055440984674,0.3064649844880854,118.221777268278,0.8141185228345893,1.5049359626538208,251.93174949911918,-0.6974301175628789,0.1926883244372888,0.03681591475239495,0.6,26.0,-3.5,0.0,0.01926722073541251,2025.0,2.0,1,0.22490323716595262,jayden reed,200.0,0.3333333333333333,-0.1084300961673807
00-0038563,Tre Tucker,WR,LV,LAC,0.32581975950633807,0.017271246030096707,0.5958544338979547,0.7913139844000965,6.761908773481668e-06,0.0020347013211248245,0.8860677221385285,0.5803277474108244,71.72621794498598,2.074061828409762,36.05387411446989,2.3272705246477683,0.00332762220124118,0.000941599019447834,-0.1409591958441541,0.5818851526505889,0.48592886819203707,0.12370925756768986,0.34601344786831234,0.13642636869146324,227.58640237865163,0.1029012824458648,2.9612112037370526,0.3831027575721404,99.88995559332275,0.16549785234625566,3.387112380640221,252.25445123749932,1.3753355967034695,0.32502045024904325,0.3307899025923469,0.5,21.5,3.5,0.0,0.00012845893498671047,2025.0,2.0,2,0.22436897368844277,tre tucker,255.0,0.28169014084507044,-0.05732116715662766
00-0038117,Wan'Dale Robinson,WR,NYG,DAL,0.02904000610156931,0.020131236645331962,0.6730776661765121,0.5393740402799654,0.0004592619047374461,0.0,0.7676235465593684,2.024833941037905,34.62708815887742,0.21892509341546626,50.44355915038842,6.324194120107526,1.971372663955573e-06,0.0,-0.08622953945248368,0.0343181413843444,0.15127448198009882,0.28163402502573787,0.5428161787305731,1.0031368385444652,208.73075169948606,0.0011713135149931163,2.221101039974721,0.9554980041395231,135.73519232971114,0.5201364142152343,7.66118033331901,214.38136207875053,4.12127257890187,0.2569171183161825,1.1219249885287708,0.0,19.5,5.5,0.0,0.0,2025.0,2.0,2,0.22416764587798685,wandale robinson,370.0,0.2127659574468085,0.011401688431178336
00-0040242,Jacory Croskey-Merritt,RB,WAS,GB,10.0,0.0,0.0,0.0,1.0,0.0,0.33,-0.0,-5.0,-0.7549060038290918,0.0,0.0,0.3333333333333333,0.0,2.928466164856218,82.0,1.0,0.0344827586206896,0.0391793350636509,0.3397801905024674,226.46899479939498,0.051119025299657554,2.0441659648450545,0.15650573004388632,69.75291394390375,0.39602253080404703,5.381726484482363,184.1605112179014,-4.159325235953752,0.010662719513389336,0.00847685686547293,0.75,22.5,3.5,0.13200751026801566,0.0,2025.0,2.0,2,0.22235324780275298,jacory croskeymerritt,215.0,0.31746031746031744,-0.09510706965756446
00-0035644,Noah Fant,TE,CIN,JAX,0.0,0.016489665643204147,0.410796861835864,0.2469766863609803,0.0,0.0,0.587039174632829,4.602171005435093,19.421637620521192,0.6576230192182476,38.6422773018115,3.917530285251685,0.0,0.0,0.0,0.0,0.5100068463588473,0.1984035500003437,0.35607454419110796,0.5333674371264814,219.98878537808878,0.016081706300817324,2.904290977853633,0.6805112794549838,134.69586148135113,0.6385834716025526,0.5644825735044232,285.7516003432199,1.2350580411988035,0.08154540646564994,0.013264880679409672,0.6666666666666666,26.25,-3.0,0.0,0.0,2025.0,2.0,1,0.22106161085304674,noah fant,425.0,0.19047619047619047,0.03058542037685627
00-0038559,Michael Wilson,WR,ARI,CAR,0.21000473336814807,0.006974490447579614,0.28892452767344506,0.3563510400523079,0.0,0.0,0.7828326455778476,0.50867008245177,55.45585230590732,0.3719750981139679,24.24015847555074,2.3190685610060067,0.0,0.0,-0.1710437444689326,1.4700331335770365,0.09158380100493005,0.13127148233930536,0.3842281126571277,0.524704625050906,241.7717231478533,0.11342029757946974,3.6841691507811745,1.1027215687547764,206.2120738509561,0.6118626149658869,9.296790797488706,259.71144283826516,7.892419603465722,0.39290640408432426,0.4014570764155553,0.6666666666666666,25.5,-6.5,0.0,0.0,2025.0,2.0,2,0.22098812638824086,michael wilson,390.0,0.20408163265306123,0.016906493735179634
00-0037256,Rachaad White,RB,TB,HOU,6.721904281888658,1.9818748430284895e-06,5.7474370447826276e-05,0.015335338947816588,0.05698027036729077,0.1409207582174777,0.42229177690126984,-2.0733784002311846,-4.22981140772948,-0.4011483746368587,15.036720809461483,2.3501246580949675,0.2595630545902143,0.092267888119758,-0.039865058724339826,32.9372501912672,0.27422926365841593,0.07492235174013402,0.10242684793007535,0.16910304529586243,237.61080819405473,0.0001247302328478411,3.499316994733715,0.6269452489773762,110.47594626669894,0.6166157670313019,8.365365081221865,251.82053926656994,-5.337731771606251,0.6468716199154779,0.250957615435175,0.3333333333333333,20.0,2.5,0.16005067199913267,1.1508595169555969e-05,2025.0,2.0,2,0.2209642117038829,rachaad white,425.0,0.19047619047619047,0.030488021227692425
00-0033858,Jonnu Smith,TE,PIT,SEA,0.02764143651592701,0.009591453352061413,0.3923198416916334,0.18292925098943794,0.0,9.387484730626226e-06,0.6086347051852292,2.414611886178476,22.28972128201612,2.178451886981602,41.778753631410275,6.086324459305355,0.008241155273905945,0.009910678490729614,-0.01639361187456178,-0.002905131062486675,0.8261304256834404,0.2258590055282071,0.4008225529283611,0.18539308394307435,253.14698316023794,7.366979389097092e-07,3.79449977666796,0.08376125844258163,105.08426175530839,0.10835750395938062,8.785536788258794,222.78507173553064,-3.060701846505621,0.01772109025513067,0.01833769893500203,0.75,21.75,-3.0,0.0,0.0001756280280238017,2025.0,2.0,1,0.2183169070077118,jonnu smith,310.0,0.24390243902439024,-0.02558553201667843
00-0037545,Rashid Shaheed,WR,NO,SF,0.5834350682134594,0.013771315602686338,0.5538460107045422,0.5536859988240231,2.3193106673155712e-06,0.0,0.793836001156071,0.4648283085668349,115.45372934476335,-2.8936078255067015,44.54936727933151,3.984636327922676,0.08439710218597234,0.06405559664939077,0.047408035988338405,2.5910388017738404,0.27277463380787514,0.2260609730628931,0.6191218567418209,1.1463325355896448,201.92066870700515,0.013532669967677557,2.915492534488043,0.9717318397344884,127.81035230641143,1.1726976180968822,6.302397679863302,194.40086746396423,1.7631233052583506,0.38478136467249063,0.06199845235939472,0.2,19.0,4.5,0.0,0.07342901452580368,2025.0,2.0,2,0.215127534067138,rashid shaheed,295.0,0.25316455696202533,-0.038037022894887335
00-0037837,Calvin Austin III,WR,PIT,SEA,0.0010553293878525715,0.012545428369811413,0.38200766533218594,0.8810539420224717,0.0,0.0,0.69537597625179,0.6568654917322685,53.502720593782904,2.178064912338342,41.326371727158914,2.8487201127178365,3.989634905570272e-05,0.0,0.0009269560479608106,0.008355776446099864,0.37014562909881055,0.1482145843360405,0.4345530296510839,0.18539308394307435,253.14698316023794,7.366979389097092e-07,3.79449977666796,0.08376125844258163,105.08426175530839,0.10835750395938062,8.785536788258794,222.78507173553064,-3.060701846505621,0.01772109025513067,0.01833769893500203,0.75,21.75,-3.0,0.0,0.0,2025.0,2.0,2,0.2111118909384032,calvin austin,285.0,0.2597402597402597,-0.0486283688018565
00-0037664,Alec Pierce,WR,IND,DEN,0.0,0.029131960902816105,0.9674445808140671,0.9564298798457863,0.0,0.0,0.7819249972538145,0.6177952518991333,89.19262757476261,2.6616562231940954,50.34566536830612,2.1127038130935363,0.0,0.0,0.0,0.0,0.4609161814371236,0.13262846287408636,0.3994196737909807,0.5693479670941345,211.97516669016215,0.12003545457602516,2.335966342551629,0.32634104913165396,79.43195136018002,0.2381951878830902,3.811986231599921,256.2849705314297,-5.627129127366398,0.0034820305030786097,0.21979661121237762,0.3333333333333333,20.0,2.5,0.0,0.0,2025.0,2.0,2,0.21097972399821438,alec pierce,550.0,0.15384615384615385,0.057133570152060525
00-0033090,Hunter Henry,TE,NE,MIA,0.0,0.016761260831134557,0.5798053189528463,0.3205133466041859,0.0,0.0,0.8036961114958556,0.7809891359019421,62.54594531763707,1.5523628358755521,41.28321288158087,3.5005162129576926,0.0,0.0,0.0,0.0,0.15431076099061444,0.1842980060536073,0.43222665666694066,0.4354985575741741,252.61138208118254,0.0016809701866644605,3.0334584837549374,0.3489990407373956,117.60868695204101,0.10926999994697452,7.010226574227101,208.1952036798268,1.273298118150814,0.0010446008030858388,0.6001844569532085,0.3333333333333333,21.5,1.5,0.0,0.0,2025.0,2.0,1,0.2105304209169391,hunter henry,255.0,0.28169014084507044,-0.07115971992813133
00-0034791,Nick Chubb,RB,HOU,TB,12.038885607447483,0.00020455104326258468,0.005931980254614969,0.0004964448111307734,0.019072025722255786,0.07804518593053193,0.4272274539236454,0.3870667313950784,1.4567288563710474,-2.1726609213632804,3.1733515693635828,0.4094698893556914,0.14732580787081612,8.346843951214561e-07,-1.9772226462529399,48.98695032876434,0.19982658415577118,0.03429627914189779,0.058198263436179315,0.16861482331828617,257.1706435669242,0.3121064119538574,2.950387595913393,0.07273722720929127,61.29553014124424,0.1473825237887609,7.551158312701071,289.35902159596225,-3.645788568092006,0.00013246537893566194,0.3907745552601453,0.0,22.5,-2.5,0.021713249383218974,2.605103516752335e-07,2025.0,2.0,1,0.21043478048671035,nick chubb,115.0,0.46511627906976744,-0.2546814985830571
00-0039919,Rome Odunze,WR,CHI,DET,0.013309902937913861,0.02444989244104713,0.811052814484541,0.20903697009792727,0.0,0.0,0.8877467132189569,0.7108949896032101,61.35035424709048,0.16334028263774888,34.86775841755023,3.560625183997917,0.0,0.0,0.0059988961203440395,0.08009470719327996,0.3524191525932298,0.19071777894483077,0.4616371328203815,0.6908565608422284,248.79790137592812,0.21903000090648353,3.750454286197539,0.3744282175079347,94.86593767132996,0.6273693825462878,5.999693658499841,296.0898430981525,0.4808178760991659,0.35256559227227136,0.4453753956259393,0.6666666666666666,20.5,5.5,0.0,0.0,2025.0,2.0,2,0.209775797362718,rome odunze,215.0,0.31746031746031744,-0.10768452009759943
00-0040663,Harold Fannin Jr.,TE,CLE,BAL,1.0,0.0,0.0,1.0,0.0,0.0,0.72,0.9692307692307692,65.0,0.4488569176173769,63.0,7.0,0.0,0.0,-0.290209224622231,3.0,0.0,0.2142857142857142,0.488095238095238,0.4351776778013054,258.52060081509967,0.011863962700014124,3.5560361051246887,0.06445284706514243,86.38509736552987,0.48549478573967364,1.5153719030410835,297.6770296301311,-2.2630191008767317,0.36773542794514424,0.6871597168724971,0.6666666666666666,17.0,11.5,0.0,0.0,2025.0,2.0,2,0.20580242745147898,harold fannin,400.0,0.2,0.005802427451478964
00-0034975,Justice Hill,RB,BAL,CLE,2.390996375551762,0.0002185466402423738,0.004152386164605106,0.22405182945417856,0.28275610013623215,0.02487960263866557,0.3645252123155931,-1.3620756598173995,-2.6825766229215375,0.19945623985723546,15.798660886933005,2.0570452239189683,0.11434769362982054,0.007652618315691838,-0.26222935185645313,9.20197690833915,0.236004892904504,0.11900239826880521,0.17184542128100083,0.4675979944533539,190.98291846926696,0.0004953671752989366,2.123075345032236,1.0714262351469712,113.31653586169848,0.9111041534002388,6.884763532200227,222.69789292646917,-2.8539464083108563,0.8055212143304694,0.19897083325649723,0.1428571428571428,28.5,-11.5,0.10418265859786752,3.790855918685172e-06,2025.0,2.0,2,0.20428406716704228,justice hill,380.0,0.20833333333333334,-0.00404926616629106
00-0036309,Darnell Mooney,WR,ATL,MIN,0.00014309599769865035,0.00031623282132127407,0.009701678538812113,1.0328700343125308,0.0,0.0,0.9217582159589621,0.6964086554513452,66.89379729075583,1.5760267416625358,54.97581689543392,3.142917897112138,1.7266645301308754e-05,1.776340763606462e-05,-5.3919610682730814e-05,0.00036832606454740457,0.0499871924837338,0.16861458108005015,0.44299791612535483,0.5068168416886427,233.67864666606908,0.21001400351147714,2.3821896317607685,0.47591796408112597,121.62520180300125,1.0607669679293457,2.5287524575130136,257.2040240762518,-0.15474741519064023,0.001522376560316811,0.3124633556111655,0.3333333333333333,20.0,4.5,0.0,9.00279415573819e-06,2025.0,2.0,2,0.2035734664680333,darnell mooney,225.0,0.3076923076923077,-0.10411884122427442
00-0038933,Dalton Kincaid,TE,BUF,NYJ,0.0,0.009289875822715309,0.3991942898422451,0.45987225190749814,0.0,0.0,0.4778480400950317,0.7105732331613765,39.77189476713206,1.154501034591579,35.29086510026885,3.418127468679776,0.0,0.0,0.0,0.0,0.3414840470553857,0.1529505362793862,0.3233010880030234,0.5510022331907173,233.14830172898846,0.0006935965692475608,3.2560657434060816,0.4519927187991029,97.60658943336585,0.6031733249975763,11.162330412064389,197.38763289877627,-1.642427115010782,0.40301247020980474,0.24958445323109793,0.7142857142857143,26.75,-7.0,0.0,0.0,2025.0,2.0,1,0.20182977189066945,dalton kincaid,270.0,0.2702702702702703,-0.06844049837960084
00-0035229,T.J. Hockenson,TE,MIN,ATL,4.443339889895554e-10,0.007278891159934119,0.27275232896350177,0.24888319977474876,0.0,0.0,0.7265280577309328,0.8533265803278248,45.86925245206236,-0.9731949506677354,31.542355302237844,3.364296230439068,0.0,0.0,-2.2185117172400125e-09,0.0,0.0035953472751535966,0.18690444111807705,0.4044098699948267,0.6924773655312295,221.92943755027446,0.21607751857160476,2.46051786615991,0.731939766875378,120.97742704816346,0.4419947995205356,9.715887350230378,276.5188566712339,1.9419026495488445,0.528826897925098,0.42563771276571377,0.5,24.5,-4.5,0.0,0.0,2025.0,2.0,1,0.20013958613562496,tj hockenson,235.0,0.29850746268656714,-0.09836787655094217
00-0034796,Lamar Jackson,QB,BAL,CLE,6.841959931918086,0.0,0.0,0.0,0.4544159328897422,0.009716091853573442,0.6289777695956267,0.0,0.0,0.0,0.0,0.0,0.24772065291981346,0.0,4.768961973592101,61.70597595668963,0.48578575435281507,0.0,0.0,0.4675979944533539,190.98291846926696,0.0004953671752989366,2.123075345032236,1.0714262351469712,113.31653586169848,0.9111041534002388,6.884763532200227,222.69789292646917,-2.8539464083108563,0.8055212143304694,0.19897083325649723,0.1428571428571428,28.5,-11.5,0.049289184726298826,0.0,2025.0,2.0,1,0.20001682326512127,lamar jackson,180.0,0.35714285714285715,-0.15712603387773588
00-0038393,Dontayvion Wicks,WR,GB,WAS,1.9713861116796727e-05,0.004216135946954464,0.13372341651921543,0.08463798639333553,0.0,0.0,0.6020198152497982,1.0951683812025275,41.211648705676204,1.5137595068335743,32.84804486989587,3.122672095994387,0.0,0.0,-7.409540774775929e-06,1.9713861116796727e-05,0.1126997328419572,0.16323668158114585,0.365165946563792,0.14958266172828535,200.33758023888853,8.212742546839724e-05,3.081055440984674,0.3064649844880854,118.221777268278,0.8141185228345893,1.5049359626538208,251.93174949911918,-0.6974301175628789,0.1926883244372888,0.03681591475239495,0.6,26.0,-3.5,0.0,0.0,2025.0,2.0,4,0.19996344269847655,dontayvion wicks,450.0,0.18181818181818182,0.018145260880294722
00-0036613,Jaylen Waddle,WR,MIA,NE,0.23930014294628665,0.007005751068329908,0.2778895407885335,0.5502160039258162,0.0,6.609359032880914e-10,0.725343575854158,0.8545910422683677,60.45501288547832,-0.022721534390223508,43.792646304448176,3.976769984277031,0.013065279493142453,5.287487226304728e-10,0.12780870605709374,1.2511405566677356,0.06857017549498713,0.16871462735379159,0.4226506880762301,0.8184495305352072,244.70111896775256,0.367488014302481,3.943964933549361,0.5171682541030056,114.72671011908521,0.9414994351295548,10.623867891178463,301.3621771288041,-1.9870453266528632,0.010755896248803605,0.05123606778428315,1.0,23.0,-1.5,0.0,4.3275414380800093e-10,2025.0,2.0,2,0.19870371891708627,jaylen waddle,205.0,0.32786885245901637,-0.1291651335419301
00-0036894,Pat Freiermuth,TE,PIT,SEA,0.0,0.010525759319226278,0.2912181469203426,0.17525942113367662,0.0,0.0,0.6348391184703676,1.2649627854699745,38.69186116911485,1.7185276652295483,45.88998028706859,4.73974774725051,0.0,0.0,0.0,0.0,0.3848385245102557,0.1997801280495636,0.4324050303823449,0.18539308394307435,253.14698316023794,7.366979389097092e-07,3.79449977666796,0.08376125844258163,105.08426175530839,0.10835750395938062,8.785536788258794,222.78507173553064,-3.060701846505621,0.01772109025513067,0.01833769893500203,0.75,21.75,-3.0,0.0,0.0,2025.0,2.0,2,0.19865564067350328,pat freiermuth,360.0,0.21739130434782608,-0.018735663674322806
00-0030564,DeAndre Hopkins,WR,BAL,CLE,0.00014545797927747377,0.011540674788748293,0.44754138100864643,0.4373494874383802,0.0,0.0,0.4511842389758198,0.7488974847313961,50.824226674098405,1.353517270906228,32.759500852561565,3.101060325584634,2.518159344601979e-05,6.427980393265118e-05,2.9759797835072687e-05,0.0006099916377112381,0.4225263740290132,0.1299117251350016,0.3425770929059435,0.4675979944533539,190.98291846926696,0.0004953671752989366,2.123075345032236,1.0714262351469712,113.31653586169848,0.9111041534002388,6.884763532200227,222.69789292646917,-2.8539464083108563,0.8055212143304694,0.19897083325649723,0.1428571428571428,28.5,-11.5,0.0,3.0057107402762503e-05,2025.0,2.0,3,0.19670471198134953,deandre hopkins,360.0,0.21739130434782608,-0.020686592366476547
00-0034270,Tyler Conklin,TE,LAC,LV,0.33563725582150683,0.006502407307365756,0.23781428570571633,0.5731731590455637,0.0,4.586010189588178e-09,0.5747131515950674,1.7405854043095261,25.416384365284163,1.7720247495702806,38.38141710829925,3.3450223759822912,2.918370120647021e-09,0.0,0.04490874174271103,0.6000011458297357,0.37758041072791637,0.1171401128011755,0.24802250941907525,0.44820554819442754,270.62416080172613,0.054767076116199485,3.113031593971403,0.5633224474429777,95.87394966002783,0.40954236754657836,6.8161516234978405,270.37578768437396,-2.211050410292658,0.253085901330722,0.011220998807078213,0.4,25.0,-3.5,0.0,0.0,2025.0,2.0,2,0.19656346260951468,tyler conklin,310.0,0.24390243902439024,-0.047338976414875555
00-0031610,Darren Waller,TE,MIA,NE,0.0,0.003201337589059591,0.10294592031530499,0.694070324289304,0.0,0.0,0.5856042951327681,1.02552304604974,43.79771745697389,1.7407811904625174,44.03651114606438,4.25342638655799,0.0,0.0,0.0,0.0,0.055276219392953886,0.18739640596898802,0.41586229437210953,0.8184495305352072,244.70111896775256,0.367488014302481,3.943964933549361,0.5171682541030056,114.72671011908521,0.9414994351295548,10.623867891178463,301.3621771288041,-1.9870453266528632,0.010755896248803605,0.05123606778428315,1.0,23.0,-1.5,0.0,0.0,2025.0,2.0,1,0.19630584075939203,darren waller,450.0,0.18181818181818182,0.014487658941210207
00-0033885,David Njoku,TE,CLE,BAL,3.718817472132303e-06,0.024359161755899264,1.0502452784603864,0.288296650067229,0.0,0.0,0.811319818667663,1.0019067385187244,57.70058477515387,-1.5060328170145432,46.9821994812489,5.712768535639625,0.0,0.0,-5.1172514615313185e-06,-8.949662636823554e-06,0.29869304418429765,0.23969064301763068,0.4987709412274246,0.4351776778013054,258.52060081509967,0.011863962700014124,3.5560361051246887,0.06445284706514243,86.38509736552987,0.48549478573967364,1.5153719030410835,297.6770296301311,-2.2630191008767317,0.36773542794514424,0.6871597168724971,0.6666666666666666,17.0,11.5,0.0,0.0,2025.0,2.0,1,0.1962820681675448,david njoku,320.0,0.23809523809523808,-0.041813169927693294
00-0038621,DeMario Douglas,WR,NE,MIA,0.4419830179031349,0.032266662447532665,1.1354408152804283,0.2647661843024561,4.023269336277543e-05,0.0,0.6882746548862237,0.7956982680955779,28.704620859839398,0.2390068255681894,24.39398581792422,3.1738626570626463,0.0,0.0,0.015347503234504083,1.8725084852334228,0.5231906408206233,0.16338035018196254,0.32035328147886577,0.4354985575741741,252.61138208118254,0.0016809701866644605,3.0334584837549374,0.3489990407373956,117.60868695204101,0.10926999994697452,7.010226574227101,208.1952036798268,1.273298118150814,0.0010446008030858388,0.6001844569532085,0.3333333333333333,21.5,1.5,0.0,0.0,2025.0,2.0,3,0.19573985802591498,demario douglas,400.0,0.2,-0.00426014197408503
00-0039150,Bryce Young,QB,CAR,ARI,4.242376449378058,0.0,0.0,0.0,0.5248785793176489,0.12007810902940015,0.9907904209773739,0.0,0.0,0.0,0.0,0.0,0.1827780840053082,0.0,1.94768754764182,29.463336036585822,0.42226603153699166,0.0,0.0,0.545003518897085,230.10046490190405,0.21898341755047857,2.690734288707201,0.8122734692619176,123.41843553410261,0.7798215578936298,5.083626480078469,245.85335449697806,0.9594887319967952,0.0005119237840502647,0.3886488174231979,0.0,19.0,6.5,0.07103648619954096,0.0,2025.0,2.0,1,0.19373210802828406,bryce young,500.0,0.16666666666666666,0.0270654413616174
00-0038979,Cedric Tillman,WR,CLE,BAL,0.036012706290114396,0.01833200411274424,0.8326473098463135,1.0000365541983678,0.0,0.0,0.7743291945713103,0.7165730222960637,74.09722105005041,-1.1296544528404933,48.26897610279773,4.005793462887335,0.0,0.0,-0.08490709248383153,-0.17098587111543523,0.4751954184355986,0.174461795053343,0.4109631005078009,0.4351776778013054,258.52060081509967,0.011863962700014124,3.5560361051246887,0.06445284706514243,86.38509736552987,0.48549478573967364,1.5153719030410835,297.6770296301311,-2.2630191008767317,0.36773542794514424,0.6871597168724971,0.6666666666666666,17.0,11.5,0.0,0.0,2025.0,2.0,2,0.19340679112861317,cedric tillman,340.0,0.22727272727272727,-0.033865936144114095
00-0040718,Travis Hunter,WR,JAX,CIN,0.0,0.0,0.0,0.0,0.0,0.0,0.64,0.559322033898305,59.0,-5.21736198414395,33.0,6.0,0.0,0.0,0.0,0.0,0.0,0.2758620689655172,0.5989948971702489,0.465091965761835,233.4271057105395,0.07204407639460027,2.4938202672384455,0.27680258225864446,91.29051809078298,0.8903342882204497,2.7281099034799396,226.82915365349749,-1.5150225017568677,0.3861811097480227,0.026978985177622164,0.4,23.25,3.0,0.0,0.0,2025.0,2.0,2,0.19230560043356823,travis hunter,235.0,0.29850746268656714,-0.10620186225299891
00-0038619,Andrei Iosivas,WR,CIN,JAX,0.0,0.007121507504389378,0.22906928496268897,0.47733769359275385,0.0,0.0,0.788145973675172,0.880770329050843,34.334010036135695,0.888283193602463,32.17773980449341,2.42708264896776,0.0,0.0,0.0,0.0,0.2189800114271985,0.08755620512657707,0.22173531224853332,0.5333674371264814,219.98878537808878,0.016081706300817324,2.904290977853633,0.6805112794549838,134.69586148135113,0.6385834716025526,0.5644825735044232,285.7516003432199,1.2350580411988035,0.08154540646564994,0.013264880679409672,0.6666666666666666,26.25,-3.0,0.0,0.0,2025.0,2.0,3,0.19194390921825172,andrei iosivas,380.0,0.20833333333333334,-0.016389424115081624
00-0038997,Josh Downs,WR,IND,DEN,0.005932045744154842,0.007661642762845642,0.2779374370908813,0.37775557039084395,0.0,0.0,0.6145525798726681,0.8795219209689912,37.221483185803585,1.501935352044111,44.8029144801616,4.451264349271016,0.0,0.0,-0.005175224073170168,0.1514487597130145,0.15920958549553507,0.21304492752227372,0.3976413210425695,0.5693479670941345,211.97516669016215,0.12003545457602516,2.335966342551629,0.32634104913165396,79.43195136018002,0.2381951878830902,3.811986231599921,256.2849705314297,-5.627129127366398,0.0034820305030786097,0.21979661121237762,0.3333333333333333,20.0,2.5,0.0,0.0,2025.0,2.0,3,0.19192754327050035,josh downs,390.0,0.20408163265306123,-0.012154089382560879
00-0038976,Marvin Mims Jr.,WR,DEN,IND,0.5728508567532222,0.01205736512061494,0.3969313283031556,0.7176906956701986,0.0,0.0,0.4063879575044326,0.7865269361524788,24.923067436234753,4.792685848993709,45.85593188729918,4.138674734686097,1.092599598524112e-05,0.0,-0.2755679500856957,0.7397149896440453,0.4321329418549644,0.14644755373929122,0.30584691940582964,1.0215084986795735,213.11450473434897,0.025332258529641685,2.437460040205099,0.8108961452230912,95.69238625135026,0.6343561064728472,4.649412620659896,223.21278303249193,-0.9049483977105394,0.08092359707565405,0.16869646936082988,0.25,22.5,-2.5,0.0,0.0,2025.0,2.0,3,0.19142301440308165,marvin mims,310.0,0.24390243902439024,-0.052479424621308585
00-0036182,Nick Westbrook-Ikhine,WR,MIA,NE,0.0,0.012073649206903642,0.39971605873863786,0.08671619536506144,0.0,0.0,0.7924468412172249,0.596894471938119,44.47220491785084,-0.09133827860479866,27.988682066852984,2.2805856795460944,0.0,0.0,0.0,0.0,0.20185054116395093,0.14833451107419443,0.33875825256955083,0.8184495305352072,244.70111896775256,0.367488014302481,3.943964933549361,0.5171682541030056,114.72671011908521,0.9414994351295548,10.623867891178463,301.3621771288041,-1.9870453266528632,0.010755896248803605,0.05123606778428315,1.0,23.0,-1.5,0.0,0.0,2025.0,2.0,4,0.19026704553043092,nick westbrookikhine,750.0,0.11764705882352941,0.07261998670690151
00-0034829,Mike Gesicki,TE,CIN,JAX,0.0,0.018337390699832052,0.5429189929430226,0.0694105436327505,0.0,0.0,0.45387043118876996,1.11599998732244,37.83315828422187,1.637784047572113,41.04703300514143,4.431120710729653,0.0,0.0,0.0,0.0,0.01249081557170375,0.15407127083502262,0.34847134425577375,0.5333674371264814,219.98878537808878,0.016081706300817324,2.904290977853633,0.6805112794549838,134.69586148135113,0.6385834716025526,0.5644825735044232,285.7516003432199,1.2350580411988035,0.08154540646564994,0.013264880679409672,0.6666666666666666,26.25,-3.0,0.0,0.0,2025.0,2.0,2,0.18906585379404262,mike gesicki,350.0,0.2222222222222222,-0.033156368428179595
00-0040734,TreVeyon Henderson,RB,NE,MIA,5.0,0.0,0.0,0.0,0.0,0.0,0.35,-1.263157894736842,-19.0,-2.9482605492105463,24.0,6.0,0.5,0.0,0.3585352948284708,27.0,0.0,0.1333333333333333,0.1623229461756374,0.4354985575741741,252.61138208118254,0.0016809701866644605,3.0334584837549374,0.3489990407373956,117.60868695204101,0.10926999994697452,7.010226574227101,208.1952036798268,1.273298118150814,0.0010446008030858388,0.6001844569532085,0.3333333333333333,21.5,1.5,0.05463499997348726,0.0,2025.0,2.0,2,0.18894774001851253,treveyon henderson,155.0,0.39215686274509803,-0.2032091227265855
00-0036919,Kenneth Gainwell,RB,PIT,SEA,6.344766931111374,0.0,0.0,7.955192537911774e-07,0.05120637524982249,0.0015067755617193402,0.3854022932128532,-0.5192194507682656,-0.15655718362209406,-0.8626506375852983,7.986782515399601,1.9352324635765166,0.188006028320071,0.02401002055231087,-2.2363788284742734,14.91626492566322,0.024748534899385825,0.08916197308789735,0.12573593492042767,0.18539308394307435,253.14698316023794,7.366979389097092e-07,3.79449977666796,0.08376125844258163,105.08426175530839,0.10835750395938062,8.785536788258794,222.78507173553064,-3.060701846505621,0.01772109025513067,0.01833769893500203,0.75,21.75,-3.0,0.02037186395807952,1.7688132654067174e-08,2025.0,2.0,2,0.18790797108753873,kenneth gainwell,255.0,0.28169014084507044,-0.0937821697575317
00-0037666,Jalen Tolbert,WR,DAL,NYG,0.0,0.020631893141100675,0.6724070301579983,0.6796349446847337,0.0,0.0,0.578713890812513,0.8424621114875119,29.151483839363568,2.1246134657245173,31.443995915754236,2.149401793592189,0.0,0.0,0.0,0.0,0.3599595363495873,0.11018404496051258,0.2510530914207525,0.4121602894751032,252.70105874148618,8.917603324793508e-11,2.1911288128992448,0.7040755017059136,142.9967914483915,1.0013047708431217,10.520427437582372,268.7162907698592,-1.340289978354449,0.36775592652954914,0.0410623441599691,0.6666666666666666,25.0,-5.5,0.0,0.0,2025.0,2.0,3,0.18756088441437727,jalen tolbert,550.0,0.15384615384615385,0.03371473056822341
00-0038935,Brenton Strange,TE,JAX,CIN,0.0,0.0013980575913804638,0.05515236489684541,0.606233932255964,0.0,0.0,0.6825792371682612,1.287603379745887,26.86586623749802,3.432601838575722,41.18288855338926,3.303848800999594,0.0,0.0,0.0,0.0,0.009330822805323618,0.11864897767044104,0.2560823549940428,0.465091965761835,233.4271057105395,0.07204407639460027,2.4938202672384455,0.27680258225864446,91.29051809078298,0.8903342882204497,2.7281099034799396,226.82915365349749,-1.5150225017568677,0.3861811097480227,0.026978985177622164,0.4,23.25,3.0,0.0,0.0,2025.0,2.0,1,0.18645038755150758,brenton strange,380.0,0.20833333333333334,-0.021882945781825758
00-0034407,Ray-Ray McCloud,WR,ATL,MIN,0.3806757442251448,0.0005388141092866843,0.013103551586212441,0.6770804597696949,0.0014275817367300162,2.1525540241492638e-12,0.7842045137195154,1.7964222557234246,41.23399451544974,0.9462005168108472,45.00379655351878,3.139110613877653,0.01837500012782423,0.0,0.1995509117645841,3.3433666633517385,0.012109586387202569,0.1417394129378492,0.30603457692639996,0.5068168416886427,233.67864666606908,0.21001400351147714,2.3821896317607685,0.47591796408112597,121.62520180300125,1.0607669679293457,2.5287524575130136,257.2040240762518,-0.15474741519064023,0.001522376560316811,0.3124633556111655,0.3333333333333333,20.0,4.5,0.0,0.0,2025.0,2.0,3,0.1863611713046687,rayray mccloud,245.0,0.2898550724637681,-0.10349390115909943
00-0038129,Cade Otton,TE,TB,HOU,0.002906670418894594,0.012265889904283296,0.4031730074443489,0.43654471277988544,0.0,0.0,0.9078473593775495,0.9502649023637048,35.39976544715621,0.07527971289464618,28.93638173516823,2.365426938510055,0.0,0.0,-0.003824626508919456,-0.011626681675578376,0.07252106345048943,0.14582461930794063,0.31655374518546137,0.16910304529586243,237.61080819405473,0.0001247302328478411,3.499316994733715,0.6269452489773762,110.47594626669894,0.6166157670313019,8.365365081221865,251.82053926656994,-5.337731771606251,0.6468716199154779,0.250957615435175,0.3333333333333333,20.0,2.5,0.0,0.0,2025.0,2.0,1,0.18507926032033592,cade otton,360.0,0.21739130434782608,-0.03231204402749016
00-0035208,Olamide Zaccheaus,WR,CHI,DET,0.14700312590607298,0.01350821825149858,0.46030904592956773,0.5376710345263929,0.0,0.0,0.5580975156814106,1.8100197272759808,56.09345266772568,2.46954928060496,48.087872644240505,3.842500589664371,0.0,0.0,0.08636744767213073,1.1760253998061145,0.25017325975873783,0.1805855003685111,0.41324092174091775,0.6908565608422284,248.79790137592812,0.21903000090648353,3.750454286197539,0.3744282175079347,94.86593767132996,0.6273693825462878,5.999693658499841,296.0898430981525,0.4808178760991659,0.35256559227227136,0.4453753956259393,0.6666666666666666,20.5,5.5,0.0,0.0,2025.0,2.0,3,0.18248509180523717,olamide zaccheaus,400.0,0.2,-0.01751490819476284
00-0037239,Chris Olave,WR,NO,SF,0.024706305730024955,0.016869858628232808,0.6960312291875363,0.39149105856811195,0.0,0.0,0.5897723946224311,1.2423344918833101,68.67796070678523,-1.4199774599791217,48.13881088812264,4.668977904423759,0.0,0.0,0.02186160450855008,0.17294414011017467,0.05426276181331788,0.21134090665356478,0.48596933980972207,1.1463325355896448,201.92066870700515,0.013532669967677557,2.915492534488043,0.9717318397344884,127.81035230641143,1.1726976180968822,6.302397679863302,194.40086746396423,1.7631233052583506,0.38478136467249063,0.06199845235939472,0.2,19.0,4.5,0.0,0.0,2025.0,2.0,1,0.18067748204264236,chris olave,185.0,0.3508771929824561,-0.17019971093981376
00-0039732,Bo Nix,QB,DEN,IND,6.335074042962552,0.000356641998915914,0.012125827963141097,0.0,0.22672811969768894,0.006684093592559025,0.9733433179896691,0.012125827963141097,0.024251655926282194,0.04704693224901382,0.024251655926282194,0.012125827963141097,0.20336575680559754,0.001347314218126789,0.10533818463922806,25.829934369445223,0.025650940217003072,0.00036744933221639675,0.000617747171455566,1.0215084986795735,213.11450473434897,0.025332258529641685,2.437460040205099,0.8108961452230912,95.69238625135026,0.6343561064728472,4.649412620659896,223.21278303249193,-0.9049483977105394,0.08092359707565405,0.16869646936082988,0.25,22.5,-2.5,0.034307085161997465,0.0,2025.0,2.0,1,0.18062887767200644,bo nix,360.0,0.21739130434782608,-0.03676242667581964
00-0034383,Dalton Schultz,TE,HOU,TB,0.0,0.005415903829235286,0.21028062329655217,0.17889168095437244,0.0,0.0,0.6536902906054338,0.9793420325692492,33.55890242576017,0.8403502966190229,30.137790218355633,3.105044817001319,0.0,0.0,0.0,0.0,0.15348856307350622,0.16765793447375593,0.35220445739580947,0.16861482331828617,257.1706435669242,0.3121064119538574,2.950387595913393,0.07273722720929127,61.29553014124424,0.1473825237887609,7.551158312701071,289.35902159596225,-3.645788568092006,0.00013246537893566194,0.3907745552601453,0.0,22.5,-2.5,0.0,0.0,2025.0,2.0,1,0.1803558416306623,dalton schultz,230.0,0.30303030303030304,-0.12267446139964075
00-0037741,Jahan Dotson,WR,PHI,KC,0.008474714084369788,0.005049563934714755,0.159064223747509,0.34299396293913537,0.0,0.0,0.5843692211515079,1.0152398248431447,44.406226705809125,1.2589146011504175,40.52469999829218,2.7125170483561023,0.0,0.0,0.006373427699801051,0.1101658782197182,0.0003248496110750129,0.1323471985659677,0.3740123346684765,0.9424079166995631,272.04583517510366,0.00045946351488580426,3.8602038897797524,0.7022681936053197,124.37903850063104,0.40265158865101447,12.62860606019557,273.5092160604203,1.5044216518793243,0.009355091421036694,0.1731410791146898,1.0,24.0,-1.5,0.0,0.0,2025.0,2.0,3,0.17734117374528238,jahan dotson,900.0,0.1,0.07734117374528238
00-0033881,Evan Engram,TE,DEN,IND,1.393393449132317e-05,0.0014755950513954403,0.05175562195247346,0.08023964301998751,0.0,1.502638836862077e-10,0.6183022987613499,1.6276621401443403,28.556525451785518,0.5902839481529826,33.20120682898168,4.643880578420442,1.0378357561286745e-08,2.4311086318722083e-08,1.3923776184733935e-05,0.00017939435634950054,0.047236764193430994,0.20309328200091728,0.3808409273161849,1.0215084986795735,213.11450473434897,0.025332258529641685,2.437460040205099,0.8108961452230912,95.69238625135026,0.6343561064728472,4.649412620659896,223.21278303249193,-0.9049483977105394,0.08092359707565405,0.16869646936082988,0.25,22.5,-2.5,0.0,1.9673405537277115e-09,2025.0,2.0,1,0.17698520686830088,evan engram,265.0,0.273972602739726,-0.09698739587142513
00-0040581,Dont'e Thornton Jr.,WR,LV,LAC,0.0,0.0,0.0,1.0,0.0,0.0,0.6,0.45,100.0,2.487759296258446,45.0,2.0,0.0,0.0,0.0,0.0,0.0,0.1212121212121212,0.3818181818181818,0.13642636869146324,227.58640237865163,0.1029012824458648,2.9612112037370526,0.3831027575721404,99.88995559332275,0.16549785234625566,3.387112380640221,252.25445123749932,1.3753355967034695,0.32502045024904325,0.3307899025923469,0.5,21.5,3.5,0.0,0.0,2025.0,2.0,3,0.1759645155053383,donte thornton,275.0,0.26666666666666666,-0.09070215116132838
00-0037291,Jalen Nailor,WR,MIN,ATL,0.02435505990103158,0.006938287133982996,0.25994513391112106,0.8243501747405739,0.0,0.001384219680445231,0.618273141508265,1.0715552313817431,31.959290413916186,1.5708075611186902,34.68585475505671,2.0211196087111496,0.002755179447250212,0.0028825899217934836,-0.034757220565642157,-0.11234819272852141,0.2010189763144462,0.10589443322957864,0.2531246756334972,0.6924773655312295,221.92943755027446,0.21607751857160476,2.46051786615991,0.731939766875378,120.97742704816346,0.4419947995205356,9.715887350230378,276.5188566712339,1.9419026495488445,0.528826897925098,0.42563771276571377,0.5,24.5,-4.5,0.0,0.0019961282749504246,2025.0,2.0,2,0.17582518588326573,jalen nailor,425.0,0.19047619047619047,-0.014651004592924732
00-0034521,Allen Lazard,WR,NYJ,BUF,5.646846990723873e-05,0.0031426195874444496,0.1261519999996658,0.46293638857748026,0.0,0.0,0.827789374747487,0.8955348760394362,46.68805666413376,1.6847422036653623,37.542413938048796,2.176975560268407,0.0,0.0,-0.000112641265987102,1.53096301987666e-06,0.37818829848171054,0.10583992478088661,0.30526741176104866,1.2464216784249194,242.72581743796871,0.08820550342241787,3.6048037652573353,0.9880569863458054,141.2389728630866,0.9383004556568503,10.898959027867818,217.11221186593897,-0.2602234062893032,0.10297012450895572,0.5127802277760151,0.6,19.75,7.0,0.0,0.0,2025.0,2.0,6,0.1755526701242038,allen lazard,850.0,0.10526315789473684,0.07028951222946697
00-0039923,J.J. McCarthy,QB,MIN,ATL,2.0,0.0,0.0,0.0,0.0,0.0,1.0,0.0,0.0,0.0,0.0,0.0,0.25,0.0,3.378993604099378,25.0,1.0,0.0,0.0,0.6924773655312295,221.92943755027446,0.21607751857160476,2.46051786615991,0.731939766875378,120.97742704816346,0.4419947995205356,9.715887350230378,276.5188566712339,1.9419026495488445,0.528826897925098,0.42563771276571377,0.5,24.5,-4.5,0.10640942819142844,0.0,2025.0,2.0,1,0.17506695047689727,jj mccarthy,425.0,0.19047619047619047,-0.015409239999293195
00-0039847,Theo Johnson,TE,NYG,DAL,0.0,0.0002455199541996531,0.00859319839698788,0.29077003455775857,0.0,0.0,0.8323369165891452,1.133732900269004,20.803699169809537,-0.113494915680908,30.09603032720079,2.7957530253661576,0.0,0.0,0.0,0.0,0.07304098119820723,0.1402067834290012,0.27877370333847973,1.0031368385444652,208.73075169948606,0.0011713135149931163,2.221101039974721,0.9554980041395231,135.73519232971114,0.5201364142152343,7.66118033331901,214.38136207875053,4.12127257890187,0.2569171183161825,1.1219249885287708,0.0,19.5,5.5,0.0,0.0,2025.0,2.0,1,0.17435512342548834,theo johnson,425.0,0.19047619047619047,-0.016121067050702126
00-0039342,Xavier Legette,WR,CAR,ARI,0.14707686271110726,0.019138306044397205,0.6895158357367438,0.2146003240856021,0.0,0.0,0.6757351939988262,0.3929567049388655,73.32000489078723,-3.3963870823169033,24.167398388267152,3.2262687227558073,0.0,0.0,-0.046209419574683636,0.3907773335414758,0.038366639226971866,0.21195189689447136,0.48350280205974844,0.545003518897085,230.10046490190405,0.21898341755047857,2.690734288707201,0.8122734692619176,123.41843553410261,0.7798215578936298,5.083626480078469,245.85335449697806,0.9594887319967952,0.0005119237840502647,0.3886488174231979,0.0,19.0,6.5,0.0,0.0,2025.0,2.0,2,0.17378411197683183,xavier legette,310.0,0.24390243902439024,-0.07011832704755841
00-0039910,Jayden Daniels,QB,WAS,GB,9.44532109497724,0.0,0.0,0.0,0.36957183665763804,0.1147343761293958,0.8788133179423535,0.0,0.0,0.0,0.0,0.0,0.21966184683367218,0.0,4.899580167507174,64.53741121449598,0.09001911756861214,0.0,0.0,0.3397801905024674,226.46899479939498,0.051119025299657554,2.0441659648450545,0.15650573004388632,69.75291394390375,0.39602253080404703,5.381726484482363,184.1605112179014,-4.159325235953752,0.010662719513389336,0.00847685686547293,0.75,22.5,3.5,0.0018620420344144773,0.0,2025.0,2.0,1,0.17006322061027204,jayden daniels,175.0,0.36363636363636365,-0.1935731430260916
00-0036567,Elijah Mitchell,RB,KC,PHI,10.162931813989681,0.0,0.0,0.0,0.007092490412667328,0.39280215748123787,0.3142737527474666,0.8112768364556989,0.8756746940460264,-0.027846208629291384,4.284156993985634,0.7552117358383754,0.38385514994018544,0.009145959054532839,-0.47267837903400095,42.99037006844726,0.5177219467525552,0.030565845182431314,0.04827803770948093,0.06273384957103531,176.5036708780575,0.0006844598908499135,1.691143727589463,0.46604457731105203,110.19398904851985,0.702329463702063,-2.011459997098214,246.80905123068464,-1.4310730811972392,0.06771543220198144,0.019100338850259545,0.25,22.5,1.5,0.2695927815967654,6.260042136183325e-06,2025.0,2.0,4,0.16950442261675222,elijah mitchell,800.0,0.1111111111111111,0.058393311505641116
00-0033591,Noah Brown,WR,WAS,GB,0.00016757948948813948,0.011251637221122351,0.34699432019894794,0.11962937186916758,0.0,0.0,0.5908186557432118,0.693040003371294,53.11607153315681,0.3790312956795631,35.433140032171956,3.002099378742384,8.378187973658296e-05,0.0,-0.0001858761480115611,-0.00016750083941327164,0.03785892093183715,0.16365107408647797,0.40949712973201413,0.3397801905024674,226.46899479939498,0.051119025299657554,2.0441659648450545,0.15650573004388632,69.75291394390375,0.39602253080404703,5.381726484482363,184.1605112179014,-4.159325235953752,0.010662719513389336,0.00847685686547293,0.75,22.5,3.5,0.0,0.0,2025.0,2.0,3,0.1694555349185204,noah brown,500.0,0.16666666666666666,0.002788868251853732
00-0038041,Jake Ferguson,TE,DAL,NYG,0.0,0.0062671040111043465,0.2131292399953909,0.18412104541213237,0.0,0.0,0.6623715138994738,1.2097422568555263,23.08111517244551,-1.4343183652406628,23.2070414518752,3.7382565940575505,0.0,0.0,0.0,0.0,0.00042653217275825207,0.1693393281245224,0.3131157861154322,0.4121602894751032,252.70105874148618,8.917603324793508e-11,2.1911288128992448,0.7040755017059136,142.9967914483915,1.0013047708431217,10.520427437582372,268.7162907698592,-1.340289978354449,0.36775592652954914,0.0410623441599691,0.6666666666666666,25.0,-5.5,0.0,0.0,2025.0,2.0,1,0.16874522943469136,jake ferguson,205.0,0.32786885245901637,-0.159123623024325
00-0031236,Brandin Cooks,WR,NO,SF,0.23979607754215387,0.023437205712452894,0.8060889557599021,0.2716056670446089,0.0,0.0,0.7074722914277481,0.8423707280557039,53.279226538582904,-1.4056954553996823,28.729967150416392,2.9988546732453822,0.005564323709999218,0.0019674401093047614,-0.25883664840979115,-0.9973226988589065,0.10953314070153335,0.17268753847287427,0.4064928303593484,1.1463325355896448,201.92066870700515,0.013532669967677557,2.915492534488043,0.9717318397344884,127.81035230641143,1.1726976180968822,6.302397679863302,194.40086746396423,1.7631233052583506,0.38478136467249063,0.06199845235939472,0.2,19.0,4.5,0.0,0.002255340609120095,2025.0,2.0,3,0.16800182840749814,brandin cooks,700.0,0.125,0.04300182840749814
00-0035228,Kyler Murray,QB,ARI,CAR,5.178821576625136,0.0,0.0,0.0,0.11542340143302653,0.10004275938223352,0.9728777406455971,0.0,0.0,0.0,1.910041728352616e-06,0.0,0.2334549477552697,0.0,1.6397226676596897,32.2172806032713,0.12923615617898726,0.0,0.0,0.524704625050906,241.7717231478533,0.11342029757946974,3.6841691507811745,1.1027215687547764,206.2120738509561,0.6118626149658869,9.296790797488706,259.71144283826516,7.892419603465722,0.39290640408432426,0.4014570764155553,0.6666666666666666,25.5,-6.5,0.09372214080057678,0.0,2025.0,2.0,1,0.16739743783603003,kyler murray,220.0,0.3125,-0.14510256216396997
00-0036970,Kyle Pitts,TE,ATL,MIN,3.3132830235565325e-06,0.010545548151565094,0.3434821952002312,0.190301994142228,0.0,0.0,0.5768213226374692,1.9546159289800555,30.51254475015019,1.0605399769664725,33.94363392165095,3.77538839941086,0.0,0.0,-5.470905397061636e-06,-1.325313209422613e-05,0.15653906145148794,0.1420450931766343,0.288971946657715,0.5068168416886427,233.67864666606908,0.21001400351147714,2.3821896317607685,0.47591796408112597,121.62520180300125,1.0607669679293457,2.5287524575130136,257.2040240762518,-0.15474741519064023,0.001522376560316811,0.3124633556111655,0.3333333333333333,20.0,4.5,0.0,0.0,2025.0,2.0,1,0.1669784221926372,kyle pitts,290.0,0.2564102564102564,-0.08943183421761919
00-0033908,Cooper Kupp,WR,SEA,PIT,0.01050833241586153,0.007075403148887753,0.1989115787308458,0.4541079857471395,4.733261461328267e-06,0.0,0.8458714470100548,0.8435915191138509,35.69361742556162,-0.5717197336240358,30.633338058565354,2.6239785341304787,0.0010347341319877639,0.0028297635780193753,-0.001052668745147879,0.03604597829724548,0.15083760887923375,0.16571766287228018,0.38231828110036314,0.867780842439905,253.09425709844461,2.3197365767972263e-06,2.9614401751978017,0.4398507521716309,127.44435202645248,0.6065002112444519,10.934958092529019,201.28228361027212,0.30021855433940964,0.1550487634571874,0.6967362912465139,0.3333333333333333,18.75,3.0,0.0,0.0024556146216394136,2025.0,2.0,2,0.16675024408673478,cooper kupp,330.0,0.23255813953488372,-0.06580789544814894
00-0039880,Malik Washington,WR,MIA,NE,0.5120118402755273,0.0030409074835595334,0.10339085444102435,0.2833753418659095,0.0,0.0,0.6260886780398717,0.9964486579556674,34.2843574936892,0.7289130314378813,29.63119044715177,2.880148102915484,0.0060819153170660325,0.0,0.06305823394352443,1.555033814715403,0.012163830634132065,0.14085324898367868,0.32228215310458275,0.8184495305352072,244.70111896775256,0.367488014302481,3.943964933549361,0.5171682541030056,114.72671011908521,0.9414994351295548,10.623867891178463,301.3621771288041,-1.9870453266528632,0.010755896248803605,0.05123606778428315,1.0,23.0,-1.5,0.0,0.0,2025.0,2.0,3,0.16615381073474159,malik washington,600.0,0.14285714285714285,0.023296667877598737
00-0036265,AJ Dillon,RB,PHI,KC,8.273019388505963,3.69254784374662e-05,0.0009969879178115888,0.1970903144222025,0.02515353565009526,0.16444403177937994,0.2926212946212226,-2.650672990589296,0.028509784458308613,0.11201232628681368,7.805804998669943,0.6982687551568891,0.2729144478130269,0.0003756157208534138,-0.9562998099413822,28.27911930003075,0.15487365237482534,0.024526831394285974,0.03623698692514169,0.9424079166995631,272.04583517510366,0.00045946351488580426,3.8602038897797524,0.7022681936053197,124.37903850063104,0.40265158865101447,12.62860606019557,273.5092160604203,1.5044216518793243,0.009355091421036694,0.1731410791146898,1.0,24.0,-1.5,0.10988943597772965,1.725817193496746e-07,2025.0,2.0,4,0.1649660751532977,aj dillon,750.0,0.11764705882352941,0.04731901632976829
00-0039917,Michael Penix Jr.,QB,ATL,MIN,3.0776867709108964,0.0,0.0,0.0,0.0,0.22882050340510754,0.8848958067707748,0.0,0.0,0.0,0.0,0.0,0.1296252851756274,0.0,2.3761731979810214,9.17968019529643,0.5780012716027976,0.0,0.0,0.5068168416886427,233.67864666606908,0.21001400351147714,2.3821896317607685,0.47591796408112597,121.62520180300125,1.0607669679293457,2.5287524575130136,257.2040240762518,-0.15474741519064023,0.001522376560316811,0.3124633556111655,0.3333333333333333,20.0,4.5,0.040503151578030805,0.0,2025.0,2.0,1,0.16178141935903723,michael penix,650.0,0.13333333333333333,0.028448086025703895
00-0040198,Ollie Gordon II,RB,MIA,NE,2.0,0.0,0.0,0.0,0.0,0.0,0.25,0.2,-5.0,-3.400904511159752,-1.0,1.0,1.0,0.0,0.2265544222318567,4.0,0.0,0.032258064516129,0.0334298318169285,0.8184495305352072,244.70111896775256,0.367488014302481,3.943964933549361,0.5171682541030056,114.72671011908521,0.9414994351295548,10.623867891178463,301.3621771288041,-1.9870453266528632,0.010755896248803605,0.05123606778428315,1.0,23.0,-1.5,0.9414994351295548,0.0,2025.0,2.0,3,0.16089161377227537,ollie gordon,330.0,0.23255813953488372,-0.07166652576260835
00-0033282,Curtis Samuel,WR,BUF,NYJ,0.28058772756608014,0.001450143255409817,0.037907759521342524,0.09214772083415926,1.6574613730638682e-06,9.387587022631247e-06,0.5067299993604542,8.59022792839223,7.730396919608503,-0.695726886398273,25.176449690348853,3.2946150346298664,0.0007028502939334104,4.441095053122625e-06,-0.07718583204335046,0.9493632198910772,0.07285831451540772,0.13490532019691445,0.22415961669670173,0.5510022331907173,233.14830172898846,0.0006935965692475608,3.2560657434060816,0.4519927187991029,97.60658943336585,0.6031733249975763,11.162330412064389,197.38763289877627,-1.642427115010782,0.40301247020980474,0.24958445323109793,0.7142857142857143,26.75,-7.0,0.0,2.447053292082814e-06,2025.0,2.0,6,0.1608780575317403,curtis samuel,1000.0,0.09090909090909091,0.0699689666226494
00-0038794,Jaleel McLaughlin,RB,DEN,IND,10.606127507280588,0.0,0.0,1.3799702781757705e-05,0.012171597549017268,0.026894842544838777,0.30059962024259496,-1.0702992758867667,-8.061423852568469,-0.5938344078725248,6.705225116994228,1.7103047838394643,0.38059234259447816,0.0020199420949588184,-0.8583258444559522,44.48563215717929,0.026161448370027852,0.06130016053197651,0.06375639743801463,1.0215084986795735,213.11450473434897,0.025332258529641685,2.437460040205099,0.8108961452230912,95.69238625135026,0.6343561064728472,4.649412620659896,223.21278303249193,-0.9049483977105394,0.08092359707565405,0.16869646936082988,0.25,22.5,-2.5,0.24143107660161314,5.116969536440282e-05,2025.0,2.0,4,0.16057504991643337,jaleel mclaughlin,1200.0,0.07692307692307693,0.08365197299335644
00-0033873,Patrick Mahomes,QB,KC,PHI,3.7437379870879623,6.027151267615642e-14,3.0135756338078245e-12,0.0,0.041264603349833597,0.0015444813349154117,0.9886788891899533,0.0,-0.0010115991909728514,-0.00040127965753127784,0.002003716886263288,0.000998611425769366,0.2546016064524751,0.0,2.917674999996771,30.5143070124766,0.4529343965261624,3.6965076547739565e-05,5.118529206536126e-05,0.06273384957103531,176.5036708780575,0.0006844598908499135,1.691143727589463,0.46604457731105203,110.19398904851985,0.702329463702063,-2.011459997098214,246.80905123068464,-1.4310730811972392,0.06771543220198144,0.019100338850259545,0.25,22.5,1.5,0.004862976955062701,0.0,2025.0,2.0,1,0.16024138367169163,patrick mahomes,390.0,0.20408163265306123,-0.043840248981369595
00-0039918,Caleb Williams,QB,CHI,DET,4.887941681884791,0.0,0.0,0.0,0.005157773065182307,0.0029708278509695692,0.9927494269477456,0.0,0.0,0.0,0.0,0.0,0.23924708049749,0.0,1.6816927073611214,34.39775187181828,0.30048932089617425,0.0,0.0,0.6908565608422284,248.79790137592812,0.21903000090648353,3.750454286197539,0.3744282175079347,94.86593767132996,0.6273693825462878,5.999693658499841,296.0898430981525,0.4808178760991659,0.35256559227227136,0.4453753956259393,0.6666666666666666,20.5,5.5,0.10655476312892055,0.0,2025.0,2.0,1,0.15959789025331023,caleb williams,475.0,0.17391304347826086,-0.014315153224950639
00-0037258,Dameon Pierce,RB,HOU,TB,6.037743511309714,0.0,0.0,0.00016756397694892242,0.2231684061143769,0.0016570170081301435,0.2276282193671995,-0.06341048970645986,-1.6868831828827857,-0.49003529435398285,0.14780167682112696,0.09459373138668732,0.20098139236421264,0.03001071643499817,0.5599791018344012,42.27597916303739,0.22327069933783256,0.029062820513371432,0.036943984750512145,0.16861482331828617,257.1706435669242,0.3121064119538574,2.950387595913393,0.07273722720929127,61.29553014124424,0.1473825237887609,7.551158312701071,289.35902159596225,-3.645788568092006,0.00013246537893566194,0.3907745552601453,0.0,22.5,-2.5,0.02962114484121686,0.009366537026691938,2025.0,2.0,2,0.15825430947817432,dameon pierce,700.0,0.125,0.033254309478174315
00-0038685,Chris Brooks,RB,GB,WAS,3.533213643548901,0.0,0.0,0.0,0.2159666545071262,0.029540244126006945,0.25190202323383476,-0.0872192446896208,-0.83412897752804,-0.6881206441326869,3.232820650991195,0.8032520596612301,0.11032935494198107,0.015147794084154476,0.4102599074076153,19.677724378107353,0.14770122063003477,0.04206868957861355,0.05906984071111666,0.14958266172828535,200.33758023888853,8.212742546839724e-05,3.081055440984674,0.3064649844880854,118.221777268278,0.8141185228345893,1.5049359626538208,251.93174949911918,-0.6974301175628789,0.1926883244372888,0.03681591475239495,0.6,26.0,-3.5,0.08982117147065873,1.2440493296570254e-06,2025.0,2.0,2,0.1574236535052204,chris brooks,600.0,0.14285714285714285,0.01456651064807754
00-0036980,Elijah Moore,WR,BUF,NYJ,0.33541649599091383,0.006468234960301198,0.28153622788009786,0.315506267782225,0.0,0.0,0.6040988376781219,0.6230370640952093,42.289060320288804,-3.1876101100485705,19.500492904658586,2.2095453081219416,6.7628967214409225e-06,1.5415414662451157e-09,0.13969195496931217,2.4352965013776497,0.017823374277431272,0.1144192818293505,0.27724835284091026,0.5510022331907173,233.14830172898846,0.0006935965692475608,3.2560657434060816,0.4519927187991029,97.60658943336585,0.6031733249975763,11.162330412064389,197.38763289877627,-1.642427115010782,0.40301247020980474,0.24958445323109793,0.7142857142857143,26.75,-7.0,0.0,8.493927904571515e-10,2025.0,2.0,4,0.15560871524616918,elijah moore,900.0,0.1,0.05560871524616917
00-0036626,Dyami Brown,WR,JAX,CIN,0.9325108164181573,0.000989429663827941,0.03231964412695298,0.5274741621099024,0.0,0.0,0.5731611565249187,1.494100441689253,37.267144124644,0.9316832022726789,34.79212944094112,2.9632855658380275,0.0,0.0,0.7002114223274031,4.474048801752639,0.004270070649948838,0.12587265723630603,0.29788586103790654,0.465091965761835,233.4271057105395,0.07204407639460027,2.4938202672384455,0.27680258225864446,91.29051809078298,0.8903342882204497,2.7281099034799396,226.82915365349749,-1.5150225017568677,0.3861811097480227,0.026978985177622164,0.4,23.25,3.0,0.0,0.0,2025.0,2.0,3,0.1553036616946256,dyami brown,360.0,0.21739130434782608,-0.06208764265320049
00-0039163,C.J. Stroud,QB,HOU,TB,2.908659598975825,0.0003905217965409106,0.012106175692768242,0.0,0.03681265669841772,0.0022889226304429046,0.8096238388191918,0.0,0.12105844361904455,-0.008793743928524179,0.0,3.313308637900027e-06,0.18807490071311792,0.001210617569276824,1.3926983515727476,15.930584974943743,0.0002029330107584341,0.0004175313879226406,0.0008013774793082432,0.16861482331828617,257.1706435669242,0.3121064119538574,2.950387595913393,0.07273722720929127,61.29553014124424,0.1473825237887609,7.551158312701071,289.35902159596225,-3.645788568092006,0.00013246537893566194,0.3907745552601453,0.0,22.5,-2.5,0.07349488568176464,0.0,2025.0,2.0,1,0.1541734460993523,cj stroud,390.0,0.20408163265306123,-0.04990818655370893
00-0034159,Will Dissly,TE,LAC,LV,0.0,0.007205911369378712,0.23470648110651096,0.11713311533875766,0.0,0.0,0.5490806833415034,2.497781470385041,12.44920213190156,1.3708327752531784,26.985204421880802,2.5330106746303755,0.0,0.0,0.0,0.0,0.24629208094904645,0.09601170648843635,0.17723985886466187,0.44820554819442754,270.62416080172613,0.054767076116199485,3.113031593971403,0.5633224474429777,95.87394966002783,0.40954236754657836,6.8161516234978405,270.37578768437396,-2.211050410292658,0.253085901330722,0.011220998807078213,0.4,25.0,-3.5,0.0,0.0,2025.0,2.0,1,0.15402844916536457,will dissly,350.0,0.2222222222222222,-0.06819377305685764
00-0039794,Braelon Allen,RB,NYJ,BUF,5.01018756078478,0.0,0.0,0.0,0.000998614073824911,0.18453763232480394,0.2659710183119762,2.5453585506430154,0.685098170658768,-0.12760294677085654,4.9319124959953555,0.831660082081344,0.26649122015948024,0.0003328713579416369,-0.953042575090637,14.402496496279785,0.3099760145441979,0.030571241830772047,0.048178149078630585,1.2464216784249194,242.72581743796871,0.08820550342241787,3.6048037652573353,0.9880569863458054,141.2389728630866,0.9383004556568503,10.898959027867818,217.11221186593897,-0.2602234062893032,0.10297012450895572,0.5127802277760151,0.6,19.75,7.0,0.2500488333041903,2.9361085702145937e-05,2025.0,2.0,2,0.1520183376249885,braelon allen,220.0,0.3125,-0.1604816623750115
00-0039921,Trey Benson,RB,ARI,CAR,5.495422706621168,0.0,0.0,0.0,0.32039871443775486,0.017820006277366053,0.2165835030980744,-1.0385126475727224,-1.6655277596590756,0.2044194215841022,4.388636456737437,0.5990249599471371,0.1265138878904153,0.0,0.37751751041740067,37.1546499921093,0.035640012554732106,0.020891452837102115,0.023517494342671287,0.524704625050906,241.7717231478533,0.11342029757946974,3.6841691507811745,1.1027215687547764,206.2120738509561,0.6118626149658869,9.296790797488706,259.71144283826516,7.892419603465722,0.39290640408432426,0.4014570764155553,0.6666666666666666,25.5,-6.5,0.07740911827413055,0.0,2025.0,2.0,2,0.15051515018683653,trey benson,265.0,0.273972602739726,-0.12345745255288948
00-0040170,Elic Ayomanor,WR,TEN,LA,0.0,0.0,0.0,0.0,0.0,0.0,0.79,0.0977443609022556,133.0,-2.982366712472867,13.0,2.0,0.0,0.0,0.0,0.0,0.0,0.28,0.7366666666666667,0.14326900120420225,230.11066071910327,0.050421422238516145,2.885024848042757,0.15687180865352707,113.62415740512846,0.08404053942405885,5.847400169601213,239.9420664356624,0.06067858170798979,0.006856476660897507,0.1518366166780195,0.0,18.0,5.5,0.0,0.0,2025.0,2.0,2,0.15022371295317735,elic ayomanor,400.0,0.2,-0.04977628704682266
00-0033857,JuJu Smith-Schuster,WR,KC,PHI,6.393182530880653e-07,0.0005482498441761835,0.018816500295099514,0.08405618709314369,0.0,4.6796022366454615e-08,0.6740585020338494,1.7798489496746919,16.607705034013346,1.1144215773087935,24.93142660696294,2.391948083596551,4.6796022366454615e-08,0.0,-6.642731859680423e-08,1.917954759264195e-06,0.08122769741759277,0.09142296793746993,0.19080230513707125,0.06273384957103531,176.5036708780575,0.0006844598908499135,1.691143727589463,0.46604457731105203,110.19398904851985,0.702329463702063,-2.011459997098214,246.80905123068464,-1.4310730811972392,0.06771543220198144,0.019100338850259545,0.25,22.5,1.5,0.0,0.0,2025.0,2.0,3,0.14794327315910585,juju smithschuster,310.0,0.24390243902439024,-0.09595916586528438
00-0039376,Spencer Rattler,QB,NO,SF,2.8023484727824477,0.0,0.0,0.0,0.1934465061192262,0.0,0.9480003124946974,0.0,0.0,0.0,0.0,0.0,0.10611746041943415,0.0,2.225324057966089,23.89795943445718,0.0,0.0,0.0,1.1463325355896448,201.92066870700515,0.013532669967677557,2.915492534488043,0.9717318397344884,127.81035230641143,1.1726976180968822,6.302397679863302,194.40086746396423,1.7631233052583506,0.38478136467249063,0.06199845235939472,0.2,19.0,4.5,0.006579118314314243,0.0,2025.0,2.0,1,0.14754955735133546,spencer rattler,475.0,0.17391304347826086,-0.026363486126925406
00-0038465,Malik Heath,WR,GB,WAS,0.0,0.016710982058362085,0.4700560271705818,0.3006995188362258,0.0,0.0,0.42455324812925194,1.082690956027842,22.34756013015902,1.8357048845518655,23.00933266414773,2.070283957858461,0.0,0.0,0.0,0.0,0.3699667376233149,0.10897092740049627,0.2339288854121217,0.14958266172828535,200.33758023888853,8.212742546839724e-05,3.081055440984674,0.3064649844880854,118.221777268278,0.8141185228345893,1.5049359626538208,251.93174949911918,-0.6974301175628789,0.1926883244372888,0.03681591475239495,0.6,26.0,-3.5,0.0,0.0,2025.0,2.0,6,0.14738480736559423,malik heath,1000.0,0.09090909090909091,0.056475716456503317
00-0029263,Russell Wilson,QB,NYG,DAL,5.447704112843666,0.0,0.0,0.0,0.00035667181018123756,0.103971276069166,0.9941603905900113,0.0,-3.8980443434410925e-07,-1.499335503873365e-07,3.8980443434410925e-07,3.8980443434410925e-07,0.33520771745845873,0.0,0.9209817188854122,29.954183662586882,0.15827419302963966,1.5592177373764357e-08,2.2427480483037817e-08,1.0031368385444652,208.73075169948606,0.0011713135149931163,2.221101039974721,0.9554980041395231,135.73519232971114,0.5201364142152343,7.66118033331901,214.38136207875053,4.12127257890187,0.2569171183161825,1.1219249885287708,0.0,19.5,5.5,0.37607791456433676,0.0,2025.0,2.0,1,0.14680359055826772,russell wilson,500.0,0.16666666666666666,-0.019863076108398936
00-0039875,Ray Davis,RB,BUF,NYJ,6.171673022422957,0.0,0.0,0.016284986954498492,0.2162841803292611,0.04212847786270235,0.2618563704808039,2.3244772849811195,-4.001062481269368,0.7101511499953658,4.53751105526576,1.1998356498215696,0.08352613663174406,0.1171958433048562,-0.9790317728940032,21.53799273081335,0.33733635388772315,0.04451319747982902,0.05662376827999917,0.5510022331907173,233.14830172898846,0.0006935965692475608,3.2560657434060816,0.4519927187991029,97.60658943336585,0.6031733249975763,11.162330412064389,197.38763289877627,-1.642427115010782,0.40301247020980474,0.24958445323109793,0.7142857142857143,26.75,-7.0,0.050380737556370916,8.128663484632298e-05,2025.0,2.0,2,0.14675090611628547,ray davis,500.0,0.16666666666666666,-0.01991576055038119
00-0039796,Rasheen Ali,RB,BAL,CLE,1.2762948078485774,0.0,0.0,0.0,0.0,0.0,0.06815892994964588,0.0,-1.1900026180057597,-0.18947936930249626,0.0,0.0,0.15512250793618412,0.0,-0.22837210454095028,4.045736900621182,0.0,0.01586670157341011,0.020887458539821362,0.4675979944533539,190.98291846926696,0.0004953671752989366,2.123075345032236,1.0714262351469712,113.31653586169848,0.9111041534002388,6.884763532200227,222.69789292646917,-2.8539464083108563,0.8055212143304694,0.19897083325649723,0.1428571428571428,28.5,-11.5,0.14133276126651886,0.0,2025.0,2.0,3,0.14532082202051272,rasheen ali,1400.0,0.06666666666666667,0.07865415535384605
00-0040719,Bhayshul Tuten,RB,JAX,CIN,3.0,0.0,0.0,0.0,0.0,0.0,0.06,0.0,0.0,0.0,0.0,0.0,0.2222222222222222,0.0,-0.9226908488199116,11.0,0.0,0.0,0.0,0.465091965761835,233.4271057105395,0.07204407639460027,2.4938202672384455,0.27680258225864446,91.29051809078298,0.8903342882204497,2.7281099034799396,226.82915365349749,-1.5150225017568677,0.3861811097480227,0.026978985177622164,0.4,23.25,3.0,0.1978520640489888,0.0,2025.0,2.0,2,0.1449774723947589,bhayshul tuten,255.0,0.28169014084507044,-0.13671266845031155
00-0034855,Baker Mayfield,QB,TB,HOU,4.501268747979402,0.0,0.0,0.0,0.58203965982464,0.0009648280304186722,0.9743689716249107,3.073796428845926e-11,1.2807485120191346e-10,4.5353565200920665e-11,1.8301619618850278e-09,2.5614970240382692e-11,0.04006660270523649,0.0,2.1130172858739686,34.835971731499015,0.027855264492891826,8.004678200119591e-13,1.6235903896468988e-12,0.16910304529586243,237.61080819405473,0.0001247302328478411,3.499316994733715,0.6269452489773762,110.47594626669894,0.6166157670313019,8.365365081221865,251.82053926656994,-5.337731771606251,0.6468716199154779,0.250957615435175,0.3333333333333333,20.0,2.5,0.01005501907349468,0.0,2025.0,2.0,1,0.14389947231511535,baker mayfield,600.0,0.14285714285714285,0.0010423294579725018
00-0038797,Emanuel Wilson,RB,GB,WAS,6.053234780561783,0.0,0.0,0.001424658364131038,0.2103995505769633,0.12680078588671456,0.2117411832055,-0.052768128126578835,-2.0958680730659442,-0.2743003701640166,0.0980820078118895,0.3544898343658967,0.11289411488508891,0.001695315480610505,0.9836654413408238,30.100626486596287,0.4735599579813866,0.013851578053877388,0.013964483303998299,0.14958266172828535,200.33758023888853,8.212742546839724e-05,3.081055440984674,0.3064649844880854,118.221777268278,0.8141185228345893,1.5049359626538208,251.93174949911918,-0.6974301175628789,0.1926883244372888,0.03681591475239495,0.6,26.0,-3.5,0.091909190046967,1.392318957792593e-07,2025.0,2.0,3,0.14302910820857098,emanuel wilson,800.0,0.1111111111111111,0.03191799709745988
00-0032392,Austin Hooper,TE,NE,MIA,0.0,0.0032263085102036825,0.114281205555828,0.24530477710928664,0.0,0.0,0.49774089185376846,2.0305509165717597,19.832194961572696,0.30132921620821307,26.607349550074673,2.782318532912451,0.0,0.0,0.0,0.0,0.0877505054909227,0.1166128660904324,0.23437105295420738,0.4354985575741741,252.61138208118254,0.0016809701866644605,3.0334584837549374,0.3489990407373956,117.60868695204101,0.10926999994697452,7.010226574227101,208.1952036798268,1.273298118150814,0.0010446008030858388,0.6001844569532085,0.3333333333333333,21.5,1.5,0.0,0.0,2025.0,2.0,2,0.1427065761688816,austin hooper,650.0,0.13333333333333333,0.009373242835548273
00-0038606,Parker Washington,WR,JAX,CIN,0.0,0.008005920835792817,0.1991890274564077,0.3371124455534754,0.0,0.0,0.6526422414300272,0.5519121041407866,34.93834192964488,1.1224388878382212,23.205718619537823,2.138824086475389,0.0,0.0,0.0,0.0,0.3929835983425724,0.0977468942379128,0.24262560397832375,0.465091965761835,233.4271057105395,0.07204407639460027,2.4938202672384455,0.27680258225864446,91.29051809078298,0.8903342882204497,2.7281099034799396,226.82915365349749,-1.5150225017568677,0.3861811097480227,0.026978985177622164,0.4,23.25,3.0,0.0,0.0,2025.0,2.0,4,0.14266652089819912,parker washington,700.0,0.125,0.017666520898199117
00-0032385,Sterling Shepard,WR,TB,HOU,0.2320655117631411,0.0031468061328653314,0.09823026988417925,0.27241312351183306,0.005933604182136765,0.0,0.5503778036887287,0.6836729285245587,46.56925550717518,0.7929723771187667,27.527397966693062,2.205523658820529,0.01437380243655494,0.003289334590096457,0.14957658891285605,2.691411468378995,0.004674217808112708,0.13070012448946755,0.30548191084191884,0.16910304529586243,237.61080819405473,0.0001247302328478411,3.499316994733715,0.6269452489773762,110.47594626669894,0.6166157670313019,8.365365081221865,251.82053926656994,-5.337731771606251,0.6468716199154779,0.250957615435175,0.3333333333333333,20.0,2.5,0.0,0.0005562364961823283,2025.0,2.0,5,0.14212258659289734,sterling shepard,475.0,0.17391304347826086,-0.03179045688536353
00-0038454,Keaton Mitchell,RB,BAL,CLE,5.394873851313129,0.0007670986112018668,0.017643268057642946,0.231879416718283,0.22847627978153168,0.0,0.20554482848457908,-0.6388922582825224,-1.5125508655153124,0.3396077197992318,9.2071562679867,0.5484970106460599,0.0407992879590404,0.0,-0.7009035325817545,20.927547393056916,0.029993555697993012,0.028076690949869698,0.036071958651061234,0.4675979944533539,190.98291846926696,0.0004953671752989366,2.123075345032236,1.0714262351469712,113.31653586169848,0.9111041534002388,6.884763532200227,222.69789292646917,-2.8539464083108563,0.8055212143304694,0.19897083325649723,0.1428571428571428,28.5,-11.5,0.03717240071525406,0.0,2025.0,2.0,4,0.14014391611370472,keaton mitchell,600.0,0.14285714285714285,-0.0027132267434381296
00-0033555,Mack Hollins,WR,NE,MIA,5.2603304777829386e-06,0.00475633124988041,0.12856898803372555,0.21777955129516857,0.0,0.0,0.6802536172942354,0.6954821121527727,27.500785715041808,1.4419422475497077,19.89431319866506,1.934128849558543,0.0,0.0,4.9764261871968536e-06,6.494034724586204e-05,0.10267536116599978,0.08646345290066001,0.19730047384653793,0.4354985575741741,252.61138208118254,0.0016809701866644605,3.0334584837549374,0.3489990407373956,117.60868695204101,0.10926999994697452,7.010226574227101,208.1952036798268,1.273298118150814,0.0010446008030858388,0.6001844569532085,0.3333333333333333,21.5,1.5,0.0,0.0,2025.0,2.0,4,0.1399760824934282,mack hollins,600.0,0.14285714285714285,-0.0028810603637146603
00-0039363,Isaac Guerendo,RB,SF,NO,4.972942409306486,0.0,0.0,0.29173867317490626,0.0781437664745988,0.11577684290422627,0.24347987810125113,0.010267569569093351,5.079903154889271,0.6705324866922505,15.140833882733354,1.2417622216086266,0.09642154528181685,0.0,-0.30431205830615227,20.300105987689097,0.13487083281158843,0.040421832893227976,0.07028157207783463,0.4214465833884481,211.8462031517832,0.004209894037916657,2.582192358756367,1.0954177498766107,155.03853986795474,0.6980823694545235,8.995693865132875,246.73827496278867,2.303212595469135,0.21429450384837068,0.0007421145026280422,0.4,23.5,-4.5,0.06731018079679733,0.0,2025.0,2.0,3,0.13945347719204343,isaac guerendo,475.0,0.17391304347826086,-0.034459566286217436
00-0036290,Cole Kmet,TE,CHI,DET,9.534676362291661e-05,0.0028341859432310986,0.11002364781524614,0.3676807625716872,0.0,4.1053177281069803e-05,0.9278555619803786,0.6719595582557543,22.745898421181707,-0.16060111602404709,16.48282686228926,1.4489964816446332,2.052659704280996e-05,2.7368800682381683e-05,6.72156988389468e-05,9.296925921870799e-05,0.11129391109536384,0.07617114309507776,0.17468516549227353,0.6908565608422284,248.79790137592812,0.21903000090648353,3.750454286197539,0.3744282175079347,94.86593767132996,0.6273693825462878,5.999693658499841,296.0898430981525,0.4808178760991659,0.35256559227227136,0.4453753956259393,0.6666666666666666,20.5,5.5,0.0,9.649297422365643e-06,2025.0,2.0,1,0.1393631932895661,cole kmet,550.0,0.15384615384615385,-0.014482960556587765
00-0040130,Jayden Higgins,WR,HOU,TB,0.0,0.0,0.0,1.0,0.0,0.0,0.43,0.6153846153846154,52.0,-2.727807557210326,32.0,2.0,0.0,0.0,0.0,0.0,0.0,0.1111111111111111,0.3782945736434108,0.16861482331828617,257.1706435669242,0.3121064119538574,2.950387595913393,0.07273722720929127,61.29553014124424,0.1473825237887609,7.551158312701071,289.35902159596225,-3.645788568092006,0.00013246537893566194,0.3907745552601453,0.0,22.5,-2.5,0.0,0.0,2025.0,2.0,3,0.13905942400674667,jayden higgins,340.0,0.22727272727272727,-0.08821330326598059
00-0033110,Tyler Higbee,TE,LA,TEN,6.347628414614721e-10,0.005144513002978288,0.16488830449706135,0.08420886793468826,0.0,0.0,0.5263352258488957,1.9173937173284261,8.258952278417096,1.4253703782201053,21.559283382173252,2.3837901551428877,0.0,0.0,-4.36743575766631e-10,6.347628414614721e-10,0.33048064070268934,0.0990042524265459,0.18132528884059185,0.8010545546222989,184.78090752679503,0.10537260420128523,2.146693655342376,0.9294946808416034,168.86497139446914,1.0538307798959183,4.0353168183888215,182.97348475560392,0.7180706328043575,0.04716080115093226,0.17113509819292433,0.6666666666666666,23.5,-5.5,0.0,0.0,2025.0,2.0,1,0.13761762602835012,tyler higbee,380.0,0.20833333333333334,-0.07071570730498322
00-0033375,Tim Patrick,WR,JAX,CIN,0.0,0.006839809816419548,0.30017213404657883,0.1122954557815808,0.0,0.0,0.6291334935141919,0.8776780121709487,22.43625193379603,0.6656925888290175,17.00260395336348,1.860843385038048,0.0,0.0,0.0,0.0,0.1758050448543491,0.06915615585986702,0.1706507045267966,0.465091965761835,233.4271057105395,0.07204407639460027,2.4938202672384455,0.27680258225864446,91.29051809078298,0.8903342882204497,2.7281099034799396,226.82915365349749,-1.5150225017568677,0.3861811097480227,0.026978985177622164,0.4,23.25,3.0,0.0,0.0,2025.0,2.0,5,0.1369443487409898,tim patrick,1100.0,0.08333333333333333,0.05361101540765646
00-0035537,Ty Johnson,RB,BUF,NYJ,2.746295076433839,0.0004749439870862306,0.015830506153334548,0.2675903186685892,1.8789428438548323e-05,0.002746865167985683,0.3115822641269113,3.5575987236277133,14.684858414446165,0.7443539574507079,13.285473942124696,0.917782817881124,0.04812097287008847,0.012479803903103064,0.4336347018976161,17.97973923905777,0.059898995268267224,0.05636168186063963,0.11759625894452606,0.5510022331907173,233.14830172898846,0.0006935965692475608,3.2560657434060816,0.4519927187991029,97.60658943336585,0.6031733249975763,11.162330412064389,197.38763289877627,-1.642427115010782,0.40301247020980474,0.24958445323109793,0.7142857142857143,26.75,-7.0,0.029025287208169423,8.655949172074603e-06,2025.0,2.0,3,0.1360144505556473,ty johnson,550.0,0.15384615384615385,-0.017831703290506568
00-0034115,Jeff Wilson,RB,MIA,NE,2.495559431192956,0.0003259558643772459,0.008474838385299069,1.3370292266230946e-07,0.0006046555761959289,0.01798156530456976,0.1631989936642055,0.17189110316514541,0.5863895197723431,0.04195537511010475,1.8386266237360962,0.3082966399061188,0.20182076030473778,3.162521830389686e-05,-1.2015936963262586,6.249613391209622,0.0008922759855993054,0.009155947384922966,0.015452237529636731,0.8184495305352072,244.70111896775256,0.367488014302481,3.943964933549361,0.5171682541030056,114.72671011908521,0.9414994351295548,10.623867891178463,301.3621771288041,-1.9870453266528632,0.010755896248803605,0.05123606778428315,1.0,23.0,-1.5,0.1900141318243279,1.1621888676381535e-05,0.0,0.0,4,0.135807722246573,jeff wilson,1000.0,0.09090909090909091,0.04489863133748209
00-0039424,Devaughn Vele,WR,NO,SF,0.0,0.018478020740849862,0.6852630148765937,0.32171438372872213,0.0,0.0,0.4425708052455075,0.935852367903531,27.906032946298613,2.4444218313639414,27.57868584712332,2.1802084728771414,0.0,0.0,0.0,0.0,0.33244914983970325,0.08864656596054069,0.22845660934144413,1.1463325355896448,201.92066870700515,0.013532669967677557,2.915492534488043,0.9717318397344884,127.81035230641143,1.1726976180968822,6.302397679863302,194.40086746396423,1.7631233052583506,0.38478136467249063,0.06199845235939472,0.2,19.0,4.5,0.0,0.0,2025.0,2.0,4,0.1356017646023612,devaughn vele,850.0,0.10526315789473684,0.030338606707624366
00-0037086,Grant Calcaterra,TE,PHI,KC,0.0,0.004911972230577509,0.10326174986875554,0.39733312598056386,0.0,0.0,0.6509820345137473,0.928545112494053,17.574388165004716,0.7884047321830909,17.690476545847705,1.5072020059196025,0.0,0.0,0.0,0.0,0.10291971748620934,0.09045014924141226,0.19566253446161588,0.9424079166995631,272.04583517510366,0.00045946351488580426,3.8602038897797524,0.7022681936053197,124.37903850063104,0.40265158865101447,12.62860606019557,273.5092160604203,1.5044216518793243,0.009355091421036694,0.1731410791146898,1.0,24.0,-1.5,0.0,0.0,2025.0,2.0,2,0.13440097904584827,grant calcaterra,475.0,0.17391304347826086,-0.03951206443241259
00-0038738,Hunter Luepke,RB,DAL,NYG,1.115635724403838,0.0,0.0,0.004153181831989518,0.0,0.07509816927935747,0.27855309716902865,0.5438238377470239,1.4906372222675583,-0.222225765259853,1.4677090089720706,0.3889382808533625,0.03741548326202219,0.0,0.5611394795362844,4.899498773394763,0.00016759586744764498,0.022341379201467934,0.037900871402113845,0.4121602894751032,252.70105874148618,8.917603324793508e-11,2.1911288128992448,0.7040755017059136,142.9967914483915,1.0013047708431217,10.520427437582372,268.7162907698592,-1.340289978354449,0.36775592652954914,0.0410623441599691,0.6666666666666666,25.0,-5.5,0.03746430189366379,0.0,0.0,0.0,4,0.13409634621163988,hunter luepke,950.0,0.09523809523809523,0.038858250973544645
00-0035535,Darius Slayton,WR,NYG,DAL,0.12019440566080296,0.005359487579137796,0.207911248193179,0.35437795938467964,0.0,0.0,0.8706786989667499,0.40378499738142903,28.796826819564387,-0.24727115106850897,13.16179655903409,0.6978164951309364,0.05490888060081023,1.0762770120758246e-12,0.05032982689367197,0.8076383986448838,0.15276309014290376,0.06917919090633182,0.20193618889535078,1.0031368385444652,208.73075169948606,0.0011713135149931163,2.221101039974721,0.9554980041395231,135.73519232971114,0.5201364142152343,7.66118033331901,214.38136207875053,4.12127257890187,0.2569171183161825,1.1219249885287708,0.0,19.5,5.5,0.0,1.0796531192918259e-12,2025.0,2.0,3,0.13319348484865498,darius slayton,390.0,0.20408163265306123,-0.07088814780440625
00-0040715,Cam Skattebo,RB,NYG,DAL,2.0,0.0,0.0,0.0,0.0,1.0,0.12,12.0,1.0,-0.1069615560118109,12.0,2.0,0.3333333333333333,0.0,-2.1997760449303314,-3.0,0.0,0.0625,0.0968473451327433,1.0031368385444652,208.73075169948606,0.0011713135149931163,2.221101039974721,0.9554980041395231,135.73519232971114,0.5201364142152343,7.66118033331901,214.38136207875053,4.12127257890187,0.2569171183161825,1.1219249885287708,0.0,19.5,5.5,0.1733788047384114,0.0,2025.0,2.0,3,0.13264782228976416,cam skattebo,350.0,0.2222222222222222,-0.08957439993245805
00-0034386,Justin Watson,WR,HOU,TB,0.0,0.007774087747718433,0.3134206145872383,0.1496171891492374,0.0,0.0,0.6155386377040603,0.9019983432204463,33.70153349931714,1.2329904144952128,20.702221611661116,1.36251984857989,0.0,0.0,0.0,0.0,0.19819453924350522,0.08244905521678418,0.24772594769220513,0.16861482331828617,257.1706435669242,0.3121064119538574,2.950387595913393,0.07273722720929127,61.29553014124424,0.1473825237887609,7.551158312701071,289.35902159596225,-3.645788568092006,0.00013246537893566194,0.3907745552601453,0.0,22.5,-2.5,0.0,0.0,2025.0,2.0,6,0.13263623743846406,justin watson,500.0,0.16666666666666666,-0.0340304292282026
00-0036328,Antonio Gibson,RB,NE,MIA,7.053648116054485,5.672245132449493e-09,1.8718408937083335e-07,0.07419496434617001,0.2229337623610566,0.12914885760655262,0.36668108069579075,-2.4551281846474784,12.522478371405139,-0.43474834530266904,8.299632765180343,1.2993463109234866,0.12549685034324856,0.07219110633515345,-1.4980032668856755,29.647967765888207,0.05073220884894895,0.07533412914329561,0.14342548512148268,0.4354985575741741,252.61138208118254,0.0016809701866644605,3.0334584837549374,0.3489990407373956,117.60868695204101,0.10926999994697452,7.010226574227101,208.1952036798268,1.273298118150814,0.0010446008030858388,0.6001844569532085,0.3333333333333333,21.5,1.5,0.01371304083035224,0.00012135109749171682,2025.0,2.0,3,0.13257796475795505,antonio gibson,1100.0,0.08333333333333333,0.049244631424621724
00-0038551,Kendre Miller,RB,NO,SF,5.848335073806265,0.0,0.0,0.02338498559690059,0.0,0.0062187494939103805,0.2332359273925651,-0.26076268098471794,-0.0519013080895134,0.3515341153636072,7.033639669045022,0.6725185861791751,0.14815525311023145,0.0,-0.9167773657454774,21.5437327171396,0.09739685796293457,0.0289178787237119,0.04323128085024885,1.1463325355896448,201.92066870700515,0.013532669967677557,2.915492534488043,0.9717318397344884,127.81035230641143,1.1726976180968822,6.302397679863302,194.40086746396423,1.7631233052583506,0.38478136467249063,0.06199845235939472,0.2,19.0,4.5,0.17374131243090912,0.0,2025.0,2.0,2,0.13250168366242782,kendre miller,700.0,0.125,0.007501683662427816
00-0033526,Samaje Perine,RB,CIN,JAX,0.6916892841510743,0.00026712676868742314,0.011380927782219403,0.197135920461819,5.756997703732537e-05,0.002236900789720946,0.26391887137213277,5.18708866014518,1.7674226921245515,1.5713598226085825,17.083544059551873,1.7420605794833837,0.0135256217757798,9.364645187772206e-07,-0.22576311663674398,2.9903732229586546,0.010567126853184658,0.0655073905950486,0.1049916951628857,0.5333674371264814,219.98878537808878,0.016081706300817324,2.904290977853633,0.6805112794549838,134.69586148135113,0.6385834716025526,0.5644825735044232,285.7516003432199,1.2350580411988035,0.08154540646564994,0.013264880679409672,0.6666666666666666,26.25,-3.0,0.008637238509160547,1.505994735211149e-08,2025.0,2.0,2,0.13172434071741387,samaje perine,650.0,0.13333333333333333,-0.0016089926159194579
00-0037801,KaVontae Turpin,WR,DAL,NYG,1.7092430699437255,0.006174480830561307,0.18796665350733766,0.2754614367897289,0.00012405643510647523,0.0,0.4114195915245379,1.4160263729549112,25.788619386731874,0.8461753798462713,24.69109901264904,1.8144788462329853,0.034300429829865565,6.957894435331392e-07,0.38922095801418266,10.382626752980348,0.0188162875156764,0.09171474431034556,0.21441421474609312,0.4121602894751032,252.70105874148618,8.917603324793508e-11,2.1911288128992448,0.7040755017059136,142.9967914483915,1.0013047708431217,10.520427437582372,268.7162907698592,-1.340289978354449,0.36775592652954914,0.0410623441599691,0.6666666666666666,25.0,-5.5,0.0,2.867767784603396e-07,2025.0,2.0,4,0.13162244710197168,kavontae turpin,475.0,0.17391304347826086,-0.04229059637628918
00-0040466,Raheim Sanders,RB,CLE,BAL,3.0,0.0,0.0,0.0,0.0,0.5,0.04,0.0,0.0,0.0,0.0,0.0,0.3333333333333333,0.0,3.384374301356729,3.0,1.0,0.0,0.0,0.4351776778013054,258.52060081509967,0.011863962700014124,3.5560361051246887,0.06445284706514243,86.38509736552987,0.48549478573967364,1.5153719030410835,297.6770296301311,-2.2630191008767317,0.36773542794514424,0.6871597168724971,0.6666666666666666,17.0,11.5,0.16183159524655788,0.0,2025.0,2.0,4,0.13125296556549101,raheim sanders,1500.0,0.0625,0.06875296556549101
00-0037617,Hassan Haskins,RB,LAC,LV,4.023812308123456,0.0,0.0,0.10290676224645039,0.0,0.1545342538608873,0.1961554454864978,1.7079797491698248,0.9098226413986892,0.5535636302093905,5.579960792180788,0.36793420349872535,0.15086177259821137,0.0,-0.041355265015821936,11.818765740192468,0.3376284763647831,0.011156294807894826,0.01894436491954646,0.44820554819442754,270.62416080172613,0.054767076116199485,3.113031593971403,0.5633224474429777,95.87394966002783,0.40954236754657836,6.8161516234978405,270.37578768437396,-2.211050410292658,0.253085901330722,0.011220998807078213,0.4,25.0,-3.5,0.06178428752214501,0.0,2025.0,2.0,3,0.13120142226454404,hassan haskins,800.0,0.1111111111111111,0.020090311153432933
00-0032398,Chris Moore,WR,WAS,GB,0.043120028634312045,4.606124467796283e-05,0.0016653250301615686,0.6302431450406535,0.017294406776777415,0.0,0.5463087698527167,0.8514950712321744,40.313876887471096,1.5445650406609241,29.380523017224846,1.6342179990802266,0.0,0.0,0.030296238834744284,0.6802265595579184,7.340064019728376e-05,0.0903071244236069,0.26814704246095816,0.3397801905024674,226.46899479939498,0.051119025299657554,2.0441659648450545,0.15650573004388632,69.75291394390375,0.39602253080404703,5.381726484482363,184.1605112179014,-4.159325235953752,0.010662719513389336,0.00847685686547293,0.75,22.5,3.5,0.0,0.0,0.0,0.0,4,0.13069208304410695,chris moore,1300.0,0.07142857142857142,0.05926351161553553
00-0039066,Michael Mayer,TE,LV,LAC,0.0,3.693043103488486e-05,0.0009971216379418921,0.05083475784797162,0.0,0.0,0.6887568851029235,1.5857081323672846,16.649966112866394,1.5762959595564083,23.210629182588978,2.783252185827756,0.0,0.0,0.0,0.0,0.005150064736408751,0.09732677272754525,0.18272311622771065,0.13642636869146324,227.58640237865163,0.1029012824458648,2.9612112037370526,0.3831027575721404,99.88995559332275,0.16549785234625566,3.387112380640221,252.25445123749932,1.3753355967034695,0.32502045024904325,0.3307899025923469,0.5,21.5,3.5,0.0,0.0,2025.0,2.0,2,0.12999333238071636,michael mayer,245.0,0.2898550724637681,-0.15986174008305176
00-0037005,Tommy Tremble,TE,CAR,ARI,1.387751322324986e-07,0.007020438445590668,0.24569176419622674,0.06560211312492906,0.0,1.8883882987753705e-09,0.6121357669960937,1.2082294978485724,12.477570816853154,1.3758595502308595,18.7697504015383,1.8928196681622687,2.877290970372408e-08,2.303917552984146e-08,3.1656785448784166e-08,5.438797256586717e-07,0.2831067002471526,0.07676145430743761,0.1457929637281795,0.545003518897085,230.10046490190405,0.21898341755047857,2.690734288707201,0.8122734692619176,123.41843553410261,0.7798215578936298,5.083626480078469,245.85335449697806,0.9594887319967952,0.0005119237840502647,0.3886488174231979,0.0,19.0,6.5,0.0,1.1794301918634701e-11,2025.0,2.0,2,0.12966277961832273,tommy tremble,600.0,0.14285714285714285,-0.013194363238820117
00-0039851,Drake Maye,QB,NE,MIA,3.751481033264071,0.0,0.0,0.0,0.07514280000723383,0.024173953329097685,0.7625175464617105,0.0,-2.4163885043662834,-0.4015228811355728,0.6040971260915708,0.3020485630457854,0.028318618924541756,0.0,-0.6580601282215747,19.042547658961254,0.0810539842929381,0.006712190289906335,0.005276580185407956,0.4354985575741741,252.61138208118254,0.0016809701866644605,3.0334584837549374,0.3489990407373956,117.60868695204101,0.10926999994697452,7.010226574227101,208.1952036798268,1.273298118150814,0.0010446008030858388,0.6001844569532085,0.3333333333333333,21.5,1.5,0.01699639492089095,0.0,2025.0,2.0,1,0.1296160132581616,drake maye,400.0,0.2,-0.0703839867418384
00-0037263,Tyler Allgeier,RB,ATL,MIN,8.60013280355378,0.0,0.0,0.0003564457051661933,0.07804278003135233,0.07632444593269955,0.2241468831461072,0.5276292511049517,-0.029410029803786864,0.2331253673678072,4.876400857405213,0.6091444161531483,0.13111425656899783,0.0005234103289528995,-0.5206368403252143,32.50881959829889,0.06729186199746386,0.01779120402936689,0.024463951041440585,0.5068168416886427,233.67864666606908,0.21001400351147714,2.3821896317607685,0.47591796408112597,121.62520180300125,1.0607669679293457,2.5287524575130136,257.2040240762518,-0.15474741519064023,0.001522376560316811,0.3124633556111655,0.3333333333333333,20.0,4.5,0.13908167239300612,0.00010992349866265765,2025.0,2.0,2,0.12874011772442578,tyler allgeier,330.0,0.23255813953488372,-0.10381802181045793
00-0026498,Matthew Stafford,QB,LA,TEN,3.720435420739637,0.0,0.0,0.0,0.0,0.2029021202195142,0.9999755496063661,0.0,7.841317420543065e-10,6.0520486519924286e-05,0.0,0.0,0.17899871930507583,1.0455089894057423e-11,-1.5231893025259058,4.6553241452187795,1.6235086811441532e-06,1.2446535588163597e-12,3.444256830862513e-12,0.8010545546222989,184.78090752679503,0.10537260420128523,2.146693655342376,0.9294946808416034,168.86497139446914,1.0538307798959183,4.0353168183888215,182.97348475560392,0.7180706328043575,0.04716080115093226,0.17113509819292433,0.6666666666666666,23.5,-5.5,0.03063296340468185,0.0,2025.0,2.0,1,0.12847500503498066,matthew stafford,1700.0,0.05555555555555555,0.07291944947942511
00-0039868,Troy Franklin,WR,DEN,IND,0.01265608554715901,0.0031356285175882874,0.10354209117139511,0.0989368941067936,0.0,0.0,0.44228566115922,0.4657484065448914,31.77234818250205,-1.0651993648238258,22.65455419078475,2.4290185800985977,0.0,0.0,-0.001740050857378559,0.04629239344430646,0.02892596678550888,0.11170990413381637,0.266331545027622,1.0215084986795735,213.11450473434897,0.025332258529641685,2.437460040205099,0.8108961452230912,95.69238625135026,0.6343561064728472,4.649412620659896,223.21278303249193,-0.9049483977105394,0.08092359707565405,0.16869646936082988,0.25,22.5,-2.5,0.0,0.0,2025.0,2.0,2,0.12833932105793222,troy franklin,330.0,0.23255813953488372,-0.1042188184769515
00-0039738,Blake Corum,RB,LA,TEN,2.797472933754105,0.0,0.0,0.0,0.0,0.04410481136950781,0.15236250477527516,-0.5475662092281338,-0.44612168733734764,0.27845935403353067,8.109845975080683,0.694607519989704,0.03389007359650698,0.0,-1.023537393044346,7.939616951970272,0.0,0.025514967629541224,0.03684320077976436,0.8010545546222989,184.78090752679503,0.10537260420128523,2.146693655342376,0.9294946808416034,168.86497139446914,1.0538307798959183,4.0353168183888215,182.97348475560392,0.7180706328043575,0.04716080115093226,0.17113509819292433,0.6666666666666666,23.5,-5.5,0.035714402688937025,0.0,2025.0,2.0,2,0.12820469457195552,blake corum,500.0,0.16666666666666666,-0.03846197209471114
00-0035249,Josh Oliver,TE,MIN,ATL,0.0,0.0023834954704057346,0.07930610239132534,0.18401871853482799,0.0,0.0,0.49430272757178945,0.7392333475329571,8.691193374361179,0.2595032499719272,12.707711259813122,1.2949768815544158,0.0,0.0,0.0,0.0,0.05105290076862759,0.05925014687245554,0.10684215710711176,0.6924773655312295,221.92943755027446,0.21607751857160476,2.46051786615991,0.731939766875378,120.97742704816346,0.4419947995205356,9.715887350230378,276.5188566712339,1.9419026495488445,0.528826897925098,0.42563771276571377,0.5,24.5,-4.5,0.0,0.0,2025.0,2.0,2,0.1281239976948798,josh oliver,650.0,0.13333333333333333,-0.005209335638453522
00-0036427,Tyler Johnson,WR,NYJ,BUF,0.0,0.012935700343071755,0.4005800344667044,0.5932763866344168,0.0,0.0,0.4509849211654419,1.1120561121238726,20.66582505781229,0.6554920222146317,24.274558204608397,2.1669838142542406,0.0,0.0,0.0,0.0,0.2141539333253881,0.10230779306909024,0.2228207193791724,1.2464216784249194,242.72581743796871,0.08820550342241787,3.6048037652573353,0.9880569863458054,141.2389728630866,0.9383004556568503,10.898959027867818,217.11221186593897,-0.2602234062893032,0.10297012450895572,0.5127802277760151,0.6,19.75,7.0,0.0,0.0,2025.0,2.0,3,0.12789381197066893,tyler johnson,750.0,0.11764705882352941,0.01024675314713952
00-0040736,Mason Taylor,TE,NYJ,BUF,0.0,0.0,0.0,1.0,0.0,0.0,0.88,1.1111111111111112,18.0,1.4617584267398342,20.0,1.0,0.0,0.0,0.0,0.0,0.0,0.0476190476190476,0.1459847844463229,1.2464216784249194,242.72581743796871,0.08820550342241787,3.6048037652573353,0.9880569863458054,141.2389728630866,0.9383004556568503,10.898959027867818,217.11221186593897,-0.2602234062893032,0.10297012450895572,0.5127802277760151,0.6,19.75,7.0,0.0,0.0,2025.0,2.0,1,0.12759554382691485,mason taylor,550.0,0.15384615384615385,-0.026250610019239007
00-0040730,RJ Harvey,RB,DEN,IND,6.0,0.0,0.0,0.0,1.0,0.0,0.29,0.5,-2.0,-0.7962830399628729,-1.0,1.0,0.0,0.0,2.755651300831232,70.0,0.0,0.027027027027027,0.0339677705874889,1.0215084986795735,213.11450473434897,0.025332258529641685,2.437460040205099,0.8108961452230912,95.69238625135026,0.6343561064728472,4.649412620659896,223.21278303249193,-0.9049483977105394,0.08092359707565405,0.16869646936082988,0.25,22.5,-2.5,0.0,0.0,2025.0,2.0,2,0.1269145338845381,rj harvey,200.0,0.3333333333333333,-0.2064187994487952
00-0035631,Drew Sample,TE,CIN,JAX,0.024706290106684584,0.0004434469034769621,0.017294432239228157,0.00016756915534369576,0.0,0.008235430035561528,0.6595144035438104,1.115863786577493,0.9343052780137514,0.05897916282627081,6.960104692599005,1.4817647269320613,0.004117715017780764,0.0,-0.03655174793126447,-0.09882516042673833,0.017950763779215607,0.04959078105185311,0.07621051109075323,0.5333674371264814,219.98878537808878,0.016081706300817324,2.904290977853633,0.6805112794549838,134.69586148135113,0.6385834716025526,0.5644825735044232,285.7516003432199,1.2350580411988035,0.08154540646564994,0.013264880679409672,0.6666666666666666,26.25,-3.0,0.0,0.0,2025.0,2.0,3,0.12690985144603475,drew sample,1100.0,0.08333333333333333,0.043576518112701426
00-0035689,Dawson Knox,TE,BUF,NYJ,0.0,0.0005089731112786121,0.014902862398998375,0.239660487551604,0.0,0.0,0.5918566329862907,2.548983903177999,17.53804730967482,0.7299526758781911,20.959672479925967,1.748562320634323,0.0,0.0,0.0,7.640166913547451e-07,0.007543199098216754,0.07620751415814606,0.1681197971237367,0.5510022331907173,233.14830172898846,0.0006935965692475608,3.2560657434060816,0.4519927187991029,97.60658943336585,0.6031733249975763,11.162330412064389,197.38763289877627,-1.642427115010782,0.40301247020980474,0.24958445323109793,0.7142857142857143,26.75,-7.0,0.0,0.0,2025.0,2.0,2,0.12591631337366874,dawson knox,600.0,0.14285714285714285,-0.016940829483474112
00-0039050,Payne Durham,TE,TB,HOU,0.0,0.011209467637100852,0.35870296438722726,0.21052656994026875,0.0,0.0,0.5264259354055374,0.6053161487635739,14.896430242991467,1.4992756101117677,13.64793185884877,1.3370420616757335,0.0,0.0,0.0,0.0,0.35870296438722726,0.04766486813856299,0.10778736265111546,0.16910304529586243,237.61080819405473,0.0001247302328478411,3.499316994733715,0.6269452489773762,110.47594626669894,0.6166157670313019,8.365365081221865,251.82053926656994,-5.337731771606251,0.6468716199154779,0.250957615435175,0.3333333333333333,20.0,2.5,0.0,0.0,2025.0,2.0,2,0.12584302233216393,payne durham,900.0,0.1,0.02584302233216393
00-0036355,Justin Herbert,QB,LAC,LV,4.96703087790943,0.0,0.0,0.0,0.2509282845582248,0.04297442773755102,0.977862261908188,0.0,-0.0002009353414989062,4.951750970557303e-05,0.00027977517789303023,2.8685948368275306e-05,0.06283820787550044,3.7012410577698574e-10,0.9327187676232815,26.3289517382525,0.036838852025501426,7.772102125244035e-07,6.165758302301224e-07,0.44820554819442754,270.62416080172613,0.054767076116199485,3.113031593971403,0.5633224474429777,95.87394966002783,0.40954236754657836,6.8161516234978405,270.37578768437396,-2.211050410292658,0.253085901330722,0.011220998807078213,0.4,25.0,-3.5,0.0007051074556099232,0.0,2025.0,2.0,1,0.12559850541825057,justin herbert,475.0,0.17391304347826086,-0.04831453806001029
00-0035250,Devin Singletary,RB,NYG,DAL,4.969663471914679,0.0,0.0,0.003365954272329656,0.005782409583974845,0.0631524752962558,0.24179895657060052,0.9330226201153835,-2.037354603915037,-0.5027284464464079,2.0499307874239276,0.6934021016498912,0.06062377096148283,0.0002889902653696601,-0.21197491166420654,16.7847989475387,0.10305626158266186,0.025716698912861106,0.028066462848649304,1.0031368385444652,208.73075169948606,0.0011713135149931163,2.221101039974721,0.9554980041395231,135.73519232971114,0.5201364142152343,7.66118033331901,214.38136207875053,4.12127257890187,0.2569171183161825,1.1219249885287708,0.0,19.5,5.5,0.03153263084411132,3.3849820352893e-07,2025.0,2.0,2,0.12492929126609123,devin singletary,500.0,0.16666666666666666,-0.04173737540057543
00-0038492,Jason Brownlee,WR,KC,PHI,0.0,0.00924634006744279,0.3606072626302694,0.176697558688832,0.0,0.0,0.6032447441491471,0.4788503840467347,14.028055245032634,-0.7660605293983567,7.668674047095309,0.6502470159749016,0.0,0.0,0.0,0.0,0.12368829108218239,0.04460097406904035,0.12263877549603323,0.06273384957103531,176.5036708780575,0.0006844598908499135,1.691143727589463,0.46604457731105203,110.19398904851985,0.702329463702063,-2.011459997098214,246.80905123068464,-1.4310730811972392,0.06771543220198144,0.019100338850259545,0.25,22.5,1.5,0.0,0.0,2025.0,2.0,6,0.12487769568550437,jason brownlee,1000.0,0.09090909090909091,0.03396860477641346
00-0039793,AJ Barner,TE,SEA,PIT,0.3010003122478361,0.01123371535719097,0.3581903715749249,0.012146448307326462,0.0,0.0,0.5758881895355659,1.7500020827504938,7.787085735235895,0.36817521257069596,13.45063256489632,2.2062664984755487,0.04300004460683371,0.0,0.07005357076728043,0.6020006244956722,0.4116958562930078,0.1029376055626222,0.18076013783593664,0.867780842439905,253.09425709844461,2.3197365767972263e-06,2.9614401751978017,0.4398507521716309,127.44435202645248,0.6065002112444519,10.934958092529019,201.28228361027212,0.30021855433940964,0.1550487634571874,0.6967362912465139,0.3333333333333333,18.75,3.0,0.0,0.0,2025.0,2.0,1,0.12471993833768637,aj barner,450.0,0.18181818181818182,-0.057098243480495456
00-0036754,Brock Wright,TE,DET,CHI,0.0,0.007305235798511531,0.28204483425451743,0.0015154410404729969,0.0,0.0,0.5093721799536611,0.9322344257629149,6.316300691674828,0.33445403589196193,5.887876202011065,0.628578919976813,0.0,0.0,0.0,0.0,0.10901448537306858,0.029710808066673887,0.06456447422522368,0.7456196997423483,206.36426383462063,0.30035108449076076,2.7926749820755967,0.6992329491302557,139.9232564318287,0.8873329906339923,3.467208176817725,169.55931417923966,0.6337952334640193,0.10360350152420324,0.31763831460173486,0.25,26.0,-5.5,0.0,0.0,2025.0,2.0,2,0.12352243277523689,brock wright,1000.0,0.09090909090909091,0.03261334186614598
00-0036415,Van Jefferson,WR,TEN,LA,2.8321556275249536e-05,0.0038392025140832437,0.10280831166804488,0.24488081195394568,0.0,0.0,0.6381709808472145,0.6231377585538094,21.955591665623892,-0.32892569919944176,14.856853345589311,1.5970142223225485,0.0,0.0,-4.849288842847771e-06,0.00011424082002712867,0.08050842493036973,0.09213481287103953,0.20805387107399403,0.14326900120420225,230.11066071910327,0.050421422238516145,2.885024848042757,0.15687180865352707,113.62415740512846,0.08404053942405885,5.847400169601213,239.9420664356624,0.06067858170798979,0.006856476660897507,0.1518366166780195,0.0,18.0,5.5,0.0,0.0,2025.0,2.0,5,0.12345934676623653,van jefferson,1400.0,0.06666666666666667,0.056792680099569864
00-0040667,Matthew Golden,WR,GB,WAS,0.0,0.0,0.0,0.0,0.0,0.0,0.48,1.6,10.0,2.0906518566189334,16.0,2.0,0.0,0.0,0.0,0.0,0.0,0.0909090909090909,0.1640316205533596,0.14958266172828535,200.33758023888853,8.212742546839724e-05,3.081055440984674,0.3064649844880854,118.221777268278,0.8141185228345893,1.5049359626538208,251.93174949911918,-0.6974301175628789,0.1926883244372888,0.03681591475239495,0.6,26.0,-3.5,0.0,0.0,2025.0,2.0,2,0.12319795421861068,matthew golden,240.0,0.29411764705882354,-0.17091969284021286
00-0038679,Tyrell Shavers,WR,BUF,NYJ,0.0,0.0,0.0,1.0,0.0,0.0,0.14,0.0,-2.0,7.094042852520943,69.0,1.0,0.0,0.0,0.0,0.0,1.0,0.037037037037037,0.0486928104575163,0.5510022331907173,233.14830172898846,0.0006935965692475608,3.2560657434060816,0.4519927187991029,97.60658943336585,0.6031733249975763,11.162330412064389,197.38763289877627,-1.642427115010782,0.40301247020980474,0.24958445323109793,0.7142857142857143,26.75,-7.0,0.0,0.0,2025.0,2.0,5,0.12271500262612495,tyrell shavers,1200.0,0.07692307692307693,0.04579192570304802
00-0033943,Josh Reynolds,WR,NYJ,BUF,7.707707326571895e-09,0.010123263591884854,0.3113581383742086,0.11554461499859929,0.0,0.0,0.6437415689257573,0.4504454426450746,25.03001276138604,0.018050265531614273,13.874980731838274,1.2409860572961005,1.2846178877619828e-09,0.0,1.0395527115764248e-09,3.853853663285949e-08,0.07662823133659047,0.09374270201292557,0.22280984866813167,1.2464216784249194,242.72581743796871,0.08820550342241787,3.6048037652573353,0.9880569863458054,141.2389728630866,0.9383004556568503,10.898959027867818,217.11221186593897,-0.2602234062893032,0.10297012450895572,0.5127802277760151,0.6,19.75,7.0,0.0,0.0,2025.0,2.0,2,0.1226466491292039,josh reynolds,500.0,0.16666666666666666,-0.04402001753746276
00-0037614,John Metchie III,WR,PHI,KC,0.004152943098466858,0.0061495357893240205,0.19899310612573548,0.2469627861357287,0.0,0.0,0.41273992277247346,0.5096285143182722,27.450191112600724,-0.2707751108389456,18.81857489211374,1.8470608844217005,0.004152943098466858,0.0006921571830778095,-0.0012201665680719447,0.016611772393867432,0.024709603727416308,0.10583056152641505,0.2393710117848654,0.9424079166995631,272.04583517510366,0.00045946351488580426,3.8602038897797524,0.7022681936053197,124.37903850063104,0.40265158865101447,12.62860606019557,273.5092160604203,1.5044216518793243,0.009355091421036694,0.1731410791146898,1.0,24.0,-1.5,0.0,0.0006522944089329966,2025.0,2.0,4,0.12243021575118374,john metchie,1600.0,0.058823529411764705,0.06360668633941903
00-0036971,Trevor Lawrence,QB,JAX,CIN,3.185103654678517,0.0,0.0,0.0,0.01266810087183761,0.11363561415801277,0.8389453684862633,0.0,0.0,0.0,-0.12353145004392967,0.0,0.16506128269960466,0.0,0.7179159641739795,10.166059807863855,0.2530344887277528,0.0,0.0,0.465091965761835,233.4271057105395,0.07204407639460027,2.4938202672384455,0.27680258225864446,91.29051809078298,0.8903342882204497,2.7281099034799396,226.82915365349749,-1.5150225017568677,0.3861811097480227,0.026978985177622164,0.4,23.25,3.0,0.004453185899351936,0.0,2025.0,2.0,1,0.12194489558619141,trevor lawrence,450.0,0.18181818181818182,-0.05987328623199041
00-0038705,Emari Demercado,RB,ARI,CAR,1.1354155182556895,5.2370698027779334e-06,0.00016758623368889387,0.004331519651700932,0.05557782744542162,0.00016758623368889387,0.12508640832147913,-0.49723015787541613,-1.517415715696117,-0.7002603351955292,5.494512179867182,1.2166025509442393,0.0001256896752666704,0.0,0.3568468181866335,9.136520111057257,0.05159247058064367,0.040771766794153605,0.05376381166940674,0.524704625050906,241.7717231478533,0.11342029757946974,3.6841691507811745,1.1027215687547764,206.2120738509561,0.6118626149658869,9.296790797488706,259.71144283826516,7.892419603465722,0.39290640408432426,0.4014570764155553,0.6666666666666666,25.5,-6.5,7.690481338287811e-05,0.0,2025.0,2.0,3,0.12181079110323217,emari demercado,650.0,0.13333333333333333,-0.011522542230101157
00-0033589,David Moore,WR,CAR,ARI,0.10296886965474673,0.006829710838462833,0.2032284578641495,0.1279938645313231,0.0,0.0205800131028946,0.4937209889612312,0.4426231258777352,30.24726526158576,0.8871381470571574,15.497094586313017,1.2433721899028893,0.012864209097637977,0.01715398395375697,-0.13857945794486123,0.0004120708252118431,0.3379846633746347,0.07792443782893504,0.19316569501669947,0.545003518897085,230.10046490190405,0.21898341755047857,2.690734288707201,0.8122734692619176,123.41843553410261,0.7798215578936298,5.083626480078469,245.85335449697806,0.9594887319967952,0.0005119237840502647,0.3886488174231979,0.0,19.0,6.5,0.0,0.009348981617901679,2025.0,2.0,5,0.12160468988650662,david moore,950.0,0.09523809523809523,0.026366594648411387
00-0037594,Julius Chestnut,RB,TEN,LA,1.7227718891622386,0.0,0.0,0.001425405816587892,0.0,0.3087205926273849,0.14621654851481206,-0.04798444159889357,0.5621313243247743,-0.6776453307754375,0.2282014559268288,0.061345523064854725,0.16885466604332935,0.0,-0.49752492524601255,6.475300405320296,0.0,0.007208791375951775,0.012182755109457882,0.14326900120420225,230.11066071910327,0.050421422238516145,2.885024848042757,0.15687180865352707,113.62415740512846,0.08404053942405885,5.847400169601213,239.9420664356624,0.06067858170798979,0.006856476660897507,0.1518366166780195,0.0,18.0,5.5,0.014190637218550713,0.0,2025.0,2.0,2,0.12124374884175143,julius chestnut,750.0,0.11764705882352941,0.0035966900182220207
00-0040179,DJ Giddens,RB,IND,DEN,12.0,0.0,0.0,0.0,0.0,0.2,0.25,0.0,0.0,0.0,0.0,0.0,0.1333333333333333,0.0,0.9831280038342812,41.0,0.0,0.0,0.0,0.5693479670941345,211.97516669016215,0.12003545457602516,2.335966342551629,0.32634104913165396,79.43195136018002,0.2381951878830902,3.811986231599921,256.2849705314297,-5.627129127366398,0.0034820305030786097,0.21979661121237762,0.3333333333333333,20.0,2.5,0.03175935838441202,0.0,2025.0,2.0,2,0.11984698397360483,dj giddens,700.0,0.125,-0.005153016026395174
00-0040692,Jarquez Hunter,RB,LA,TEN,0.0,0.0,0.0,0.0,0.0,0.0,0.0,0.0,0.0,0.0,0.0,0.0,0.0,0.0,0.0,0.0,0.0,0.0,0.0,0.8010545546222989,184.78090752679503,0.10537260420128523,2.146693655342376,0.9294946808416034,168.86497139446914,1.0538307798959183,4.0353168183888215,182.97348475560392,0.7180706328043575,0.04716080115093226,0.17113509819292433,0.6666666666666666,23.5,-5.5,0.0,0.0,2025.0,2.0,3,0.11954303955152588,jarquez hunter,650.0,0.13333333333333333,-0.013790293781807447
00-0039021,Roschon Johnson,RB,CHI,DET,2.656927397041854,0.0,0.0,0.002523309366753758,0.0010251975158064293,0.12534515130048923,0.2634821372681515,-0.31379357275519354,-2.21535420828738,0.21888606439043928,6.884772719573332,1.7666581382868796,0.09868641884513357,0.00625197804943678,-0.8192916772345352,5.3043790300225515,0.15621320922356333,0.0729777819012897,0.09534817325541368,0.6908565608422284,248.79790137592812,0.21903000090648353,3.750454286197539,0.3744282175079347,94.86593767132996,0.6273693825462878,5.999693658499841,296.0898430981525,0.4808178760991659,0.35256559227227136,0.4453753956259393,0.6666666666666666,20.5,5.5,0.06191283765657579,0.0013693707578354532,2025.0,2.0,3,0.11943517223201693,roschon johnson,390.0,0.20408163265306123,-0.0846464604210443
00-0039746,Will Shipley,RB,PHI,KC,3.77002599011738,0.0,0.0,0.0,0.3020485630457854,0.0,0.1502747286674947,1.0571699706602486,1.4800379589243486,0.4861707353428759,7.400189794621742,0.8457359765281991,0.08683496110515097,0.052858498533012443,-0.3353639718156775,16.946143832429716,0.0,0.020627706744590225,0.03477869556594846,0.9424079166995631,272.04583517510366,0.00045946351488580426,3.8602038897797524,0.7022681936053197,124.37903850063104,0.40265158865101447,12.62860606019557,273.5092160604203,1.5044216518793243,0.009355091421036694,0.1731410791146898,1.0,24.0,-1.5,0.03496423503943809,2.4286551527564024e-05,2025.0,2.0,2,0.11907617469077808,will shipley,400.0,0.2,-0.08092382530922193
00-0036442,Joe Burrow,QB,CIN,JAX,1.9789345128394509,0.0,0.0,0.0,0.004320572303646047,0.07456223198353715,0.9971220195304642,0.0,0.0,0.0,0.0,0.0,0.019000617424528174,0.0,0.17321019700347257,7.871839508663189,0.15115807424632094,0.0,0.0,0.5333674371264814,219.98878537808878,0.016081706300817324,2.904290977853633,0.6805112794549838,134.69586148135113,0.6385834716025526,0.5644825735044232,285.7516003432199,1.2350580411988035,0.08154540646564994,0.013264880679409672,0.6666666666666666,26.25,-3.0,0.0002520409229714785,0.0,2025.0,2.0,1,0.11869393647419926,joe burrow,700.0,0.125,-0.006306063525800737
00-0039356,Ja'Tavion Sanders,TE,CAR,ARI,0.0,0.0014164954294258267,0.03541238573564565,0.331515643205338,0.0,0.0,0.5502322115228311,0.9112306179907248,28.583050131279276,0.9297344098981126,22.602848513765423,1.8677812472987452,0.0,0.0,0.0,0.0,0.03541238573564565,0.08975967666284995,0.2076815285629412,0.545003518897085,230.10046490190405,0.21898341755047857,2.690734288707201,0.8122734692619176,123.41843553410261,0.7798215578936298,5.083626480078469,245.85335449697806,0.9594887319967952,0.0005119237840502647,0.3886488174231979,0.0,19.0,6.5,0.0,0.0,2025.0,2.0,1,0.11816077466110676,jatavion sanders,270.0,0.2702702702702703,-0.15210949560916354
00-0035500,Greg Dortch,WR,ARI,CAR,0.42109599314327756,0.00023031446981198529,0.0060278970963474525,0.28266992170937955,7.992960327634698e-07,1.3370292138323044e-07,0.2906060538887479,2.884460791547596,1.1110674107784149,1.4543525891253133,19.0904439055811,2.1163074063151313,0.009091526050317244,0.00013957830881422466,0.2143931887323415,2.940822391730531,0.21625354044902015,0.06648191392732089,0.10139901833217227,0.524704625050906,241.7717231478533,0.11342029757946974,3.6841691507811745,1.1027215687547764,206.2120738509561,0.6118626149658869,9.296790797488706,259.71144283826516,7.892419603465722,0.39290640408432426,0.4014570764155553,0.6666666666666666,25.5,-6.5,0.0,7.323738419160732e-05,2025.0,2.0,4,0.1179648580160927,greg dortch,750.0,0.11764705882352941,0.00031779919256329225
00-0039074,Davis Allen,TE,LA,TEN,0.0,0.012696970872778988,0.40275409986247884,0.0041721939075073,0.0,0.0,0.343714356534704,0.3283259663606438,16.700045667674942,0.03018727593818682,7.376613052295078,0.809037763729583,0.0,0.0,0.0,0.0,0.30560325641778235,0.050737954748325126,0.12805057257554878,0.8010545546222989,184.78090752679503,0.10537260420128523,2.146693655342376,0.9294946808416034,168.86497139446914,1.0538307798959183,4.0353168183888215,182.97348475560392,0.7180706328043575,0.04716080115093226,0.17113509819292433,0.6666666666666666,23.5,-5.5,0.0,0.0,2025.0,2.0,3,0.11790548296429465,davis allen,800.0,0.1111111111111111,0.006794371853183545
00-0036422,Adam Trautman,TE,DEN,IND,0.0,0.0035314225693674726,0.11827321479679608,0.03954755672093506,0.0,0.0,0.5199057596563976,1.5138956148287173,8.43768346521207,0.011763862241475583,7.6943620007889,1.0203898308794639,0.0,0.0,0.0,0.0,0.11577462759000404,0.04914529639005253,0.101220339390083,1.0215084986795735,213.11450473434897,0.025332258529641685,2.437460040205099,0.8108961452230912,95.69238625135026,0.6343561064728472,4.649412620659896,223.21278303249193,-0.9049483977105394,0.08092359707565405,0.16869646936082988,0.25,22.5,-2.5,0.0,0.0,2025.0,2.0,2,0.11779194648305354,adam trautman,295.0,0.25316455696202533,-0.1353726104789718
00-0039798,Isaiah Davis,RB,NYJ,BUF,3.127762173128632,0.0013016744100283351,0.050765301991105134,0.0355357113937736,0.21143399413204977,0.0,0.17464353278648495,-0.15272247085293153,0.138967720141814,0.2722332155318215,3.8688621457290546,0.4968411946173132,0.08910254126608869,0.012691325497776284,0.6670970624114779,24.562256804372943,0.08630101338487878,0.0185075312565368,0.026547556886856793,1.2464216784249194,242.72581743796871,0.08820550342241787,3.6048037652573353,0.9880569863458054,141.2389728630866,0.9383004556568503,10.898959027867818,217.11221186593897,-0.2602234062893032,0.10297012450895572,0.5127802277760151,0.6,19.75,7.0,0.08360495507015432,0.001119444754629125,2025.0,2.0,3,0.11735518182112424,isaiah davis,1200.0,0.07692307692307693,0.040432104898047314
00-0038040,Zamir White,RB,LV,LAC,5.602827570136048,0.0,0.0,0.0,0.018042935080278828,0.10780272456248655,0.22418915766193304,-0.35063866589215564,-1.0896235003822197,-0.02365536493419914,1.8833060221845679,0.25091243027717863,0.13728371744218948,0.0005888419765672841,-2.3696884085975025,14.81667228540945,0.1511535547274823,0.010872301377522278,0.013133399130833754,0.13642636869146324,227.58640237865163,0.1029012824458648,2.9612112037370526,0.3831027575721404,99.88995559332275,0.16549785234625566,3.387112380640221,252.25445123749932,1.3753355967034695,0.32502045024904325,0.3307899025923469,0.5,21.5,3.5,0.022720160398792558,6.05925945467314e-05,2025.0,2.0,2,0.11709729465698394,zamir white,450.0,0.18181818181818182,-0.06472088716119788
00-0034869,Sam Darnold,QB,SEA,PIT,2.9104621206477277,0.0,0.0,0.0,3.89538706830927e-06,0.05916974524668468,0.9967356350295381,0.0,0.0,0.0,0.0,0.0,0.024767779958328087,0.0,0.12622581151444834,9.169420423739663,0.017792206097399624,0.0,0.0,0.867780842439905,253.09425709844461,2.3197365767972263e-06,2.9614401751978017,0.4398507521716309,127.44435202645248,0.6065002112444519,10.934958092529019,201.28228361027212,0.30021855433940964,0.1550487634571874,0.6967362912465139,0.3333333333333333,18.75,3.0,0.01725661115057525,0.0,2025.0,2.0,1,0.1170889614192957,sam darnold,800.0,0.1111111111111111,0.005977850308184596
00-0037475,Stone Smartt,TE,NYJ,BUF,0.0,6.450006751241708e-05,0.002421720326233088,0.39576614684662725,0.0,0.0,0.39266923280302934,1.3389804471854396,24.99324883265689,1.3025790366062822,29.785719779847195,2.4683901336666447,0.0,0.0,0.0,0.0,0.001424541368372404,0.08518287123447443,0.18834644057708375,1.2464216784249194,242.72581743796871,0.08820550342241787,3.6048037652573353,0.9880569863458054,141.2389728630866,0.9383004556568503,10.898959027867818,217.11221186593897,-0.2602234062893032,0.10297012450895572,0.5127802277760151,0.6,19.75,7.0,0.0,0.0,2025.0,2.0,3,0.11707295808429012,stone smartt,1600.0,0.058823529411764705,0.058249428672525416
00-0038618,Xavier Hutchinson,WR,HOU,TB,0.30095737157395297,0.009094551818032983,0.2594296277337054,0.3002591075341702,0.0,2.052790944248452e-05,0.6321711430216127,0.8041434150294677,23.362559940160487,-0.6582187572404556,15.80375799490151,1.3979779879928191,7.800490428472273e-05,0.0,0.13467827985146144,1.508029429687823,0.0,0.07330996058831557,0.18064568341676276,0.16861482331828617,257.1706435669242,0.3121064119538574,2.950387595913393,0.07273722720929127,61.29553014124424,0.1473825237887609,7.551158312701071,289.35902159596225,-3.645788568092006,0.00013246537893566194,0.3907745552601453,0.0,22.5,-2.5,0.0,0.0,2025.0,2.0,5,0.11696602210713758,xavier hutchinson,400.0,0.2,-0.08303397789286243
00-0033854,Dare Ogunbowale,RB,HOU,TB,1.5336944498932785,0.0006305507256240966,0.020201073314674033,0.007059706928893427,0.07203000091558996,8.072853935204483e-06,0.24597253974330163,1.5763817715884936,3.6571583533220817,-1.4946827179846955,12.294699508432057,1.2472503467047529,0.02826153991071336,0.0023107958767393274,-0.6665869676672149,6.914958746886683,0.0029101427020636634,0.06005883343551821,0.10501274112056719,0.16861482331828617,257.1706435669242,0.3121064119538574,2.950387595913393,0.07273722720929127,61.29553014124424,0.1473825237887609,7.551158312701071,289.35902159596225,-3.645788568092006,0.00013246537893566194,0.3907745552601453,0.0,22.5,-2.5,0.004165257078197727,0.0007212142098468796,2025.0,2.0,3,0.11687832417882264,dare ogunbowale,600.0,0.14285714285714285,-0.025978818678320206
00-0036849,Tutu Atwell,WR,LA,TEN,0.0558557424415092,9.560723237050677e-06,0.0003027783314975087,0.373606830978111,1.9713709432619783e-05,0.0010380965781766405,0.3919591123665465,0.796812202882924,30.12489875983845,0.40480766251682615,19.681232725954157,2.1751332102581333,0.0009552103865894346,0.0010388696775769867,-0.0582858485927845,0.026606440870800156,0.00014937068036646698,0.09936642683475921,0.2593579106866497,0.8010545546222989,184.78090752679503,0.10537260420128523,2.146693655342376,0.9294946808416034,168.86497139446914,1.0538307798959183,4.0353168183888215,182.97348475560392,0.7180706328043575,0.04716080115093226,0.17113509819292433,0.6666666666666666,23.5,-5.5,0.0,0.0008321912868820443,2025.0,2.0,3,0.11686911853375699,tutu atwell,475.0,0.17391304347826086,-0.057043924944503874
00-0033955,Jeremy McNichols,RB,WAS,GB,2.981285641061543,4.34424593494166e-06,0.00011729464024342492,6.758986349387115e-05,0.007059190704198477,0.1560869866537951,0.24184082713444344,1.1382578234856096,2.5498985270675814,0.05804473240760187,3.3198587420009567,1.1506899693950303,0.08764827008054552,0.021114170923260633,0.07109375142949363,14.321590881516684,0.03178077195782089,0.04316170283860662,0.07149981875893309,0.3397801905024674,226.46899479939498,0.051119025299657554,2.0441659648450545,0.15650573004388632,69.75291394390375,0.39602253080404703,5.381726484482363,184.1605112179014,-4.159325235953752,0.010662719513389336,0.00847685686547293,0.75,22.5,3.5,0.03471068973789427,0.0010793358376074542,2025.0,2.0,3,0.11675847353552354,jeremy mcnichols,1000.0,0.09090909090909091,0.025849382626432632
00-0036637,Noah Gray,TE,KC,PHI,0.21001973649122205,0.004333110038589046,0.16855373948546915,0.1059456220501989,0.0,7.490483320746101e-09,0.4097668349990546,0.7552538788172468,8.346937789048534,0.2908219552582666,10.796823243009971,1.4950161533813524,3.94523857542528e-06,0.0,-0.31166493160617964,-0.8399802650639471,0.11420807467063893,0.056192118685845935,0.10429402960755745,0.06273384957103531,176.5036708780575,0.0006844598908499135,1.691143727589463,0.46604457731105203,110.19398904851985,0.702329463702063,-2.011459997098214,246.80905123068464,-1.4310730811972392,0.06771543220198144,0.019100338850259545,0.25,22.5,1.5,0.0,0.0,2025.0,2.0,2,0.11662342337932052,noah gray,500.0,0.16666666666666666,-0.050043243287346134
00-0040586,Jaydon Blue,RB,DAL,NYG,0.0,0.0,0.0,0.0,0.0,0.0,0.0,0.0,0.0,0.0,0.0,0.0,0.0,0.0,0.0,0.0,0.0,0.0,0.0,0.4121602894751032,252.70105874148618,8.917603324793508e-11,2.1911288128992448,0.7040755017059136,142.9967914483915,1.0013047708431217,10.520427437582372,268.7162907698592,-1.340289978354449,0.36775592652954914,0.0410623441599691,0.6666666666666666,25.0,-5.5,0.0,0.0,2025.0,2.0,3,0.11645611718589428,jaydon blue,400.0,0.2,-0.08354388281410573
00-0035567,Craig Reynolds,RB,DET,CHI,3.4714113719852806,0.0,0.0,0.1481623458432937,6.896996616879817e-05,0.002343217376706968,0.15018664644233984,2.4120771461750334,-1.8095891152851182,-0.916897640949114,5.733623364856646,0.4033818006921475,0.020185698007890555,0.0,-0.6093856551073942,16.32053341559607,0.0006978969373984601,0.025426513834661744,0.03064649647578486,0.7456196997423483,206.36426383462063,0.30035108449076076,2.7926749820755967,0.6992329491302557,139.9232564318287,0.8873329906339923,3.467208176817725,169.55931417923966,0.6337952334640193,0.10360350152420324,0.31763831460173486,0.25,26.0,-5.5,0.017911435781376148,0.0,2025.0,2.0,3,0.11638141114351662,craig reynolds,1700.0,0.05555555555555555,0.06082585558796107
00-0036244,Colby Parkinson,TE,LA,TEN,0.0,0.003612982592684034,0.10125391445970758,0.007631890553927447,0.0,0.0,0.43012111792177776,0.47835308008182464,4.943650243752294,-1.967936634719564,3.3538461454689874,1.1678735832614917,0.0,0.0,0.0,0.0,0.01780628517189091,0.06032025484329224,0.10673097653468852,0.8010545546222989,184.78090752679503,0.10537260420128523,2.146693655342376,0.9294946808416034,168.86497139446914,1.0538307798959183,4.0353168183888215,182.97348475560392,0.7180706328043575,0.04716080115093226,0.17113509819292433,0.6666666666666666,23.5,-5.5,0.0,0.0,2025.0,2.0,2,0.11626003735882678,colby parkinson,800.0,0.1111111111111111,0.005148926247715679
00-0040236,Kyle Monangai,RB,CHI,DET,0.0,0.0,0.0,0.0,0.0,0.0,0.13,2.2,5.0,1.068297045538202,11.0,1.0,0.0,0.0,0.0,0.0,0.0,0.0294117647058823,0.057425631849698,0.6908565608422284,248.79790137592812,0.21903000090648353,3.750454286197539,0.3744282175079347,94.86593767132996,0.6273693825462878,5.999693658499841,296.0898430981525,0.4808178760991659,0.35256559227227136,0.4453753956259393,0.6666666666666666,20.5,5.5,0.0,0.0,2025.0,2.0,2,0.11608878728246722,kyle monangai,370.0,0.2127659574468085,-0.0966771701643413
00-0038824,Ryan Miller,WR,TB,HOU,0.0,0.01234382281083693,0.4291226425300205,0.22856240430686192,0.0,0.0,0.3377828129310622,0.8371622255033443,20.61141222000887,0.33448316753619467,10.27162071068853,1.020127353931347,0.0,0.0,0.0,0.0,0.176697558688832,0.058640257363812925,0.1418520792677376,0.16910304529586243,237.61080819405473,0.0001247302328478411,3.499316994733715,0.6269452489773762,110.47594626669894,0.6166157670313019,8.365365081221865,251.82053926656994,-5.337731771606251,0.6468716199154779,0.250957615435175,0.3333333333333333,20.0,2.5,0.0,0.0,2025.0,2.0,6,0.11572765019245523,ryan miller,1200.0,0.07692307692307693,0.038804573269378306
00-0033891,Zay Jones,WR,ARI,CAR,0.000569287399383915,0.0008187151085753585,0.03707367358144839,0.24526754031791548,0.0,4.829858638727259e-06,0.4604497869976288,1.0846927902113355,27.89608455516762,0.06902191453884214,18.663869497551932,1.9020306841215717,6.490492122564614e-06,2.634468348396686e-06,-0.0004134913498700764,-0.0007904337350068172,0.004921965057801273,0.07307504483756923,0.18616787567429466,0.524704625050906,241.7717231478533,0.11342029757946974,3.6841691507811745,1.1027215687547764,206.2120738509561,0.6118626149658869,9.296790797488706,259.71144283826516,7.892419603465722,0.39290640408432426,0.4014570764155553,0.6666666666666666,25.5,-6.5,0.0,1.3823177269539628e-06,2025.0,2.0,3,0.11563756904733355,zay jones,600.0,0.14285714285714285,-0.0272195738098093
00-0032211,Tyler Lockett,WR,TEN,LA,6.420520202252133e-09,0.0030804979566476103,0.09991912621876459,0.10974283888484379,0.0,0.0,0.6234973705085044,0.5844495328781096,31.529574272230473,0.0769407145801334,15.684472920604438,1.4547145143841236,0.0,0.0,-9.477805533620944e-10,2.6059758467964523e-08,0.01679358776442889,0.09280994605147835,0.24788101341032837,0.14326900120420225,230.11066071910327,0.050421422238516145,2.885024848042757,0.15687180865352707,113.62415740512846,0.08404053942405885,5.847400169601213,239.9420664356624,0.06067858170798979,0.006856476660897507,0.1518366166780195,0.0,18.0,5.5,0.0,0.0,2025.0,2.0,3,0.11559204501494537,tyler lockett,750.0,0.11764705882352941,-0.0020550138085840414
00-0036534,Shane Zylstra,TE,DET,CHI,0.0,0.005773024242910503,0.2346216946416846,0.30293510828593617,0.0,0.0,0.30720521838950143,1.1297170959444232,6.966195382639675,0.3632206041353972,10.411530767942196,0.9442583503631228,0.0,0.0,0.0,0.0,0.08495924380572635,0.03821463377691202,0.07727408009449208,0.7456196997423483,206.36426383462063,0.30035108449076076,2.7926749820755967,0.6992329491302557,139.9232564318287,0.8873329906339923,3.467208176817725,169.55931417923966,0.6337952334640193,0.10360350152420324,0.31763831460173486,0.25,26.0,-5.5,0.0,0.0,2025.0,2.0,3,0.11553695423256716,shane zylstra,2800.0,0.034482758620689655,0.0810541956118775
00-0038611,Chris Rodriguez Jr.,RB,WAS,GB,3.6384619657614348,0.0,0.0,0.0,0.07227017497070544,0.10009785149488958,0.1272302586915772,2.4356905181589013,0.1313640801906315,0.2438423823894964,2.7316821113394365,0.24144064825902717,0.10624120386950592,0.0,0.5463337881419527,16.13149198881781,0.3077590635591426,0.006936360746509431,0.010732131046545405,0.3397801905024674,226.46899479939498,0.051119025299657554,2.0441659648450545,0.15650573004388632,69.75291394390375,0.39602253080404703,5.381726484482363,184.1605112179014,-4.159325235953752,0.010662719513389336,0.00847685686547293,0.75,22.5,3.5,0.04207391043207045,0.0,2025.0,2.0,4,0.11547240236412319,chris rodriguez,425.0,0.19047619047619047,-0.07500378811206727
00-0037085,Tyler Badie,RB,DEN,IND,2.0529732068803863,0.009015181565756735,0.3606072626302694,0.08658180375752766,0.176697558688832,0.0,0.13698171721178465,0.27358872341022283,4.112834012477012,-2.2342308712566012,7.0853557390645845,1.436334787782626,0.0,0.0,0.17694857190805244,14.347841765533158,0.08658180375752766,0.08635452667402468,0.14446645780971182,1.0215084986795735,213.11450473434897,0.025332258529641685,2.437460040205099,0.8108961452230912,95.69238625135026,0.6343561064728472,4.649412620659896,223.21278303249193,-0.9049483977105394,0.08092359707565405,0.16869646936082988,0.25,22.5,-2.5,0.0,0.0,2025.0,2.0,3,0.1151364526988243,tyler badie,900.0,0.1,0.015136452698824299
00-0039874,Jaylen Wright,RB,MIA,NE,4.292066478156464,0.0,0.0,0.0,0.008557167014391177,0.0,0.1417388149309541,-0.054498025980639936,-0.9021551494362458,-0.2947189646944986,1.0360986573595588,0.36961112561967074,0.022273191499128958,0.0,-2.5858004074834318,6.927185441406565,0.0,0.014979167743943094,0.020427542884128357,0.8184495305352072,244.70111896775256,0.367488014302481,3.943964933549361,0.5171682541030056,114.72671011908521,0.9414994351295548,10.623867891178463,301.3621771288041,-1.9870453266528632,0.010755896248803605,0.05123606778428315,1.0,23.0,-1.5,0.020970197214962315,0.0,2025.0,2.0,2,0.11513005675612814,jaylen wright,500.0,0.16666666666666666,-0.05153660991053852
00-0036630,Tylan Wallace,WR,BAL,CLE,0.0,0.0,0.0,0.049412847407289066,0.0,0.0,0.3907957206621036,0.6257083711062116,4.006700778186866,0.06665997787385736,6.229736684450843,0.5695028792911775,0.0,0.0,0.0,0.0,0.024706423703644533,0.03100454822933405,0.05655967579789952,0.4675979944533539,190.98291846926696,0.0004953671752989366,2.123075345032236,1.0714262351469712,113.31653586169848,0.9111041534002388,6.884763532200227,222.69789292646917,-2.8539464083108563,0.8055212143304694,0.19897083325649723,0.1428571428571428,28.5,-11.5,0.0,0.0,2025.0,2.0,4,0.11490065450489272,tylan wallace,1300.0,0.07142857142857142,0.04347208307632129
00-0039394,Casey Washington,WR,ATL,MIN,0.0,0.0,0.0,0.0,0.0,0.0,0.4657534246575343,1.1963470319634704,56.42465753424657,1.3947865897454705,18.200913242009133,1.593607305936073,0.0,0.0,0.0,0.0,0.0,0.08246857762682036,0.26733413626490204,0.5068168416886427,233.67864666606908,0.21001400351147714,2.3821896317607685,0.47591796408112597,121.62520180300125,1.0607669679293457,2.5287524575130136,257.2040240762518,-0.15474741519064023,0.001522376560316811,0.3124633556111655,0.3333333333333333,20.0,4.5,0.0,0.0,2025.0,2.0,4,0.11485976065382844,casey washington,800.0,0.1111111111111111,0.003748649542717336
00-0036590,Quintin Morris,TE,JAX,CIN,0.0,0.008942793094655451,0.26258016152271746,0.0006982815642412934,0.0,0.0,0.3900439111703455,0.766445830538219,10.719005129972244,0.10614159395961846,7.334237920032251,1.0287814821483294,0.0,0.0,0.0,0.0,0.04328552639929199,0.05383494856859153,0.11608744248967996,0.465091965761835,233.4271057105395,0.07204407639460027,2.4938202672384455,0.27680258225864446,91.29051809078298,0.8903342882204497,2.7281099034799396,226.82915365349749,-1.5150225017568677,0.3861811097480227,0.026978985177622164,0.4,23.25,3.0,0.0,0.0,0.0,0.0,4,0.11469795350194621,quintin morris,1300.0,0.07142857142857142,0.04326938207337479
00-0034983,Hunter Renfrow,WR,CAR,ARI,4.8278603123750243e-05,4.301306479445433e-05,0.0015403381692558817,0.15582061244160372,0.0,0.0,0.45309217493182147,0.8656883063283942,27.77677372671428,-0.9528649071819779,14.721115683798253,1.6344872665766998,0.0,0.0,-4.915433220159524e-05,-0.00013489529646378262,0.0022245380807463153,0.11645952672058167,0.2531450632397553,0.545003518897085,230.10046490190405,0.21898341755047857,2.690734288707201,0.8122734692619176,123.41843553410261,0.7798215578936298,5.083626480078469,245.85335449697806,0.9594887319967952,0.0005119237840502647,0.3886488174231979,0.0,19.0,6.5,0.0,0.0,2025.0,2.0,3,0.11437967570711616,hunter renfrow,425.0,0.19047619047619047,-0.07609651476907431
00-0037277,Teagan Quitoriano,TE,ATL,MIN,0.0,0.0032867669710523024,0.10066532847259632,0.5205029191697708,0.0,0.0,0.4290343471130307,2.425772626188572,15.70154337978902,0.8794552429106066,18.193322288559816,0.8928607689017863,0.0,0.0,0.0,0.0,0.06434465947057712,0.0435957094687797,0.10076126157070682,0.5068168416886427,233.67864666606908,0.21001400351147714,2.3821896317607685,0.47591796408112597,121.62520180300125,1.0607669679293457,2.5287524575130136,257.2040240762518,-0.15474741519064023,0.001522376560316811,0.3124633556111655,0.3333333333333333,20.0,4.5,0.0,0.0,2025.0,2.0,3,0.11432826849612882,teagan quitoriano,2500.0,0.038461538461538464,0.07586673003459035
00-0031687,Raheem Mostert,RB,LV,LAC,4.274743321312863,2.414929331756939e-07,9.659717327027755e-06,0.02477816014473616,0.1484961207146528,0.05140432439630323,0.2436791579451523,0.5012652637915509,0.5617686698595886,0.022735589281932693,9.547186571549636,1.3446857833651915,0.10428216575594566,0.0011464572660274295,-1.9430423664186018,10.27791430347131,0.02104868924901472,0.04659257868887285,0.07167207239661151,0.13642636869146324,227.58640237865163,0.1029012824458648,2.9612112037370526,0.3831027575721404,99.88995559332275,0.16549785234625566,3.387112380640221,252.25445123749932,1.3753355967034695,0.32502045024904325,0.3307899025923469,0.5,21.5,3.5,0.017258474470625253,0.00011797192294360248,2025.0,2.0,4,0.11293136706945718,raheem mostert,1000.0,0.09090909090909091,0.02202227616036627
00-0038547,Luke Schoonmaker,TE,DAL,NYG,0.0,0.0012412315830347845,0.0421049873395585,0.09530847152003435,0.0,0.0,0.3674802970956192,1.2663364074090024,13.540145548431862,0.29924595308357166,10.711659448742852,1.264139452225898,0.0,0.0,0.0,0.0,0.036054901121023636,0.050441401117763844,0.108304716115395,0.4121602894751032,252.70105874148618,8.917603324793508e-11,2.1911288128992448,0.7040755017059136,142.9967914483915,1.0013047708431217,10.520427437582372,268.7162907698592,-1.340289978354449,0.36775592652954914,0.0410623441599691,0.6666666666666666,25.0,-5.5,0.0,0.0,2025.0,2.0,2,0.11270360109025152,luke schoonmaker,850.0,0.10526315789473684,0.007440443195514679
00-0038809,Ben Sims,TE,GB,WAS,0.0,0.009012774688543832,0.25242508384118856,0.10589116327119301,0.0,0.0,0.34179757224885926,1.2023570050922054,7.684195925749077,0.14986030950180354,5.61000525431026,0.8124756101277256,0.0,0.0,0.0,0.0,0.0363206690020192,0.04216041079337784,0.08589915476145121,0.14958266172828535,200.33758023888853,8.212742546839724e-05,3.081055440984674,0.3064649844880854,118.221777268278,0.8141185228345893,1.5049359626538208,251.93174949911918,-0.6974301175628789,0.1926883244372888,0.03681591475239495,0.6,26.0,-3.5,0.0,0.0,2025.0,2.0,4,0.11267524754156727,ben sims,1700.0,0.05555555555555555,0.05711969198601172
00-0038046,Charlie Kolar,TE,BAL,CLE,0.03532288493040767,0.0011186500351595646,0.04160184213722403,0.05263109854630741,0.0,0.0,0.3393043140351581,1.7626494090577858,4.528196403319268,0.4347812087179027,7.61178886862459,0.7990581166670614,0.0,0.0,0.06071673148158489,0.07064576986081535,0.041259602200661286,0.035160297359997796,0.06543280691246398,0.4675979944533539,190.98291846926696,0.0004953671752989366,2.123075345032236,1.0714262351469712,113.31653586169848,0.9111041534002388,6.884763532200227,222.69789292646917,-2.8539464083108563,0.8055212143304694,0.19897083325649723,0.1428571428571428,28.5,-11.5,0.0,0.0,2025.0,2.0,3,0.11173076161681529,charlie kolar,650.0,0.13333333333333333,-0.02160257171651804
00-0040126,Colston Loveland,TE,CHI,DET,0.0,0.0,0.0,0.0,0.0,0.0,0.57,2.4,5.0,-0.5837995910551399,12.0,2.0,0.0,0.0,0.0,0.0,0.0,0.0588235294117647,0.1015432789085215,0.6908565608422284,248.79790137592812,0.21903000090648353,3.750454286197539,0.3744282175079347,94.86593767132996,0.6273693825462878,5.999693658499841,296.0898430981525,0.4808178760991659,0.35256559227227136,0.4453753956259393,0.6666666666666666,20.5,5.5,0.0,0.0,2025.0,2.0,2,0.11168084288163534,colston loveland,500.0,0.16666666666666666,-0.05498582378503132
00-0030565,Geno Smith,QB,LV,LAC,2.079607983277332,0.0,0.0,0.0,0.007344088281732584,0.003889128380316864,0.9703362109254,0.0,-7.727773837310203e-05,-1.3924676332988255e-05,-1.9319434593275506e-05,9.659717296637753e-06,0.040187577434614825,0.0,0.5689485014627172,11.29924412945092,0.018159886222923183,3.7152758833222065e-07,1.3467875077042938e-07,0.13642636869146324,227.58640237865163,0.1029012824458648,2.9612112037370526,0.3831027575721404,99.88995559332275,0.16549785234625566,3.387112380640221,252.25445123749932,1.3753355967034695,0.32502045024904325,0.3307899025923469,0.5,21.5,3.5,0.013293644825018637,0.0,2025.0,2.0,1,0.1115014064541643,geno smith,550.0,0.15384615384615385,-0.042344747391989554
00-0038104,Tyquan Thornton,WR,KC,PHI,0.05605272461674459,0.011744697712639916,0.4060116893021068,0.30363240624977705,0.012107218662771398,1.4369941328959257e-05,0.4380009325629893,0.36182090297643077,53.572409672832684,-1.1783005631512713,20.857275328506496,1.4688417249612242,0.004249022485033155,1.6422790090239147e-05,0.058049976651613336,0.8162084856317289,0.0014818819337722288,0.08653192588209822,0.28364507900653496,0.06273384957103531,176.5036708780575,0.0006844598908499135,1.691143727589463,0.46604457731105203,110.19398904851985,0.702329463702063,-2.011459997098214,246.80905123068464,-1.4310730811972392,0.06771543220198144,0.019100338850259545,0.25,22.5,1.5,0.0,1.0302648430577521e-06,2025.0,2.0,5,0.11107482889061467,tyquan thornton,360.0,0.21739130434782608,-0.10631647545721142
00-0034959,Andrew Beck,RB,NYJ,BUF,0.041228708887549904,0.007755331929887035,0.24994788532365128,0.050665295782669276,0.0,0.004843966157106142,0.20774961519995605,0.25539613526395016,7.754726646671919,-0.22460012666708223,3.2450836312992473,0.7186477413374681,0.002906218248905785,0.0,-0.026507097768809537,0.015119918944972882,0.2584237666134258,0.039336744275480624,0.0709094699071129,1.2464216784249194,242.72581743796871,0.08820550342241787,3.6048037652573353,0.9880569863458054,141.2389728630866,0.9383004556568503,10.898959027867818,217.11221186593897,-0.2602234062893032,0.10297012450895572,0.5127802277760151,0.6,19.75,7.0,0.002726905907186552,0.0,0.0,0.0,4,0.11042623415340906,andrew beck,3000.0,0.03225806451612903,0.07816816963728003
00-0040142,Kaleb Johnson,RB,PIT,SEA,1.0,0.0,0.0,0.0,0.0,0.0,0.04,0.0,0.0,0.0,0.0,0.0,0.0,0.0,0.7757760540116578,-2.0,0.0,0.0,0.0,0.18539308394307435,253.14698316023794,7.366979389097092e-07,3.79449977666796,0.08376125844258163,105.08426175530839,0.10835750395938062,8.785536788258794,222.78507173553064,-3.060701846505621,0.01772109025513067,0.01833769893500203,0.75,21.75,-3.0,0.0,0.0,2025.0,2.0,3,0.11027368682025857,kaleb johnson,1100.0,0.08333333333333333,0.026940353486925236
00-0034854,KhaDarel Hodge,WR,ATL,MIN,0.00011729463163121617,0.011356525317158136,0.44750952180490533,0.26073981893991965,0.0,0.00011729463163121617,0.3737614450508773,0.8476882119759542,25.221087498191746,0.4144200306002548,10.181331575633747,0.61040780035553,2.3458926326243218e-05,0.0,-7.654041964407281e-05,0.0,0.024713051838690027,0.046269869528343284,0.11705655194994566,0.5068168416886427,233.67864666606908,0.21001400351147714,2.3821896317607685,0.47591796408112597,121.62520180300125,1.0607669679293457,2.5287524575130136,257.2040240762518,-0.15474741519064023,0.001522376560316811,0.3124633556111655,0.3333333333333333,20.0,4.5,0.0,0.0,2025.0,2.0,5,0.11025260104425023,khadarel hodge,1100.0,0.08333333333333333,0.026919267710916905
00-0040078,Brashard Smith,RB,KC,PHI,0.0,0.0,0.0,0.0,0.0,0.0,0.13,0.0,0.0,0.0,0.0,0.0,0.0,0.0,0.0,0.0,0.0,0.0,0.0,0.06273384957103531,176.5036708780575,0.0006844598908499135,1.691143727589463,0.46604457731105203,110.19398904851985,0.702329463702063,-2.011459997098214,246.80905123068464,-1.4310730811972392,0.06771543220198144,0.019100338850259545,0.25,22.5,1.5,0.0,0.0,2025.0,2.0,3,0.11018590002435925,brashard smith,700.0,0.125,-0.014814099975640746
00-0033246,Johnny Mundt,TE,JAX,CIN,0.0,0.003197259487962587,0.10159130857340268,0.010596464118772792,0.0,0.0,0.3335578888362572,2.4971220744033316,0.4128662388341728,0.02200343245701033,4.710017618358258,0.561954998252507,0.0,0.0,0.0,0.0,0.07718411312031216,0.03428398648198211,0.05232223379855511,0.465091965761835,233.4271057105395,0.07204407639460027,2.4938202672384455,0.27680258225864446,91.29051809078298,0.8903342882204497,2.7281099034799396,226.82915365349749,-1.5150225017568677,0.3861811097480227,0.026978985177622164,0.4,23.25,3.0,0.0,0.0,2025.0,2.0,2,0.10991247056439034,johnny mundt,1400.0,0.06666666666666667,0.04324580389772367
00-0040208,Tahj Brooks,RB,CIN,JAX,0.0,0.0,0.0,0.0,0.0,0.0,0.0,0.0,0.0,0.0,0.0,0.0,0.0,0.0,0.0,0.0,0.0,0.0,0.0,0.5333674371264814,219.98878537808878,0.016081706300817324,2.904290977853633,0.6805112794549838,134.69586148135113,0.6385834716025526,0.5644825735044232,285.7516003432199,1.2350580411988035,0.08154540646564994,0.013264880679409672,0.6666666666666666,26.25,-3.0,0.0,0.0,2025.0,2.0,3,0.10982109877144465,tahj brooks,1000.0,0.09090909090909091,0.01891200786235374
00-0037745,Velus Jones Jr.,RB,NO,SF,0.7125559723074578,0.00024459400650571697,0.008816803698560716,0.0014856096193788025,0.0009970534358247,0.0,0.08355922772146504,-0.13893248442342013,2.0473915426972322,0.06430196220534629,1.5582227229818193,0.19277339705604118,8.2111637769938e-06,0.0,-0.05638047584870401,2.9171536260832207,0.0010372881383319695,0.00962480273174411,0.018708796507927183,1.1463325355896448,201.92066870700515,0.013532669967677557,2.915492534488043,0.9717318397344884,127.81035230641143,1.1726976180968822,6.302397679863302,194.40086746396423,1.7631233052583506,0.38478136467249063,0.06199845235939472,0.2,19.0,4.5,9.629212203084027e-06,0.0,2025.0,2.0,4,0.10979220487566316,velus jones,1500.0,0.0625,0.04729220487566316
00-0040202,Devin Neal,RB,NO,SF,2.0,0.0,0.0,0.0,0.0,0.0,0.09,0.0,0.0,0.0,0.0,0.0,0.0,0.0,-0.1585103319957852,9.0,0.0,0.0,0.0,1.1463325355896448,201.92066870700515,0.013532669967677557,2.915492534488043,0.9717318397344884,127.81035230641143,1.1726976180968822,6.302397679863302,194.40086746396423,1.7631233052583506,0.38478136467249063,0.06199845235939472,0.2,19.0,4.5,0.0,0.0,2025.0,2.0,3,0.10966609591371256,devin neal,1000.0,0.09090909090909091,0.018757005004621644
00-0036187,Reggie Gilliam,RB,BUF,NYJ,0.0,0.0,0.0,0.0,0.0,0.0,0.0,0.0,0.0,0.0,0.0,0.0,0.0,0.0,0.0,0.0,0.0,0.0,0.0,0.5510022331907173,233.14830172898846,0.0006935965692475608,3.2560657434060816,0.4519927187991029,97.60658943336585,0.6031733249975763,11.162330412064389,197.38763289877627,-1.642427115010782,0.40301247020980474,0.24958445323109793,0.7142857142857143,26.75,-7.0,0.0,0.0,0.0,0.0,4,0.10946656626665238,reggie gilliam,2500.0,0.038461538461538464,0.07100502780511392
00-0038558,Darnell Washington,TE,PIT,SEA,0.0,0.002298716283256041,0.07800554990627569,0.11586367264515342,0.0,0.0,0.49176982484223025,1.023766519542376,5.774019437024446,0.2133562203721835,11.166788521343275,1.1501650346734855,0.0,0.0,0.0,0.0,0.005935295363677491,0.05670091762334907,0.10205736502898301,0.18539308394307435,253.14698316023794,7.366979389097092e-07,3.79449977666796,0.08376125844258163,105.08426175530839,0.10835750395938062,8.785536788258794,222.78507173553064,-3.060701846505621,0.01772109025513067,0.01833769893500203,0.75,21.75,-3.0,0.0,0.0,2025.0,2.0,3,0.10920884773172265,darnell washington,1200.0,0.07692307692307693,0.032285770808645725
00-0037276,Ty Chandler,RB,MIN,ATL,1.610494891401432,0.0,0.0,0.0,0.004051313550860868,0.0013037203318459413,0.043202854813274044,-0.054571650993014253,-0.09540546804506427,-0.00014231360954324347,0.24948429752857462,0.03832275959761299,0.077245760975534,0.0009584977443133249,-0.35356658607295466,3.1997826402886687,0.0013037203318459413,0.0014199986244887916,0.0019255728935212897,0.6924773655312295,221.92943755027446,0.21607751857160476,2.46051786615991,0.731939766875378,120.97742704816346,0.4419947995205356,9.715887350230378,276.5188566712339,1.9419026495488445,0.528826897925098,0.42563771276571377,0.5,24.5,-4.5,0.03414222463619236,0.00020710981414770373,2025.0,2.0,3,0.10910050681597395,ty chandler,900.0,0.1,0.00910050681597395
00-0029892,Kyle Juszczyk,RB,SF,NO,0.0,0.0,0.0,0.0,0.0,0.0,0.0,0.0,0.0,0.0,0.0,0.0,0.0,0.0,0.0,0.0,0.0,0.0,0.0,0.4214465833884481,211.8462031517832,0.004209894037916657,2.582192358756367,1.0954177498766107,155.03853986795474,0.6980823694545235,8.995693865132875,246.73827496278867,2.303212595469135,0.21429450384837068,0.0007421145026280422,0.4,23.5,-4.5,0.0,0.0,0.0,0.0,4,0.10889492931014681,kyle juszczyk,700.0,0.125,-0.016105070689853188
00-0036876,Kylen Granson,TE,PHI,KC,0.00011809015106819614,2.8222276252100505e-07,1.197901541956048e-05,0.16732246724862743,0.0,0.0,0.3785392770977788,0.6668455176745969,26.651846614810523,-1.1234018420733023,12.698976058518653,1.381383396715582,0.0,0.0,0.00033175431444127653,0.0002345892636240673,6.7618021076464305e-06,0.08367605807537654,0.17541867790645155,0.9424079166995631,272.04583517510366,0.00045946351488580426,3.8602038897797524,0.7022681936053197,124.37903850063104,0.40265158865101447,12.62860606019557,273.5092160604203,1.5044216518793243,0.009355091421036694,0.1731410791146898,1.0,24.0,-1.5,0.0,0.0,2025.0,2.0,3,0.10886665860907295,kylen granson,1300.0,0.07142857142857142,0.037438087180501525
00-0031484,Chris Manhertz,TE,NYG,DAL,0.0,0.0040341873009673915,0.1058067665480858,0.0014290030141846037,0.0,0.0,0.39479822959553185,2.9253149595283467,2.622284985299378,0.671510525856524,7.658352350509555,0.6289980222164644,0.0,0.0,0.0,0.0,0.10290482685789598,0.0271268023538351,0.051880591278337565,1.0031368385444652,208.73075169948606,0.0011713135149931163,2.221101039974721,0.9554980041395231,135.73519232971114,0.5201364142152343,7.66118033331901,214.38136207875053,4.12127257890187,0.2569171183161825,1.1219249885287708,0.0,19.5,5.5,0.0,0.0,0.0,0.0,4,0.10875979269408138,chris manhertz,1700.0,0.05555555555555555,0.05320423713852583
00-0036727,Adam Prentice,RB,DEN,IND,0.01350142699867472,0.0,0.0,0.0,0.0,0.0,0.16892145125691957,0.012946744687988032,-0.3453148969187183,-0.5860656514106484,1.2762103012425494,0.3124100949640902,0.00014649015864809056,0.0,0.0004279680685180704,0.07606196970388307,0.0,0.019431550463888055,0.028440328743960297,1.0215084986795735,213.11450473434897,0.025332258529641685,2.437460040205099,0.8108961452230912,95.69238625135026,0.6343561064728472,4.649412620659896,223.21278303249193,-0.9049483977105394,0.08092359707565405,0.16869646936082988,0.25,22.5,-2.5,9.292692667659242e-05,0.0,0.0,0.0,4,0.1083520389460802,adam prentice,1200.0,0.07692307692307693,0.03142896202300327
00-0033077,Dak Prescott,QB,DAL,NYG,1.5883865088869338,0.0,0.0,0.0,0.2159331222371844,0.07476423638764913,0.8883900306324443,1.4249778082749909e-09,1.295434371159082e-08,3.456785524515477e-09,1.4249778082749907e-08,1.295434371159081e-09,0.05344019184086772,2.5908687423181646e-10,0.3181109498155413,8.358479850059862,0.036233129034445574,3.925558700482065e-11,9.714515518281569e-11,0.4121602894751032,252.70105874148618,8.917603324793508e-11,2.1911288128992448,0.7040755017059136,142.9967914483915,1.0013047708431217,10.520427437582372,268.7162907698592,-1.340289978354449,0.36775592652954914,0.0410623441599691,0.6666666666666666,25.0,-5.5,0.002194379549344483,0.0,2025.0,2.0,1,0.10796465680872086,dak prescott,700.0,0.125,-0.01703534319127914
00-0033757,Robert Tonyan,TE,KC,PHI,0.0,0.018895762366016387,0.3039679359225696,0.22004448015014796,0.0,0.0,0.39068925962860024,0.7651037555199209,20.01485821210865,0.3520886819822833,12.326298015213958,0.978642914897447,0.0,0.0,0.0,0.0,0.0029561310750452485,0.06647336332540708,0.1555920456339967,0.06273384957103531,176.5036708780575,0.0006844598908499135,1.691143727589463,0.46604457731105203,110.19398904851985,0.702329463702063,-2.011459997098214,246.80905123068464,-1.4310730811972392,0.06771543220198144,0.019100338850259545,0.25,22.5,1.5,0.0,0.0,2025.0,2.0,3,0.1079580524958698,robert tonyan,2500.0,0.038461538461538464,0.06949651403433134
00-0039623,Mason Tipton,WR,NO,SF,0.0,0.0,0.0,0.0,0.0,0.0,0.6065237725329522,0.3816276525674686,33.88830995689471,-1.3896023954370569,8.812720883118036,1.183615851927659,0.0,0.0,0.0,0.0,0.0,0.08306656274883988,0.21567994994419665,1.1463325355896448,201.92066870700515,0.013532669967677557,2.915492534488043,0.9717318397344884,127.81035230641143,1.1726976180968822,6.302397679863302,194.40086746396423,1.7631233052583506,0.38478136467249063,0.06199845235939472,0.2,19.0,4.5,0.0,0.0,2025.0,2.0,5,0.10756525013897422,mason tipton,950.0,0.09523809523809523,0.01232715490087899
00-0040583,Woody Marks,RB,HOU,TB,3.0,0.0,0.0,0.0,0.0,0.0,0.11,0.0,0.0,0.0,0.0,0.0,0.0,0.0,-1.5832205631304532,3.0,0.0,0.0,0.0,0.16861482331828617,257.1706435669242,0.3121064119538574,2.950387595913393,0.07273722720929127,61.29553014124424,0.1473825237887609,7.551158312701071,289.35902159596225,-3.645788568092006,0.00013246537893566194,0.3907745552601453,0.0,22.5,-2.5,0.0,0.0,2025.0,2.0,4,0.10752728116973725,woody marks,700.0,0.125,-0.017472718830262746
00-0039792,Devontez Walker,WR,BAL,CLE,0.0,0.01278538812785388,0.319634703196347,0.319634703196347,0.0,0.0,0.17488584474885846,0.319634703196347,35.47945205479452,0.15702225302971182,6.712328767123288,0.319634703196347,0.0,0.0,0.0,0.0,0.319634703196347,0.07039573820395736,0.22923459967408835,0.4675979944533539,190.98291846926696,0.0004953671752989366,2.123075345032236,1.0714262351469712,113.31653586169848,0.9111041534002388,6.884763532200227,222.69789292646917,-2.8539464083108563,0.8055212143304694,0.19897083325649723,0.1428571428571428,28.5,-11.5,0.0,0.0,2025.0,2.0,5,0.10748149862311207,devontez walker,1200.0,0.07692307692307693,0.030558421700035143
00-0033106,Jared Goff,QB,DET,CHI,1.4164980732520798,0.0,0.0,0.0,3.659281462908528e-11,0.026053862509909154,0.9953538211626899,0.002848536905966605,0.010173217684452568,0.003508002499722957,0.01424284504018966,0.002034701320618903,0.021045690396966955,0.0,-0.11232868919054685,0.8698619510681278,0.00204474431934828,0.00010708872123131648,0.00025077631816966604,0.7456196997423483,206.36426383462063,0.30035108449076076,2.7926749820755967,0.6992329491302557,139.9232564318287,0.8873329906339923,3.467208176817725,169.55931417923966,0.6337952334640193,0.10360350152420324,0.31763831460173486,0.25,26.0,-5.5,0.0066849176273225,0.0,2025.0,2.0,1,0.10729508983914637,jared goff,1600.0,0.058823529411764705,0.04847156042738167
00-0036264,Jordan Love,QB,GB,WAS,1.6018473128261839,0.0,0.0,0.0,0.00014258932224094577,0.04514168452976659,0.8453791306160161,0.0,0.0,0.0,0.0,0.0,0.11770930403421972,0.0,0.3266091723013803,4.199622469824373,0.01849724418014417,0.0,0.0,0.14958266172828535,200.33758023888853,8.212742546839724e-05,3.081055440984674,0.3064649844880854,118.221777268278,0.8141185228345893,1.5049359626538208,251.93174949911918,-0.6974301175628789,0.1926883244372888,0.03681591475239495,0.6,26.0,-3.5,0.004333575702887572,0.0,2025.0,2.0,1,0.10712425143993501,jordan love,550.0,0.15384615384615385,-0.046721902406218846
00-0033217,Mo Alie-Cox,TE,IND,DEN,0.0,0.00606067363010774,0.24007949553896105,0.323773017911193,0.0,0.0,0.439150805737143,3.364713021503328,12.818090919459895,0.16540291608437852,10.899988982401018,0.7607037590887865,0.0,0.0,0.0,0.0,0.013878714231638755,0.05698773726190751,0.11636899780829098,0.5693479670941345,211.97516669016215,0.12003545457602516,2.335966342551629,0.32634104913165396,79.43195136018002,0.2381951878830902,3.811986231599921,256.2849705314297,-5.627129127366398,0.0034820305030786097,0.21979661121237762,0.3333333333333333,20.0,2.5,0.0,0.0,2025.0,2.0,2,0.1069507725678015,mo aliecox,850.0,0.10526315789473684,0.0016876146730646635
00-0039912,Ben Sinnott,TE,WAS,GB,0.0,0.0,0.0,0.0,0.0,0.0,0.400017529641342,1.4424957257468758,1.8870027942156764,0.0017339080440493607,4.791587864466646,0.8248935291692643,0.0,0.0,0.0,0.0,0.0784943470012446,0.030355516108802015,0.05244244972675693,0.3397801905024674,226.46899479939498,0.051119025299657554,2.0441659648450545,0.15650573004388632,69.75291394390375,0.39602253080404703,5.381726484482363,184.1605112179014,-4.159325235953752,0.010662719513389336,0.00847685686547293,0.75,22.5,3.5,0.0,0.0,2025.0,2.0,3,0.10673574942536632,ben sinnott,1600.0,0.058823529411764705,0.04791222001360161
00-0037120,Tyler Goodson,RB,IND,DEN,1.265046582974925,0.0015501069592227979,0.05263109854630741,0.005936717270253614,0.009179473521918946,0.002827008223930292,0.07774247279914365,-0.02234134064324003,0.7194238989141832,-0.08282169764376006,2.152432428346886,0.42909665561684074,0.008873908230579713,0.0011183321548178654,0.3866593329136584,6.337267593969193,0.047438634461537496,0.02096582894652862,0.03287997505695679,0.5693479670941345,211.97516669016215,0.12003545457602516,2.335966342551629,0.32634104913165396,79.43195136018002,0.2381951878830902,3.811986231599921,256.2849705314297,-5.627129127366398,0.0034820305030786097,0.21979661121237762,0.3333333333333333,20.0,2.5,0.002113722238240235,0.00013423950857054822,2025.0,2.0,3,0.10622742843022644,tyler goodson,1200.0,0.07692307692307693,0.02930435150714951
00-0040238,LeQuint Allen Jr.,RB,JAX,CIN,1.0,0.0,0.0,0.0,0.0,0.0,0.14,-1.0,-4.0,-0.7187779803828285,4.0,1.0,0.0,0.0,1.1942497497657314,7.0,0.0,0.0344827586206896,0.0391680841193752,0.465091965761835,233.4271057105395,0.07204407639460027,2.4938202672384455,0.27680258225864446,91.29051809078298,0.8903342882204497,2.7281099034799396,226.82915365349749,-1.5150225017568677,0.3861811097480227,0.026978985177622164,0.4,23.25,3.0,0.0,0.0,2025.0,2.0,3,0.10612646349035279,lequint allen,600.0,0.14285714285714285,-0.03673067936679006
00-0040644,Trevor Etienne,RB,CAR,ARI,1.0,0.0,0.0,0.0,0.0,0.0,0.03,0.0,0.0,0.0,0.0,0.0,0.0,0.0,-0.0755558335222303,4.0,0.0,0.0,0.0,0.545003518897085,230.10046490190405,0.21898341755047857,2.690734288707201,0.8122734692619176,123.41843553410261,0.7798215578936298,5.083626480078469,245.85335449697806,0.9594887319967952,0.0005119237840502647,0.3886488174231979,0.0,19.0,6.5,0.0,0.0,2025.0,2.0,3,0.10594535101420026,trevor etienne,1100.0,0.08333333333333333,0.02261201768086693
00-0039890,Adonai Mitchell,WR,IND,DEN,0.10184347282676652,0.011515042609513885,0.39364792712178587,0.14093886678423354,0.0,0.0,0.3126131041638697,0.7091016604092915,28.820285089262168,0.4069797652141965,16.36089137919907,1.2167193634127118,0.003457249871728747,0.0002911411293950178,-0.7044116637770109,-0.6399561598785026,0.0,0.0764888834824903,0.20164917602499338,0.5693479670941345,211.97516669016215,0.12003545457602516,2.335966342551629,0.32634104913165396,79.43195136018002,0.2381951878830902,3.811986231599921,256.2849705314297,-5.627129127366398,0.0034820305030786097,0.21979661121237762,0.3333333333333333,20.0,2.5,0.0,0.00016576061015854374,2025.0,2.0,4,0.10572763237696144,adonai mitchell,900.0,0.1,0.005727632376961431
00-0038951,Sean Tucker,RB,TB,HOU,2.8012914830703903,0.0,0.0,0.0041547067545742436,0.054603884934392985,0.017864967123598866,0.07620780934855095,0.3853150327084098,0.45356400238515077,-0.021317918631546584,1.399614568456015,0.2133083335837304,0.025505761951248155,0.0,0.07778586597246956,14.28300923120382,0.028874804062685427,0.010267197096497893,0.01643749305286111,0.16910304529586243,237.61080819405473,0.0001247302328478411,3.499316994733715,0.6269452489773762,110.47594626669894,0.6166157670313019,8.365365081221865,251.82053926656994,-5.337731771606251,0.6468716199154779,0.250957615435175,0.3333333333333333,20.0,2.5,0.015727254969286678,0.0,2025.0,2.0,3,0.10559104155371399,sean tucker,1000.0,0.09090909090909091,0.014681950644623076
00-0039686,Colson Yankoff,RB,WAS,GB,0.0,0.0,0.0,0.0,0.0,0.0,0.04107316721358768,0.0,0.0,0.0,0.0,0.0,0.0,0.0,0.0,0.0,0.0,0.0,0.0,0.3397801905024674,226.46899479939498,0.051119025299657554,2.0441659648450545,0.15650573004388632,69.75291394390375,0.39602253080404703,5.381726484482363,184.1605112179014,-4.159325235953752,0.010662719513389336,0.00847685686547293,0.75,22.5,3.5,0.0,0.0,2025.0,2.0,4,0.10547357942106064,colson yankoff,2200.0,0.043478260869565216,0.061995318551495426
00-0038752,Jake Bobo,WR,SEA,PIT,0.00023939927245246565,0.011120733401335101,0.3002532243410374,0.00040219077772014254,0.0,0.00023939927245246565,0.29224683162347587,0.9671405245223276,6.146837906536312,0.6430711242604195,5.546671499908909,0.8632539944861861,4.787985449049316e-05,0.0,0.00018567912599083943,0.0007181978173573973,0.30049262361348983,0.03022613702431971,0.06353455643396635,0.867780842439905,253.09425709844461,2.3197365767972263e-06,2.9614401751978017,0.4398507521716309,127.44435202645248,0.6065002112444519,10.934958092529019,201.28228361027212,0.30021855433940964,0.1550487634571874,0.6967362912465139,0.3333333333333333,18.75,3.0,0.0,0.0,2025.0,2.0,4,0.10542757911379173,jake bobo,600.0,0.14285714285714285,-0.037429563743351116
00-0038115,Daniel Bellinger,TE,NYG,DAL,1.6235107906442452e-06,8.590004183302874e-08,2.319301129491776e-06,0.0031250502408651172,0.0,4.058776976610613e-07,0.4991973087052687,2.625322561752572,7.7208519493197,0.8843002874989792,11.981954899903629,1.3470996130244406,2.0293884883053065e-07,2.7058513177404074e-07,2.088761685597008e-06,3.2470215812884904e-06,4.499676121326998e-06,0.045933544940280645,0.09287859296139617,1.0031368385444652,208.73075169948606,0.0011713135149931163,2.221101039974721,0.9554980041395231,135.73519232971114,0.5201364142152343,7.66118033331901,214.38136207875053,4.12127257890187,0.2569171183161825,1.1219249885287708,0.0,19.5,5.5,0.0,6.951795231459107e-08,2025.0,2.0,2,0.10534282863482965,daniel bellinger,1100.0,0.08333333333333333,0.022009495301496318
00-0040205,Kalel Mullings,RB,TEN,LA,0.0,0.0,0.0,0.0,0.0,0.0,0.0,0.0,0.0,0.0,0.0,0.0,0.0,0.0,0.0,0.0,0.0,0.0,0.0,0.14326900120420225,230.11066071910327,0.050421422238516145,2.885024848042757,0.15687180865352707,113.62415740512846,0.08404053942405885,5.847400169601213,239.9420664356624,0.06067858170798979,0.006856476660897507,0.1518366166780195,0.0,18.0,5.5,0.0,0.0,2025.0,2.0,3,0.10503364500833418,kalel mullings,800.0,0.1111111111111111,-0.0060774661027769294
00-0039041,Elijah Higgins,TE,ARI,CAR,0.0,0.00030341000340691375,0.008309162317793356,0.026111934352097996,0.0,0.0,0.3097444619781704,1.425137907422136,7.701932759137913,-0.13010393886235833,9.916635108306775,1.212471243565714,0.0,0.0,0.0,0.0,0.008309162317793356,0.05773986707213996,0.11247127675262501,0.524704625050906,241.7717231478533,0.11342029757946974,3.6841691507811745,1.1027215687547764,206.2120738509561,0.6118626149658869,9.296790797488706,259.71144283826516,7.892419603465722,0.39290640408432426,0.4014570764155553,0.6666666666666666,25.5,-6.5,0.0,0.0,2025.0,2.0,3,0.10392796125996429,elijah higgins,600.0,0.14285714285714285,-0.038929181597178564
00-0040584,Gunnar Helm,TE,TEN,LA,0.0,0.0,0.0,0.0,0.0,0.0,0.4,0.5,32.0,0.6996972459601238,16.0,1.0,0.0,0.0,0.0,0.0,0.0,0.08,0.1961904761904762,0.14326900120420225,230.11066071910327,0.050421422238516145,2.885024848042757,0.15687180865352707,113.62415740512846,0.08404053942405885,5.847400169601213,239.9420664356624,0.06067858170798979,0.006856476660897507,0.1518366166780195,0.0,18.0,5.5,0.0,0.0,2025.0,2.0,2,0.10336832592081535,gunnar helm,1100.0,0.08333333333333333,0.020034992587482023
00-0039737,Tip Reiman,TE,ARI,CAR,0.0,0.0,0.0,0.0,0.0,0.0,0.435481820771039,1.1743760339439946,3.3105033303657714,0.5005780589126488,8.1518840763256,1.0732088376640208,0.0,0.0,0.0,0.0,0.0,0.04081105689084135,0.07379582182808088,0.524704625050906,241.7717231478533,0.11342029757946974,3.6841691507811745,1.1027215687547764,206.2120738509561,0.6118626149658869,9.296790797488706,259.71144283826516,7.892419603465722,0.39290640408432426,0.4014570764155553,0.6666666666666666,25.5,-6.5,0.0,0.0,2025.0,2.0,2,0.10335265320814019,tip reiman,600.0,0.14285714285714285,-0.03950448964900266
00-0036887,Luke Farrell,TE,SF,NO,0.0,1.8365636466190716e-05,0.0006978941857152476,0.002128929861815988,0.0,0.0,0.44707650631584356,0.8747198755844668,6.803076998146667,0.3142812106432752,4.922829799413324,1.0767863179575037,0.0,0.0,0.0,0.0,0.0,0.04434482529441753,0.08338010450105647,0.4214465833884481,211.8462031517832,0.004209894037916657,2.582192358756367,1.0954177498766107,155.03853986795474,0.6980823694545235,8.995693865132875,246.73827496278867,2.303212595469135,0.21429450384837068,0.0007421145026280422,0.4,23.5,-4.5,0.0,0.0,2025.0,2.0,2,0.1033305722834752,luke farrell,450.0,0.18181818181818182,-0.07848760953470663
00-0037539,Lucas Krull,TE,DEN,IND,0.0,0.00011709502533703343,0.003910025367775089,0.018749202909951444,0.0,0.0,0.353929785415286,1.1750287873885348,7.628649988452921,0.06939504244988474,10.700501392195838,1.6337650471295064,0.0,0.0,0.0,0.0,0.002911411293950176,0.05955591501916379,0.116079032549836,1.0215084986795735,213.11450473434897,0.025332258529641685,2.437460040205099,0.8108961452230912,95.69238625135026,0.6343561064728472,4.649412620659896,223.21278303249193,-0.9049483977105394,0.08092359707565405,0.16869646936082988,0.25,22.5,-2.5,0.0,0.0,2025.0,2.0,4,0.10330637509111158,lucas krull,950.0,0.09523809523809523,0.00806827985301635
00-0036842,Kene Nwangwu,RB,NYJ,BUF,0.1444858009952678,0.0,0.0,0.0,0.0,1.3076830878171471e-05,0.008193530246185365,-0.029239047717291168,-0.013651545449755772,0.006482078844916464,0.1021707862587243,0.007415035661851785,1.1450441108147635e-05,8.781608675610808e-07,-0.0490176463693302,0.29775216254691683,0.0,0.00023807570723424515,0.0003257706771731736,1.2464216784249194,242.72581743796871,0.08820550342241787,3.6048037652573353,0.9880569863458054,141.2389728630866,0.9383004556568503,10.898959027867818,217.11221186593897,-0.2602234062893032,0.10297012450895572,0.5127802277760151,0.6,19.75,7.0,1.0743954109246855e-05,7.745862140909236e-08,2025.0,2.0,4,0.10314571325416172,kene nwangwu,1500.0,0.0625,0.04064571325416172
00-0039144,Luke Musgrave,TE,GB,WAS,0.0,0.00021209820527108903,0.00848392821084356,0.029334437495206114,0.0,0.0,0.30400810650982263,2.3631150397164697,7.891799450854434,-0.11145696971321627,8.747384961138403,1.102933129098783,0.0,0.0,0.0,0.0,0.005938749747590494,0.047842909519628704,0.09449828990471915,0.14958266172828535,200.33758023888853,8.212742546839724e-05,3.081055440984674,0.3064649844880854,118.221777268278,0.8141185228345893,1.5049359626538208,251.93174949911918,-0.6974301175628789,0.1926883244372888,0.03681591475239495,0.6,26.0,-3.5,0.0,0.0,2025.0,2.0,2,0.10226602069422715,luke musgrave,850.0,0.10526315789473684,-0.002997137200509689
00-0036429,Charlie Woerner,TE,ATL,MIN,0.0,0.0,0.0,0.004154709237305439,0.0,0.0,0.5400952972260775,0.5438940674679998,3.4819198521996686,-0.562552960102691,3.3780525003202038,0.5699777854066143,0.0,0.0,0.0,0.0,0.0,0.0422869885714239,0.0756444913374613,0.5068168416886427,233.67864666606908,0.21001400351147714,2.3821896317607685,0.47591796408112597,121.62520180300125,1.0607669679293457,2.5287524575130136,257.2040240762518,-0.15474741519064023,0.001522376560316811,0.3124633556111655,0.3333333333333333,20.0,4.5,0.0,0.0,2025.0,2.0,2,0.10225103784969988,charlie woerner,1300.0,0.07142857142857142,0.030822466421128458
00-0040164,Jaylin Lane,WR,WAS,GB,0.0,0.0,0.0,0.0,0.0,0.0,0.3,0.55,20.0,0.5958931247005239,11.0,1.0,0.0,0.0,0.0,0.0,0.0,0.0689655172413793,0.153627487331603,0.3397801905024674,226.46899479939498,0.051119025299657554,2.0441659648450545,0.15650573004388632,69.75291394390375,0.39602253080404703,5.381726484482363,184.1605112179014,-4.159325235953752,0.010662719513389336,0.00847685686547293,0.75,22.5,3.5,0.0,0.0,2025.0,2.0,4,0.10223682008117731,jaylin lane,850.0,0.10526315789473684,-0.0030263378135595292
00-0038720,Julian Hill,TE,MIA,NE,0.0,0.00015113294002560155,0.005871602416008893,0.0,0.0,0.0,0.5459901687885512,0.4173207902690225,1.9703636808340093,0.32590241983519846,2.540050079295021,0.2661311604108761,0.0,0.0,0.0,0.0,0.0,0.015270831310690965,0.029360092993129628,0.8184495305352072,244.70111896775256,0.367488014302481,3.943964933549361,0.5171682541030056,114.72671011908521,0.9414994351295548,10.623867891178463,301.3621771288041,-1.9870453266528632,0.010755896248803605,0.05123606778428315,1.0,23.0,-1.5,0.0,0.0,2025.0,2.0,2,0.10212516931522483,julian hill,650.0,0.13333333333333333,-0.031208164018108497
00-0039305,Jack Westover,RB,NE,MIA,0.0,0.0,0.0,0.0,0.0,0.0,0.0,0.0,0.0,0.0,0.0,0.0,0.0,0.0,0.0,0.0,0.0,0.0,0.0,0.4354985575741741,252.61138208118254,0.0016809701866644605,3.0334584837549374,0.3489990407373956,117.60868695204101,0.10926999994697452,7.010226574227101,208.1952036798268,1.273298118150814,0.0010446008030858388,0.6001844569532085,0.3333333333333333,21.5,1.5,0.0,0.0,0.0,0.0,4,0.10188472545978394,jack westover,1200.0,0.07692307692307693,0.024961648536707015
00-0026158,Joe Flacco,QB,CLE,BAL,1.1922947354248221,0.0,0.0,0.0,0.03529943389630901,0.0,0.9912424373912525,0.0,0.0,0.0,-0.008721180506780401,0.0,0.018702616026900983,0.0,-0.4537314489340877,2.8355249649349132,0.0,0.0,0.0,0.4351776778013054,258.52060081509967,0.011863962700014124,3.5560361051246887,0.06445284706514243,86.38509736552987,0.48549478573967364,1.5153719030410835,297.6770296301311,-2.2630191008767317,0.36773542794514424,0.6871597168724971,0.6666666666666666,17.0,11.5,0.012851684333820307,0.0,2025.0,2.0,1,0.1018198768975787,joe flacco,2200.0,0.043478260869565216,0.05834161602801348
00-0039407,Dylan Laube,RB,LV,LAC,0.03846223003060985,0.0,0.0,0.0,0.0,0.0,0.005346174454912173,0.0,0.0,0.0,0.0,0.0,0.0,0.0,-0.17954846524081997,0.0,0.0,0.0,0.0,0.13642636869146324,227.58640237865163,0.1029012824458648,2.9612112037370526,0.3831027575721404,99.88995559332275,0.16549785234625566,3.387112380640221,252.25445123749932,1.3753355967034695,0.32502045024904325,0.3307899025923469,0.5,21.5,3.5,0.0,0.0,2025.0,2.0,3,0.10177215666089556,dylan laube,1100.0,0.08333333333333333,0.018438823327562234
00-0037805,Jeremy Ruckert,TE,NYJ,BUF,0.0,6.782676434181625e-05,0.00203480293025449,5.747814643895663e-05,0.0,0.0,0.4145863878456849,1.425238741025765,8.93739634072698,0.6507615839192177,8.881570579556138,1.2551475020149023,0.0,0.0,0.0,0.0,0.0,0.061952697482674214,0.12217508946300056,1.2464216784249194,242.72581743796871,0.08820550342241787,3.6048037652573353,0.9880569863458054,141.2389728630866,0.9383004556568503,10.898959027867818,217.11221186593897,-0.2602234062893032,0.10297012450895572,0.5127802277760151,0.6,19.75,7.0,0.0,0.0,2025.0,2.0,2,0.10174020224989332,jeremy ruckert,550.0,0.15384615384615385,-0.05210595159626054
00-0040649,Robbie Ouzts,RB,SEA,PIT,0.0,0.0,0.0,0.0,0.0,0.0,0.0,0.0,0.0,0.0,0.0,0.0,0.0,0.0,0.0,0.0,0.0,0.0,0.0,0.867780842439905,253.09425709844461,2.3197365767972263e-06,2.9614401751978017,0.4398507521716309,127.44435202645248,0.6065002112444519,10.934958092529019,201.28228361027212,0.30021855433940964,0.1550487634571874,0.6967362912465139,0.3333333333333333,18.75,3.0,0.0,0.0,0.0,0.0,4,0.1013716684557853,robbie ouzts,2200.0,0.043478260869565216,0.05789340758622008
00-0036212,Tua Tagovailoa,QB,MIA,NE,1.2574766103827115,0.0,0.0,0.0,9.359204469335366e-08,0.0004954387674599846,0.9385543161369503,0.0,0.0,0.0,0.0,0.0,0.013970373760953735,0.0,-0.24316272083445548,3.0107210716379966,1.5153904606361436e-08,0.0,0.0,0.8184495305352072,244.70111896775256,0.367488014302481,3.943964933549361,0.5171682541030056,114.72671011908521,0.9414994351295548,10.623867891178463,301.3621771288041,-1.9870453266528632,0.010755896248803605,0.05123606778428315,1.0,23.0,-1.5,0.0007157870169879963,0.0,2025.0,2.0,1,0.10125708549017208,tua tagovailoa,1100.0,0.08333333333333333,0.01792375215683875
00-0037004,Hunter Long,TE,JAX,CIN,0.0,0.009699984478587918,0.3006995188362258,0.0,0.0,0.0,0.23706876971426927,0.7851906998668459,3.1121898193934086,0.7131479816799067,4.437077492400445,0.6101512235804974,0.0,0.0,0.0,0.0,0.3006995188362258,0.025939142133637207,0.04889159399922316,0.465091965761835,233.4271057105395,0.07204407639460027,2.4938202672384455,0.27680258225864446,91.29051809078298,0.8903342882204497,2.7281099034799396,226.82915365349749,-1.5150225017568677,0.3861811097480227,0.026978985177622164,0.4,23.25,3.0,0.0,0.0,2025.0,2.0,3,0.10102570994245641,hunter long,950.0,0.09523809523809523,0.005787614704361177
00-0033572,Jamal Agnew,WR,ATL,MIN,0.07670464978167733,0.003376411792792052,0.14847802598497503,0.313003566731818,0.0014380680671834468,0.0,0.1733143057281168,0.576628474381026,25.146722141101034,0.6917201532417262,22.14426618880836,0.9900363457964556,0.0021436912951750494,0.0,-0.04505344088131477,0.041864500711026466,0.10349119302245398,0.04930142662018957,0.14417730673244097,0.5068168416886427,233.67864666606908,0.21001400351147714,2.3821896317607685,0.47591796408112597,121.62520180300125,1.0607669679293457,2.5287524575130136,257.2040240762518,-0.15474741519064023,0.001522376560316811,0.3124633556111655,0.3333333333333333,20.0,4.5,0.0,0.0,2025.0,2.0,6,0.10086277875185559,jamal agnew,1500.0,0.0625,0.03836277875185559
00-0034365,Ian Thomas,TE,LV,LAC,0.0,0.0005404765461942545,0.017295349885647536,0.02484985959117458,0.0,0.0,0.33546944119570143,0.9581034717812679,9.051505875210571,-1.118926357715769,3.905046840380999,0.9741576622979121,0.0,0.0,0.0,0.0,1.1011010603808621e-08,0.06967313716598585,0.14018868573535478,0.13642636869146324,227.58640237865163,0.1029012824458648,2.9612112037370526,0.3831027575721404,99.88995559332275,0.16549785234625566,3.387112380640221,252.25445123749932,1.3753355967034695,0.32502045024904325,0.3307899025923469,0.5,21.5,3.5,0.0,0.0,2025.0,2.0,3,0.10068886622590288,ian thomas,1100.0,0.08333333333333333,0.017355532892569553
00-0040669,Isaac TeSlaa,WR,DET,CHI,0.0,0.0256410256410256,1.0,0.0,0.0,0.0,0.04,1.0,13.0,4.254937844350934,13.0,1.0,0.0,0.0,0.0,0.0,1.0,0.0263157894736842,0.095301905069422,0.7456196997423483,206.36426383462063,0.30035108449076076,2.7926749820755967,0.6992329491302557,139.9232564318287,0.8873329906339923,3.467208176817725,169.55931417923966,0.6337952334640193,0.10360350152420324,0.31763831460173486,0.25,26.0,-5.5,0.0,0.0,2025.0,2.0,4,0.10056230988119881,isaac teslaa,475.0,0.17391304347826086,-0.07335073359706205
00-0040138,Jaylin Noel,WR,HOU,TB,0.0,0.0,0.0,0.0,0.0,0.0,0.27,3.5,2.0,-0.7427450038376264,7.0,1.0,0.0,0.0,0.0,0.0,0.0,0.074074074074074,0.119250645994832,0.16861482331828617,257.1706435669242,0.3121064119538574,2.950387595913393,0.07273722720929127,61.29553014124424,0.1473825237887609,7.551158312701071,289.35902159596225,-3.645788568092006,0.00013246537893566194,0.3907745552601453,0.0,22.5,-2.5,0.0,0.0,2025.0,2.0,4,0.09961938516632396,jaylin noel,600.0,0.14285714285714285,-0.04323775769081889
00-0037112,Jake Tonges,TE,SF,NO,0.0,0.01127967965709771,0.3947887879984209,0.0,0.0,0.0,0.1722068693249112,0.6579813133307014,5.313462297670746,1.278128605838196,5.921831819976313,1.1843663639952626,0.0,0.0,0.0,0.0,0.3947887879984209,0.0432975894661062,0.08256636952309951,0.4214465833884481,211.8462031517832,0.004209894037916657,2.582192358756367,1.0954177498766107,155.03853986795474,0.6980823694545235,8.995693865132875,246.73827496278867,2.303212595469135,0.21429450384837068,0.0007421145026280422,0.4,23.5,-4.5,0.0,0.0,2025.0,2.0,3,0.09934269009484065,jake tonges,450.0,0.18181818181818182,-0.08247549172334118
00-0038938,Jalin Hyatt,WR,NYG,DAL,0.0,4.092208335590178e-05,0.0011867404173211543,0.007418213604975929,0.0,0.0,0.3153105500049301,0.40821205772001085,32.90658378593074,-0.9374609118786954,6.270448166018874,0.7873239469545165,0.0,0.0,0.0,0.0,0.0,0.05406914474817516,0.2053139809226335,1.0031368385444652,208.73075169948606,0.0011713135149931163,2.221101039974721,0.9554980041395231,135.73519232971114,0.5201364142152343,7.66118033331901,214.38136207875053,4.12127257890187,0.2569171183161825,1.1219249885287708,0.0,19.5,5.5,0.0,0.0,2025.0,2.0,4,0.099236116903385,jalin hyatt,1200.0,0.07692307692307693,0.022313039980308078
00-0039751,Jordan Whittington,WR,LA,TEN,0.7234345500246602,0.00020552679347326565,0.0059602770107247145,0.4334387046935326,0.0,0.0,0.337952583392204,1.993557084471627,4.732464206734736,0.8994067702191031,20.34077432565594,0.8944285372662398,0.05023851041837915,0.0,0.7932323154079144,4.039176237637685,0.0,0.03067211893512759,0.06029199372330904,0.8010545546222989,184.78090752679503,0.10537260420128523,2.146693655342376,0.9294946808416034,168.86497139446914,1.0538307798959183,4.0353168183888215,182.97348475560392,0.7180706328043575,0.04716080115093226,0.17113509819292433,0.6666666666666666,23.5,-5.5,0.0,0.0,2025.0,2.0,4,0.09923340559291037,jordan whittington,850.0,0.10526315789473684,-0.006029752301826466
00-0038710,Blake Whiteheart,TE,CLE,BAL,0.0,0.0012019446884565578,0.03846223003060985,0.054946042900871225,0.0,0.0,0.33365313214021497,0.7207599112961934,7.837198278158988,-0.8997200098688984,4.251139737264611,0.7261027867291265,0.0,0.0,0.0,0.0,0.03846223003060985,0.030283439329790867,0.06559148515589068,0.4351776778013054,258.52060081509967,0.011863962700014124,3.5560361051246887,0.06445284706514243,86.38509736552987,0.48549478573967364,1.5153719030410835,297.6770296301311,-2.2630191008767317,0.36773542794514424,0.6871597168724971,0.6666666666666666,17.0,11.5,0.0,0.0,2025.0,2.0,3,0.09886701394440618,blake whiteheart,1800.0,0.05263157894736842,0.046235434997037764
00-0038573,Derius Davis,WR,LAC,LV,0.8971471107897593,0.006994408912441048,0.24990193199026675,0.14700113646486282,9.659791947230403e-06,0.0,0.17866521035293947,0.7685877584408398,5.57195886689748,0.7744900012711269,9.27456761970027,0.9329764517973875,0.01795500197140875,0.0,-0.6585804653606325,0.3646607773658296,0.24990193199026675,0.03218425322950646,0.06113135458512799,0.44820554819442754,270.62416080172613,0.054767076116199485,3.113031593971403,0.5633224474429777,95.87394966002783,0.40954236754657836,6.8161516234978405,270.37578768437396,-2.211050410292658,0.253085901330722,0.011220998807078213,0.4,25.0,-3.5,0.0,0.0,2025.0,2.0,6,0.09864892208599006,derius davis,850.0,0.10526315789473684,-0.006614235808746774
00-0040648,Tory Horton,WR,SEA,PIT,0.0,0.0,0.0,0.0,0.0,0.0,0.54,0.0,0.0,0.0,0.0,0.0,0.0,0.0,0.0,0.0,0.0,0.0,0.0,0.867780842439905,253.09425709844461,2.3197365767972263e-06,2.9614401751978017,0.4398507521716309,127.44435202645248,0.6065002112444519,10.934958092529019,201.28228361027212,0.30021855433940964,0.1550487634571874,0.6967362912465139,0.3333333333333333,18.75,3.0,0.0,0.0,2025.0,2.0,3,0.0982497168383324,tory horton,550.0,0.15384615384615385,-0.05559643700782145
00-0036628,John Bates,TE,WAS,GB,0.0,4.749640195012496e-05,0.0016989529577177056,0.02473871362338743,0.0,0.0,0.3853613313873651,1.3321741564367438,12.048122191109387,-0.001799843245166495,6.003620420279409,0.5340661424692901,0.0,0.0,0.0,0.0,1.4072459561935788e-05,0.032908656520746045,0.07774181731002405,0.3397801905024674,226.46899479939498,0.051119025299657554,2.0441659648450545,0.15650573004388632,69.75291394390375,0.39602253080404703,5.381726484482363,184.1605112179014,-4.159325235953752,0.010662719513389336,0.00847685686547293,0.75,22.5,3.5,0.0,0.0,2025.0,2.0,2,0.09818981151526393,john bates,1600.0,0.058823529411764705,0.039366282103499226
00-0034798,Durham Smythe,TE,CHI,DET,3.5199583354355396e-06,0.007506819944848137,0.3060807621111129,0.00252324593697007,0.0,1.1364560768202904e-06,0.2884685361984337,0.5817955335445111,5.9357513293089115,-0.21408101124508933,3.8235417091695227,0.5882220965122115,9.035690996060797e-07,9.172020379353545e-09,2.765660579791856e-07,1.2327622908035023e-06,4.449809305548608e-06,0.03481503248319108,0.07096013385847258,0.6908565608422284,248.79790137592812,0.21903000090648353,3.750454286197539,0.3744282175079347,94.86593767132996,0.6273693825462878,5.999693658499841,296.0898430981525,0.4808178760991659,0.35256559227227136,0.4453753956259393,0.6666666666666666,20.5,5.5,0.0,3.2337387973801255e-09,2025.0,2.0,3,0.09761765778943396,durham smythe,2000.0,0.047619047619047616,0.04999861017038634
00-0037348,Tanner Conner,TE,MIA,NE,0.0,0.010545921323271824,0.32692356102142694,0.0,0.0,0.0,0.22147956449858588,0.4855692731470932,15.432764083131433,-1.1172453726007465,9.053494175366376,1.0863669932742017,0.0,0.0,0.0,0.0,0.0,0.06831861120812478,0.15106362592065925,0.8184495305352072,244.70111896775256,0.367488014302481,3.943964933549361,0.5171682541030056,114.72671011908521,0.9414994351295548,10.623867891178463,301.3621771288041,-1.9870453266528632,0.010755896248803605,0.05123606778428315,1.0,23.0,-1.5,0.0,0.0,2025.0,2.0,3,0.09759895145612477,tanner conner,850.0,0.10526315789473684,-0.00766420643861207
00-0040739,Elijah Arroyo,TE,SEA,PIT,0.0,0.0,0.0,0.0,0.0,0.0,0.31,1.4,5.0,0.3282689992338419,7.0,1.0,0.0,0.0,0.0,0.0,0.0,0.0454545454545454,0.0859483156437471,0.867780842439905,253.09425709844461,2.3197365767972263e-06,2.9614401751978017,0.4398507521716309,127.44435202645248,0.6065002112444519,10.934958092529019,201.28228361027212,0.30021855433940964,0.1550487634571874,0.6967362912465139,0.3333333333333333,18.75,3.0,0.0,0.0,2025.0,2.0,2,0.09747341070142743,elijah arroyo,800.0,0.1111111111111111,-0.013637700409683678
00-0034613,Tanner Hudson,TE,CIN,JAX,0.05042179553180528,0.0009005541305293226,0.050428557440578774,0.003372907101427815,0.0,0.0,0.1356660107135178,2.85297113705182,6.929162021089398,1.2627141841519511,15.6885212098639,1.7285599604667128,0.0,0.0,0.08861691832393948,0.05042179553180528,0.05332851170484073,0.04727061137314528,0.08875047211511058,0.5333674371264814,219.98878537808878,0.016081706300817324,2.904290977853633,0.6805112794549838,134.69586148135113,0.6385834716025526,0.5644825735044232,285.7516003432199,1.2350580411988035,0.08154540646564994,0.013264880679409672,0.6666666666666666,26.25,-3.0,0.0,0.0,2025.0,2.0,4,0.09709211356317121,tanner hudson,1000.0,0.09090909090909091,0.0061830226540803
00-0040194,Jackson Hawes,TE,BUF,NYJ,0.0,0.0,0.0,1.0,0.0,0.0,0.19,1.1153846153846154,26.0,2.815807009174023,29.0,1.0,0.0,0.0,0.0,0.0,0.0,0.0222222222222222,0.0788333333333333,0.5510022331907173,233.14830172898846,0.0006935965692475608,3.2560657434060816,0.4519927187991029,97.60658943336585,0.6031733249975763,11.162330412064389,197.38763289877627,-1.642427115010782,0.40301247020980474,0.24958445323109793,0.7142857142857143,26.75,-7.0,0.0,0.0,2025.0,2.0,3,0.09693065959701012,jackson hawes,1900.0,0.05,0.04693065959701012
00-0035298,Scott Miller,WR,PIT,SEA,3.3239364555319666e-05,0.00040667385503128815,0.010203300889933042,0.2574133491703657,9.659717515620437e-06,0.0,0.2625259005211465,0.5613148789490775,15.26654000801344,0.5631820496182198,10.79983285496553,0.713432092625826,2.2022021496174066e-09,0.0,3.8876788892633915e-05,0.0005265015651882424,0.010094513786856243,0.052368070719184756,0.1260768173692112,0.18539308394307435,253.14698316023794,7.366979389097092e-07,3.79449977666796,0.08376125844258163,105.08426175530839,0.10835750395938062,8.785536788258794,222.78507173553064,-3.060701846505621,0.01772109025513067,0.01833769893500203,0.75,21.75,-3.0,0.0,0.0,2025.0,2.0,5,0.09654132467185378,scott miller,900.0,0.1,-0.003458675328146227
00-0040184,KeAndre Lambert-Smith,WR,LAC,LV,0.0,0.0294117647058823,1.0,0.0,0.0,0.0,0.22,0.0,30.0,-0.6477423547767103,0.0,0.0,0.0,0.0,0.0,0.0,0.0,0.0294117647058823,0.1055211558307533,0.44820554819442754,270.62416080172613,0.054767076116199485,3.113031593971403,0.5633224474429777,95.87394966002783,0.40954236754657836,6.8161516234978405,270.37578768437396,-2.211050410292658,0.253085901330722,0.011220998807078213,0.4,25.0,-3.5,0.0,0.0,2025.0,2.0,5,0.09552790420334721,keandre lambertsmith,600.0,0.14285714285714285,-0.04732923865379564
00-0039410,Ryan Flournoy,WR,DAL,NYG,0.0,0.0,0.0,0.15318142294106454,0.0,0.0,0.2098856685745913,0.8595152815665934,14.590164178317295,0.07035065625684724,13.434046154956995,1.508523466101331,0.0,0.0,0.0,0.0,0.0,0.05754415688209145,0.1263413279224415,0.4121602894751032,252.70105874148618,8.917603324793508e-11,2.1911288128992448,0.7040755017059136,142.9967914483915,1.0013047708431217,10.520427437582372,268.7162907698592,-1.340289978354449,0.36775592652954914,0.0410623441599691,0.6666666666666666,25.0,-5.5,0.0,0.0,0.0,0.0,4,0.09488232949260553,ryan flournoy,1300.0,0.07142857142857142,0.023453758064034103
00-0040735,Luther Burden III,WR,CHI,DET,0.0,0.0,0.0,0.0,0.0,0.0,0.27,0.0,-5.0,-0.9794804314151406,-3.0,1.0,0.0,0.0,0.0,0.0,0.0,0.0294117647058823,0.030809662267949,0.6908565608422284,248.79790137592812,0.21903000090648353,3.750454286197539,0.3744282175079347,94.86593767132996,0.6273693825462878,5.999693658499841,296.0898430981525,0.4808178760991659,0.35256559227227136,0.4453753956259393,0.6666666666666666,20.5,5.5,0.0,0.0,2025.0,2.0,4,0.09448958859106502,luther burden,750.0,0.11764705882352941,-0.023157470232464394
00-0036741,Jack Stoll,TE,NO,SF,0.0,0.0,0.0,0.002376792258742362,0.0,0.0,0.4054619773220225,0.4979036479958202,1.790946869975236,-0.044865232639100194,2.2616967694548005,0.33697057713839407,0.0,0.0,0.0,0.0,0.0,0.01870611284837561,0.033650476877987154,1.1463325355896448,201.92066870700515,0.013532669967677557,2.915492534488043,0.9717318397344884,127.81035230641143,1.1726976180968822,6.302397679863302,194.40086746396423,1.7631233052583506,0.38478136467249063,0.06199845235939472,0.2,19.0,4.5,0.0,0.0,2025.0,2.0,2,0.09403705891597137,jack stoll,2200.0,0.043478260869565216,0.05055879804640616
00-0039379,Jamari Thrash,WR,CLE,BAL,0.0,0.0,0.0,0.0,0.0,0.0,0.3370428946596709,0.5888330321822465,10.291029642486201,-0.3843787768906329,2.989032368374853,0.4752778768537792,0.0,0.0,0.0,0.0,0.0,0.027296891444889317,0.06843052581811018,0.4351776778013054,258.52060081509967,0.011863962700014124,3.5560361051246887,0.06445284706514243,86.38509736552987,0.48549478573967364,1.5153719030410835,297.6770296301311,-2.2630191008767317,0.36773542794514424,0.6871597168724971,0.6666666666666666,17.0,11.5,0.0,0.0,2025.0,2.0,3,0.09363947015492084,jamari thrash,800.0,0.1111111111111111,-0.017471640956190262
00-0038090,Skyy Moore,WR,SF,NO,0.007661885245842108,0.000463528209477829,0.018047861574171913,0.020776528286471377,0.0,0.0,0.26042218284190605,0.08649016077536559,6.735742277569443,-0.5627446001864134,2.7449515084884633,0.2811831817365617,8.549237483131142e-05,0.0,0.0037538609531252267,0.06532956004019455,0.0014242794640784897,0.03071907220195582,0.06585288731650502,0.4214465833884481,211.8462031517832,0.004209894037916657,2.582192358756367,1.0954177498766107,155.03853986795474,0.6980823694545235,8.995693865132875,246.73827496278867,2.303212595469135,0.21429450384837068,0.0007421145026280422,0.4,23.5,-4.5,0.0,0.0,2025.0,2.0,6,0.09347469526889453,skyy moore,1000.0,0.09090909090909091,0.0025656043598036166
00-0036862,Ben Skowronek,WR,PIT,SEA,0.0008701885850048469,5.535038855642453e-05,0.002044394502771033,0.3510681003660675,0.0,0.0,0.17552813613791748,1.6342468241061778,6.798646502261972,1.5633545828152842,13.512014311056094,0.7961021613893318,9.466523165308029e-07,0.0,-0.0015729324329328057,0.0005278837259519427,0.3004932650612147,0.029773879668681214,0.07083495461597765,0.18539308394307435,253.14698316023794,7.366979389097092e-07,3.79449977666796,0.08376125844258163,105.08426175530839,0.10835750395938062,8.785536788258794,222.78507173553064,-3.060701846505621,0.01772109025513067,0.01833769893500203,0.75,21.75,-3.0,0.0,0.0,2025.0,2.0,4,0.09347281216498006,ben skowronek,900.0,0.1,-0.006527187835019946
00-0039530,Brevyn Spann-Ford,TE,DAL,NYG,0.0,0.000659290961868028,0.025053056550985067,0.0,0.0,0.0,0.24799047040568617,0.4492388371762912,10.498805120311562,-0.03559508551198455,3.3791411227730097,0.42955520293247224,0.0,0.0,0.0,0.0,0.0,0.02383576879188812,0.05967338822598049,0.4121602894751032,252.70105874148618,8.917603324793508e-11,2.1911288128992448,0.7040755017059136,142.9967914483915,1.0013047708431217,10.520427437582372,268.7162907698592,-1.340289978354449,0.36775592652954914,0.0410623441599691,0.6666666666666666,25.0,-5.5,0.0,0.0,2025.0,2.0,3,0.09324098541280106,brevyn spannford,1100.0,0.08333333333333333,0.009907652079467727
00-0038519,Nikko Remigio,WR,KC,PHI,0.0,0.0,0.0,0.47600104720230385,0.0,0.0,0.23592549903609794,0.17850039270086393,15.232033510473723,-0.09554633297362038,11.424025132855292,0.47600104720230385,0.0,0.0,0.0,0.0,0.0,0.08400018480040655,0.2148538060117066,0.06273384957103531,176.5036708780575,0.0006844598908499135,1.691143727589463,0.46604457731105203,110.19398904851985,0.702329463702063,-2.011459997098214,246.80905123068464,-1.4310730811972392,0.06771543220198144,0.019100338850259545,0.25,22.5,1.5,0.0,0.0,2025.0,2.0,7,0.09248773228376184,nikko remigio,1700.0,0.05555555555555555,0.036932176728206284
00-0040782,Isaiah Bond,WR,CLE,BAL,0.0,0.0,0.0,0.0,0.0,0.0,0.28,0.0,-4.0,0.042398058110848,5.0,1.0,0.0,0.0,0.0,0.0,0.0,0.0238095238095238,0.0254578754578754,0.4351776778013054,258.52060081509967,0.011863962700014124,3.5560361051246887,0.06445284706514243,86.38509736552987,0.48549478573967364,1.5153719030410835,297.6770296301311,-2.2630191008767317,0.36773542794514424,0.6871597168724971,0.6666666666666666,17.0,11.5,0.0,0.0,2025.0,2.0,4,0.09072612888226976,isaiah bond,1200.0,0.07692307692307693,0.013803051959192833
00-0039650,Bryce Oliver,WR,TEN,LA,0.0,0.0,0.0,0.03677885964814958,0.0,0.0,0.1375538255995925,0.9129231940002022,12.816858719751371,-0.033689936509103686,10.530305583089916,0.8801234352162046,0.0,0.0,0.0,0.0,0.0,0.05289216133268274,0.11295409372197078,0.14326900120420225,230.11066071910327,0.050421422238516145,2.885024848042757,0.15687180865352707,113.62415740512846,0.08404053942405885,5.847400169601213,239.9420664356624,0.06067858170798979,0.006856476660897507,0.1518366166780195,0.0,18.0,5.5,0.0,0.0,2025.0,2.0,6,0.08994215123627111,bryce oliver,1600.0,0.058823529411764705,0.031118621824506407
00-0039824,Jared Wiley,TE,KC,PHI,0.0,0.0,0.0,0.0,0.0,0.0,0.18,1.75,4.0,-0.145088373683393,7.0,1.0,0.0,0.0,0.0,0.0,0.0,0.0434782608695652,0.0921404682274247,0.06273384957103531,176.5036708780575,0.0006844598908499135,1.691143727589463,0.46604457731105203,110.19398904851985,0.702329463702063,-2.011459997098214,246.80905123068464,-1.4310730811972392,0.06771543220198144,0.019100338850259545,0.25,22.5,1.5,0.0,0.0,2025.0,2.0,4,0.08965246263589238,jared wiley,1700.0,0.05555555555555555,0.03409690708033683
00-0040705,Chimere Dike,WR,TEN,LA,1.0,0.0,0.0,0.0,0.0,0.0,0.18,0.0,20.0,-0.6668139917310327,0.0,0.0,0.0,0.0,0.7127100981306285,9.0,0.0,0.04,0.1076190476190476,0.14326900120420225,230.11066071910327,0.050421422238516145,2.885024848042757,0.15687180865352707,113.62415740512846,0.08404053942405885,5.847400169601213,239.9420664356624,0.06067858170798979,0.006856476660897507,0.1518366166780195,0.0,18.0,5.5,0.0,0.0,2025.0,2.0,4,0.08922563766458451,chimere dike,1400.0,0.06666666666666667,0.022558970997917843
00-0040075,LaJohntay Wester,WR,BAL,CLE,0.0,0.0,0.0,0.0,0.0,0.0,0.0,0.0,0.0,0.0,0.0,0.0,0.0,0.0,0.0,0.0,0.0,0.0,0.0,0.4675979944533539,190.98291846926696,0.0004953671752989366,2.123075345032236,1.0714262351469712,113.31653586169848,0.9111041534002388,6.884763532200227,222.69789292646917,-2.8539464083108563,0.8055212143304694,0.19897083325649723,0.1428571428571428,28.5,-11.5,0.0,0.0,2025.0,2.0,6,0.08910546311230261,lajohntay wester,1200.0,0.07692307692307693,0.01218238618922568
00-0037306,John FitzPatrick,TE,GB,WAS,0.0,0.0,0.0,0.0,0.0,0.0,0.18802062673542244,1.6732176986044496,1.57945981032058,-0.23176203468452927,3.346435397208899,0.78972990516029,0.0,0.0,0.0,0.0,0.0,0.03306209367805327,0.05405743617946472,0.14958266172828535,200.33758023888853,8.212742546839724e-05,3.081055440984674,0.3064649844880854,118.221777268278,0.8141185228345893,1.5049359626538208,251.93174949911918,-0.6974301175628789,0.1926883244372888,0.03681591475239495,0.6,26.0,-3.5,0.0,0.0,2025.0,2.0,3,0.08847932277883792,john fitzpatrick,2800.0,0.034482758620689655,0.05399656415814827
00-0039810,Jermaine Burton,WR,CIN,JAX,0.0,0.0034964491461527097,0.16739573076085928,0.06367152681451863,0.0,0.0,0.1151793751716914,0.055324948726279743,14.41292529132347,-0.43944953986777663,3.967890310286286,0.19361341827271994,0.0,0.0,0.0,0.0,0.0,0.016264225800012643,0.05015399092283848,0.5333674371264814,219.98878537808878,0.016081706300817324,2.904290977853633,0.6805112794549838,134.69586148135113,0.6385834716025526,0.5644825735044232,285.7516003432199,1.2350580411988035,0.08154540646564994,0.013264880679409672,0.6666666666666666,26.25,-3.0,0.0,0.0,2025.0,2.0,6,0.08831608573141786,jermaine burton,850.0,0.10526315789473684,-0.016947072163318977
00-0040009,Savion Williams,WR,GB,WAS,0.0,0.0,0.0,0.0,0.0,0.0,0.06,0.0,-3.0,-0.3952059173025191,1.0,1.0,0.0,0.0,0.0,0.0,0.0,0.0454545454545454,0.0598814229249011,0.14958266172828535,200.33758023888853,8.212742546839724e-05,3.081055440984674,0.3064649844880854,118.221777268278,0.8141185228345893,1.5049359626538208,251.93174949911918,-0.6974301175628789,0.1926883244372888,0.03681591475239495,0.6,26.0,-3.5,0.0,0.0,2025.0,2.0,5,0.08825193502826993,savion williams,1100.0,0.08333333333333333,0.004918601694936603
00-0037311,Ko Kieft,TE,TB,HOU,0.0,0.0,0.0,0.0,0.0,0.0,0.12948085534572334,0.0038377567928353606,0.5178650304138886,0.03371346528761124,0.12191898888246301,0.052517300760959125,0.0,0.0,0.0,0.0,0.05076630282924856,0.003461848040884582,0.006513039812706889,0.16910304529586243,237.61080819405473,0.0001247302328478411,3.499316994733715,0.6269452489773762,110.47594626669894,0.6166157670313019,8.365365081221865,251.82053926656994,-5.337731771606251,0.6468716199154779,0.250957615435175,0.3333333333333333,20.0,2.5,0.0,0.0,2025.0,2.0,3,0.08821537363746028,ko kieft,900.0,0.1,-0.011784626362539727
00-0040729,Jack Bech,WR,LV,LAC,0.0,0.0,0.0,1.0,0.0,0.0,0.06,1.7692307692307692,13.0,2.974110698560253,23.0,1.0,0.0,0.0,0.0,0.0,0.0,0.0303030303030303,0.0714545454545454,0.13642636869146324,227.58640237865163,0.1029012824458648,2.9612112037370526,0.3831027575721404,99.88995559332275,0.16549785234625566,3.387112380640221,252.25445123749932,1.3753355967034695,0.32502045024904325,0.3307899025923469,0.5,21.5,3.5,0.0,0.0,2025.0,2.0,4,0.08810655088390207,jack bech,850.0,0.10526315789473684,-0.017156607010834768
00-0039355,Luke McCaffrey,WR,WAS,GB,0.0,0.0004582236469197119,0.01741249858294906,0.02905573888540758,0.0,0.0,0.18999706162256952,0.2577905362624946,7.737534568121346,-0.7887275095935283,4.545597206046164,0.5547823591201789,0.0,0.0,0.0,0.0,0.0,0.028897926906341152,0.06460711844934883,0.3397801905024674,226.46899479939498,0.051119025299657554,2.0441659648450545,0.15650573004388632,69.75291394390375,0.39602253080404703,5.381726484482363,184.1605112179014,-4.159325235953752,0.010662719513389336,0.00847685686547293,0.75,22.5,3.5,0.0,0.0,2025.0,2.0,5,0.08809667141869429,luke mccaffrey,1200.0,0.07692307692307693,0.011173594495617362
00-0036331,Devin Duvernay,WR,CHI,DET,0.07117680087900682,1.4456610309904232e-07,4.501553471920062e-06,0.07203384531926016,4.568853244060773e-10,0.0,0.16351314545935472,0.4383220956068194,8.424316709327371,0.2683510632769974,5.138066774599344,0.6950640315683178,0.0027783310175670973,2.9668023409313734e-07,-0.09365522384349063,-0.2903854843303959,2.9091098647971745e-06,0.026998957332688846,0.06043336781052801,0.6908565608422284,248.79790137592812,0.21903000090648353,3.750454286197539,0.3744282175079347,94.86593767132996,0.6273693825462878,5.999693658499841,296.0898430981525,0.4808178760991659,0.35256559227227136,0.4453753956259393,0.6666666666666666,20.5,5.5,0.0,2.0496348619545208e-07,2025.0,2.0,5,0.0873831372254934,devin duvernay,1600.0,0.058823529411764705,0.028559607813728696
00-0035891,Cody White,WR,SEA,PIT,0.0,0.0,0.0,0.15127309038741857,0.0,0.0,0.2122184833743574,0.3803551211952674,6.995765792724557,0.4528963750598176,8.265565153176938,0.6557247658509203,0.0,0.0,0.0,0.0,0.0,0.023565482001817493,0.05048731485394018,0.867780842439905,253.09425709844461,2.3197365767972263e-06,2.9614401751978017,0.4398507521716309,127.44435202645248,0.6065002112444519,10.934958092529019,201.28228361027212,0.30021855433940964,0.1550487634571874,0.6967362912465139,0.3333333333333333,18.75,3.0,0.0,0.0,2025.0,2.0,6,0.08735965085601821,cody white,1100.0,0.08333333333333333,0.004026317522684883
00-0036497,Tim Jones,WR,MIN,ATL,0.0,0.0,0.0,0.050545073072595106,0.0,0.0,0.20256277032032155,0.3787275624211211,5.190387458602977,0.20458185557358385,4.5656606446399195,0.3933841133974177,0.0,0.0,0.0,0.0,0.0,0.021313400489435468,0.05180779882014107,0.6924773655312295,221.92943755027446,0.21607751857160476,2.46051786615991,0.731939766875378,120.97742704816346,0.4419947995205356,9.715887350230378,276.5188566712339,1.9419026495488445,0.528826897925098,0.42563771276571377,0.5,24.5,-4.5,0.0,0.0,0.0,0.0,4,0.08734614438029405,tim jones,850.0,0.10526315789473684,-0.01791701351444279
00-0040237,Tez Johnson,WR,TB,HOU,0.0,0.0,0.0,0.0,0.0,0.0,0.14,0.0,5.0,-0.7956633317517117,0.0,0.0,0.0,0.0,0.0,0.0,0.0,0.0333333333333333,0.0604790419161676,0.16910304529586243,237.61080819405473,0.0001247302328478411,3.499316994733715,0.6269452489773762,110.47594626669894,0.6166157670313019,8.365365081221865,251.82053926656994,-5.337731771606251,0.6468716199154779,0.250957615435175,0.3333333333333333,20.0,2.5,0.0,0.0,2025.0,2.0,4,0.08731121060864828,tez johnson,1300.0,0.07142857142857142,0.01588263918007686
00-0040727,Tre Harris,WR,LAC,LV,0.0,0.0,0.0,0.0,0.0,0.0,0.08,2.2,5.0,0.6570129282772541,11.0,1.0,0.0,0.0,0.0,0.0,0.0,0.0294117647058823,0.0543515651874784,0.44820554819442754,270.62416080172613,0.054767076116199485,3.113031593971403,0.5633224474429777,95.87394966002783,0.40954236754657836,6.8161516234978405,270.37578768437396,-2.211050410292658,0.253085901330722,0.011220998807078213,0.4,25.0,-3.5,0.0,0.0,2025.0,2.0,4,0.08728005086129252,tre harris,550.0,0.15384615384615385,-0.06656610298486133
00-0040131,Kyle Williams,WR,NE,MIA,0.0,0.0,0.0,0.0,0.0,0.0,0.1,1.0,12.0,0.7949473195185419,12.0,1.0,0.0,0.0,0.0,0.0,0.0,0.0222222222222222,0.0571293673276676,0.4354985575741741,252.61138208118254,0.0016809701866644605,3.0334584837549374,0.3489990407373956,117.60868695204101,0.10926999994697452,7.010226574227101,208.1952036798268,1.273298118150814,0.0010446008030858388,0.6001844569532085,0.3333333333333333,21.5,1.5,0.0,0.0,2025.0,2.0,5,0.08676527487569717,kyle williams,1400.0,0.06666666666666667,0.020098608209030505
00-0036620,Dee Eskridge,WR,MIA,NE,0.0,0.0,0.0,0.0,0.0,0.0,0.0,0.0,0.0,0.0,0.0,0.0,0.0,0.0,0.0,0.0,0.0,0.0,0.0,0.8184495305352072,244.70111896775256,0.367488014302481,3.943964933549361,0.5171682541030056,114.72671011908521,0.9414994351295548,10.623867891178463,301.3621771288041,-1.9870453266528632,0.010755896248803605,0.05123606778428315,1.0,23.0,-1.5,0.0,0.0,2025.0,2.0,5,0.08659083306441451,dee eskridge,1100.0,0.08333333333333333,0.0032574997310811787
00-0039739,Roman Wilson,WR,PIT,SEA,0.0,0.0,0.0,0.0,0.0,0.0,0.0,0.0,0.0,0.0,0.0,0.0,0.0,0.0,0.0,0.0,0.0,0.0,0.0,0.18539308394307435,253.14698316023794,7.366979389097092e-07,3.79449977666796,0.08376125844258163,105.08426175530839,0.10835750395938062,8.785536788258794,222.78507173553064,-3.060701846505621,0.01772109025513067,0.01833769893500203,0.75,21.75,-3.0,0.0,0.0,2025.0,2.0,3,0.08658151331287592,roman wilson,900.0,0.1,-0.013418486687124087
00-0040737,Terrance Ferguson,TE,LA,TEN,0.0,0.0,0.0,0.0,0.0,0.0,0.0,0.0,0.0,0.0,0.0,0.0,0.0,0.0,0.0,0.0,0.0,0.0,0.0,0.8010545546222989,184.78090752679503,0.10537260420128523,2.146693655342376,0.9294946808416034,168.86497139446914,1.0538307798959183,4.0353168183888215,182.97348475560392,0.7180706328043575,0.04716080115093226,0.17113509819292433,0.6666666666666666,23.5,-5.5,0.0,0.0,2025.0,2.0,4,0.08640239842924839,terrance ferguson,1300.0,0.07142857142857142,0.014973827000676967
00-0040590,Konata Mumpfield,WR,LA,TEN,0.0,0.0,0.0,0.0,0.0,0.0,0.0,0.0,0.0,0.0,0.0,0.0,0.0,0.0,0.0,0.0,0.0,0.0,0.0,0.8010545546222989,184.78090752679503,0.10537260420128523,2.146693655342376,0.9294946808416034,168.86497139446914,1.0538307798959183,4.0353168183888215,182.97348475560392,0.7180706328043575,0.04716080115093226,0.17113509819292433,0.6666666666666666,23.5,-5.5,0.0,0.0,2025.0,2.0,5,0.08640239842924839,konata mumpfield,1500.0,0.0625,0.023902398429248392
00-0038839,Mitchell Tinsley,WR,CIN,JAX,0.0,0.0,0.0,0.0,0.0,0.0,0.0,0.0,0.0,0.0,0.0,0.0,0.0,0.0,0.0,0.0,0.0,0.0,0.0,0.5333674371264814,219.98878537808878,0.016081706300817324,2.904290977853633,0.6805112794549838,134.69586148135113,0.6385834716025526,0.5644825735044232,285.7516003432199,1.2350580411988035,0.08154540646564994,0.013264880679409672,0.6666666666666666,26.25,-3.0,0.0,0.0,2025.0,2.0,4,0.08638099362950154,mitchell tinsley,1100.0,0.08333333333333333,0.0030476602961682087
00-0040646,Jalen Royals,WR,KC,PHI,0.0,0.0,0.0,0.0,0.0,0.0,0.0,0.0,0.0,0.0,0.0,0.0,0.0,0.0,0.0,0.0,0.0,0.0,0.0,0.06273384957103531,176.5036708780575,0.0006844598908499135,1.691143727589463,0.46604457731105203,110.19398904851985,0.702329463702063,-2.011459997098214,246.80905123068464,-1.4310730811972392,0.06771543220198144,0.019100338850259545,0.25,22.5,1.5,0.0,0.0,2025.0,2.0,4,0.08636177634074216,jalen royals,400.0,0.2,-0.11363822365925785
00-0040563,Efton Chism III,WR,NE,MIA,0.0,0.0,0.0,0.0,0.0,0.0,0.0,0.0,0.0,0.0,0.0,0.0,0.0,0.0,0.0,0.0,0.0,0.0,0.0,0.4354985575741741,252.61138208118254,0.0016809701866644605,3.0334584837549374,0.3489990407373956,117.60868695204101,0.10926999994697452,7.010226574227101,208.1952036798268,1.273298118150814,0.0010446008030858388,0.6001844569532085,0.3333333333333333,21.5,1.5,0.0,0.0,2025.0,2.0,6,0.08633148609248846,efton chism,1000.0,0.09090909090909091,-0.004577604816602451
00-0040509,Ben Yurosek,TE,MIN,ATL,0.0,0.0,0.0,0.0,0.0,0.0,0.0,0.0,0.0,0.0,0.0,0.0,0.0,0.0,0.0,0.0,0.0,0.0,0.0,0.6924773655312295,221.92943755027446,0.21607751857160476,2.46051786615991,0.731939766875378,120.97742704816346,0.4419947995205356,9.715887350230378,276.5188566712339,1.9419026495488445,0.528826897925098,0.42563771276571377,0.5,24.5,-4.5,0.0,0.0,0.0,0.0,4,0.08625049350992851,ben yurosek,1500.0,0.0625,0.023750493509928514
00-0040154,Tai Felton,WR,MIN,ATL,0.0,0.0,0.0,0.0,0.0,0.0,0.0,0.0,0.0,0.0,0.0,0.0,0.0,0.0,0.0,0.0,0.0,0.0,0.0,0.6924773655312295,221.92943755027446,0.21607751857160476,2.46051786615991,0.731939766875378,120.97742704816346,0.4419947995205356,9.715887350230378,276.5188566712339,1.9419026495488445,0.528826897925098,0.42563771276571377,0.5,24.5,-4.5,0.0,0.0,2025.0,2.0,4,0.08625049350992851,tai felton,950.0,0.09523809523809523,-0.00898760172816672
00-0040506,Myles Price,WR,MIN,ATL,0.0,0.0,0.0,0.0,0.0,0.0,0.0,0.0,0.0,0.0,0.0,0.0,0.0,0.0,0.0,0.0,0.0,0.0,0.0,0.6924773655312295,221.92943755027446,0.21607751857160476,2.46051786615991,0.731939766875378,120.97742704816346,0.4419947995205356,9.715887350230378,276.5188566712339,1.9419026495488445,0.528826897925098,0.42563771276571377,0.5,24.5,-4.5,0.0,0.0,2025.0,2.0,5,0.08625049350992851,myles price,1200.0,0.07692307692307693,0.009327416586851586
00-0040187,Mitchell Evans,TE,CAR,ARI,0.0,0.0,0.0,0.0,0.0,0.0,0.0,0.0,0.0,0.0,0.0,0.0,0.0,0.0,0.0,0.0,0.0,0.0,0.0,0.545003518897085,230.10046490190405,0.21898341755047857,2.690734288707201,0.8122734692619176,123.41843553410261,0.7798215578936298,5.083626480078469,245.85335449697806,0.9594887319967952,0.0005119237840502647,0.3886488174231979,0.0,19.0,6.5,0.0,0.0,2025.0,2.0,3,0.08609382296332455,mitchell evans,1300.0,0.07142857142857142,0.014665251534753121
00-0038359,Xavier Smith,WR,LA,TEN,0.43392404153583447,0.0,0.0,0.301431062510275,0.0059602770107247145,0.0,0.031112760358753603,0.3264642259553189,10.855690444277407,0.8114863737153344,10.876551413814946,0.30977545032528964,0.0,0.0,0.22990854051419202,1.4448187728648962,0.0,0.010950825929986332,0.05004509399367733,0.8010545546222989,184.78090752679503,0.10537260420128523,2.146693655342376,0.9294946808416034,168.86497139446914,1.0538307798959183,4.0353168183888215,182.97348475560392,0.7180706328043575,0.04716080115093226,0.17113509819292433,0.6666666666666666,23.5,-5.5,0.0,0.0,2025.0,2.0,6,0.08604465824581237,xavier smith,1800.0,0.05263157894736842,0.03341307929844395
00-0040134,Pat Bryant,WR,DEN,IND,0.0,0.0,0.0,0.0,0.0,0.0,0.0,0.0,0.0,0.0,0.0,0.0,0.0,0.0,0.0,0.0,0.0,0.0,0.0,1.0215084986795735,213.11450473434897,0.025332258529641685,2.437460040205099,0.8108961452230912,95.69238625135026,0.6343561064728472,4.649412620659896,223.21278303249193,-0.9049483977105394,0.08092359707565405,0.16869646936082988,0.25,22.5,-2.5,0.0,0.0,2025.0,2.0,4,0.08595506210589418,pat bryant,1200.0,0.07692307692307693,0.009031985182817254
00-0040241,Dominic Lovett,WR,DET,CHI,0.0,0.0,0.0,0.0,0.0,0.0,0.0,0.0,0.0,0.0,0.0,0.0,0.0,0.0,0.0,0.0,0.0,0.0,0.0,0.7456196997423483,206.36426383462063,0.30035108449076076,2.7926749820755967,0.6992329491302557,139.9232564318287,0.8873329906339923,3.467208176817725,169.55931417923966,0.6337952334640193,0.10360350152420324,0.31763831460173486,0.25,26.0,-5.5,0.0,0.0,2025.0,2.0,5,0.08590600948297286,dominic lovett,1400.0,0.06666666666666667,0.019239342816306196
00-0040432,Beaux Collins,WR,NYG,DAL,0.0,0.0,0.0,0.0,0.0,0.0,0.0,0.0,0.0,0.0,0.0,0.0,0.0,0.0,0.0,0.0,0.0,0.0,0.0,1.0031368385444652,208.73075169948606,0.0011713135149931163,2.221101039974721,0.9554980041395231,135.73519232971114,0.5201364142152343,7.66118033331901,214.38136207875053,4.12127257890187,0.2569171183161825,1.1219249885287708,0.0,19.5,5.5,0.0,0.0,2025.0,2.0,5,0.08587822103276399,beaux collins,1300.0,0.07142857142857142,0.014449649604192566
00-0034487,Trent Sherfield,WR,DEN,IND,0.0,0.00012157330635705303,0.0047916994218684525,6.301219872296456e-05,0.0,0.0,0.19480802498737596,0.36358167092140514,0.6105649325831948,0.16156938390988085,2.7958804593774196,0.5137356164927611,0.0,0.0,0.0,0.0,0.014155146944542741,0.014952435514806428,0.02324045530348712,1.0215084986795735,213.11450473434897,0.025332258529641685,2.437460040205099,0.8108961452230912,95.69238625135026,0.6343561064728472,4.649412620659896,223.21278303249193,-0.9049483977105394,0.08092359707565405,0.16869646936082988,0.25,22.5,-2.5,0.0,0.0,2025.0,2.0,5,0.08573177332009471,trent sherfield,850.0,0.10526315789473684,-0.019531384574642124
00-0040244,Moliki Matavao,TE,NO,SF,0.0,0.0,0.0,0.0,0.0,0.0,0.0,0.0,0.0,0.0,0.0,0.0,0.0,0.0,0.0,0.0,0.0,0.0,0.0,1.1463325355896448,201.92066870700515,0.013532669967677557,2.915492534488043,0.9717318397344884,127.81035230641143,1.1726976180968822,6.302397679863302,194.40086746396423,1.7631233052583506,0.38478136467249063,0.06199845235939472,0.2,19.0,4.5,0.0,0.0,2025.0,2.0,3,0.08551580517247279,moliki matavao,2000.0,0.047619047619047616,0.03789675755342517
00-0037304,Connor Heyward,TE,PIT,SEA,8.684782248488714e-05,1.4103420139907978e-06,5.1189448714485816e-05,2.0103519415166572e-05,9.659720281016092e-06,0.0,0.14090420480697774,0.3013706599747362,2.1959124924314315,0.03967553212612266,1.9010940427404466,0.309074057082167,0.0,0.0,-9.1836945993195e-05,0.0003211364150566373,0.012109399160834158,0.01154210016431377,0.022954101296000992,0.18539308394307435,253.14698316023794,7.366979389097092e-07,3.79449977666796,0.08376125844258163,105.08426175530839,0.10835750395938062,8.785536788258794,222.78507173553064,-3.060701846505621,0.01772109025513067,0.01833769893500203,0.75,21.75,-3.0,0.0,0.0,0.0,0.0,4,0.08537668256439976,connor heyward,1500.0,0.0625,0.02287668256439976
00-0035021,Ashton Dulin,WR,IND,DEN,0.44837766953823044,0.00032831155126764007,0.0070909716963104006,0.0031601253686576705,2.8162441519434876e-05,0.0,0.15383974471471176,0.014320038163648583,5.837838282471378,-0.22234266220460536,0.2872684395943549,0.012825430993866302,0.022161800773572223,0.0,0.5230380074397214,5.745326956909864,0.003937171604912085,0.008046329555776065,0.024669622895195767,0.5693479670941345,211.97516669016215,0.12003545457602516,2.335966342551629,0.32634104913165396,79.43195136018002,0.2381951878830902,3.811986231599921,256.2849705314297,-5.627129127366398,0.0034820305030786097,0.21979661121237762,0.3333333333333333,20.0,2.5,0.0,0.0,2025.0,2.0,5,0.08523201076520869,ashton dulin,2000.0,0.047619047619047616,0.03761296314616107
00-0036825,Feleipe Franks,TE,ATL,MIN,0.0103703857272901,0.0,0.0,0.0,0.0,0.0,0.06578598679131539,0.21023964997338562,6.000788642314966,0.008519817845447033,2.5228757996806275,0.21023964997338562,0.0,0.0,-0.008140840094759384,0.003563308642176796,0.0,0.010384415958778308,0.027240593442918477,0.5068168416886427,233.67864666606908,0.21001400351147714,2.3821896317607685,0.47591796408112597,121.62520180300125,1.0607669679293457,2.5287524575130136,257.2040240762518,-0.15474741519064023,0.001522376560316811,0.3124633556111655,0.3333333333333333,20.0,4.5,0.0,0.0,2025.0,2.0,4,0.08521311326762314,feleipe franks,2500.0,0.038461538461538464,0.046751574806084675
00-0038576,Charlie Jones,WR,CIN,JAX,0.03462827841160637,0.0,0.0,0.017314139205803186,0.0,0.0,0.038413986352397844,0.0520993283168298,0.942317614682638,0.06732150319193407,1.028957567268477,0.0980364555732305,0.0,0.0,0.019044605124289016,0.2250838096754414,0.0,0.0034089008094531424,0.01025578442398665,0.5333674371264814,219.98878537808878,0.016081706300817324,2.904290977853633,0.6805112794549838,134.69586148135113,0.6385834716025526,0.5644825735044232,285.7516003432199,1.2350580411988035,0.08154540646564994,0.013264880679409672,0.6666666666666666,26.25,-3.0,0.0,0.0,2025.0,2.0,5,0.08473492334966139,charlie jones,1400.0,0.06666666666666667,0.01806825668299472
00-0035602,Alex Bachman,WR,LV,LAC,0.037453839302658026,0.0,0.0,0.0,0.0,0.0,0.16811074384211783,0.1611924223771205,3.566501727236762,-0.2587321445196022,3.38504086991953,0.32758460031479314,0.0,0.0,-0.14201957359212947,-0.11236151790797407,0.0,0.01850067970265795,0.03704222743406378,0.13642636869146324,227.58640237865163,0.1029012824458648,2.9612112037370526,0.3831027575721404,99.88995559332275,0.16549785234625566,3.387112380640221,252.25445123749932,1.3753355967034695,0.32502045024904325,0.3307899025923469,0.5,21.5,3.5,0.0,0.0,0.0,0.0,4,0.08466787785523326,alex bachman,1300.0,0.07142857142857142,0.013239306426661837
00-0035645,Gunner Olszewski,WR,NYG,DAL,0.009824733122887922,0.0,0.0,0.0003425347305566225,0.0,0.0,0.01685110054554221,0.0021498631445834478,0.032752979712610285,-0.02586839073298947,0.025646188629394398,0.007507275641971055,8.564119263386358e-10,0.0,0.001639498685156526,0.03019503767147186,1.1011010481496759e-08,0.0003119519137894353,0.0005329492953059869,1.0031368385444652,208.73075169948606,0.0011713135149931163,2.221101039974721,0.9554980041395231,135.73519232971114,0.5201364142152343,7.66118033331901,214.38136207875053,4.12127257890187,0.2569171183161825,1.1219249885287708,0.0,19.5,5.5,0.0,0.0,2025.0,2.0,6,0.08461084952589594,gunner olszewski,1700.0,0.05555555555555555,0.029055293970340387
00-0039648,David Martin-Robinson,TE,TEN,LA,0.0,0.0,0.0,0.0,0.0,0.0,0.1564307093144856,0.0,0.0,0.05367266626819589,0.7421297464930944,0.12368829108218239,0.0,0.0,0.0,0.0,0.0,0.006453811400216144,0.009680717100324211,0.14326900120420225,230.11066071910327,0.050421422238516145,2.885024848042757,0.15687180865352707,113.62415740512846,0.08404053942405885,5.847400169601213,239.9420664356624,0.06067858170798979,0.006856476660897507,0.1518366166780195,0.0,18.0,5.5,0.0,0.0,2025.0,2.0,3,0.08446448606410377,david martinrobinson,1600.0,0.058823529411764705,0.025640956652339064
00-0040582,Arian Smith,WR,NYJ,BUF,0.0,0.0,0.0,0.0,0.0,0.0,0.09,0.0,0.0,0.0,0.0,0.0,0.0,0.0,0.0,0.0,0.0,0.0,0.0,1.2464216784249194,242.72581743796871,0.08820550342241787,3.6048037652573353,0.9880569863458054,141.2389728630866,0.9383004556568503,10.898959027867818,217.11221186593897,-0.2602234062893032,0.10297012450895572,0.5127802277760151,0.6,19.75,7.0,0.0,0.0,2025.0,2.0,4,0.08412963824552688,arian smith,1300.0,0.07142857142857142,0.012701066816955459
00-0031763,DeAndre Carter,WR,CLE,BAL,0.00022557549561010254,0.00011419470896048737,0.005935750802843882,6.606267105557268e-06,3.1103379228982147e-10,0.0,0.02343021134685615,0.08485565234417569,1.0447042009959506,-0.012128545229159097,0.7143648710903595,0.11049222738571973,3.5203203672766357e-06,5.632488202593304e-06,0.0005483541733376977,0.0025818569131648844,8.474424975099986e-07,0.004631027605273102,0.009506772508012308,0.4351776778013054,258.52060081509967,0.011863962700014124,3.5560361051246887,0.06445284706514243,86.38509736552987,0.48549478573967364,1.5153719030410835,297.6770296301311,-2.2630191008767317,0.36773542794514424,0.6871597168724971,0.6666666666666666,17.0,11.5,0.0,2.451133136247803e-06,2025.0,2.0,5,0.08288847092699295,deandre carter,900.0,0.1,-0.01711152907300706
