player_id,player_display_name,position,team,opponent_team,avg_avg_expected_yac,avg_avg_intended_air_yards,avg_avg_separation,avg_avg_time_to_los,avg_avg_yac_above_expectation,avg_carries,avg_catch_percentage,avg_endzone_target_share,avg_endzone_targets,avg_inside_5_carry_share,avg_inside_5_target_share,avg_offense_snap_share,avg_percent_attempts_gte_eight_defenders,avg_percent_share_of_intended_air_yards,avg_racr,avg_receiving_air_yards,avg_receiving_epa,avg_receiving_yards,avg_receptions,avg_redzone_carry_share,avg_redzone_target_share,avg_rush_pct_over_expected,avg_rush_yards_over_expected_per_att,avg_rushing_epa,avg_rushing_yards,avg_scored_touchdown,avg_target_share,avg_wopr,rushing_tds_allowed_to_QB,rushing_tds_allowed_to_RB,passing_tds_allowed_to_WR,passing_tds_allowed_to_TE,passing_tds_allowed_to_RB,implied_total,rush_matchup_value,pass_matchup_value,season,week,depth_chart_rank,predicted_touchdown_probability,merge_name,price,market_implied_prob,model_edge
00-0032764,Derrick Henry,RB,BAL,DET,0.0,0.0,0.0,2.8204198250934938,0.0,17.43479743795769,0.0,0.0,0.0,0.48827280100129195,0.0014244673910689864,0.6139031611579586,38.61223828652045,0.0,2.652863817078084,1.9862812622381463,0.3833083852847991,11.333520689568452,0.9993994121843337,0.5049385729442128,0.04010450616757299,0.42325628417963324,1.345745162376672,1.429339177974773,104.36398750563946,0.5171243962005665,0.04954980712912736,0.08067462987213472,0.3117627769381511,0.7391585677824067,1.2320000444930022,0.3188732529136597,0.15332100073478303,28.5,0.37322967239553667,0.0061488630195865685,2025.0,3.0,1,0.59146325429566,derrick henry,-215.0,0.6825396825396826,-0.09107642824402251
00-0039139,Jahmyr Gibbs,RB,DET,BAL,0.0,0.0,0.0,2.1440135239573577,0.0,14.436541290188925,0.0,0.0011304879242744882,0.04122690333645153,0.30392450605667415,0.011784480580941718,0.6068806103109228,11.461944165754485,0.0,1.832710305460149,-1.6857638436686782,1.1880627035455233,29.14531812557588,5.065677998036195,0.6096305713827608,0.10193817693827663,0.32522693559437776,0.7536844681537965,1.0085353710429585,82.45078705657599,0.7527343548544146,0.15411354562136723,0.22635231897462196,0.48101180181011516,0.3398463500161344,0.7030399766914783,0.4825164133990311,0.38265202172049856,24.0,0.20718072454268172,0.03900684949593345,2025.0,3.0,1,0.5636115079280011,jahmyr gibbs,-120.0,0.5454545454545454,0.018156962473455662
00-0037248,James Cook,RB,BUF,MIA,0.0,0.0,0.0,2.3989448403845364,0.0,14.862534127652923,0.0,2.40546575839862e-05,0.000657201573827059,0.45477492135182,0.07225522465944155,0.4404689443761001,25.02056775062986,0.0,-2.6182345197426957,-2.885084077836977,0.8444847968062072,17.734615641143712,1.8908904403915154,0.5406648639137113,0.08876815086868636,0.40713141652750645,0.998364672572534,1.5014785620747895,77.33949266603014,0.952232320631312,0.05486383973752286,0.07163682321190531,0.7201291198672517,0.0764889999628806,1.3784492362838612,0.2554361986253772,0.16623527633959997,31.0,0.041354914755826706,0.01475639808981138,2025.0,3.0,1,0.5591123243428076,james cook,-175.0,0.6363636363636364,-0.0772513120208288
00-0038542,Bijan Robinson,RB,ATL,CAR,0.0,0.0,0.0,2.9154637016623237,0.0,19.99955214983057,0.0,1.5135578501941043e-05,0.0005095319659278097,0.4181691112704371,0.00039328572731051254,0.7730525999403007,13.773816204948968,0.0,-1.43493816803778,6.442249267116961,0.80832646859615,34.03551743379714,3.4278189767266096,0.5908568956106882,0.1760763338936288,0.48660156356666157,0.8042595516980711,1.7109252407761044,105.19973872707108,0.6185388738280276,0.16808355256519456,0.2689124573506868,0.28101995349088293,0.7283038304761265,1.2475762278601545,0.412524494152715,0.07952533600879363,24.5,0.430323340336497,0.01400252961608737,2025.0,3.0,1,0.5453681373749574,bijan robinson,-185.0,0.6491228070175439,-0.1037546696425865
00-0034844,Saquon Barkley,RB,PHI,LA,0.0,0.0,0.0,2.9717002268579074,0.0,22.963416686165946,0.0,0.0003833121872157708,0.009469018782762947,0.4641882439250133,0.0013676998226021064,0.7804619066053458,24.633036292659593,0.0,0.5110171845567602,-0.09896352703792836,0.08297654183716376,10.921979292458632,2.158876108390231,0.5559636078621507,0.24901475307991702,0.4445666615325805,0.4772172940300024,1.2654664958381663,106.81234866603741,0.7058733974200441,0.12880050539654553,0.18768799099751632,0.10628563167365906,0.058828377595331494,0.8291607159730313,0.40617348491207844,0.03535246999102428,24.0,0.03270643705257741,0.008803286585580088,2025.0,3.0,1,0.5394347478431998,saquon barkley,-160.0,0.6153846153846154,-0.07594986754141564
00-0035700,Josh Jacobs,RB,GB,CLE,0.0,0.0,0.0,2.3018911140195817,0.0,18.017166884845906,0.0,2.7623223282150788e-05,0.0014783001083935748,0.705895647660115,0.004155836059326487,0.6805425103302764,22.386721224265752,0.0,0.7935079091750449,-1.1570773886831776,0.19369669976109985,8.878229968091999,1.0586862260355197,0.626375989426385,0.0020421568662926885,0.3819367367964499,-0.23502487284350304,-0.7755086022702371,71.02452141168519,0.9842883932933136,0.04421795926381429,0.062147551647378285,0.13927958327860512,0.6377729073824526,1.7576962027010956,0.5641498023319048,0.0007537033127229771,25.0,0.3994856358910259,1.539180395224773e-06,2025.0,3.0,1,0.5311029530014847,josh jacobs,-140.0,0.5833333333333334,-0.05223038033184868
00-0036223,Jonathan Taylor,RB,IND,TEN,0.0,0.0,0.0,2.6472598319436598,0.0,25.094336820781308,0.0,0.0,0.0,0.27980750057307463,6.769509794601295e-06,0.8154111998229066,18.415136040789935,0.0,4.78614248115526,1.6707658643219234,1.7726255305946756,23.25281672309106,1.7654795350188033,0.6245287634692067,0.055872178324452904,0.3944095040414223,0.7296060132719862,1.034808584485344,133.3565072099899,0.6746864569334936,0.06861604922027743,0.10515453803111484,0.11979456873880746,1.037681545926305,1.0886759903457248,0.35105589044658536,0.07378056300456547,24.0,0.64806197275217,0.004122280773069614,2025.0,3.0,1,0.5116060793279783,jonathan taylor,-195.0,0.6610169491525424,-0.14941086982456409
00-0036555,Chuba Hubbard,RB,CAR,ATL,0.0,0.0,0.0,2.6195058728154,0.0,15.701743094440518,0.0,6.403636901673314e-12,2.1772365465689282e-10,0.360771607924219,0.1000000134783417,0.7904543282330222,15.859442536771216,0.0,-0.13378902692813616,-1.3912340106111605,1.0535463941070757,24.07673446415726,3.6897457761685915,0.5371811749852796,0.09250541519078731,0.4093390247576546,0.21176245933758167,0.43855148180666986,67.73511568580352,0.8244490752587027,0.1382940515443076,0.1944976294785589,0.2979463989359935,0.30939635966436857,0.9514137512215605,0.3820508916263106,0.49812515835400345,19.0,0.16620190002067367,0.046079274590513766,2025.0,3.0,1,0.48476927817805726,chuba hubbard,140.0,0.4166666666666667,0.06810261151139058
00-0035685,David Montgomery,RB,DET,BAL,0.0,0.0,0.0,2.0872911705124264,0.0,11.285947765052196,0.0,0.0,0.0,0.4632441700246649,3.674164177484035e-09,0.388939694994839,26.67291639347049,0.0,0.4979497493440696,-3.5539705779564397,0.7308357944918343,19.732301344199627,2.8611281489891813,0.39747228302717974,0.03427762788531903,0.2524589492951835,0.2796506731424756,-1.6303186436284391,43.095354287252064,0.5445622794533177,0.07939437915792827,0.11226372805884106,0.48101180181011516,0.3398463500161344,0.7030399766914783,0.4825164133990311,0.38265202172049856,24.0,0.13507950461936696,0.013116403610100266,2025.0,3.0,2,0.48192732179271686,david montgomery,120.0,0.45454545454545453,0.027381867247262326
00-0037840,Kyren Williams,RB,LA,PHI,0.0,0.0,0.0,2.7218406774352286,0.0,18.680628519900385,0.0,0.00018421215642171104,0.006253471395349342,0.48241130604639687,0.0033992211643475343,0.8083487369235718,23.946351901432614,0.0,0.9512280124887975,0.23161489313655817,-0.44782455538430815,9.70204018507417,1.7565603111340171,0.6045568161797179,0.057910264290754035,0.4350009577473554,0.14987636996580475,-0.4692519560659352,76.62117049066548,0.5898459749784408,0.06967142230527555,0.10121287706811234,0.3133702371951958,0.491630624591434,0.9564926010401154,0.14730047888725403,0.00047914439504485857,20.5,0.29721864513944346,2.7747378550481218e-05,2025.0,3.0,1,0.472042143522202,kyren williams,-105.0,0.5121951219512195,-0.04015297842901755
00-0036158,J.K. Dobbins,RB,DEN,LAC,0.0,0.0,0.0,2.5136446919087914,0.0,14.96899125065164,0.0,0.0,0.0,0.5148877397822529,7.32374641845298e-05,0.5365252711749362,29.768937640831645,0.0,-1.2380989663265503,-2.8403546701186793,-0.5518689419704601,9.234790370877938,1.8515247039010232,0.6814104027681686,0.03327927066219106,0.33640876024489746,0.23556849394059162,0.5107165162821728,66.2903179792443,0.7208018691439542,0.07362820627571746,0.1010820858213413,0.23155293181463807,0.11584849664237658,0.5954819744602671,0.3745236098800593,0.12294719002673946,21.5,0.07894037075716864,0.004091592814055699,2025.0,3.0,1,0.4621385719925531,jk dobbins,125.0,0.4444444444444444,0.017694127548108673
00-0036973,Travis Etienne,RB,JAX,HOU,0.0,0.0,0.0,2.3859938444044486,0.0,13.356390346638875,0.0,9.170768424938048e-05,0.0034589431104705428,0.11022566893915287,1.0790790391732454e-09,0.575335234699161,10.960089703151986,0.0,-1.5210092218831515,-7.21788066353763,0.7809633470545626,25.08589171898299,2.466569723957202,0.46148635320269726,0.11363408290372119,0.27364261198078843,0.6009819658246608,-1.1741315798214496,69.430839042208,0.3032696388419219,0.10056433870058626,0.13221715136264708,0.17567033080461886,0.7316310369219169,0.9934937154562653,0.5112968436812407,0.00523668653581613,23.0,0.33763773911900336,0.0005950660719517307,2025.0,3.0,1,0.46038825859623034,travis etienne,120.0,0.45454545454545453,0.005842804050775807
00-0039040,De'Von Achane,RB,MIA,BUF,0.0,0.0,0.0,2.253095020724201,0.0,10.612486767553452,0.0,0.0004703891879357839,0.018550899549727565,0.2912696742383439,0.004024444195345451,0.7575111972112911,17.120554511628903,0.0,-4.870454553469543,-2.8558969325317234,2.1505941837077938,44.571618231164464,4.671510754367344,0.26263676675561665,0.07284945646569409,0.27400740293874987,-0.18101554016052646,0.12119077402677558,55.801948220968846,0.8304214680323739,0.17348825533038253,0.2510880751431088,0.3589461594411543,0.6568103189596074,1.0148232481996773,0.5105648814271506,0.07461622053644312,18.5,0.17250253854327657,0.005435751109604242,2025.0,3.0,1,0.4572613503634947,devon achane,120.0,0.45454545454545453,0.0027158958180401593
00-0033280,Christian McCaffrey,RB,SF,ARI,0.0,0.0,0.0,2.41596782377877,0.0,14.540738601326261,0.0,0.009637299941902868,0.3546690784657878,0.17699855001769257,0.036089979246571466,0.7152726020720015,20.061017422883445,0.0,1.9633134383322353,15.92626189033631,1.8448753595407406,46.18385197756872,5.393499770979204,0.7474669648053531,0.3686404329648392,0.33905437458589716,-0.23786398324505825,-0.594567847839467,60.65540917808521,0.36731048928069865,0.2036203218460545,0.34947694752733954,0.27205417219623296,0.5458750905255296,1.0113602405335607,0.027680720819690183,0.47799753344237034,24.0,0.408023597077965,0.17620921768432063,2025.0,3.0,1,0.4510317958617644,christian mccaffrey,-230.0,0.696969696969697,-0.24593790110793262
00-0036358,CeeDee Lamb,WR,DAL,CHI,3.609155365223227,9.87784786873514,2.6338191320076008,0.0,1.7160279231266444,0.19789464114353,71.98500193489824,0.015405589363743097,0.492436685373222,0.0002393768085332682,0.022458090807604778,0.8266695331415512,0.0,36.341602494050484,1.0256222798377301,111.01659332930933,4.222628395810952,101.24664133257917,7.64444549975494,0.0035122178500909323,0.20979848553486474,0.0,0.0,-0.0776512542163552,0.748015131792581,0.18999698034283213,0.2912678037725825,0.7067473074905269,0.22234682022120672,1.221133093445208,1.7421214731773247,0.42216776055712874,0.2104304357861744,26.0,0.0,0.36549444669037023,2025.0,3.0,1,0.43702886243809236,ceedee lamb,-110.0,0.5238095238095238,-0.08678066137143148
00-0037228,Jaylen Warren,RB,PIT,NE,0.0,0.0,0.0,1.9541782722295167,0.0,10.564034036567724,0.0,0.00021185644056016388,0.005931980335684594,0.43440479722673514,0.10500000188838833,0.5071863015096932,14.71563188380975,0.0,4.207275407978228,0.08122217617001389,2.04253872498439,41.35401046412078,2.8774424979592537,0.6145438820258645,0.10514454787270042,0.37956442149118697,0.08554010786603164,-0.5272645125845178,40.999405816268634,0.22789499406556304,0.11187485279785257,0.16858260836071856,0.03586524744899747,0.6590496045906749,0.9581473650992105,0.05800530801414254,0.6068887805701266,23.0,0.40501490245276434,0.06381104644206045,2025.0,3.0,1,0.4304711722106207,jaylen warren,-105.0,0.5121951219512195,-0.08172394974059882
00-0036963,Amon-Ra St. Brown,WR,DET,BAL,3.466879728777438,8.585957804076124,2.8985616450814087,0.0,0.03920130699159118,0.647684633082134,77.99720167657344,0.03771444748716044,1.1889784723838492,1.559867442685317e-08,0.3869224159425482,0.8648998698990549,0.0,35.45165877060243,1.1751239512102845,70.03340046578107,7.401954394831673,84.17754348638066,7.085103923900962,0.030483257065139744,0.4547461649243735,0.0,0.0,0.2782784553749933,2.4073529654900843,0.5643633210317759,0.2760892550365299,0.6423186717177966,0.48101180181011516,0.3398463500161344,0.7030399766914783,0.4825164133990311,0.38265202172049856,24.0,0.0,0.3197047331889707,2025.0,3.0,1,0.4286840809767348,amonra st brown,135.0,0.425531914893617,0.0031521660831178022
00-0038544,Quentin Johnston,WR,LAC,DEN,4.681334977418731,12.060594761325087,2.9595900846448746,0.0,0.8341626582741708,0.3140607571412645,57.674114510936576,0.02223135719997547,0.7618981863561023,0.0,0.24602828168595683,0.7495000867568814,0.0,33.90662305004164,0.7899509641351053,94.81002392700015,4.3355122234987515,77.59755534867328,5.169707193691128,0.0,0.2238570631772132,0.0,0.0,-0.3262583462337229,-0.5719268123976197,0.6259699538868603,0.2528519278300104,0.6198811575048179,0.45385762784867556,0.16673663151815968,0.45088529080194006,0.08604602025414061,0.4441970693253579,24.0,0.0,0.10093385702872605,2025.0,3.0,2,0.421260434872661,quentin johnston,230.0,0.30303030303030304,0.11823013184235798
00-0030279,Keenan Allen,WR,LAC,DEN,2.88432758036588,7.792563487526648,2.9662750281897345,0.0,0.3473484852134137,2.4053330759111006e-05,56.81826986814255,0.030108531161154257,0.9247225710311742,0.0,0.05068628484072331,0.7352917396271461,0.0,25.901743285483736,0.9400192901855196,66.62955156239448,4.406406781539655,59.15470353109679,5.431627707171642,8.049764647240908e-07,0.30404487287452076,0.0,0.0,4.271489196633359e-06,9.582376053153367e-05,0.6778564474752241,0.26481280360093457,0.5980972441009463,0.45385762784867556,0.16673663151815968,0.45088529080194006,0.08604602025414061,0.4441970693253579,24.0,0.0,0.1370893609228672,2025.0,3.0,3,0.40301469691769753,keenan allen,195.0,0.3389830508474576,0.06403164607023992
00-0039064,Zay Flowers,WR,BAL,DET,5.132693482176036,10.145491192542051,3.0444813519598903,0.0,0.3878399489900638,0.985559048437454,54.37579875144987,0.014788011050399393,0.3047830855628538,0.0,0.024908297240238988,0.7224963377581266,0.0,36.96545465261363,1.331262661768049,89.93473686551533,3.8999188865911663,75.19110920721322,5.043779690525627,0.018063246552025153,0.031754286662046695,0.0,0.0,0.013410339168432504,4.429530347010486,0.23725785503426455,0.3287213367897376,0.7654756735769281,0.3117627769381511,0.7391585677824067,1.2320000444930022,0.3188732529136597,0.15332100073478303,28.5,0.0,0.03912128258048507,2025.0,3.0,1,0.39821793557377466,zay flowers,115.0,0.46511627906976744,-0.06689834349599277
00-0038543,Jaxon Smith-Njigba,WR,SEA,NO,4.540655397181035,7.790401937833755,3.67708808347011,0.0,-0.3706388554842138,0.2911378441192017,72.20575794608222,0.0029632364296033387,0.09780488059873091,0.0,0.06958300152798286,0.805399305982238,0.0,42.0888086048585,0.8555030347581685,94.41528521837608,3.2097967267339973,82.39613717215394,6.924967924085787,0.0,0.11870752842279446,0.0,0.0,-0.07423447749367594,1.3097123798047168,0.1355014819517113,0.34506076834210186,0.8347888127516482,0.0005194801512006293,0.4886576586141247,1.1474359596403134,0.45039781349343966,0.5132890839562652,24.5,0.0,0.13620928679233893,2025.0,3.0,1,0.39728194114741966,jaxon smithnjigba,110.0,0.47619047619047616,-0.0789085350430565
00-0036912,DeVonta Smith,WR,PHI,LA,3.7070547310474184,8.71249624208427,2.382312162812255,0.0,-0.2911579544729751,0.07203000000615015,55.83854904432719,0.015390494096656044,0.3474533772601435,0.0,0.07875471173848175,0.8285417273237496,0.0,35.87978416490572,1.5607959606892419,61.94822248113647,4.399452895225921,57.14099352101515,4.7674706668100075,0.004501875000384384,0.12039172087877609,0.0,0.0,-0.03416680406593941,0.07203000000615015,0.3094889464362309,0.27821290991955255,0.6647531134792941,0.10628563167365906,0.058828377595331494,0.8291607159730313,0.40617348491207844,0.03535246999102428,24.0,0.0,0.09982408548107133,2025.0,3.0,2,0.39553074809310246,devonta smith,210.0,0.3225806451612903,0.07295010293181214
00-0039919,Rome Odunze,WR,CHI,DAL,2.941402655890546,10.160705177662207,2.108279870765341,0.0,0.3475684024581155,0.009312375316704223,45.24418418225282,0.035309121211606134,1.1681440146554154,0.0,0.22910488976299212,0.9214611299635406,0.0,32.69445318885858,0.6896022175892484,102.99271566426994,3.764716559645955,62.83931537688027,4.593615123202996,0.0,0.3223226301665746,0.0,0.0,0.004197173663403375,0.05603887404322855,0.5469151107193266,0.23355127180820265,0.6180653695072241,0.7853474919701234,0.6640954899506709,1.6728349438721037,0.18396596014230868,0.03662415098208711,24.5,0.0,0.5391925589434107,2025.0,3.0,2,0.39552207520495103,rome odunze,195.0,0.3389830508474576,0.05653902435749342
00-0039075,Puka Nacua,WR,LA,PHI,4.341412669637998,6.62940322722244,3.107457274828869,0.0,1.464377181885098,0.9683516394944529,83.16146052560926,0.007834438286313455,0.2499070674664706,0.012605534120423085,0.06312026557946492,0.7420442060972986,0.0,30.46142524613542,3.158149485525546,72.43860481316563,6.274386469878597,104.34614095402465,8.648400519927137,0.012636846805589592,0.21720431956985087,0.0,0.0,1.7844789468092264,15.7021753990202,0.4081465364967363,0.371423398249257,0.7847124825277249,0.3133702371951958,0.491630624591434,0.9564926010401154,0.14730047888725403,0.00047914439504485857,20.5,0.0,0.20775432458251508,2025.0,3.0,1,0.3934537845818864,puka nacua,145.0,0.40816326530612246,-0.014709480724236057
00-0040122,Ashton Jeanty,RB,LV,WAS,0.0,0.0,0.0,2.80224886877828,0.0,14.294117647058822,0.0,0.0,0.0,0.4117647058823529,0.0,0.6835294117647058,19.3639178159302,0.0,-0.2276688453159041,-17.529411764705884,-2.3665271811598116,1.411764705882353,2.588235294117647,1.0,0.14705882352941177,0.22133095662507427,-1.7929386601867723,-2.945506573969076,40.94117647058823,0.4117647058823529,0.07967499896364465,0.07801340808767437,0.025771140324031567,0.869882965986385,0.5020428118358927,0.5120718423818328,0.050596870124557165,20.5,0.869882965986385,0.007440716194787819,2025.0,3.0,1,0.3852565756564222,ashton jeanty,-105.0,0.5121951219512195,-0.12693854629479734
00-0039915,Ladd McConkey,WR,LAC,DEN,3.9959478416512844,8.616015022445355,4.275395894565571,0.0,0.2886008025402139,0.0,80.53266317286118,0.0110922993756543,0.41459534290206757,0.0,0.07361988361956269,0.7667930031894228,0.0,23.046201936402312,1.255703318668474,67.65199931225234,4.3231891316670366,73.59422862667591,5.735975528517927,0.0,0.0632229708806713,0.0,0.0,0.0,0.0,0.16224975068978945,0.23049276312004588,0.5122656796305257,0.45385762784867556,0.16673663151815968,0.45088529080194006,0.08604602025414061,0.4441970693253579,24.0,0.0,0.02850630761089407,2025.0,3.0,1,0.38519078995126843,ladd mcconkey,115.0,0.46511627906976744,-0.079925489118499
00-0039337,Malik Nabers,WR,NYG,KC,3.804679963978976,12.722041654835746,2.760373943015675,0.0,1.4829144493442734,0.04389048350667704,61.96096774374164,0.04035081690342902,1.5246195859512077,0.0,0.19005878519363875,0.9058461381744543,0.0,54.00068000753603,0.9022554209008492,144.79946368764578,4.338776006377395,109.33702869941054,6.98528337630613,0.002022385075148726,0.3447268662722135,0.0,0.0,-0.014363702107564958,0.07129083566277608,0.6051877891359848,0.3410792122162864,0.8564613069330991,0.4211987553802947,0.5818561120557187,1.4166911375993896,0.10538074985146975,0.000340352423235549,19.75,0.0,0.4883714963402548,2025.0,3.0,1,0.382897300829758,malik nabers,145.0,0.40816326530612246,-0.025265964476364478
00-0034827,DJ Moore,WR,CHI,DAL,4.432913993334006,7.592093794936594,3.6536156919838643,0.0,0.9451110736438132,1.2540333687597456,76.7971198632289,0.010064293110440109,0.3655941085897265,0.0,0.05846917803917027,0.9057650972322698,0.0,21.519033624750943,2.3134568988052204,54.665298601466375,1.7568491165711027,61.24359374847456,5.697693441962877,1.3701737959266777e-05,0.22032412397648404,0.0,0.0,-0.07702524978062882,4.93474340266783,0.192833123443414,0.2455733552711078,0.5288421089084216,0.7853474919701234,0.6640954899506709,1.6728349438721037,0.18396596014230868,0.03662415098208711,24.5,0.0,0.3685658935658721,2025.0,3.0,1,0.3824703313858918,dj moore,185.0,0.3508771929824561,0.031593138403435694
00-0035261,Tony Pollard,RB,TEN,IND,0.0,0.0,0.0,2.3297030589188013,0.0,17.83817404247238,0.0,2.3245821372325356e-06,9.176596807362967e-05,0.11155332217693073,3.5561530963009016e-11,0.753572310658254,11.323171113857086,0.0,-6.078767941249164,-1.7221422692056156,-0.21283600420909482,10.085941534734314,0.8942961623858343,0.4269376904363212,0.007556412023525473,0.3329712457772909,-0.09075240098035538,-3.124820908840256,68.84430749664806,0.1030464656191166,0.05241062302440435,0.07128507751146,0.11808752855580079,0.7440492745288142,1.3847033220582512,0.47111374735535866,0.22773262695001628,19.5,0.31766267883815225,0.001720841560434144,2025.0,3.0,1,0.3788696447547322,tony pollard,-125.0,0.5555555555555556,-0.17668591080082335
00-0038117,Wan'Dale Robinson,WR,NYG,KC,3.367684053904206,7.940617784072706,3.5153226619405746,0.0,1.2701608830698652,0.02032799872433264,73.3287758149164,0.02140893963595275,0.7711544287671283,0.0,0.09905541121776487,0.7473364696751701,0.0,22.416889065840753,1.680346484665446,72.83898603998735,3.315606932376707,77.91050889294527,6.826936204161388,1.379960488228256e-06,0.20935205729113465,0.0,0.0,-0.060360660044225606,0.0240226924141287,0.40589229949628797,0.27214381092143486,0.5585932993372693,0.4211987553802947,0.5818561120557187,1.4166911375993896,0.10538074985146975,0.000340352423235549,19.75,0.0,0.29658720420255014,2025.0,3.0,2,0.3765247905407614,wandale robinson,230.0,0.30303030303030304,0.07349448751045834
00-0036389,Jalen Hurts,QB,PHI,LA,0.0,0.0,0.0,0.0,0.0,9.874839047332559,0.0,3.1116338970327476e-12,7.46792135287861e-11,0.4191140085023971,3.733960676439305e-11,0.8703487255158345,0.0,0.0,0.0,2.1783570193197784e-10,-2.0959673135178907e-10,3.1009693271901972e-12,1.0336564423967334e-12,0.32544517996058214,1.8669803382196525e-11,0.0,0.0,2.132244051254159,38.917993197717514,0.8091276857819956,3.1381380014557456e-12,5.1592632665914226e-12,0.10628563167365906,0.058828377595331494,0.8291607159730313,0.40617348491207844,0.03535246999102428,24.0,0.03459014652725812,0.0,2025.0,3.0,1,0.3748441384375652,jalen hurts,-135.0,0.574468085106383,-0.19962394666881783
00-0037238,Drake London,WR,ATL,CAR,1.6422782530665627,6.434473298826681,1.3878275060962209,0.0,0.5666097049410966,0.024706290217723654,35.35730977933524,0.03365345011767498,1.2627501984731913,0.0,0.32386781074440457,0.8923367285458432,0.0,26.322837536288322,0.9685563407453491,105.29600591776008,0.584266810345871,79.8768764317387,5.96100491883758,0.0,0.2917685575267509,0.0,0.0,-0.058547437287002284,-0.07411887065317095,0.21669115748733792,0.3075981189006522,0.7181771560741241,0.28101995349088293,0.7283038304761265,1.2475762278601545,0.412524494152715,0.07952533600879363,24.5,0.0,0.3640035164074224,2025.0,3.0,1,0.37379962297044494,drake london,130.0,0.43478260869565216,-0.06098298572520722
00-0037744,Trey McBride,TE,ARI,SF,4.866694859206442,6.056830833138466,2.9101346207438015,0.0,-0.1517941616891747,0.008474258765434567,69.4456518964477,0.010638672067317171,0.39700702985021374,0.004237129382717283,0.2830006600369127,0.922749450894411,0.0,28.085909097536767,1.3684102999000904,57.07450195141743,3.559223632035316,74.08975787099935,6.951110461648304,0.0009415842978546642,0.1768912545862142,0.0,0.0,0.005093506935363887,0.016948517530869133,0.25900062500144355,0.29992749996627616,0.6583083681513516,0.043398916651575414,0.8208883326678006,1.7747717986570017,0.5708547430942501,0.009472868977374095,21.5,0.0,0.1009792116924329,2025.0,3.0,1,0.36480274637471016,trey mcbride,165.0,0.37735849056603776,-0.0125557441913276
00-0034791,Nick Chubb,RB,HOU,JAX,0.0,0.0,0.0,2.1391692736769956,0.0,12.02722029937857,0.0,0.00014318572987759127,0.004152386166450152,0.35463157582885735,0.016158522880409396,0.4580592255593797,23.820933407281053,0.0,-0.9719181651857187,-1.0802909481349532,-0.9627660736990403,10.92135199515544,0.8866291676924161,0.40312802650409224,0.010388477131121709,0.33794430405808995,0.5353444431498986,-1.4393461335972682,47.19086496426364,0.43987861701586334,0.05009435870533955,0.07228880381013396,0.309285416475601,0.4470084301217776,1.2775567329015354,0.1599843345916856,0.22540958057191576,21.5,0.18020162626568462,0.002341662272907083,2025.0,3.0,1,0.3614791305427678,nick chubb,105.0,0.4878048780487805,-0.12632574750601266
00-0040128,Tyler Warren,TE,IND,TEN,9.321666479752292,6.4346685340802985,2.9125433866794137,0.0,1.0303923437771194,1.0,65.63958916900094,0.014198782961460422,0.4117647058823529,0.0,0.0,0.8476470588235294,0.0,19.493200351296966,1.5107520764592106,51.70588235294118,1.4435479638979978,77.76470588235294,5.235294117647058,0.0,0.2647058823529412,0.0,0.0,-1.8510631408871112,1.2352941176470587,0.0,0.252566230253857,0.5168030374959295,0.11979456873880746,1.037681545926305,1.0886759903457248,0.35105589044658536,0.07378056300456547,24.0,0.0,0.09292655923586084,2025.0,3.0,1,0.36125621276814623,tyler warren,220.0,0.3125,0.048756212768146234
00-0036259,Jauan Jennings,WR,SF,ARI,4.354356783998331,9.253782146316754,2.6701654949113665,0.0,1.5203486045916836,0.0,55.05359630448083,0.012326502258610893,0.42420431666043423,0.0,0.010016271626679755,0.7558937641987049,0.0,30.374023650590818,0.7405543764992084,75.43288388782865,-0.3706147524213641,57.96346291311804,4.710679271874892,0.0,0.0863799134856756,0.0,0.0,0.0,0.0,0.3497786023270206,0.23364826211677828,0.5551037328507498,0.27205417219623296,0.5458750905255296,1.0113602405335607,0.027680720819690183,0.47799753344237034,24.0,0.0,0.08736121008014104,2025.0,3.0,1,0.3608680821455641,jauan jennings,190.0,0.3448275862068966,0.01604049593866752
00-0039893,Brian Thomas Jr.,WR,JAX,HOU,3.581586400000149,11.824294564677446,2.785086147891495,0.0,-0.3176313433422456,0.36504584570688975,43.61007293289116,0.022963064717410917,0.8818688385148067,0.0,0.06455585317194963,0.8877153656640595,0.0,49.964471560092214,0.5468846177767387,128.82638201582893,-0.9452837268828138,64.36439910820118,4.900513155944533,0.023359960874554348,0.22462941685713703,0.0,0.0,0.7246568081505824,4.114657318959632,0.47463014406660653,0.3118909665510784,0.8243673954504407,0.17567033080461886,0.7316310369219169,0.9934937154562653,0.5112968436812407,0.00523668653581613,23.0,0.0,0.2231679139541713,2025.0,3.0,1,0.3580885748441607,brian thomas,140.0,0.4166666666666667,-0.05857809182250601
00-0038996,Tucker Kraft,TE,GB,CLE,4.163031462377159,3.57164646120806,1.9998621975374626,0.0,0.8511469950968531,0.29342037564177403,39.2193897650956,0.023096206113085625,0.5932351452428872,0.0,0.04199881409345254,0.8877741789415384,0.0,7.986638691307934,2.1370481781328756,40.931441864647034,4.352848183231984,62.664994694617675,3.7148633703399345,0.0,0.18860279897696525,0.0,0.0,-0.0798393370163486,0.796847513303366,0.5763084903411291,0.20409381298744483,0.4076711583269308,0.13927958327860512,0.6377729073824526,1.7576962027010956,0.5641498023319048,0.0007537033127229771,25.0,0.0,0.10640023176209892,2025.0,3.0,1,0.35807856696404755,tucker kraft,200.0,0.3333333333333333,0.024745233630714236
00-0039338,Brock Bowers,TE,LV,WAS,5.265440912639195,8.560534753582882,3.0240089041694973,0.0,0.6535209743488377,0.17663268229616347,64.86909691049259,0.015893996897354053,0.6266700504709601,0.0,0.011734063533191208,0.7896720801723119,0.0,22.808346329670822,1.0820492051141166,65.24648261289838,1.4454761975892163,66.32545347946251,5.558777176807117,0.0,0.12839691869559772,0.0,0.0,-0.08892309101342713,0.03320750802613052,0.1945430563794181,0.23154467343166238,0.500744851057797,0.025771140324031567,0.869882965986385,0.5020428118358927,0.5120718423818328,0.050596870124557165,20.5,0.0,0.06574844671260512,2025.0,3.0,1,0.3540105329111764,brock bowers,110.0,0.47619047619047616,-0.12217994327929976
00-0031381,Davante Adams,WR,LA,PHI,4.0346203617967555,9.449678806703993,2.602672863491843,0.0,1.3172114580112377,1.037158961590201e-07,53.40301852606986,0.07101396211171239,2.4607685892613094,0.0,0.5437984653892389,0.866500699395133,0.0,44.05687330840674,1.1183452116791277,98.73186697721691,1.9532153398965904,84.12233198355284,5.766574532658139,0.0,0.32760350681080097,0.0,0.0,-1.763537286361483e-07,-3.854869136502271e-08,0.6421290614894779,0.3374906502609501,0.7928967042296713,0.3133702371951958,0.491630624591434,0.9564926010401154,0.14730047888725403,0.00047914439504485857,20.5,0.0,0.3133503303393262,2025.0,3.0,2,0.3488041374465909,davante adams,170.0,0.37037037037037035,-0.02156623292377946
00-0036567,Elijah Mitchell,RB,KC,NYG,0.0,0.0,0.0,1.4091826219002614,0.0,10.162931813989681,0.0,0.0,0.0,0.3928021545111596,0.0,0.3142737527474666,23.248206890398073,0.0,0.8112768364232815,0.8756746940460264,-0.027846212091214805,4.284156993985634,0.7552117358383754,0.38385515014323357,0.009164578464542926,0.281157468583138,0.3426195651309219,-0.4726783837671404,42.99037006844726,0.5177219467525552,0.030565844942001156,0.0481156258832675,0.028743640911977782,1.3009133395901995,1.1987449626151134,0.4550922902684911,0.05185907340005501,25.75,0.49936228529173143,0.00047526654727329505,2025.0,3.0,4,0.3477213328022162,elijah mitchell,850.0,0.10526315789473684,0.24245817490747934
00-0036554,Nico Collins,WR,HOU,JAX,3.4384243416578366,10.117833277608236,2.2486402266757706,0.0,0.20294314812812325,0.0014242684617688337,57.74488037468667,0.048688585726853834,1.2263319755619793,0.0,0.2846425802667826,0.7245709093649793,0.0,34.13847172131149,0.8379048426763736,69.58804480994851,0.29318895147655505,49.44433499971383,3.9985498808060282,0.0,0.328518109727325,0.0,0.0,0.0004920949298367136,0.009969879232381832,0.550962783429348,0.2656277796086107,0.6157859805118217,0.309285416475601,0.4470084301217776,1.2775567329015354,0.1599843345916856,0.22540958057191576,21.5,0.0,0.4197005229622294,2025.0,3.0,1,0.34770101511267537,nico collins,120.0,0.45454545454545453,-0.10684443943277916
00-0040666,Omarion Hampton,RB,LAC,DEN,0.0,0.0,0.0,1.1448774509803918,0.0,10.882352941176471,0.0,0.0,0.0,0.5882352941176471,0.0,0.6941176470588235,8.23529411764706,0.0,-1.0441176470588236,-0.47058823529411753,-0.5093766295570228,5.9411764705882355,1.411764705882353,0.7478991764705882,0.0,0.16470588235294117,-0.6859724461358434,-2.1995433279748164,33.88235294117647,0.0,0.06779443803665258,0.10169560456438247,0.45385762784867556,0.16673663151815968,0.45088529080194006,0.08604602025414061,0.4441970693253579,24.0,0.12470218939991155,0.0,2025.0,3.0,1,0.34096587920033267,omarion hampton,130.0,0.43478260869565216,-0.0938167294953195
00-0034348,Courtland Sutton,WR,DEN,LAC,1.2243337477948162,9.173154632547572,1.4694732423139245,0.0,0.18780984650736782,1.5730014950926978e-08,46.1883753139863,0.03778388414575333,1.2090328634579566,0.0,0.12471023052470719,0.8388348243368924,0.0,38.149461845759326,0.51329805258013,89.73859934917155,0.6024906102191536,50.34749271268796,4.076653594884601,0.0,0.34552490474355785,0.0,0.0,2.687862522534044e-09,7.865007475463488e-08,0.5537801382980286,0.21387289076522448,0.652295447015596,0.23155293181463807,0.11584849664237658,0.5954819744602671,0.3745236098800593,0.12294719002673946,21.5,0.0,0.20575385250188952,2025.0,3.0,1,0.338614848940226,courtland sutton,165.0,0.37735849056603776,-0.03874364162581179
00-0039849,Marvin Harrison Jr.,WR,ARI,SF,3.1109623587936217,11.617547617142357,2.325560365608141,0.0,0.9256150194477387,0.0,59.45554457077592,0.03907988111100767,1.2247200067408706,0.0,0.25741558532256187,0.8564961454170663,0.0,38.70862511793072,0.8158069645667932,72.48780564812733,2.645768949819212,52.638028676047654,3.857336071787274,0.0,0.2706610203761253,0.0,0.0,0.0,0.0,0.40332324417965537,0.20981064159483206,0.5668459184381118,0.043398916651575414,0.8208883326678006,1.7747717986570017,0.5708547430942501,0.009472868977374095,21.5,0.0,0.4803615459592753,2025.0,3.0,1,0.3376976649860885,marvin harrison,165.0,0.37735849056603776,-0.039660825579949266
00-0035676,A.J. Brown,WR,PHI,LA,1.415406750602973,7.23815396817154,1.3768005495699027,0.0,0.32193702951962044,2.0683441834885858e-09,46.71755584693701,0.03155103284765029,0.7411610929331326,0.0,0.0877995847152075,0.9254639430385665,0.0,33.89581228433274,0.7641348229740982,62.87600700534187,1.182666636380594,44.60843275050185,4.33889039152948,2.643743744881054e-10,0.1435586678018514,0.0,0.0,1.4979678917931188e-09,1.3607514666008592e-08,0.35609558182589557,0.30252510060094473,0.702300963191529,0.10628563167365906,0.058828377595331494,0.8291607159730313,0.40617348491207844,0.03535246999102428,24.0,0.0,0.11903320777871766,2025.0,3.0,1,0.3371155812786197,aj brown,170.0,0.37037037037037035,-0.03325478909175067
00-0037247,George Pickens,WR,DAL,CHI,2.9007929913954547,10.636725222914993,1.8610416449797744,0.0,1.1674371996672277,0.027223765963741275,37.502343137679404,0.03636572636670076,1.6290990328850694,4.456764201924935e-08,0.013031894454220079,0.8946396340365874,0.0,31.224103556650746,0.5587204667216703,89.66816426656307,1.2017554059593016,49.267415936566195,3.649493928606425,1.67128654229612e-08,0.27006216267767874,0.0,0.0,-0.003320361764843815,0.08771524912176878,0.40938144481624344,0.18981142635903026,0.5201815534138975,0.22234682022120672,1.221133093445208,1.7421214731773247,0.42216776055712874,0.2104304357861744,26.0,0.0,0.470481092693492,2025.0,3.0,2,0.33666832938919355,george pickens,130.0,0.43478260869565216,-0.09811427930645861
00-0030506,Travis Kelce,TE,KC,NYG,4.788413047241184,4.774560765064885,2.4307359779567794,0.0,-0.05704198249298802,0.0009970541907858065,52.586525044665706,0.015726378687660126,0.512944349343638,0.0001994024417482371,0.15753309724112446,0.8354565215746683,0.0,14.76129055391197,1.412700332386997,43.48977989753652,1.5142547619165845,54.64400155939051,4.628847580732113,0.000124633064954707,0.32410262133750584,0.0,0.0,-9.193819890958988e-05,0.0009971869379504924,0.37513364563780155,0.1977461164067675,0.4098572950594053,0.028743640911977782,1.3009133395901995,1.1987449626151134,0.4550922902684911,0.05185907340005501,25.75,0.0,0.14749660422650707,2025.0,3.0,1,0.3366169539080326,travis kelce,140.0,0.4166666666666667,-0.0800497127586341
00-0040124,Tetairoa McMillan,WR,CAR,ATL,4.518145280832771,12.605620915032683,2.3455452903333653,0.0,0.9071096211280136,0.0,58.169934640522875,0.0,0.0,0.0,0.0,0.841764705882353,0.0,35.09423613420063,0.986590884008387,91.05882352941177,2.34194754412302,86.82352941176471,5.588235294117648,0.0,0.07843137647058823,0.0,0.0,0.0,0.0,0.0,0.2199843311353398,0.5314524060258468,0.2979463989359935,0.30939635966436857,0.9514137512215605,0.3820508916263106,0.49812515835400345,19.0,0.0,0.07462069010135278,2025.0,3.0,1,0.33615156108304783,tetairoa mcmillan,185.0,0.3508771929824561,-0.014725631899408287
00-0037240,Jameson Williams,WR,DET,BAL,2.800207639972744,5.324169652230969,2.5161455651800004,0.0,0.16732288707705228,0.576365154130024,49.12857094228425,0.004059512325532052,0.15934354207179194,0.0514501949029555,0.039754669051100304,0.8594224133163034,0.0,18.226750659630923,1.1419447968124419,75.37888069404808,3.7959928432053585,69.76528400799823,3.852632485878171,0.014721001970810275,0.06035483277779116,0.0,0.0,0.12119915031323304,1.5408763062339352,0.5457868970404542,0.17534400386597584,0.4955892010230717,0.48101180181011516,0.3398463500161344,0.7030399766914783,0.4825164133990311,0.38265202172049856,24.0,0.0,0.04243186022931637,2025.0,3.0,2,0.3327378409214981,jameson williams,230.0,0.30303030303030304,0.02970753789119507
00-0036407,Jerry Jeudy,WR,CLE,GB,3.0180322327477076,9.916859349590322,2.3608323085317657,0.0,0.545109447442735,3.421325037495635e-06,54.032193701515965,0.01151873543718919,0.42444899484458,0.0,0.060832863574507914,0.9074443023138874,0.0,38.19977480263999,0.673854445819359,99.60492831272641,-1.0512997665284787,67.7878956658028,5.759674424977295,0.0,0.1172489241583206,0.0,0.0,2.4950125187853437e-06,4.433470229414694e-05,0.07295175942876175,0.2520417124604016,0.6252356221796207,0.00593379980583093,0.27721577156282723,0.9832246364056573,0.3261428124580465,0.16350692513078557,16.5,0.0,0.11528203082451925,2025.0,3.0,1,0.33007254930253394,jerry jeudy,240.0,0.29411764705882354,0.035954902243710396
00-0038608,Kayshon Boutte,WR,NE,PIT,1.5415743711658292,9.428462752371669,1.5831014532919043,0.0,0.6373660472468771,0.0,50.18772752564599,0.019013378784138314,0.554553415063271,0.0,0.016580209289088228,0.7849294874938791,0.0,23.837802441791197,0.8435215088316403,73.09769073853873,4.411803949437653,57.92401607902071,3.768084833837365,0.0,0.10900476969167922,0.0,0.0,0.0,0.0,0.5223534679823973,0.15592946917177286,0.4352594081968286,0.48771540387191,0.7245501478753251,1.1651392772528462,0.5890459123602212,0.002246383892601175,21.5,0.0,0.12700573857567607,2025.0,3.0,2,0.32647669000825685,kayshon boutte,235.0,0.29850746268656714,0.027969227321689716
00-0034837,Calvin Ridley,WR,TEN,IND,5.863164825029405,13.237011333326516,3.246711695903619,0.0,0.24477428432238632,0.4560244891372254,56.599242081363904,0.010735292346708655,0.3502562019079582,0.0,0.01860458051316823,0.8345541610439664,0.0,32.91551794500942,0.6891853960709541,83.9903108231451,1.9820581315306627,57.81138551293331,3.6289702164904885,0.0003531949290480034,0.10017111510570656,0.0,0.0,-0.1799868102069533,1.2882260798373948,0.08178574157218046,0.22544228156496565,0.5722866105638446,0.11808752855580079,0.7440492745288142,1.3847033220582512,0.47111374735535866,0.22773262695001628,19.5,0.0,0.13870727586115134,2025.0,3.0,1,0.3261197026925166,calvin ridley,215.0,0.31746031746031744,0.008659385232199168
00-0037263,Tyler Allgeier,RB,ATL,CAR,0.0,0.0,0.0,1.7395208590228883,0.0,10.820092982051,0.0,0.0,0.0,0.35342711459551734,4.733261502757129e-06,0.2559028184821236,18.271814965806453,0.0,0.7693404790923448,0.8794129871463329,0.15462748983523303,4.61348059786667,0.7264010923405259,0.2632085611416605,0.043223532606560956,0.3476889360510943,0.20721115617572833,0.6582543266715672,45.556173833788755,0.34710430586406593,0.026739557485763343,0.04336371785582328,0.28101995349088293,0.7283038304761265,1.2475762278601545,0.412524494152715,0.07952533600879363,24.5,0.1916958032935811,0.003437365954023808,2025.0,3.0,2,0.3186984833692171,tyler allgeier,205.0,0.32786885245901637,-0.00917036908979929
00-0035640,DK Metcalf,WR,PIT,NE,2.9778558899921705,8.55189494199856,1.6535506646578269,0.0,2.434444198774325,3.776776589559813e-09,46.084988526227455,0.018212635064726864,0.6023704884567752,0.0,0.09135203249093843,0.8973797583663861,0.0,24.935260512496672,1.1384535454465008,58.21087906229505,2.7488518310966072,48.50540628805061,3.372882091484274,0.0,0.11319593975858531,0.0,0.0,8.401119413983484e-10,2.266065953735884e-08,0.5316616965496317,0.194847477313951,0.5108287954554009,0.03586524744899747,0.6590496045906749,0.9581473650992105,0.05800530801414254,0.6068887805701266,23.0,0.0,0.10845839141961748,2025.0,3.0,1,0.3183561378217831,dk metcalf,140.0,0.4166666666666667,-0.09831052884488356
00-0040715,Cam Skattebo,RB,NYG,KC,0.0,0.0,0.0,1.601283422459893,0.0,7.294117647058824,0.0,0.0,0.0,1.0,0.0,0.3552941176470588,10.695187165775403,0.0,5.970588235294117,5.117647058823529,-1.3786686420002396,13.176470588235293,2.0,0.5574229811764706,0.08403361764705881,0.213903743315508,0.20285346976243865,-1.1608094661496575,25.235294117647058,0.5882352941176471,0.06985294117647059,0.11236535937739962,0.4211987553802947,0.5818561120557187,1.4166911375993896,0.10538074985146975,0.000340352423235549,19.75,0.3243399685978493,2.8601045399426063e-05,2025.0,3.0,1,0.3146334812436956,cam skattebo,195.0,0.3389830508474576,-0.024349569603762
00-0039901,Keon Coleman,WR,BUF,MIA,1.4444484894692242,7.453388497657656,1.3181849383350133,0.0,0.21841139967630208,0.14770122063003477,25.830604945428494,0.021414216317933242,0.7787430401722046,0.0,0.17435774612446087,0.7399276137752165,0.0,25.061229370225572,0.7182344664333841,84.95574448011764,2.1621000308913407,49.20875812131092,3.6252453447543442,0.0,0.14587893445589947,0.0,0.0,0.11548772359326434,1.3293109856703127,0.3519036177009065,0.18714177779992758,0.5115308499513684,0.7201291198672517,0.0764889999628806,1.3784492362838612,0.2554361986253772,0.16623527633959997,31.0,0.0,0.20108670579063806,2025.0,3.0,1,0.3143051100568784,keon coleman,165.0,0.37735849056603776,-0.06305338050915937
00-0039065,Sam LaPorta,TE,DET,BAL,2.839953133856914,4.29491551974233,2.3984843137964997,0.0,0.8918734248338774,0.00011729507579316167,50.031849867997664,0.011406245699799695,0.3829068781588313,0.0,0.02007392011596281,0.9052512914921468,0.0,17.464271950064962,1.4904199874187083,39.23193673261269,1.8150200982707736,53.17160591865576,4.8699026676424655,0.0,0.15846673304682826,0.0,0.0,1.5622512624574866e-05,0.0004691803031726467,0.22140731861737048,0.19672116097931577,0.43416593978573814,0.48101180181011516,0.3398463500161344,0.7030399766914783,0.4825164133990311,0.38265202172049856,24.0,0.0,0.07646279967281729,2025.0,3.0,1,0.3115396520653145,sam laporta,210.0,0.3225806451612903,-0.011040993095975837
00-0033040,Tyreek Hill,WR,MIA,BUF,1.796108193654692,11.74421249884969,2.5936788329194433,0.0,-0.02965853779373364,0.060615565533583854,62.349610269697216,0.012968736678964853,0.48357486331406785,3.9775962687898563e-07,0.10582747091915364,0.7378918245804176,0.0,40.14059840685484,0.7133551833327338,92.46617853092208,3.171031342705584,67.75635640700872,4.9606872790125465,8.373436632620235e-06,0.151419355130857,0.0,0.0,0.010902891763180022,0.35489427258841033,0.15368063911157348,0.20874388273193226,0.6036279129360194,0.3589461594411543,0.6568103189596074,1.0148232481996773,0.5105648814271506,0.07461622053644312,18.5,0.0,0.15366388181419677,2025.0,3.0,1,0.3076132639770461,tyreek hill,165.0,0.37735849056603776,-0.06974522658899168
00-0035719,Deebo Samuel Sr.,WR,WAS,LV,4.951058379078203,2.813385625068934,3.63334835905128,0.0,1.0896490757823907,1.7129100095950027,58.24170865261802,0.00034280792019663426,0.009685916291920792,0.0016509030725440636,0.050686564986628845,0.8174161161578838,0.0,9.545205184035769,3.6951136130828233,27.870262531367562,1.833095638145707,46.484988903190946,5.150556958738962,0.07547263035918918,0.12103160947567286,0.0,0.0,0.2896954243489784,10.296709557707834,0.7689063797792315,0.21032013041687872,0.38971497639329816,0.007854699164954588,0.286679657282599,1.2423512170828008,0.3069095383093826,0.046851445877418345,24.0,0.0,0.15036376733759244,2025.0,3.0,2,0.30617684925969096,deebo samuel,170.0,0.37037037037037035,-0.06419352111067939
00-0037816,Romeo Doubs,WR,GB,CLE,3.0855321726552565,8.848973714770707,1.8593457383362797,0.0,-0.027902325571997438,4.586010680317568e-08,38.583970787354566,0.025564243598811702,0.6804006978594407,0.0,0.22720851576482898,0.740270540274429,0.0,17.820503335786853,0.5548087232429727,78.54399589633451,2.2899457731529043,43.69331695357787,3.286714076127952,0.0,0.23154223264376805,0.0,0.0,2.376859070858698e-08,5.044611748349325e-07,0.3814851623437604,0.2076390495097895,0.5051199462602366,0.13927958327860512,0.6377729073824526,1.7576962027010956,0.5641498023319048,0.0007537033127229771,25.0,0.0,0.40698090308288476,2025.0,3.0,2,0.303871954811862,romeo doubs,195.0,0.3389830508474576,-0.03511109603559559
00-0037197,Isiah Pacheco,RB,KC,NYG,0.0,0.0,0.0,1.3795449504538335,0.0,9.104027122818113,0.0,0.0004174513726797312,0.012106089807712226,0.03667392430851713,0.02040136945358745,0.4864225162523651,2.245168650115787,0.0,0.25434873839392985,-4.956739636395327,-0.5855285925181005,6.002756243198106,1.3646563016132418,0.2779258287978578,0.013197719383051507,0.18171172617292963,-0.5587361218983684,-2.196770737936437,30.115990829335736,0.050189309352675786,0.06376198698143579,0.07979196520142022,0.028743640911977782,1.3009133395901995,1.1987449626151134,0.4550922902684911,0.05185907340005501,25.75,0.36155741809979525,0.0006844214981989969,2025.0,3.0,1,0.3035422662014761,isiah pacheco,135.0,0.425531914893617,-0.1219896486921409
00-0035662,Marquise Brown,WR,KC,NYG,3.8093816308938937,6.415783082246947,2.5918496963729685,0.0,-0.6748520125839035,0.0366338100972109,64.89605007189091,0.002947970217913099,0.11377922251504828,0.0,0.034729885609448945,0.6999313131180661,0.0,23.304478564290484,0.8802252816983251,62.62837537461542,0.7126932513971009,49.22993740195515,5.358770086671161,0.0,0.14049429034088384,0.0,0.0,-0.04458251412301249,-0.18251231707224186,0.019829777348184394,0.23707354099557693,0.5264522258647529,0.028743640911977782,1.3009133395901995,1.1987449626151134,0.4550922902684911,0.05185907340005501,25.75,0.0,0.1684168228223197,2025.0,3.0,2,0.29984269460221524,marquise brown,190.0,0.3448275862068966,-0.04498489160468133
00-0036613,Jaylen Waddle,WR,MIA,BUF,2.393254202038148,9.136854945853363,2.5332702694803313,0.0,-0.25785807988335435,0.16751010005364397,59.09110230591408,0.02365402574986163,0.7945226786149904,4.626551322774784e-10,0.06041498943692458,0.7537405031013743,0.0,26.431216716587198,0.806376995486211,71.7185090212087,1.5032288180764621,51.05485241399954,4.283738989031365,0.00914569564472162,0.276955520833639,0.0,0.0,0.08946609551119326,0.875798389621632,0.34799912288057466,0.17435024076195646,0.4641335697696749,0.3589461594411543,0.6568103189596074,1.0148232481996773,0.5105648814271506,0.07461622053644312,18.5,0.0,0.28106090125922695,2025.0,3.0,2,0.2958328551506168,jaylen waddle,180.0,0.35714285714285715,-0.06131000199224035
00-0034857,Josh Allen,QB,BUF,MIA,0.0,0.0,0.0,0.0,0.0,8.123545064989843,0.0,0.0,0.0,0.3123879592179883,1.866980338218197e-11,0.9296726296313527,0.0,0.0,0.0,-2.532458283870019e-12,1.1622584335510905e-12,6.077899881288042e-12,5.064916567740036e-13,0.312357578497006,6.729759649979227e-12,0.0,0.0,4.599391144917302,42.21639771229902,0.5626631618622495,1.1255370423075308e-14,1.105173634887283e-14,0.7201291198672517,0.0764889999628806,1.3784492362838612,0.2554361986253772,0.16623527633959997,31.0,0.22493778808691492,0.0,2025.0,3.0,1,0.2925281686106723,josh allen,-160.0,0.6153846153846154,-0.3228564467739431
00-0034796,Lamar Jackson,QB,BAL,DET,0.0,0.0,0.0,0.0,0.0,5.478407007983532,0.0,0.0,0.0,0.15333112310109526,0.0,0.8087053609344321,0.0,0.0,0.0,0.0,0.0,0.0,0.0,0.29435478092493567,0.0,0.0,0.0,3.9701584324232972,50.03434299665549,0.34575119890507344,0.0,0.0,0.3117627769381511,0.7391585677824067,1.2320000444930022,0.3188732529136597,0.15332100073478303,28.5,0.09176886390617904,0.0,2025.0,3.0,1,0.28894380656131297,lamar jackson,130.0,0.43478260869565216,-0.1458388021343392
00-0033906,Alvin Kamara,RB,NO,SEA,0.0,0.0,0.0,2.1628889569330467,0.0,15.563040576072291,0.0,8.182105760699272e-09,3.0063726625667084e-07,0.3097963231331697,1.3411016069620899e-05,0.7481760847855071,12.924114101741042,0.0,-0.17680453469484553,2.200458489485404,-2.222995061707319,28.043535681536397,4.453778759213723,0.5584620337964095,0.017842390382992755,0.30831577711877206,-0.0019289746042087073,-1.3743539570306689,65.80852859632243,0.3737493020312881,0.15610524409385212,0.23933270132451398,0.012836389254354638,0.07585025277294051,0.8739132322941056,0.5794048095142622,0.06004093315585761,17.0,0.0423594864275481,0.0010712737683259846,2025.0,3.0,1,0.2883945813767842,alvin kamara,125.0,0.4444444444444444,-0.15604986306766022
00-0033885,David Njoku,TE,CLE,GB,3.429243822636142,6.751446110219755,2.3665032795113454,0.0,1.3894275607204742,2.6031722304425232e-06,65.59884072136163,0.017051413214901872,0.7351716945058531,0.0,0.11308234477853003,0.8139238729302075,0.0,20.463507197817467,0.9513347135255932,54.79040933252875,-2.715819857121931,44.88753962982295,5.198937974297375,0.0,0.2397890781976737,0.0,0.0,-3.5820759451339933e-06,-6.264763845655948e-06,0.2090851309074408,0.20436881348150882,0.43879253530254764,0.00593379980583093,0.27721577156282723,0.9832246364056573,0.3261428124580465,0.16350692513078557,16.5,0.0,0.07820548436011174,2025.0,3.0,1,0.2847319216596581,david njoku,380.0,0.20833333333333334,0.07639858832632476
00-0037239,Chris Olave,WR,NO,SEA,2.3780960267479903,7.734751264513827,2.1849475844485418,0.0,-0.8081167982272865,0.017294410707710754,42.89388369532874,0.02063243212841788,0.7872219010728061,0.0,0.10517291483099371,0.7128407310843553,0.0,32.641684737774824,1.0010389940682216,84.37457949036227,-1.5216773319750563,49.59716827164132,5.0682847110582525,0.0,0.1897488646700879,0.0,0.0,0.015303120559183536,0.12106087495397526,0.03798392601422952,0.236173940104908,0.577783303509029,0.012836389254354638,0.07585025277294051,0.8739132322941056,0.5794048095142622,0.06004093315585761,17.0,0.0,0.16582404364797332,2025.0,3.0,1,0.28104500129944165,chris olave,230.0,0.30303030303030304,-0.021985301730861384
00-0033873,Patrick Mahomes,QB,KC,NYG,0.0,0.0,0.0,0.0,0.0,4.7206165909617095,0.0,4.219005887330698e-14,2.1095029436653514e-12,0.001081136934442543,1.0547514718326757e-12,0.9920752224329678,0.0,0.0,0.0,-0.0007081194336809538,-0.0002808957514989767,0.0014026018203842179,0.0006990279980385145,0.2982211246933771,2.3438921361892427e-13,0.0,0.0,3.9650594820088014,41.1600149087351,0.6170540775683364,2.587555377496492e-05,3.5736960236789386e-05,0.028743640911977782,1.3009133395901995,1.1987449626151134,0.4550922902684911,0.05185907340005501,25.75,0.00857196092055258,0.0,2025.0,3.0,1,0.28093869985864867,patrick mahomes,265.0,0.273972602739726,0.006966097118922654
00-0034753,Mark Andrews,TE,BAL,DET,0.5856358184017626,3.8194068801237315,0.6348450704866427,0.0,-0.08456368357716298,0.5790914799838387,19.540924776669108,0.04220005253668281,1.117967087754814,0.0,0.22520034950847478,0.7326096229042388,0.0,10.31326711415205,1.0293156752360204,34.763263506272516,0.633865907842558,26.119930254198625,2.2235222374639356,0.02450411726736071,0.25931224390134733,0.0,0.0,0.185850154053816,0.7920368075290964,0.4576914205105819,0.13925094647596026,0.3034825545422732,0.3117627769381511,0.7391585677824067,1.2320000444930022,0.3188732529136597,0.15332100073478303,28.5,0.0,0.08268773873316293,2025.0,3.0,1,0.2793056132908825,mark andrews,135.0,0.425531914893617,-0.14622630160273453
00-0039894,Xavier Worthy,WR,KC,NYG,4.180562266735451,3.5489197252453004,2.738255338171592,0.0,0.615196048910044,1.6483874367816975,48.53410918169037,0.010473847740852747,0.42527443471147053,0.0020810342007073534,0.004722871736284497,0.5589722765548772,0.0,11.700049144395981,3.191501563909943,34.75545081760285,1.7293843111642313,40.818109811713825,4.287709875683849,0.11006550988195751,0.20575087052213728,0.0,0.0,-0.17951197009947167,7.359252423729713,0.5023051068113573,0.16483018596498156,0.3396500227304774,0.028743640911977782,1.3009133395901995,1.1987449626151134,0.4550922902684911,0.05185907340005501,25.75,0.0,0.2466428195920865,2025.0,3.0,1,0.27343424327526045,xavier worthy,125.0,0.4444444444444444,-0.17101020116918397
00-0039384,Tyrone Tracy Jr.,RB,NYG,KC,0.0,0.0,0.0,1.6441449806817086,0.0,10.274298915845787,0.0,0.0018490307677146444,0.07211219994087126,0.08846269985269359,0.07228687193313484,0.5988701075228259,7.9671781860132915,0.0,6.656169799750549,1.2298569931847374,-0.990770474771596,21.862972450847046,2.8249076926369114,0.20919442863602536,0.028027069443034642,0.1894050682553455,-0.256304369789832,-2.7472274571711246,34.061812808659596,0.1531502970595891,0.12377631251629771,0.18813385064025834,0.4211987553802947,0.5818561120557187,1.4166911375993896,0.10538074985146975,0.000340352423235549,19.75,0.12172105690987522,9.53908100112785e-06,2025.0,3.0,2,0.2673664137788541,tyrone tracy,205.0,0.32786885245901637,-0.06050243868016225
00-0034351,Dallas Goedert,TE,PHI,LA,3.4286051771304775,4.387518180277972,2.62024406601123,0.0,-0.5304560208480481,0.002034669218901542,64.66352810836295,0.01766339440659356,0.37036812983688133,0.0,0.10581635910396808,0.6313896697250856,0.0,19.560776305150267,1.2174860334084319,34.23954091607915,2.3056633445860655,43.40086946391283,4.7444491741400325,0.00018496992714135002,0.22489115723341926,0.0,0.0,-0.0009350487800042688,0.002034669218901542,0.20232657684160252,0.23986791350793424,0.5123624460066883,0.10628563167365906,0.058828377595331494,0.8291607159730313,0.40617348491207844,0.03535246999102428,24.0,0.0,0.09134482505940808,2025.0,3.0,1,0.26723797394176824,dallas goedert,340.0,0.22727272727272727,0.03996524666904097
00-0038979,Cedric Tillman,WR,CLE,GB,1.4428460923438324,8.771025546830678,1.5525695672951318,0.0,0.0824674170971293,0.02520466865377563,36.26027484055478,0.019082696386166123,0.8828727541423477,0.0,0.31836020930503717,0.8270510495017299,0.0,23.277374626608843,0.5932195490975944,73.46780864604875,-0.8879339338060135,40.38520085691854,3.403820063194254,0.0,0.20506282554691696,0.0,0.0,-0.059424999583214545,-0.1196700462115712,0.6326983737419061,0.1733423317998171,0.4142533533128379,0.00593379980583093,0.27721577156282723,0.9832246364056573,0.3261428124580465,0.16350692513078557,16.5,0.0,0.20162282208868415,2025.0,3.0,2,0.26355202585351745,cedric tillman,340.0,0.22727272727272727,0.03627929858079018
00-0036309,Darnell Mooney,WR,ATL,CAR,3.0659834426306354,7.950274300689449,2.1279510057114077,0.0,-0.7457313299151919,0.00010016719838887924,34.04782544553976,0.028792791546385487,0.6067911749777266,0.0,0.0028248703795869545,0.9032307511711257,0.0,17.970262643025407,0.6374860560476048,58.82565810355839,1.2235976241680406,44.483071826746574,2.8000425279763377,1.2086651710853197e-05,0.10052975170432323,0.0,0.0,-3.774372790385647e-05,0.0002578282451827301,0.034991034738109175,0.17517306571807084,0.4589508104399752,0.28101995349088293,0.7283038304761265,1.2475762278601545,0.412524494152715,0.07952533600879363,24.5,0.0,0.1254185284189975,2025.0,3.0,2,0.26294746036511796,darnell mooney,250.0,0.2857142857142857,-0.02276682534916774
00-0033908,Cooper Kupp,WR,SEA,NO,1.6208896944065252,4.226450241562778,1.6651451352236641,0.0,0.7699119509378308,0.007355832614105263,34.24708218299517,0.0049527821833256925,0.13923810450568117,0.0,0.0229102528660199,0.7991100131667399,0.0,14.304415604795347,1.0405140587790782,42.985532521922764,0.1083074609736693,48.443336694785074,3.9367849674797086,0.0007243138923804393,0.028865809799039265,0.0,0.0,-0.0007368681668917336,0.02523218396111115,0.10558632579695436,0.20600236474945544,0.4523544381861421,0.0005194801512006293,0.4886576586141247,1.1474359596403134,0.45039781349343966,0.5132890839562652,24.5,0.0,0.03312166816755538,2025.0,3.0,2,0.2624837507639559,cooper kupp,225.0,0.3076923076923077,-0.045208556928351795
00-0040784,Quinshon Judkins,RB,CLE,GB,0.0,0.0,0.0,3.257222222222222,0.0,10.0,0.0,0.0,0.0,0.0,0.0,0.27,10.0,0.0,5.0,2.0,-1.12130173319019,10.0,3.0,0.0,0.0,0.5,2.238141778306095,1.27521532494575,61.0,0.0,0.0731707317073171,0.114243277048155,0.00593379980583093,0.27721577156282723,0.9832246364056573,0.3261428124580465,0.16350692513078557,16.5,0.0,0.0,2025.0,3.0,1,0.26047621409995353,quinshon judkins,310.0,0.24390243902439024,0.01657377507556329
00-0040242,Jacory Croskey-Merritt,RB,WAS,LV,0.0,0.0,0.0,1.1696862745098038,0.0,6.470588235294118,0.0,0.0,0.0,0.0,0.0,0.2652941176470588,4.11764705882353,0.0,0.0,1.4705882352941178,-0.793873556862202,0.0,0.0,0.13725490470588234,0.0,0.20588235294117646,1.6115600892252808,1.495605909573737,43.76470588235295,0.4117647058823529,0.02890466531440164,0.04704664587377406,0.007854699164954588,0.286679657282599,1.2423512170828008,0.3069095383093826,0.046851445877418345,24.0,0.03934818904143813,0.0,2025.0,3.0,1,0.24172970015047915,jacory croskeymerritt,-115.0,0.5348837209302325,-0.2931540207797534
00-0036626,Dyami Brown,WR,JAX,HOU,1.588676478487631,4.876949260694639,1.6202352786692675,0.0,0.24534950741941902,0.9527238416996299,33.694251553771565,0.014651307208951907,0.6227967768542215,0.0,0.017437218599265832,0.6411429033746051,0.0,10.401567456732485,1.3457465161133897,43.18279221874317,2.2670173849959583,41.450047337690755,3.574071259209378,0.0,0.0869134794229334,0.0,0.0,0.7329586156309703,5.831811202526971,0.30294019950093065,0.13810672035790644,0.3212027552818843,0.17567033080461886,0.7316310369219169,0.9934937154562653,0.5112968436812407,0.00523668653581613,23.0,0.0,0.08634799559512177,2025.0,3.0,3,0.2409401471945741,dyami brown,360.0,0.21739130434782608,0.02354884284674802
00-0034775,Christian Kirk,WR,HOU,JAX,3.6556662635168777,9.145813973662552,1.5460144925264765,0.0,1.8485097046371983,0.0015835479238354704,30.048755087152752,0.01740317478793442,0.4602847719352012,0.0,0.13450458361056686,0.6513127573393265,0.0,19.189650150526443,0.7169196034101002,78.03954827989699,0.5520000046468019,50.05388752074562,2.8257729690342264,0.0,0.108402195858433,0.0,0.0,-0.0008884830713758507,0.008933761828124246,0.07794983425999169,0.17572610815648732,0.474353701301782,0.309285416475601,0.4470084301217776,1.2775567329015354,0.1599843345916856,0.22540958057191576,21.5,0.0,0.138489955180252,2025.0,3.0,2,0.23877672166792263,christian kirk,320.0,0.23809523809523808,0.0006814835726845492
00-0036550,Rashod Bateman,WR,BAL,DET,1.3563513216222685,3.8142244767073303,1.093472681035261,0.0,0.27006852715211316,2.8162441367487384e-05,14.892736811928488,0.014124468429784707,0.3770833133887813,0.0,0.01729721376701358,0.658292662266175,0.0,9.45184321832228,0.606457463514516,47.56333421336938,0.5508508801939879,29.179126268947655,2.41649573578965,0.0,0.09009894635149199,0.0,0.0,7.100451527966005e-05,0.0005069239446147731,0.3323862127915409,0.17308349688886046,0.40200286108905686,0.3117627769381511,0.7391585677824067,1.2320000444930022,0.3188732529136597,0.15332100073478303,28.5,0.0,0.11100190591381075,2025.0,3.0,2,0.23147542132921037,rashod bateman,215.0,0.31746031746031744,-0.08598489613110707
00-0037261,Khalil Shakir,WR,BUF,MIA,3.966280084739023,6.020020343408277,2.6504529768821263,0.0,0.10506691538752488,0.010387052270695434,41.97383517007153,0.006284554304509295,0.19963904270001137,0.0,0.024016459092263718,0.6153713998571528,0.0,13.977302559171367,0.9578417179719811,48.652190403088845,0.5610507239906631,37.47806856240065,3.5747990239287826,3.2568280698930486e-05,0.08435981959124109,0.0,0.0,-0.004882454046681926,0.024682298029852855,0.1255682950866356,0.1825941553652825,0.3935856435727992,0.7201291198672517,0.0764889999628806,1.3784492362838612,0.2554361986253772,0.16623527633959997,31.0,0.0,0.11628572888859058,2025.0,3.0,2,0.23066809259708962,khalil shakir,205.0,0.32786885245901637,-0.09720075986192675
00-0039851,Drake Maye,QB,NE,PIT,0.0,0.0,0.0,0.0,0.0,5.634978744522889,0.0,0.0,0.0,0.016887173229777425,0.0,0.8341021347593043,0.0,0.0,0.0,-1.6880139500575404,-0.2804914124526893,0.4220034875143851,0.21100174375719255,0.13281915618348472,0.0,0.0,0.0,0.1441276848467991,22.646895223036537,0.35805285819710164,0.0046889276390487174,0.0036860550136997715,0.48771540387191,0.7245501478753251,1.1651392772528462,0.5890459123602212,0.002246383892601175,21.5,0.06477794839995454,0.0,2025.0,3.0,1,0.2290217715015801,drake maye,280.0,0.2631578947368421,-0.034136123235261995
00-0038933,Dalton Kincaid,TE,BUF,MIA,3.0434039423450256,4.54077115446083,2.0417640758765727,0.0,1.0815674316878727,0.0,37.95975771191852,0.017614155523652815,0.5794388467049535,0.0,0.07003942269785929,0.47849363825247176,0.0,14.428809533240386,0.8801625588394445,36.54027534999363,0.6276764770319826,35.80361366009819,3.592691982274125,0.0,0.18482713379262455,0.0,0.0,0.0,0.0,0.2390372165799883,0.17906578763983055,0.3778742942445532,0.7201291198672517,0.0764889999628806,1.3784492362838612,0.2554361986253772,0.16623527633959997,31.0,0.0,0.04721154045881201,2025.0,3.0,1,0.22854641845104826,dalton kincaid,265.0,0.273972602739726,-0.04542618428867776
00-0033923,Kareem Hunt,RB,KC,NYG,0.0,0.0,0.0,0.6684107425358664,0.0,8.729134344629193,0.0,0.0006677383431748352,0.024706316257134053,0.3008115426136768,0.015379687999454265,0.4178108930101621,5.879769885706252,0.0,0.019267714350521978,-2.484408403556511,-0.24289767813825563,7.902368787853475,1.3117965578479616,0.35658077613568295,0.017470032943534136,0.07668230041104176,-0.1610144181995665,-0.29511299836279736,31.067971908443347,0.2736301515836991,0.049759527338689366,0.06899580785457055,0.028743640911977782,1.3009133395901995,1.1987449626151134,0.4550922902684911,0.05185907340005501,25.75,0.4638806883163366,0.0009059797207201159,2025.0,3.0,2,0.22667034910645564,kareem hunt,135.0,0.425531914893617,-0.19886156578716138
00-0037267,Jerome Ford,RB,CLE,GB,0.0,0.0,0.0,0.47965932146365675,0.0,6.81240209911327,0.0,0.0012301083823154416,0.050432686111990234,0.142443250887585,4.733279391592459e-06,0.4976135762051352,0.07535157048867665,0.0,-1.0560669005515215,-3.6667236863563333,-0.6294198058249026,14.488098132357342,2.735289942961375,0.24829753519103562,0.03451609531086475,0.07608420697592717,0.43788378223377594,-0.0594639109587278,34.339789622290816,0.1778222364716909,0.08189444051524981,0.11208070844531658,0.00593379980583093,0.27721577156282723,0.9832246364056573,0.3261428124580465,0.16350692513078557,16.5,0.06883199279513119,0.005643620611800622,2025.0,3.0,2,0.22407060889658356,jerome ford,550.0,0.15384615384615385,0.07022445505042971
00-0038454,Keaton Mitchell,RB,BAL,DET,0.0,0.0,0.0,0.5942618595347547,0.0,7.439176307100442,0.0,0.0015990808542673725,0.03677885964814958,0.0,0.0,0.2827073120567651,1.989369129104734,0.0,-0.05635424034448461,-2.0142257492963873,0.4460189274233034,12.81573395858114,0.9156251713228707,0.08504951053152138,0.01838942982407479,0.019893691291047334,-0.4224755089321033,-0.17254473058407085,35.81621425424353,0.06252406140185429,0.04429304402970719,0.058193035434787654,0.3117627769381511,0.7391585677824067,1.2320000444930022,0.3188732529136597,0.15332100073478303,28.5,0.06286507439507406,0.0028194857835692117,2025.0,3.0,4,0.2213203535063757,keaton mitchell,600.0,0.14285714285714285,0.07846321064923284
00-0036970,Kyle Pitts,TE,ATL,CAR,2.94117136935627,4.723945704703316,1.7718434326018893,0.0,-0.12242391531665464,2.3192981163163693e-06,53.20964693014978,0.007381883705544293,0.24043753662220613,0.0,0.0002336378615058848,0.6437749258578953,0.0,12.080308758809565,1.7509897697620955,30.058781325026064,1.0743396559898541,34.86054374531544,3.8427718795993435,0.0,0.10471349809681091,0.0,0.0,-3.8296337506569685e-06,-9.277192465265477e-06,0.1095773430078584,0.1708601367563683,0.3550306621710585,0.28101995349088293,0.7283038304761265,1.2475762278601545,0.412524494152715,0.07952533600879363,24.5,0.0,0.04319688283334821,2025.0,3.0,1,0.2205911902412621,kyle pitts,255.0,0.28169014084507044,-0.06109895060380835
00-0039868,Troy Franklin,WR,DEN,LAC,3.192591200568555,4.7016235957882255,2.074288187730945,0.0,0.8790244605483397,0.30934238789206353,44.553758309243975,0.0021934056337555054,0.07242879851113283,0.0,0.10161881461562863,0.5587896795391951,0.0,18.19220707434647,0.7715218080570857,40.25445610763566,0.9884209359719415,42.59065214654977,4.103039003689974,0.0,0.21973121439160118,0.0,0.0,0.19809363174877742,3.337764553433485,0.3207233435660403,0.16828906703711274,0.40705242497732785,0.23155293181463807,0.11584849664237658,0.5954819744602671,0.3745236098800593,0.12294719002673946,21.5,0.0,0.13084597739646292,2025.0,3.0,2,0.21774565015768907,troy franklin,350.0,0.2222222222222222,-0.004476572064533141
00-0040663,Harold Fannin Jr.,TE,CLE,GB,3.86164786267722,5.521764705882354,3.1551481310439,0.0,0.5307050784992499,0.4117647058823529,90.84967320261438,0.0,0.0,0.0,0.0,0.6670588235294117,0.0,15.846743381359316,1.4448466566113638,42.64705882352941,1.1279901207102847,54.17647058823529,5.823529411764706,0.0,0.06862745235294117,0.0,0.0,-0.11949791602091864,1.2352941176470587,0.0,0.1599713055954087,0.34421789353640153,0.00593379980583093,0.27721577156282723,0.9832246364056573,0.3261428124580465,0.16350692513078557,16.5,0.0,0.022382350322218813,2025.0,3.0,2,0.21759801228365047,harold fannin,425.0,0.19047619047619047,0.027121821807460006
00-0038976,Marvin Mims Jr.,WR,DEN,LAC,3.5626392442271606,1.0587749458166082,2.019509707482526,0.0,1.3398759552885477,0.4013009828179768,30.794821182694392,0.018440637909254515,0.5778677048044802,0.0,0.037468624825808206,0.3926331916897577,0.0,4.249430415123345,0.9523761670315077,22.88327424066765,3.875414113431472,39.31725354677637,3.498527755090027,1.1210019209327511e-05,0.05592615502252311,0.0,0.0,-0.1929235673042784,0.5192238841622657,0.6024984941735357,0.12258578232315501,0.26802377896571644,0.23155293181463807,0.11584849664237658,0.5954819744602671,0.3745236098800593,0.12294719002673946,21.5,0.0,0.03330301721678304,2025.0,3.0,3,0.21462069471803505,marvin mims,275.0,0.26666666666666666,-0.052045971948631614
00-0039847,Theo Johnson,TE,NYG,KC,3.625761758754776,4.470042470121621,2.955215283941674,0.0,-0.26138771607039263,0.0,53.63993606045604,0.0002455199541996531,0.00859319839698788,0.0,0.00214829959924697,0.83267277429207,0.0,8.260734207477471,1.0796540799738639,27.652124390158964,0.43542714453241615,31.976488792894006,3.2307885773842857,0.0,0.11201036703283845,0.0,0.0,0.0,0.0,0.051128686838745066,0.13816721059737008,0.2746621406359581,0.4211987553802947,0.5818561120557187,1.4166911375993896,0.10538074985146975,0.000340352423235549,19.75,0.0,0.011803736469058863,2025.0,3.0,1,0.20891961573323783,theo johnson,425.0,0.19047619047619047,0.01844342525704737
00-0034407,Ray-Ray McCloud,WR,ATL,CAR,1.2474254329296623,5.245244461471775,1.0475485516793994,0.0,1.3455238387264614,0.2665997625742361,27.270950632986725,0.014663003913004598,0.3091763067925244,1.0886182731064235e-10,3.8669068669697046e-08,0.6180631634932191,0.0,8.879868018788715,1.2577480474412783,34.86630812415583,0.1651554817309479,31.509841802011355,2.197847131569409,0.012862501586184436,0.07542302921920091,0.0,0.0,0.13984920681599167,2.342614618236953,0.008495594688115575,0.1278126134572871,0.2887956597646981,0.28101995349088293,0.7283038304761265,1.2475762278601545,0.412524494152715,0.07952533600879363,24.5,0.0,0.09409597828707689,2025.0,3.0,3,0.20632170437721556,rayray mccloud,450.0,0.18181818181818182,0.024503522559033736
00-0039356,Ja'Tavion Sanders,TE,CAR,ATL,1.7745372783206808,3.273356410706567,1.8396789320693803,0.0,0.4120278294823662,0.0,35.13891119316952,0.006457819914204213,0.32546341722032,0.0,0.0165092664148594,0.5832393327016324,0.0,7.168832084725981,0.9271842601528801,36.82731376476052,1.6116758857750437,32.04395685850425,3.4110369567982675,0.0,0.11320775850834612,0.0,0.0,0.0,0.0,0.02476389838409418,0.11383116877599705,0.2537872006615423,0.2979463989359935,0.30939635966436857,0.9514137512215605,0.3820508916263106,0.49812515835400345,19.0,0.0,0.043251125077129686,2025.0,3.0,1,0.20458283811983646,jatavion sanders,450.0,0.18181818181818182,0.02276465630165464
00-0040718,Travis Hunter,WR,JAX,HOU,7.0024970990608475,5.9833823529411765,3.555541087220713,0.0,-0.954555922590258,0.0,60.294117647058826,0.013679890560875471,0.5882352941176471,0.0,0.0,0.6105882352941175,0.0,16.684327002232155,0.6616816218012627,41.94117647058823,-5.0026619432034325,26.52941176470588,4.235294117647059,0.0,0.19073083999999998,0.0,0.0,0.0,0.0,0.0,0.19762387713706173,0.41216164356592777,0.17567033080461886,0.7316310369219169,0.9934937154562653,0.5112968436812407,0.00523668653581613,23.0,0.0,0.18948989088369445,2025.0,3.0,2,0.20407273022944486,travis hunter,210.0,0.3225806451612903,-0.11850791493184545
00-0039917,Michael Penix Jr.,QB,ATL,CAR,0.0,0.0,0.0,0.0,0.0,2.3984420130775965,0.0,0.0,0.0,0.15401368959719422,0.0,0.9225260795097716,0.0,0.0,0.0,0.0,0.0,0.0,0.0,0.08724772534759331,0.0,0.0,0.0,1.0760671210367307,5.851702895790827,0.389039037615498,0.0,0.0,0.28101995349088293,0.7283038304761265,1.2475762278601545,0.412524494152715,0.07952533600879363,24.5,0.024518351719366,0.0,2025.0,3.0,1,0.2026252824712228,michael penix,450.0,0.18181818181818182,0.020807100653040977
00-0038393,Dontayvion Wicks,WR,GB,CLE,0.9471667653837627,9.900534201882666,1.3404134795848988,0.0,-0.2058046512805935,1.3799670775959841e-05,48.74122312947956,0.002951288317897771,0.0936061744611483,0.0,0.08583694467952112,0.5834137699846054,0.0,19.073864683617554,0.8730682694304212,66.04828850230776,1.799944736101706,36.19364951432106,3.385871891553248,0.0,0.1497184726513383,0.0,0.0,-5.186666606804124e-06,1.3799670775959841e-05,0.07888963001938522,0.18093243930663963,0.4209000932371406,0.13927958327860512,0.6377729073824526,1.7576962027010956,0.5641498023319048,0.0007537033127229771,25.0,0.0,0.2631595908534652,2025.0,3.0,3,0.2012443203696977,dontayvion wicks,300.0,0.25,-0.04875567963030231
00-0036893,Najee Harris,RB,LAC,DEN,0.0,0.0,0.0,1.0205090079509471,0.0,8.645996145385313,0.0,2.218594223164925e-08,6.040747175831602e-07,0.20718268413596944,6.763275111382176e-06,0.3514982776463554,7.320664579251549,0.0,0.35694106418818344,-0.24903246274173726,0.2230992264580717,13.31532390544451,1.9258666933205422,0.25326380748244787,0.029235293467516604,0.15562478579007014,-0.04706925358381832,-0.5658871166257242,33.50412841428763,0.2233657197585686,0.08016911519803635,0.11704361851967089,0.45385762784867556,0.16673663151815968,0.45088529080194006,0.08604602025414061,0.4441970693253579,24.0,0.04222835414508704,0.012986231679137657,2025.0,3.0,2,0.19790688510868415,najee harris,200.0,0.3333333333333333,-0.13542644822464917
00-0039342,Xavier Legette,WR,CAR,ATL,2.592970969928313,9.387122264093879,2.3184705206201777,0.0,-1.1409477270648747,0.4035504396981615,33.50732724950269,0.024317954583187452,1.0835777933731985,0.0,0.2584768342485397,0.7131015613716561,0.0,21.03818801810769,0.25657059847752994,61.19579882065324,-3.8826280554070527,16.29887428371939,2.556830789022997,0.0,0.33218943027844233,0.0,0.0,-0.19184015142823768,0.27327077737345074,0.02682980927205836,0.1936066710552369,0.43242029258466397,0.2979463989359935,0.30939635966436857,0.9514137512215605,0.3820508916263106,0.49812515835400345,19.0,0.0,0.3160495919773658,2025.0,3.0,2,0.1978010105226745,xavier legette,320.0,0.23809523809523808,-0.040294227572563596
00-0030564,DeAndre Hopkins,WR,BAL,DET,0.6886846985657541,2.5008322700514,0.43848956796942784,0.0,-0.03928989983692024,0.0001018205854936054,14.001780548485128,0.018423299938429456,0.613278966708431,0.0,0.04161363114655153,0.3698289672819063,0.0,6.791904214378997,0.8242282465078422,54.776958671925605,2.9679172254332946,42.13165059692759,2.7707422279045035,1.762711568579291e-05,0.04065522125612764,0.0,0.0,2.0831858220221503e-05,0.0004269941463952406,0.5957684618227954,0.11236677852580945,0.3214022605132512,0.3117627769381511,0.7391585677824067,1.2320000444930022,0.3188732529136597,0.15332100073478303,28.5,0.0,0.0500872343964221,2025.0,3.0,3,0.19527709636538212,deandre hopkins,360.0,0.21739130434782608,-0.022114207982443956
00-0034270,Tyler Conklin,TE,LAC,DEN,2.575887066825764,1.7191275992307344,1.7073011408069165,0.0,-0.2667236369116938,0.3356372558219197,31.109695473611872,0.006502407307373755,0.23781428570600888,4.586010418894329e-09,0.13807601683779416,0.5747131515954329,0.0,4.98131715994282,1.74058541544612,25.41638436531542,1.6172337700962467,38.38141710834646,3.3450223759864057,2.918370091466911e-09,0.09076771703904928,0.0,0.0,0.0449087434289499,0.6000011458304738,0.37758041072838083,0.11714011346608351,0.25096998000259485,0.45385762784867556,0.16673663151815968,0.45088529080194006,0.08604602025414061,0.4441970693253579,24.0,0.0,0.007810200818764138,2025.0,3.0,2,0.194421737127242,tyler conklin,500.0,0.16666666666666666,0.02775507046057535
00-0038606,Parker Washington,WR,JAX,HOU,1.8573747952258424,3.338630108244762,1.57489992426784,0.0,1.8882486412980406,0.0,41.64443488371388,0.005636733115282553,0.14089297247180652,0.0,0.1258961878744142,0.529174008868198,0.0,6.821469599202245,1.0282212072844565,35.92301963304875,2.949869228881131,40.604676389220025,3.304081814757339,0.0,0.08796534429787711,0.0,0.0,0.0,0.0,0.27534142446830157,0.11155363438774052,0.2598846260927981,0.17567033080461886,0.7316310369219169,0.9934937154562653,0.5112968436812407,0.00523668653581613,23.0,0.0,0.08739301673788753,2025.0,3.0,4,0.19250601128039052,parker washington,600.0,0.14285714285714285,0.04964886842324767
00-0036139,Rico Dowdle,RB,CAR,ATL,0.0,0.0,0.0,1.2741247323841638,0.0,12.164168199216627,0.0,0.004522073907908855,0.15618103154683005,0.308229496514368,0.03894523255601591,0.4925029567180401,8.510546896045767,0.0,-0.3331840843426425,-1.406793678822501,-0.8258035947950948,9.484998651137762,1.6136444264137761,0.4296394339461457,0.04457053261365335,0.17779373138527713,-0.017072270456187946,-2.0842754775074464,46.370985005975214,0.18287473001561566,0.05753989895173278,0.08095829124024131,0.2979463989359935,0.30939635966436857,0.9514137512215605,0.3820508916263106,0.49812515835400345,19.0,0.13292887683119742,0.022201703616098353,2025.0,3.0,2,0.19240535808074066,rico dowdle,370.0,0.2127659574468085,-0.02036059936606785
00-0034975,Justice Hill,RB,BAL,DET,0.0,0.0,0.0,0.0011691661339563056,0.0,2.5737019406150665,0.0,0.00015298264935920884,0.0029066703378249703,0.017415723754872634,0.0,0.37216765092135934,4.302965002506482e-05,0.0,-1.6284535926239299,-4.277810596288365,-0.39512267448637767,16.459074959892455,2.3399342044171436,0.08004345123438548,0.018766029277059778,5.139174068327302e-05,-0.0008877396710788854,-0.6466598972800887,8.54140357194041,0.16520342631772492,0.11544463247883971,0.16199599306651158,0.3117627769381511,0.7391585677824067,1.2320000444930022,0.3188732529136597,0.15332100073478303,28.5,0.05916480277476929,0.002877226388577042,2025.0,3.0,2,0.19233194655294628,justice hill,370.0,0.2127659574468085,-0.020434010893862237
00-0034983,Hunter Renfrow,WR,CAR,ATL,1.6163279500722094,4.914814641669129,1.7258344224342788,0.0,0.17930062642460354,4.8278603123750243e-05,38.38428013726871,0.016406649445396288,0.9015403391023574,0.0,0.20005164271247583,0.5622908590959363,0.0,10.78103458936189,0.8366374979297213,38.785656778638064,0.422899139139523,24.815103018343493,3.2567572931986364,0.0,0.16137753910230226,0.0,0.0,-4.915433288468932e-05,-0.00013489529646378262,0.30222453839178015,0.1330164264935407,0.2915486146164698,0.2979463989359935,0.30939635966436857,0.9514137512215605,0.3820508916263106,0.49812515835400345,19.0,0.0,0.15353680984022544,2025.0,3.0,3,0.1885309079402774,hunter renfrow,500.0,0.16666666666666666,0.02186424127361075
00-0039150,Bryce Young,QB,CAR,ATL,0.0,0.0,0.0,0.0,0.0,3.569656084854764,0.0,0.0,0.0,0.084054278463426,0.0,0.9935533251984405,0.0,0.0,0.0,0.0,0.0,0.0,0.0,0.1879447163579728,0.0,0.0,0.0,1.2364440623103699,21.224244230800064,0.2955848229735687,0.0,0.0,0.2979463989359935,0.30939635966436857,0.9514137512215605,0.3820508916263106,0.49812515835400345,19.0,0.05599745143790471,0.0,2025.0,3.0,1,0.17962270102190536,bryce young,550.0,0.15384615384615385,0.025776547175751507
00-0038935,Brenton Strange,TE,JAX,HOU,1.60873531264747,1.766404331899709,1.3085936740755422,0.0,-0.6698168019518272,0.0,23.635152254929995,0.0009836923612100874,0.038759767247892166,0.0,0.014244542390537988,0.7481434007321456,0.0,3.426095473141297,1.0667038624658638,28.125637016598798,2.439961465417131,33.94081896730484,3.214421715781262,0.0,0.011005745837074265,0.0,0.0,0.0,0.0,0.0066793101592845325,0.11885982806792564,0.25381816260193024,0.17567033080461886,0.7316310369219169,0.9934937154562653,0.5112968436812407,0.00523668653581613,23.0,0.0,0.005627203108854026,2025.0,3.0,1,0.17810428523096006,brenton strange,330.0,0.23255813953488372,-0.05445385430392366
00-0034383,Dalton Schultz,TE,HOU,JAX,2.113454319330937,2.735502689310129,2.1289491202031297,0.0,0.13748175018802677,0.0,25.567624169664168,0.0037911326804643776,0.14719643630757398,0.0,2.6785862269299106e-05,0.6345832034237998,0.0,6.83611613632357,1.1205394181775348,29.49123169803131,0.9569125454461536,29.796453152848876,3.0735313719009167,0.0,0.062245913079530805,0.0,0.0,0.0,0.0,0.1074419941514452,0.16953446731520358,0.34786043401317907,0.309285416475601,0.4470084301217776,1.2775567329015354,0.1599843345916856,0.22540958057191576,21.5,0.0,0.009958370985080634,2025.0,3.0,1,0.1778423859660928,dalton schultz,255.0,0.28169014084507044,-0.10384775487897763
00-0036265,AJ Dillon,RB,PHI,LA,0.0,0.0,0.0,0.5305142231560503,0.0,6.691113571150531,0.0,2.5847834900598653e-05,0.0006978915423161647,0.11511082227162953,0.000698027973868253,0.25583490621616756,3.9308869866319687,0.0,-1.8554710756653114,0.01995684911647095,0.07840862453612187,5.464063497879304,0.48878812850340164,0.2410401148364476,0.006439503512337125,0.07429653797226399,-0.11587280363412476,-0.6483853397095176,25.495383508607325,0.10841155663877397,0.01716878175244096,0.025377024259311088,0.10628563167365906,0.058828377595331494,0.8291607159730313,0.40617348491207844,0.03535246999102428,24.0,0.014179998891220605,0.00022765235467699368,2025.0,3.0,3,0.17675991189298748,aj dillon,1400.0,0.06666666666666667,0.11009324522632082
00-0034115,Jeff Wilson,RB,MIA,BUF,0.0,0.0,0.0,0.14462689497224954,0.0,5.530862084947159,0.0,0.004124115233028653,0.10722699605874514,0.21883060420152073,0.0,0.34500855766776173,0.0,0.0,0.6628851478852837,6.543196606377491,-0.016902739106542775,6.067394317815146,1.2543725394901784,0.45387759968374103,0.03574233273442835,0.014329425836941394,-0.02462308355493813,-0.0666225370938682,26.996838688685617,0.0,0.04863865593244578,0.0925422415451783,0.3589461594411543,0.6568103189596074,1.0148232481996773,0.5105648814271506,0.07461622053644312,18.5,0.29811149101689893,0.0026669577817990363,0.0,0.0,4,0.1751745199920052,jeff wilson,2000.0,0.047619047619047616,0.12755547237295758
00-0036182,Nick Westbrook-Ikhine,WR,MIA,BUF,0.9014592813090602,3.528372357674832,0.7614020253320712,0.0,0.46719460857672285,0.0,16.10498100671284,0.008463943920733722,0.2802237780486212,0.0,0.005096515187601619,0.639402777477162,0.0,8.373931958550383,0.7188768608388959,36.5915776471043,0.3743811731578555,25.03221611160603,2.198706845806626,0.0,0.047420299098881846,0.0,0.0,0.0,0.0,0.141352351605017,0.13210176222612183,0.29503127491771086,0.3589461594411543,0.6568103189596074,1.0148232481996773,0.5105648814271506,0.07461622053644312,18.5,0.0,0.0481232219621275,2025.0,3.0,4,0.1729153781410812,nick westbrookikhine,600.0,0.14285714285714285,0.03005823528393836
00-0038104,Tyquan Thornton,WR,KC,NYG,0.38184268627880386,9.723116453033889,1.237887374465656,0.0,0.3012375120466199,0.027464520043284067,12.727253749026076,0.02048590077974207,0.633986214279249,7.040934126726108e-06,0.00036773764803156095,0.5228662606466985,0.0,17.35606241577625,0.328985333618715,87.75004286479997,0.05953837326264618,31.385549197391466,1.533935439454228,0.0020819213339309615,0.018852547774363113,0.0,0.0,0.02844312595742251,0.399923009388104,0.30073988761290504,0.10928541429109032,0.3916228049125996,0.028743640911977782,1.3009133395901995,1.1987449626151134,0.4550922902684911,0.05185907340005501,25.75,0.0,0.02259939667697855,2025.0,3.0,3,0.1727042072157739,tyquan thornton,360.0,0.21739130434782608,-0.044687097132052184
00-0029263,Russell Wilson,QB,NYG,KC,0.0,0.0,0.0,0.0,0.0,4.713392878439972,0.0,0.0,0.0,0.07277989311678328,0.0,0.9839122734324296,0.0,0.0,0.0,-2.7286310403961595e-07,-1.04953489209566e-07,2.7286310403961595e-07,2.7286310403961595e-07,0.32035969994624014,0.0,0.0,0.0,0.7545578776118141,27.867928581430046,0.11079193494854503,1.0914523917625999e-08,1.5699236670776842e-08,0.4211987553802947,0.5818561120557187,1.4166911375993896,0.10538074985146975,0.000340352423235549,19.75,0.134935106891361,0.0,2025.0,3.0,1,0.16897197420732088,russell wilson,650.0,0.13333333333333333,0.03563864087398755
00-0040162,Dylan Sampson,RB,CLE,GB,0.0,0.0,0.0,1.3279037433155079,0.0,7.2941176470588225,0.0,0.012254901960784294,0.5882352941176471,0.0,0.0,0.3123529411764706,0.0,0.0,0.03831932773109428,-6.176470588235294,3.097594954836979,34.0,5.0588235294117645,0.13725490470588234,0.33333334,0.1372549019607843,-0.37900656364294466,-1.3404932680115216,15.470588235294116,0.5882352941176471,0.12147297943567653,0.1650526064084173,0.00593379980583093,0.27721577156282723,0.9832246364056573,0.3261428124580465,0.16350692513078557,16.5,0.0380492243088235,0.05450230946697469,2025.0,3.0,3,0.16809843745957095,dylan sampson,340.0,0.22727272727272727,-0.05917428981315631
00-0033881,Evan Engram,TE,DEN,LAC,1.676672263167602,2.2493801525869253,1.8201415934728897,0.0,0.022502409169635855,9.753754143919162e-06,35.0040027683282,0.0010329165359760609,0.03622893536670521,1.051847206538278e-10,0.06713648944010206,0.5618116091328496,0.0,7.145144194607531,1.5393635063402744,22.689567816239958,0.4043700610397456,26.840844780276438,3.5507164048924635,7.264850580911981e-09,0.06134226141568946,0.0,0.0,9.746642974206204e-06,0.00012557604944455952,0.03306573493537777,0.16216529904563387,0.3114668603915082,0.23155293181463807,0.11584849664237658,0.5954819744602671,0.3745236098800593,0.12294719002673946,21.5,0.0,0.02297412518361029,2025.0,3.0,1,0.16775765042770435,evan engram,245.0,0.2898550724637681,-0.12209742203606377
00-0033110,Tyler Higbee,TE,LA,PHI,1.2724385495611994,0.515410228069727,0.9085906390423416,0.0,0.38683107344459206,2.177236546090713e-10,18.477632033847744,0.003601159063592493,0.11542181171651925,0.0,0.10609485217238379,0.593434658667313,0.0,1.6573129995380107,1.34217556852688,4.581266515031781,1.603509017521257,26.19149814538487,2.868653095621981,0.0,0.1356343546838858,0.0,0.0,-1.498030414609698e-10,2.177236546090713e-10,0.2313364470539564,0.10680297658973908,0.18094516104244396,0.3133702371951958,0.491630624591434,0.9564926010401154,0.14730047888725403,0.00047914439504485857,20.5,0.0,0.019979005398500043,2025.0,3.0,1,0.16270491557496228,tyler higbee,500.0,0.16666666666666666,-0.00396175109170438
00-0038465,Malik Heath,WR,GB,CLE,0.7743307886930302,1.9242134152907413,0.5765680131014271,0.0,0.4519661298842563,0.0,12.620551477639316,0.01168951040813671,0.32880921078294006,0.0,0.17668772068695043,0.3931361136014038,0.0,4.876858818153744,1.057843195278878,26.750461836119566,1.9433328865293673,27.213378790782265,1.7486750581955024,0.0,0.0645679128154727,0.0,0.0,0.0,0.0,0.2587956838807119,0.08735556233568662,0.19947728290484523,0.13927958327860512,0.6377729073824526,1.7576962027010956,0.5641498023319048,0.0007537033127229771,25.0,0.0,0.11349077517209176,2025.0,3.0,5,0.16151084838317076,malik heath,1300.0,0.07142857142857142,0.09008227695459933
00-0033282,Curtis Samuel,WR,BUF,MIA,2.761241996229823,0.664337784106082,2.0511718793840514,0.0,0.5642640887004755,0.28058772756608014,34.91088276448804,0.001450143255409817,0.037907759521342524,9.387587210380857e-06,0.07067607264862905,0.5067299993604542,0.0,1.8534087785217221,8.590227926566175,7.730396919608503,-0.6957267708196921,25.176449690348853,3.2946150346298664,0.0007028503098310635,0.07949360024425878,0.0,0.0,-0.07718583207851006,0.9493632198910772,0.07285831451540772,0.134905317086991,0.2253202972484527,0.7201291198672517,0.0764889999628806,1.3784492362838612,0.2554361986253772,0.16623527633959997,31.0,0.0,0.10957789254615308,2025.0,3.0,6,0.16044150270896385,curtis samuel,1000.0,0.09090909090909091,0.06953241179987293
00-0038797,Emanuel Wilson,RB,GB,CLE,0.0,0.0,0.0,0.6226351558933416,0.0,4.236916373876316,0.0,0.0,0.0,0.08875326092901781,0.0,0.16921068019771254,4.979863139221408,0.0,-0.036934654846000774,-1.4669871693682388,-0.19199449049407805,0.06865176718658382,0.24812250607239456,0.07901939097552375,0.0012354851495036067,0.08567273401090664,0.13175792866490812,0.6885092730402068,21.068708194589288,0.331464747811633,0.00969530826539261,0.009755338231046235,0.13927958327860512,0.6377729073824526,1.7576962027010956,0.5641498023319048,0.0007537033127229771,25.0,0.050396426722050525,9.311892500009109e-07,2025.0,3.0,3,0.15912422039455862,emanuel wilson,750.0,0.11764705882352941,0.04147716157102921
00-0040078,Brashard Smith,RB,KC,NYG,0.0,0.0,0.0,0.0,0.0,0.5882352941176471,0.0,0.0,0.0,0.0,0.0,0.10058823529411764,0.0,0.0,0.0,0.0,-0.9143476848326176,0.0,0.0,0.0,0.0,0.0,0.0,-0.20375757094691765,1.1764705882352942,0.0,0.020283975659229236,0.030425963488843827,0.028743640911977782,1.3009133395901995,1.1987449626151134,0.4550922902684911,0.05185907340005501,25.75,0.0,0.0,2025.0,3.0,3,0.15817680134970163,brashard smith,800.0,0.1111111111111111,0.04706569023859053
00-0040466,Raheim Sanders,RB,CLE,GB,0.0,0.0,0.0,0.0,0.0,3.0,0.0,0.0,0.0,0.5,0.0,0.04,0.0,0.0,0.0,0.0,0.0,0.0,0.0,0.33333334,0.0,0.0,0.0,3.38437430135673,3.0,1.0,0.0,0.0,0.00593379980583093,0.27721577156282723,0.9832246364056573,0.3261428124580465,0.16350692513078557,16.5,0.09240525903571421,0.0,2025.0,3.0,4,0.1579090423110767,raheim sanders,1900.0,0.05,0.10790904231107669
00-0036187,Reggie Gilliam,RB,BUF,MIA,0.0,0.0,0.0,0.0,0.0,0.0,0.0,0.0,0.0,0.0,0.0,0.0,0.0,0.0,0.0,0.0,0.0,0.0,0.0,0.0,0.0,0.0,0.0,0.0,0.0,0.0,0.0,0.0,0.7201291198672517,0.0764889999628806,1.3784492362838612,0.2554361986253772,0.16623527633959997,31.0,0.0,0.0,0.0,0.0,4,0.1570271099369784,reggie gilliam,1800.0,0.05263157894736842,0.10439553098960999
00-0036355,Justin Herbert,QB,LAC,DEN,0.0,0.0,0.0,0.0,0.0,6.176921614536944,0.0,0.0,0.0,0.030082099417305247,1.367554106120723e-07,0.9845035833357336,0.0,0.0,0.0,-0.00014065473904921724,3.4660892951807545e-05,0.00019584262452509733,2.0080163857790273e-05,0.12970103599414415,9.121345670614288e-08,0.0,0.0,-2.3499403769992475,27.730266216777146,0.025787196417847862,5.440471616984074e-07,4.312666969815131e-07,0.45385762784867556,0.16673663151815968,0.45088529080194006,0.08604602025414061,0.4441970693253579,24.0,0.058865804525817945,0.0,2025.0,3.0,1,0.15647518670376395,justin herbert,550.0,0.15384615384615385,0.0026290328576100974
00-0039796,Rasheen Ali,RB,BAL,DET,0.0,0.0,0.0,0.0,0.0,0.8934063654940042,0.0,0.0,0.0,0.0,0.0,0.04771125096475212,0.0,0.0,0.0,-0.8330018326040317,-0.13263555998575485,0.0,0.0,0.10858575752295856,0.0,0.0,0.0,-0.15986047152105648,2.8320158304348273,0.0,0.011106691680646158,0.0145625496999557,0.3117627769381511,0.7391585677824067,1.2320000444930022,0.3188732529136597,0.15332100073478303,28.5,0.08026209301223775,0.0,2025.0,3.0,3,0.14988775998280207,rasheen ali,1900.0,0.05,0.09988775998280207
00-0037617,Hassan Haskins,RB,LAC,DEN,0.0,0.0,0.0,0.3867513044730039,0.0,2.8475668925428845,0.0,0.0,0.0,0.11007061451138933,0.0,0.14466173063176502,7.389807648640334,0.0,1.1951757673234857,0.6371731547965629,0.3862117726265526,3.940581575845629,0.2634237660714668,0.10658930716446545,0.0,0.025260035270445128,-0.11529525046096353,-0.03205308322334237,8.350940985298433,0.23651312218027887,0.008068975919224109,0.013831500197758624,0.45385762784867556,0.16673663151815968,0.45088529080194006,0.08604602025414061,0.4441970693253579,24.0,0.017772342032457412,0.0,2025.0,3.0,3,0.14958756510520288,hassan haskins,1200.0,0.07692307692307693,0.07266448818212595
00-0038685,Chris Brooks,RB,GB,CLE,0.0,0.0,0.0,0.0,0.0,2.4805812989073606,0.0,0.0,0.0,0.0,0.0,0.16421982618729944,0.0,0.0,-0.6327018335240164,-3.461829721250586,-0.6875275602319509,10.24124625869965,1.3342468717319969,0.022488781208755543,0.0420708481482817,0.0,0.0,-0.785694293197419,11.550466986405103,0.0,0.06489716561477402,0.0919369888271061,0.13927958327860512,0.6377729073824526,1.7576962027010956,0.5641498023319048,0.0007537033127229771,25.0,0.01434273537499589,3.1708937618425245e-05,2025.0,3.0,2,0.14532683675962507,chris brooks,600.0,0.14285714285714285,0.002469693902482223
00-0039738,Blake Corum,RB,LA,PHI,0.0,0.0,0.0,0.0,0.0,3.4632326148670534,0.0,0.0,0.0,0.13120680738126955,0.0,0.19695384701704347,0.0,0.0,-0.3832963465408137,-0.31228518113614334,0.19492154583252358,5.676892182556478,0.48622526399279287,0.13659816905994784,0.0,0.0,0.0,0.788835681375565,18.801745605283976,0.3010003122478361,0.01786047743528267,0.025831867438998277,0.3133702371951958,0.491630624591434,0.9564926010401154,0.14730047888725403,0.00047914439504485857,20.5,0.06715584317298845,0.0,2025.0,3.0,2,0.14411681481229457,blake corum,550.0,0.15384615384615385,-0.00972933903385928
00-0039875,Ray Davis,RB,BUF,MIA,0.0,0.0,0.0,0.5755493145300425,0.0,7.268245696276157,0.0,0.0,0.0,0.04212847786270235,0.0904542973439243,0.2650387927805511,5.937882506367619,0.0,1.7757936555356426,-2.7384394086889428,0.5185938329545157,3.559201963437668,0.8651025659160674,0.10248960021719462,0.09956563476160038,0.09308041081516916,0.1816561012998637,-0.8278748334659631,23.43761109518874,0.25258935071537514,0.032269255559354885,0.04177501360844074,0.7201291198672517,0.0764889999628806,1.3784492362838612,0.2554361986253772,0.16623527633959997,31.0,0.007839327027208647,0.01655132080852232,2025.0,3.0,2,0.14310847284842018,ray davis,360.0,0.21739130434782608,-0.0742828314994059
00-0039163,C.J. Stroud,QB,HOU,JAX,0.0,0.0,0.0,0.0,0.0,3.2360634910932813,0.0,0.00027336462355967943,0.008474303330350071,0.0016022421266902928,0.0,0.8667369962524573,0.0,0.0,0.0,0.08474071399283344,-0.006155606643416033,0.0,2.3193106673155712e-06,0.13165212515577207,0.000847430333035007,0.0,0.0,1.5415641947979632,19.25114582791506,0.00014205277806561624,0.0002922712925875514,0.0005729134220595348,0.309285416475601,0.4470084301217776,1.2775567329015354,0.1599843345916856,0.22540958057191576,21.5,0.04071808235870091,0.0,2025.0,3.0,1,0.14058918002585744,cj stroud,475.0,0.17391304347826086,-0.03332386345240343
00-0036980,Elijah Moore,WR,BUF,MIA,1.404910740919973,4.077991435705331,1.4616414392342938,0.0,-0.21724316752898648,0.8347915474473332,20.01374807468837,0.0045277644712250365,0.19707535947316052,0.1500000000762033,0.00412100272990427,0.5428691863435793,0.0,9.939831858232484,1.211125945579688,33.20234221958591,-1.192108176566082,22.95034503501361,1.8466817155010165,0.03333806704463804,0.02115687904433101,0.0,0.0,0.304240122347795,3.504707551507639,0.31247636214389213,0.09209349795792465,0.2312273166629759,0.7201291198672517,0.0764889999628806,1.3784492362838612,0.2554361986253772,0.16623527633959997,31.0,0.0,0.02916368376080811,2025.0,3.0,4,0.14011430733618685,elijah moore,850.0,0.10526315789473684,0.03485114944145001
00-0040719,Bhayshul Tuten,RB,JAX,HOU,0.0,0.0,0.0,0.0,0.0,5.9411764705882355,0.0,0.0,0.0,0.0,0.0,0.17176470588235293,0.0,0.0,-1.7112299465240648,-6.470588235294118,2.4195506363107353,18.823529411764707,1.1764705882352942,0.17553688470588233,0.05347593529411765,0.0,0.0,0.7184677745681248,29.23529411764706,0.5882352941176471,0.028011204481792708,0.02754584261819741,0.17567033080461886,0.7316310369219169,0.9934937154562653,0.5112968436812407,0.00523668653581613,23.0,0.12842823297540767,0.00028003671034488046,2025.0,3.0,2,0.13994822679320432,bhayshul tuten,210.0,0.3225806451612903,-0.182632418368086
00-0039732,Bo Nix,QB,DEN,LAC,0.0,0.0,0.0,0.0,0.0,5.333410043780022,0.0,0.0002495273003189278,0.00848392821084356,0.004676577167860511,0.0014139880634203537,0.9813494486972459,0.0,0.0,0.00848392821084356,0.01696785642168712,0.03291674636131516,0.01696785642168712,0.00848392821084356,0.14228640688830121,0.0009426586806671422,0.0,0.0,0.4073535725262585,24.078958139159546,0.01794687637027312,0.0002570887413237668,0.0004325797316432778,0.23155293181463807,0.11584849664237658,0.5954819744602671,0.3745236098800593,0.12294719002673946,21.5,0.03294683467235666,0.0,2025.0,3.0,1,0.13800355261760136,bo nix,360.0,0.21739130434782608,-0.07938775173022472
00-0040730,RJ Harvey,RB,DEN,LAC,0.0,0.0,0.0,0.0,0.0,5.411764705882352,0.0,0.0,0.0,0.0,0.0,0.3135294117647059,0.0,0.0,2.088235294117647,2.1176470588235294,0.050186570151708826,9.0,1.0,0.0,0.0,0.0,0.0,-0.3936657974982702,33.529411764705884,0.0,0.050344462109168,0.08681586071809778,0.23155293181463807,0.11584849664237658,0.5954819744602671,0.3745236098800593,0.12294719002673946,21.5,0.0,0.0,2025.0,3.0,2,0.13695669294341842,rj harvey,235.0,0.29850746268656714,-0.16155076974314872
00-0033857,JuJu Smith-Schuster,WR,KC,NYG,0.7403667539304217,1.2943032488233035,0.7367729615923004,0.0,0.49898816707073396,4.475227770122758e-07,22.01825685335111,0.00038377560460947863,0.013171619608299637,3.275721564558486e-08,0.0044140822732577105,0.6818409559143063,0.0,2.681360017697678,1.3248416140074246,17.325401306207777,0.3038535734142484,18.952004044328685,1.974364021078866,3.275721564558486e-08,0.017617123593148265,0.0,0.0,-4.649912756559866e-08,1.3425683310368276e-06,0.056859404018615244,0.09503056458546415,0.19335609371405976,0.028743640911977782,1.3009133395901995,1.1987449626151134,0.4550922902684911,0.05185907340005501,25.75,0.0,0.02111843816305435,2025.0,3.0,4,0.1366208074320466,juju smithschuster,350.0,0.2222222222222222,-0.0856014147901756
00-0039751,Jordan Whittington,WR,LA,PHI,0.7372489487267226,0.9688696736343709,0.5699001577921908,0.0,0.09869599367213631,0.5348320005139481,9.363459825664506,0.0018450167144166483,0.053505484718082884,0.0,0.0,0.5555197066013517,0.0,3.0863783000215306,2.2638153731185393,20.949954528137624,1.8483148806474388,39.18701543783019,2.2347622781589287,0.03714111188962417,0.054933970477496416,0.0,0.0,0.5864331934364914,2.986145336202877,0.0,0.07796944381891645,0.17272104035548339,0.3133702371951958,0.491630624591434,0.9564926010401154,0.14730047888725403,0.00047914439504485857,20.5,0.0,0.052543936307481456,2025.0,3.0,3,0.13566207151235057,jordan whittington,700.0,0.125,0.010662071512350574
00-0039746,Will Shipley,RB,PHI,LA,0.0,0.0,0.0,0.6689242716333976,0.0,5.2366099205418255,0.0,0.0,0.0,0.0,0.0,0.18578076071767358,2.3800052360115194,0.0,1.1900026180057597,1.6660036652080634,0.5472577447423376,8.330018326040319,0.9520020944046077,0.10262149842035655,0.05950013090028798,0.07140015708034558,-0.19736721682846783,-0.5974544564217613,21.69978273952203,0.0,0.02321956241316502,0.03914861377897553,0.10628563167365906,0.058828377595331494,0.8291607159730313,0.40617348491207844,0.03535246999102428,24.0,0.006037056258471449,0.0021034765921144473,2025.0,3.0,2,0.13423609452769836,will shipley,600.0,0.14285714285714285,-0.008621048329444492
00-0036630,Tylan Wallace,WR,BAL,DET,0.0,0.0,0.0,0.0,0.0,0.0,0.0,0.010350608875985306,0.3001676574035744,0.0,0.0,0.42393038802353145,0.0,0.0,0.8888586204801571,8.67241442501938,1.168211053806041,12.280279994574938,1.0322676745892427,0.0,0.05725297803015101,0.0,0.0,0.0,0.0,0.31747172551925223,0.04455484508632318,0.08938618536219103,0.3117627769381511,0.7391585677824067,1.2320000444930022,0.3188732529136597,0.15332100073478303,28.5,0.0,0.07053567148050292,2025.0,3.0,4,0.1323618099773057,tylan wallace,550.0,0.15384615384615385,-0.02148434386884815
00-0039880,Malik Washington,WR,MIA,BUF,2.6757674401040035,3.3798879096396095,1.9282205098547616,0.0,2.0233772675297317,1.2652881993047203,32.81631783924522,0.0021329958819792036,0.07252185998729305,0.0,0.0,0.622626494611301,0.0,8.725559290563357,0.8025513737149638,25.89430648157966,-0.43268358271069524,21.41164958881933,2.3262833196162855,0.004266062152822521,0.004217442827516721,0.0,0.0,0.3850113751657427,8.037870529719287,0.008532124305645043,0.11791939386800093,0.2616006902534611,0.3589461594411543,0.6568103189596074,1.0148232481996773,0.5105648814271506,0.07461622053644312,18.5,0.0,0.00427995902931695,2025.0,3.0,3,0.13231715937388153,malik washington,450.0,0.18181818181818182,-0.0495010224443003
00-0035537,Ty Johnson,RB,BUF,MIA,0.0,0.0,0.0,3.105409297852898e-08,0.0,2.5226178352699313,0.0,0.00033246079105020296,0.011081354310328723,0.0019229423618113356,0.004152386161776649,0.2931238913028924,3.760979878300022e-07,0.0,2.4900614407727106,9.079529922337416,0.3803122028481983,9.300424693060044,0.6425252857718209,0.03368767232768915,0.10790215045002068,4.221462955403768e-09,2.675912730782731e-09,0.1082488092939252,14.386807025451839,0.04193327218366973,0.05145700112725988,0.09425618247892249,0.7201291198672517,0.0764889999628806,1.3784492362838612,0.2554361986253772,0.16623527633959997,31.0,0.002576736367422149,0.01793714379769628,2025.0,3.0,3,0.13221447975312436,ty johnson,500.0,0.16666666666666666,-0.03445218691354229
00-0033375,Tim Patrick,WR,JAX,HOU,0.30008466124340527,1.162608480254439,0.4768538851552573,0.0,-0.008526400522660954,0.0,8.049669834388311,0.01176461131576418,0.5101205048409087,0.0,0.08843761527413466,0.49139343823775716,0.0,2.5852910341752993,0.6143745936271929,18.70537615803478,0.1796941851554052,11.901822499903206,1.3025903402555379,0.0,0.08276423606244544,0.0,0.0,0.0,0.0,0.12306352863262823,0.055552165399033814,0.13653197499602443,0.17567033080461886,0.7316310369219169,0.9934937154562653,0.5112968436812407,0.00523668653581613,23.0,0.0,0.08222574839257835,2025.0,3.0,5,0.13136379887116734,tim patrick,600.0,0.14285714285714285,-0.011493343985975513
00-0026498,Matthew Stafford,QB,LA,PHI,0.0,0.0,0.0,0.0,0.0,3.204304794516501,0.0,0.0,0.0,0.3420314955540252,2.0116029295007953e-05,0.9999828847244563,0.0,0.0,0.0,5.488922194374472e-10,-1.7131383828343632e-11,0.0,0.0,0.20029910430895584,5.747444547365619e-06,0.0,0.0,-2.0720572026439483,1.4587269016454354,1.1364560767997325e-06,8.712575073989847e-13,2.4712029681408753e-12,0.3133702371951958,0.491630624591434,0.9564926010401154,0.14730047888725403,0.00047914439504485857,20.5,0.06276777782728275,0.0,2025.0,3.0,1,0.13075106064097622,matthew stafford,1100.0,0.08333333333333333,0.04741772730764289
00-0035689,Dawson Knox,TE,BUF,MIA,2.6945894022102417,1.562299051214616,1.6768275494459712,0.0,-0.09727061611774322,0.0,13.674202713268615,0.0003562810871101372,0.01043200084302714,0.0,0.0008975854390336529,0.5792996433076585,0.0,5.297246958200825,2.2592887659488476,15.876632857152657,-0.019877684575980843,20.371770538878526,1.8239936116141364,0.0,0.11126582318114706,0.0,0.0,0.0,0.0,0.005280236879335073,0.1133452594957623,0.22495956561365416,0.7201291198672517,0.0764889999628806,1.3784492362838612,0.2554361986253772,0.16623527633959997,31.0,0.0,0.028421318910315577,2025.0,3.0,2,0.1302053855498928,dawson knox,450.0,0.18181818181818182,-0.05161279626828902
00-0040238,LeQuint Allen Jr.,RB,JAX,HOU,0.0,0.0,0.0,0.0,0.0,1.5882352941176472,0.0,0.0,0.0,0.0,0.0,0.14588235294117646,0.0,0.0,-0.4117647058823529,-1.6470588235294117,-0.29596740368704727,1.6470588235294117,0.4117647058823529,0.08403361764705881,0.0,0.0,0.0,0.8758788169909484,10.529411764705882,0.0,0.014198782961460465,0.016128034637389828,0.17567033080461886,0.7316310369219169,0.9934937154562653,0.5112968436812407,0.00523668653581613,23.0,0.061481602815417535,0.0,2025.0,3.0,3,0.12908241247771932,lequint allen,500.0,0.16666666666666666,-0.03758425418894734
00-0036754,Brock Wright,TE,DET,BAL,0.05151526675911959,0.05711872041500251,0.056367692422531396,0.0,0.0007565675252940909,0.0,0.9685204114553508,0.007305464241214428,0.28205078608000095,0.0,0.08076788677183391,0.5456839321763713,0.0,0.16860817813933154,3.7360545425494815,7.229074749052486,1.2438113697261888,14.31620362422921,1.5318530467847433,0.0,0.09414750868164658,0.0,0.0,0.0,0.0,0.4097379502812578,0.061983868001978214,0.1153022903372051,0.48101180181011516,0.3398463500161344,0.7030399766914783,0.4825164133990311,0.38265202172049856,24.0,0.0,0.04542771821952225,2025.0,3.0,2,0.1280762748951814,brock wright,850.0,0.10526315789473684,0.022813117000444555
00-0034159,Will Dissly,TE,LAC,DEN,0.8489677274588807,1.0697083896861577,0.6922778039037725,0.0,0.20783058794227952,0.0,16.707198000403515,0.005044139869363516,0.16429459410601582,0.0,0.07350000378177604,0.5043579418884709,0.0,2.3862224939612022,2.273512854947782,9.914644321990341,0.9548568509991682,20.990138226588343,2.073157047143214,0.0,0.05139879169810317,0.0,0.0,0.0,0.0,0.17240457570643344,0.07832085815707897,0.14433382955404542,0.45385762784867556,0.16673663151815968,0.45088529080194006,0.08604602025414061,0.4441970693253579,24.0,0.0,0.00442266147149334,2025.0,3.0,1,0.12650400365722952,will dissly,400.0,0.2,-0.07349599634277049
00-0036637,Noah Gray,TE,KC,NYG,1.5176443128165262,3.302530622667626,1.2210025445196955,0.0,-0.15946372065845169,0.14701381547853218,13.456127739837989,0.0030331770256645883,0.11798761758740249,5.243338427059242e-09,0.21810004611933353,0.4818367845740589,0.0,5.757004290802148,0.5345600665928563,21.14285646560052,-1.0039349671131699,7.857776267059836,1.34651130721298,2.7616670015531153e-06,0.21474474882593605,0.0,0.0,-0.21816545993350558,-0.5879861852835007,0.07994565223392466,0.0910586216553903,0.18542550842285177,0.028743640911977782,1.3009133395901995,1.1987449626151134,0.4550922902684911,0.05185907340005501,25.75,0.0,0.0977286795663271,2025.0,3.0,2,0.12646673035111936,noah gray,400.0,0.2,-0.07353326964888066
00-0037086,Grant Calcaterra,TE,PHI,LA,0.10426273615312379,0.03811839004910745,0.13489837917503464,0.0,0.005939457646435826,0.0,2.472009730811118,0.0034544420947305835,0.07276853610683948,0.0,0.0360351272712991,0.7272227360648041,0.0,0.08866391433082312,0.9193081887317056,15.545305921363113,0.12530231461311442,15.061818824240106,1.434736085909456,0.0,0.06785070572970621,0.0,0.0,0.0,0.0,0.0720702545425982,0.09611161665957471,0.20175565772922832,0.10628563167365906,0.058828377595331494,0.8291607159730313,0.40617348491207844,0.03535246999102428,24.0,0.0,0.0275591575999787,2025.0,3.0,2,0.12626506894408623,grant calcaterra,400.0,0.2,-0.07373493105591378
00-0038492,Jason Brownlee,WR,KC,NYG,0.0,0.0,0.0,0.0,0.0,0.0,0.0,0.00924634006744279,0.3606072626302694,0.0,0.0,0.6032447441491471,0.0,0.0,0.47885038910209243,14.028055245032634,-0.7660605324700025,7.668674047095309,0.6502470159749016,0.0,0.07400410701741732,0.0,0.0,0.0,0.0,0.12368829108218239,0.04460097487878249,0.12455276188606307,0.028743640911977782,1.3009133395901995,1.1987449626151134,0.4550922902684911,0.05185907340005501,25.75,0.0,0.08871205049995877,2025.0,3.0,6,0.12551035541455527,jason brownlee,1200.0,0.07692307692307693,0.04858727849147834
00-0036534,Shane Zylstra,TE,DET,BAL,0.09326617584044689,0.9679452778676829,0.3089557786261297,0.0,-0.020406828269501083,0.0,9.036149448584304,0.008398524265550844,0.341215607937029,0.0,0.11517940298800557,0.3302206811708071,0.0,1.711086602881164,1.3169775655179061,8.984385943750103,0.34808499535393256,12.246967718973847,1.2405453347021036,0.0,0.028317074784696163,0.0,0.0,0.0,0.0,0.12261898090135659,0.05147485189251299,0.10322903929603937,0.48101180181011516,0.3398463500161344,0.7030399766914783,0.4825164133990311,0.38265202172049856,24.0,0.0,0.013663453363063734,2025.0,3.0,3,0.12390496979163815,shane zylstra,1200.0,0.07692307692307693,0.04698189286856122
00-0040583,Woody Marks,RB,HOU,JAX,0.0,0.0,0.0,0.0,0.0,3.0,0.0,0.0,0.0,0.0,0.0,0.20411764705882354,0.0,0.0,4.352941176470589,2.9411764705882355,1.629999696366106,21.764705882352942,0.5882352941176471,0.0,0.0,0.0,0.0,-0.7882371714256469,9.47058823529412,0.0,0.025575447570332473,0.048921240737097534,0.309285416475601,0.4470084301217776,1.2775567329015354,0.1599843345916856,0.22540958057191576,21.5,0.0,0.0,2025.0,3.0,2,0.12373581871444055,woody marks,475.0,0.17391304347826086,-0.05017722476382032
00-0035535,Darius Slayton,WR,NYG,KC,0.08735831476487974,1.2789367811716295,0.14036846152138058,0.0,0.028991866872204876,0.08413608396251944,3.117684782540192,0.011068714476134906,0.4455378737355062,0.0,0.0002492469795255476,0.9064750892767672,0.0,2.9342316200350176,0.7082308938255012,33.05777877370011,0.8479402141138989,27.513257591340828,1.0884715465921173,0.038436216420547696,0.061148146353687184,0.0,0.0,0.03523087927424032,0.5653468790511322,0.10693416309997847,0.0709254344401621,0.19274802819923653,0.4211987553802947,0.5818561120557187,1.4166911375993896,0.10538074985146975,0.000340352423235549,19.75,0.0,0.08662803701989906,2025.0,3.0,3,0.12366203311346798,darius slayton,380.0,0.20833333333333334,-0.08467130021986537
00-0033854,Dare Ogunbowale,RB,HOU,JAX,0.0,0.0,0.0,0.011958951464805278,0.0,1.120007797738002,0.0,0.0006305507334853485,0.02020107356652646,2.378119170156748e-05,0.018574926946494433,0.23262342362509694,0.05615558540870153,0.0,1.077491385659452,2.683992693887644,-1.045389246209628,8.863968013417,0.8976968970348703,0.021323399777651235,0.04358670004044243,0.0008459528264662375,-0.004318773687297571,-0.4814060961289449,5.015768035434443,0.0029182620415467387,0.04358480807909958,0.07575371669398803,0.309285416475601,0.4470084301217776,1.2775567329015354,0.1599843345916856,0.22540958057191576,21.5,0.00953173945946694,0.009824859774630032,2025.0,3.0,3,0.12329042962573689,dare ogunbowale,650.0,0.13333333333333333,-0.010042903707596446
00-0036590,Quintin Morris,TE,JAX,HOU,0.08170231888570144,0.06950268459378449,0.04315557870197323,0.0,0.000262955277195255,0.0,0.5119274583387022,0.00919949776108136,0.2851244301415492,0.0,0.021223449803421328,0.3389238889433631,0.0,0.07963368156211706,0.7826502319700266,10.550026525934094,0.1570258637472196,7.2672949682767065,0.915566271845691,0.0,0.024358325819576702,0.0,0.0,0.0,0.0,0.09305279854969573,0.047499410755930366,0.1052496569519444,0.17567033080461886,0.7316310369219169,0.9934937154562653,0.5112968436812407,0.00523668653581613,23.0,0.0,0.012454335108908839,0.0,0.0,4,0.12311037858247495,quintin morris,1300.0,0.07142857142857142,0.051681807153903525
00-0035250,Devin Singletary,RB,NYG,KC,0.0,0.0,0.0,0.0259559516366111,0.0,3.778764430242272,0.0,0.0,0.0,0.04420673439572768,2.102663499344604e-08,0.1872592696039121,0.3115576746905398,0.0,0.8245444047356826,-3.5261482225355723,-0.584516107046288,0.2349515514368443,0.7853814711796285,0.04243664143739278,0.0002022981595508853,0.003177253654614185,-0.00357023211432313,-0.22393613495220047,12.949359262979373,0.0721393831046287,0.02550168977868072,0.027718702395750548,0.4211987553802947,0.5818561120557187,1.4166911375993896,0.10538074985146975,0.000340352423235549,19.75,0.02469201919546397,6.885266881923554e-08,2025.0,3.0,3,0.12270390652952833,devin singletary,1200.0,0.07692307692307693,0.0457808296064514
00-0036264,Jordan Love,QB,GB,CLE,0.0,0.0,0.0,0.0,0.0,2.0212931830977636,0.0,0.0,0.0,0.03159917710063665,0.0,0.8917653985221412,0.0,0.0,0.0,0.0,0.0,0.0,0.0,0.11989651702749804,0.0,0.0,0.0,0.32504604878250654,6.539736086603225,0.012948070077815284,0.0,0.0,0.13927958327860512,0.6377729073824526,1.7576962027010956,0.5641498023319048,0.0007537033127229771,25.0,0.016699136928146112,0.0,2025.0,3.0,1,0.12163017131524441,jordan love,500.0,0.16666666666666666,-0.04503649535142225
00-0037741,Jahan Dotson,WR,PHI,LA,0.5715497547303386,1.5263493773381283,0.44435856178622096,0.0,-0.13193166343977522,0.0059322995870029465,9.387955215414873,0.003534694592198849,0.11134495151696469,0.0,0.00041652423536451026,0.5200584479243588,0.0,6.317295250377597,0.7106678460453008,29.284357075921925,0.8800280422726335,29.56728882628587,2.1987618788739214,0.0,0.0007935211374812118,0.0,0.0,0.004461399185256685,0.07711611121724947,0.0002273947173241625,0.10692875237629049,0.27696494475141775,0.10628563167365906,0.058828377595331494,0.8291607159730313,0.40617348491207844,0.03535246999102428,24.0,0.0,0.0006579565544936558,2025.0,3.0,3,0.12160544051228356,jahan dotson,850.0,0.10526315789473684,0.01634228261754672
00-0035125,Alec Ingold,RB,MIA,BUF,0.0,0.0,0.0,0.0,0.0,0.0,0.0,0.0,0.0,0.0,0.0,0.0,0.0,0.0,0.0,0.0,0.0,0.0,0.0,0.0,0.0,0.0,0.0,0.0,0.0,0.0,0.0,0.0,0.3589461594411543,0.6568103189596074,1.0148232481996773,0.5105648814271506,0.07461622053644312,18.5,0.0,0.0,0.0,0.0,4,0.12143417335872377,alec ingold,2500.0,0.038461538461538464,0.0829726348971853
00-0036422,Adam Trautman,TE,DEN,LAC,9.685215054506947e-05,0.00022932773935071635,0.0001349675822871996,0.0,-1.726172119020757e-05,0.0,0.002934412912922741,0.01247199579665112,0.3827912502884822,0.0,0.10030497323487207,0.5499340314406521,0.0,0.0006847426562770752,1.4882983651856387,8.006378432794355,0.45022960761809344,8.386053371374299,1.614272880595029,0.0,0.0894468256135077,0.0,0.0,0.0,0.0,0.381042239243928,0.06440170717095232,0.12597097448611697,0.23155293181463807,0.11584849664237658,0.5954819744602671,0.3745236098800593,0.12294719002673946,21.5,0.0,0.033499948021083054,2025.0,3.0,2,0.12091941875957911,adam trautman,425.0,0.19047619047619047,-0.06955677171661136
00-0040692,Jarquez Hunter,RB,LA,PHI,0.0,0.0,0.0,0.0,0.0,0.0,0.0,0.0,0.0,0.0,0.0,0.0,0.0,0.0,0.0,0.0,0.0,0.0,0.0,0.0,0.0,0.0,0.0,0.0,0.0,0.0,0.0,0.0,0.3133702371951958,0.491630624591434,0.9564926010401154,0.14730047888725403,0.00047914439504485857,20.5,0.0,0.0,2025.0,3.0,3,0.12045051908416317,jarquez hunter,1300.0,0.07142857142857142,0.049021947655591744
00-0038046,Charlie Kolar,TE,BAL,DET,0.012959320692791279,0.023558475026531793,0.0062842050238747504,0.0,0.0027487680904272954,0.07252185998729305,0.19510124245574986,0.0025846999475950955,0.0928608772070784,0.0,0.036260929993646523,0.3823802607331649,0.0,0.039180322687360596,3.1494008753777605,7.9117612030033735,0.8113874817855873,13.206194430699593,1.1993925309266118,0.0,0.01814672962967026,0.0,0.0,0.1246582894597406,0.1450437199745861,0.08993435857024212,0.05221205234751903,0.10125377957476735,0.3117627769381511,0.7391585677824067,1.2320000444930022,0.3188732529136597,0.15332100073478303,28.5,0.0,0.0057865067067576475,2025.0,3.0,3,0.11948682563291445,charlie kolar,550.0,0.15384615384615385,-0.03435932821323941
00-0039792,Devontez Walker,WR,BAL,DET,0.0,0.0,0.0,0.0,0.0,0.0,0.0,0.040440875452684606,1.136986301369863,0.0,0.09132420091324202,0.22744292237442923,0.0,0.0,0.680365296803653,36.70776255707763,3.375432643183552,16.570776255707763,1.136986301369863,0.0,0.07610350228310502,0.0,0.0,0.0,0.0,0.680365296803653,0.08189280306105122,0.2415663689459167,0.3117627769381511,0.7391585677824067,1.2320000444930022,0.3188732529136597,0.15332100073478303,28.5,0.0,0.09375951819885867,2025.0,3.0,5,0.11839518795118328,devontez walker,370.0,0.2127659574468085,-0.09437076949562523
00-0040644,Trevor Etienne,RB,CAR,ATL,0.0,0.0,0.0,0.0,0.0,0.4117647058823529,0.0,0.0,0.0,0.0,0.0,0.02411764705882353,0.0,0.0,-0.3921568627450982,-1.7647058823529411,-0.38661968661472174,1.1764705882352942,0.5882352941176471,0.0,0.0,0.0,0.0,-0.031111225567977224,1.6470588235294117,0.0,0.011098779134295236,0.013354051054384,0.2979463989359935,0.30939635966436857,0.9514137512215605,0.3820508916263106,0.49812515835400345,19.0,0.0,0.0,2025.0,3.0,3,0.11796663146193524,trevor etienne,1500.0,0.0625,0.05546663146193524
00-0035567,Craig Reynolds,RB,DET,BAL,0.0,0.0,0.0,0.05101040932729839,0.0,3.703195054492782,0.0,0.0,0.0,0.014017627696795905,0.0,0.13259507702855,0.67657205509488,0.0,1.5253962220616806,-1.3288567501824522,-0.614057047274488,4.425472208730292,0.3190141528162572,0.022180991442495242,0.0,0.009035914064447969,0.011018095763944911,-1.1933512464325056,14.370273934084654,0.004152659041335693,0.018826395101317284,0.023000834510214497,0.48101180181011516,0.3398463500161344,0.7030399766914783,0.4825164133990311,0.38265202172049856,24.0,0.0075381289814711195,0.0,2025.0,3.0,3,0.11714063546120367,craig reynolds,1600.0,0.058823529411764705,0.05831710604943896
00-0039874,Jaylen Wright,RB,MIA,BUF,0.0,0.0,0.0,0.032182470758299296,0.0,4.292066478156464,0.0,0.0,0.0,0.0,0.0,0.1417388149309541,0.28210440706784096,0.0,-0.05449802724458371,-0.9021551494362458,-0.29471897110326223,1.0360986573595588,0.36961112561967074,0.02227319153711264,0.016493133508414082,0.005556601957396866,0.02340638631707371,-2.585800411484914,6.927185441406565,0.0,0.014979168317964205,0.020321440999839607,0.3589461594411543,0.6568103189596074,1.0148232481996773,0.5105648814271506,0.07461622053644312,18.5,0.014629262037739382,0.001230655287200825,2025.0,3.0,2,0.11665649572735569,jaylen wright,1200.0,0.07692307692307693,0.03973341880427876
00-0034854,KhaDarel Hodge,WR,ATL,CAR,0.009338447214084765,0.06196978531404711,0.010269162702377177,0.0,0.009626101432545692,0.0006978915942370736,0.1482543686545697,0.011429397309104932,0.450168353048624,0.0006978915942370736,4.58574399123404e-05,0.4198986131747535,0.0,0.11591791101026233,1.1813471032767298,27.21045209733476,0.47525630007227954,13.292273787785057,0.7812951085377967,0.00013957831884741474,0.07527414587664957,0.0,0.0,-0.0004554080241721749,0.0,0.05050311002494726,0.05426322205137734,0.13383813839706793,0.28101995349088293,0.7283038304761265,1.2475762278601545,0.412524494152715,0.07952533600879363,24.5,0.0,0.09391023496818549,2025.0,3.0,5,0.11557853231926538,khadarel hodge,1000.0,0.09090909090909091,0.024669441410174464
00-0037005,Tommy Tremble,TE,CAR,ATL,0.2418279245333463,0.2234097356054719,0.11016667747403498,0.0,0.050086246287016044,2.8321455672435665e-07,2.341614069501446,0.004915408296398064,0.17201514692709513,3.853853686589277e-09,0.05102905105018337,0.5515205816214171,0.0,0.44230180580892275,1.179182951719297,14.135144775477997,1.4025818386988562,19.1397782549086,2.225086689197904,5.8720224120198466e-08,0.035087012631170714,0.0,0.0,6.46056888943277e-08,1.109958628291713e-06,0.19819230257506976,0.0707212601034653,0.13866316770184478,0.2979463989359935,0.30939635966436857,0.9514137512215605,0.3820508916263106,0.49812515835400345,19.0,0.0,0.013405024460242394,2025.0,3.0,2,0.11475105467472478,tommy tremble,750.0,0.11764705882352941,-0.002896004148804629
00-0038679,Tyrell Shavers,WR,BUF,MIA,0.0,0.0,0.0,0.0,0.0,0.0,0.0,0.0,0.0,0.0,0.0,0.251764705882353,0.0,0.0,0.0,13.882352941176471,1.9327082025599385,28.41176470588235,0.4117647058823529,0.0,0.0,0.0,0.0,0.0,0.0,0.4117647058823529,0.062309368305346516,0.16125250664643942,0.7201291198672517,0.0764889999628806,1.3784492362838612,0.2554361986253772,0.16623527633959997,31.0,0.0,0.0,2025.0,3.0,5,0.1139824354058718,tyrell shavers,1300.0,0.07142857142857142,0.04255386397730038
00-0037614,John Metchie III,WR,PHI,LA,0.3428728744832326,1.2122143702208525,0.32191397781931386,0.0,-0.22649185339983846,0.002906943200931412,7.893130974460011,0.004304501850328568,0.13928956963026543,0.0,0.08828715562679391,0.32490970089592225,0.0,3.1874004462047707,0.35672561101269334,18.314276146599404,-0.4125565499225092,13.172472397718114,1.5929187615533762,0.002906943200931412,0.09351030670478652,0.0,0.0,-0.0008540822533828731,0.011627772803725648,0.017296026661101995,0.08836546777252942,0.18607950090065942,0.10628563167365906,0.058828377595331494,0.8291607159730313,0.40617348491207844,0.03535246999102428,24.0,0.0,0.07753507285819854,2025.0,3.0,5,0.1133981568561489,john metchie,1300.0,0.07142857142857142,0.04196958542757748
00-0040198,Ollie Gordon II,RB,MIA,BUF,0.0,0.0,0.0,0.0,0.0,1.411764705882353,0.0,0.0,0.0,0.0,0.0,0.17352941176470588,0.0,0.0,-0.8980392156862766,-3.823529411764706,-1.4222047927974275,2.5294117647058822,1.0,0.4117647058823529,0.0,0.0,0.0,0.4515970279154476,6.352941176470589,0.0,0.03166508538899429,0.03641726376900484,0.3589461594411543,0.6568103189596074,1.0148232481996773,0.5105648814271506,0.07461622053644312,18.5,0.27045130780689713,0.0,2025.0,3.0,3,0.11315574064415657,ollie gordon,650.0,0.13333333333333333,-0.020177592689176765
00-0040075,LaJohntay Wester,WR,BAL,DET,0.0,0.0,0.0,0.0,0.0,0.0,0.0,0.0,0.0,0.0,0.0,0.029411764705882356,0.0,0.0,0.0,0.0,0.0,0.0,0.0,0.0,0.0,0.0,0.0,0.0,0.0,0.0,0.0,0.0,0.3117627769381511,0.7391585677824067,1.2320000444930022,0.3188732529136597,0.15332100073478303,28.5,0.0,0.0,2025.0,3.0,6,0.112889785147476,lajohntay wester,2000.0,0.047619047619047616,0.06527073752842838
00-0037085,Tyler Badie,RB,DEN,LAC,0.0,0.0,0.0,0.0,0.0,1.6949615289153637,0.0,0.005950013090028799,0.23800052360115193,0.0,0.0,0.16520799545759005,0.0,0.0,-0.46543307034350545,-0.685540108188238,-0.6436711861054044,11.13634369995614,1.6279813815590396,0.0,0.016326835919039023,0.0,0.0,0.011346851620736766,10.48956707704757,0.057143925716636575,0.07966063939820052,0.11321359949813524,0.23155293181463807,0.11584849664237658,0.5954819744602671,0.3745236098800593,0.12294719002673946,21.5,0.0,0.0020073385982734863,2025.0,3.0,3,0.11256791880827523,tyler badie,950.0,0.09523809523809523,0.017329823570179995
00-0033589,David Moore,WR,CAR,ATL,0.37956929281558016,1.456456600404711,0.2863642871226527,0.0,-0.07940821570531627,0.10296441175314525,6.138312632916722,0.006820139640634071,0.2029305505374156,0.020580003146003473,0.01647477617154448,0.49249460175773,0.0,3.0897332072115495,0.45113709511040384,30.30804649576924,0.8938390810625187,15.594039561002123,1.2572975419346293,0.012862910354152511,0.0966332629700639,0.0,0.0,-0.13860164384261647,0.000290442785428463,0.33773232579811296,0.07833898891893004,0.19858029715777545,0.2979463989359935,0.30939635966436857,0.9514137512215605,0.3820508916263106,0.49812515835400345,19.0,0.0,0.091938215215128,2025.0,3.0,5,0.11246753843833941,david moore,1500.0,0.0625,0.04996753843833941
00-0037277,Teagan Quitoriano,TE,ATL,CAR,0.0,0.0,0.0,0.0,0.0,0.0,0.0,0.0032867669710523024,0.10066532847259632,0.0,0.02153815671819738,0.4290343471130307,0.0,0.0,2.4257726130264636,15.70154337978902,0.8794552393579523,18.193322288559816,0.8928607689017863,0.0,0.023741351325372088,0.0,0.0,0.0,0.0,0.06434465947057712,0.043595709419447036,0.10305740211476967,0.28101995349088293,0.7283038304761265,1.2475762278601545,0.412524494152715,0.07952533600879363,24.5,0.0,0.00979388894600101,2025.0,3.0,3,0.11159290270319411,teagan quitoriano,2000.0,0.047619047619047616,0.06397385508414649
00-0033757,Robert Tonyan,TE,KC,NYG,0.0027186055191243228,0.0024182738239287623,0.001891732225100392,0.0,-0.0006309423423875107,0.0,0.0352908079558257,0.01895823195223843,0.3056684799107937,0.0,3.7600464950281624e-06,0.39387337557495755,0.0,0.006991607017725987,0.771342964717414,20.15599377212915,0.36060467255975853,12.48430661038058,0.9925371813712711,0.0,0.11905213055085613,0.0,0.0,0.0,0.0,0.004223044408871279,0.06710466204155492,0.16025348322928046,0.028743640911977782,1.3009133395901995,1.1987449626151134,0.4550922902684911,0.05185907340005501,25.75,0.0,0.054179706753732515,2025.0,3.0,3,0.11154298068633217,robert tonyan,1200.0,0.07692307692307693,0.034619903763255244
00-0038573,Derius Davis,WR,LAC,DEN,0.0,0.0,0.0,0.0,0.0,0.6924901241226757,0.0,0.004896370139145621,0.17494149581896562,0.0,0.0002442780917770514,0.16277868260513867,0.0,0.0,0.5549937708188893,4.259226171978927,0.5041132943762401,6.787991228274652,0.7284718164319789,0.015783267590078715,0.024920129297688193,0.0,0.0,-0.48203476890280195,0.5144085890542086,0.17494149581896562,0.026469225711169508,0.04995663956302124,0.45385762784867556,0.16673663151815968,0.45088529080194006,0.08604602025414061,0.4441970693253579,24.0,0.0,0.011236119745210087,2025.0,3.0,6,0.11106925421099806,derius davis,700.0,0.125,-0.013930745789001941
00-0040194,Jackson Hawes,TE,BUF,MIA,0.0,0.0,0.0,0.0,0.0,0.0,0.0,0.0,0.0,0.0,0.0,0.35470588235294115,0.0,0.0,0.45927601809954943,9.529411764705882,1.250534176686093,14.88235294117647,1.0,0.0,0.0,0.0,0.0,0.0,0.0,0.0,0.03267973856209149,0.062114289551437,0.7201291198672517,0.0764889999628806,1.3784492362838612,0.2554361986253772,0.16623527633959997,31.0,0.0,0.0,2025.0,3.0,3,0.11060190301515684,jackson hawes,1400.0,0.06666666666666667,0.04393523634849017
00-0034386,Justin Watson,WR,HOU,JAX,0.0038000215906156803,0.0058638179801216855,0.0011140197214809175,0.0,-0.0028805760321850395,0.0,0.02696065834706635,0.01794186156506615,0.5193944341250599,0.0,0.00016085627524669855,0.5538770578858182,0.0,0.01728624209202458,0.6787672809013541,29.291074144208682,0.41950224557201854,15.391555668298624,1.253763936670009,0.0,0.1140372218842649,0.0,0.0,0.0,0.0,0.13873617827370818,0.08380129780860475,0.2333304790043697,0.309285416475601,0.4470084301217776,1.2775567329015354,0.1599843345916856,0.22540958057191576,21.5,0.0,0.14568902061962893,2025.0,3.0,5,0.11006803893879623,justin watson,850.0,0.10526315789473684,0.004804881044059392
00-0033246,Johnny Mundt,TE,JAX,HOU,0.05779113187067684,0.039242349920838415,0.08593012663159617,0.0,-0.009900093665576874,0.0,1.634496263599876,0.004567597864177093,0.14513345986857665,0.0,0.05343059528582701,0.3609757821992625,0.0,0.08353935574567276,3.252563560160586,1.1106750519175925,0.10543959937253228,6.099945118335012,0.712924766691188,0.0,0.029089288890666705,0.0,0.0,0.0,0.0,0.1102660086910017,0.04064909011355635,0.06381359887411801,0.17567033080461886,0.7316310369219169,0.9934937154562653,0.5112968436812407,0.00523668653581613,23.0,0.0,0.014873261594729667,2025.0,3.0,2,0.109433546449473,johnny mundt,1000.0,0.09090909090909091,0.01852445554038208
00-0039074,Davis Allen,TE,LA,PHI,0.4175676860028184,0.1947806260915842,0.34517397995457677,0.0,-0.030625274728954387,0.0,6.774204304942967,0.00966704732512111,0.3152048407276569,0.0,0.025564343419372533,0.3947555777442245,0.0,0.36453172480157225,0.7978882952025809,14.012161052555081,0.49245131821378546,9.017083014999873,1.0563043156130558,0.0,0.17375761291306013,0.0,0.0,0.0,0.0,0.5257513326616788,0.052768504015094565,0.12263178906676173,0.3133702371951958,0.491630624591434,0.9564926010401154,0.14730047888725403,0.00047914439504485857,20.5,0.0,0.02559457959239987,2025.0,3.0,3,0.10896539690136198,davis allen,900.0,0.1,0.008965396901361972
00-0032464,Kalif Raymond,WR,DET,BAL,0.22973035153342458,0.18290407491749452,0.09268874324104182,0.0,0.018024283447971436,0.35989812656042713,1.2047563215986299,1.1224591025090739e-08,4.0764512185253396e-07,0.0,1.1108349724738885e-10,0.4021859681100035,0.0,0.4121168939171903,0.933025257716266,15.72909107087242,1.0587541111955692,15.403260965348577,1.3371506593664613,2.4463599790039568e-05,0.005385911225008242,0.0,0.0,0.1193703210245707,2.193423983294448,0.06002074726672775,0.055952217612035955,0.1362504244257296,0.48101180181011516,0.3398463500161344,0.7030399766914783,0.4825164133990311,0.38265202172049856,24.0,0.0,0.003786510902092166,2025.0,3.0,3,0.10829259402283059,kalif raymond,650.0,0.13333333333333333,-0.02504073931050274
00-0038519,Nikko Remigio,WR,KC,NYG,1.3501947854670997,2.2915144596651444,0.598683205811129,0.0,0.4901020181858676,0.0,7.458143074581429,0.0,0.0,0.0,0.0,0.22369863013698632,0.0,12.535637087883726,0.7005327245053288,22.538812785388128,0.9040864799671386,20.32876712328767,0.904109589041096,0.0,0.0,0.0,0.0,0.0,0.0,0.0,0.09471412757366142,0.24422189475905948,0.028743640911977782,1.3009133395901995,1.1987449626151134,0.4550922902684911,0.05185907340005501,25.75,0.0,0.0,2025.0,3.0,7,0.10705211147006365,nikko remigio,1300.0,0.07142857142857142,0.03562354004149222
00-0040184,KeAndre Lambert-Smith,WR,LAC,DEN,0.0,0.0,0.0,0.0,0.0,0.0,0.0,0.012110726643598593,0.4117647058823529,0.0,0.0,0.14941176470588236,0.0,0.0,0.0,12.352941176470589,-0.26671744020217475,0.0,0.0,0.0,0.0,0.0,0.0,0.0,0.0,0.0,0.012110726643598635,0.04344988769501594,0.45385762784867556,0.16673663151815968,0.45088529080194006,0.08604602025414061,0.4441970693253579,24.0,0.0,0.0,2025.0,3.0,5,0.10697005290241998,keandre lambertsmith,600.0,0.14285714285714285,-0.03588708995472287
00-0036971,Trevor Lawrence,QB,JAX,HOU,0.0,0.0,0.0,0.0,0.0,2.829572558186459,0.0,0.0,0.0,0.07954493345411043,0.0,0.8872617579524119,0.0,0.0,0.0,0.0,0.0,0.0,0.0,0.11554290110947896,0.0,0.0,0.0,0.13443690200155292,8.316241865044221,0.17712414209053054,0.0,0.0,0.17567033080461886,0.7316310369219169,0.9934937154562653,0.5112968436812407,0.00523668653581613,23.0,0.020297459660027533,0.0,2025.0,3.0,1,0.10676392765934219,trevor lawrence,425.0,0.19047619047619047,-0.08371226281684828
00-0040189,Oronde Gadsden II,TE,LAC,DEN,0.0,0.0,0.0,0.0,0.0,0.0,0.0,0.0,0.0,0.0,0.0,0.0,0.0,0.0,0.0,0.0,0.0,0.0,0.0,0.0,0.0,0.0,0.0,0.0,0.0,0.0,0.0,0.0,0.45385762784867556,0.16673663151815968,0.45088529080194006,0.08604602025414061,0.4441970693253579,24.0,0.0,0.0,2025.0,3.0,3,0.10539413521308198,oronde gadsden,1100.0,0.08333333333333333,0.022060801879748654
00-0038840,Brycen Tremayne,WR,CAR,ATL,1.0485716170931916,5.61917808219178,0.846060991378721,0.0,0.7200737405932627,0.0,27.397260273972602,0.0,0.0,0.0,0.0,0.19374429223744294,0.0,6.934346178384112,0.353513035793195,27.863013698630137,1.1713365295989084,21.4703196347032,1.593607305936073,0.0,0.0,0.0,0.0,0.0,0.0,0.0,0.051364278961128655,0.12886566618005887,0.2979463989359935,0.30939635966436857,0.9514137512215605,0.3820508916263106,0.49812515835400345,19.0,0.0,0.0,2025.0,3.0,4,0.10418457870589155,brycen tremayne,1000.0,0.09090909090909091,0.013275487796800642
00-0036429,Charlie Woerner,TE,ATL,CAR,0.0,0.0,0.0,0.0,0.0,0.0,0.0,0.0,0.0,0.0,0.0,0.5403015626093404,0.0,0.0,0.8852564825208363,5.544626994920911,-0.8033594183500806,5.447838481399925,0.8776747387416585,0.0,0.006100654757635259,0.0,0.0,0.0,0.0,0.0,0.06397265733071118,0.11473808204080474,0.28101995349088293,0.7283038304761265,1.2475762278601545,0.412524494152715,0.07952533600879363,24.5,0.0,0.0025166695178938394,2025.0,3.0,2,0.10369900533131145,charlie woerner,700.0,0.125,-0.021300994668688553
00-0040737,Terrance Ferguson,TE,LA,PHI,0.0,0.0,0.0,0.0,0.0,0.0,0.0,0.0,0.0,0.0,0.0,0.0,0.0,0.0,0.0,0.0,0.0,0.0,0.0,0.0,0.0,0.0,0.0,0.0,0.0,0.0,0.0,0.0,0.3133702371951958,0.491630624591434,0.9564926010401154,0.14730047888725403,0.00047914439504485857,20.5,0.0,0.0,2025.0,3.0,4,0.10345955273269034,terrance ferguson,1200.0,0.07692307692307693,0.026536475809613408
00-0040590,Konata Mumpfield,WR,LA,PHI,0.0,0.0,0.0,0.0,0.0,0.0,0.0,0.0,0.0,0.0,0.0,0.0,0.0,0.0,0.0,0.0,0.0,0.0,0.0,0.0,0.0,0.0,0.0,0.0,0.0,0.0,0.0,0.0,0.3133702371951958,0.491630624591434,0.9564926010401154,0.14730047888725403,0.00047914439504485857,20.5,0.0,0.0,2025.0,3.0,5,0.10345955273269034,konata mumpfield,1400.0,0.06666666666666667,0.03679288606602367
00-0040669,Isaac TeSlaa,WR,DET,BAL,0.0,0.0,0.0,0.0,0.0,0.0,0.0,0.010558069381598775,0.4117647058823529,0.0,0.0,0.18705882352941175,0.0,0.0,1.0435729847494528,21.23529411764706,2.2458605331450903,22.411764705882355,1.0,0.0,0.041176470588235294,0.0,0.0,0.0,0.0,0.4117647058823529,0.03184431667403802,0.11132992018223847,0.48101180181011516,0.3398463500161344,0.7030399766914783,0.4825164133990311,0.38265202172049856,24.0,0.0,0.028948704922590284,2025.0,3.0,4,0.10246999655362467,isaac teslaa,475.0,0.17391304347826086,-0.0714430469246362
00-0038618,Xavier Hutchinson,WR,HOU,JAX,0.0,0.0,0.0,0.0,0.0,0.21067016010176706,0.0,0.006366186272623087,0.1816007394135938,1.4369536609739158e-05,0.04900322109742173,0.6135343328896745,0.0,0.0,0.8265649422260978,26.254658613604345,0.2002926399783855,19.76327837514142,1.5786324708909572,5.460343544208686e-05,0.022847257956613763,0.0,0.0,0.0942747958923668,1.055620600781476,0.0,0.09045045602666343,0.22140487836642142,0.309285416475601,0.4470084301217776,1.2775567329015354,0.1599843345916856,0.22540958057191576,21.5,0.0,0.029188668230810087,2025.0,3.0,4,0.10242221969015376,xavier hutchinson,475.0,0.17391304347826086,-0.0714908237881071
00-0040241,Dominic Lovett,WR,DET,BAL,0.0,0.0,0.0,0.0,0.0,0.0,0.0,0.0,0.0,0.0,0.0,0.0,0.0,0.0,0.0,0.0,0.0,0.0,0.0,0.0,0.0,0.0,0.0,0.0,0.0,0.0,0.0,0.0,0.48101180181011516,0.3398463500161344,0.7030399766914783,0.4825164133990311,0.38265202172049856,24.0,0.0,0.0,2025.0,3.0,5,0.1016795422720594,dominic lovett,1600.0,0.058823529411764705,0.042856012860294695
00-0040667,Matthew Golden,WR,GB,CLE,0.0,0.0,0.0,0.0,0.0,1.1764705882352942,0.0,0.018975332068311174,0.5882352941176471,0.0,0.0,0.5447058823529412,0.0,0.0,0.6588235294117647,51.76470588235294,-1.2013876543530997,6.588235294117647,0.8235294117647058,0.07352941176470588,0.0,0.0,0.0,0.6444869541070058,8.823529411764707,0.0,0.08100613982966925,0.21464931396103354,0.13927958327860512,0.6377729073824526,1.7576962027010956,0.5641498023319048,0.0007537033127229771,25.0,0.0,0.0,2025.0,3.0,1,0.10153541522612668,matthew golden,240.0,0.29411764705882354,-0.19258223183269685
00-0040432,Beaux Collins,WR,NYG,KC,0.0,0.0,0.0,0.0,0.0,0.0,0.0,0.0,0.0,0.0,0.0,0.0,0.0,0.0,0.0,0.0,0.0,0.0,0.0,0.0,0.0,0.0,0.0,0.0,0.0,0.0,0.0,0.0,0.4211987553802947,0.5818561120557187,1.4166911375993896,0.10538074985146975,0.000340352423235549,19.75,0.0,0.0,2025.0,3.0,5,0.10133107005670013,beaux collins,1100.0,0.08333333333333333,0.017997736723366797
00-0040646,Jalen Royals,WR,KC,NYG,0.0,0.0,0.0,0.0,0.0,0.0,0.0,0.0,0.0,0.0,0.0,0.0,0.0,0.0,0.0,0.0,0.0,0.0,0.0,0.0,0.0,0.0,0.0,0.0,0.0,0.0,0.0,0.0,0.028743640911977782,1.3009133395901995,1.1987449626151134,0.4550922902684911,0.05185907340005501,25.75,0.0,0.0,2025.0,3.0,5,0.10074412940215723,jalen royals,500.0,0.16666666666666666,-0.06592253726450943
00-0040727,Tre Harris,WR,LAC,DEN,0.0,0.0,0.0,0.0,0.0,0.0,0.0,0.0,0.0,0.0,0.0,0.21529411764705883,0.0,0.0,1.5308823529411766,20.88235294117647,1.2183095219517928,24.529411764705884,1.5882352941176472,0.0,0.29411764705882354,0.0,0.0,0.0,0.0,0.0,0.07747020376778158,0.17442120058025057,0.45385762784867556,0.16673663151815968,0.45088529080194006,0.08604602025414061,0.4441970693253579,24.0,0.0,0.13261332082410002,2025.0,3.0,4,0.10051165011627679,tre harris,550.0,0.15384615384615385,-0.05333450372987707
00-0040130,Jayden Higgins,WR,HOU,JAX,0.0,0.0,0.0,0.0,0.0,0.0,0.0,0.0,0.0,0.0,0.0,0.43,0.0,0.0,4.3710407239819,23.764705882352942,-0.1963827533866595,29.647058823529413,1.411764705882353,0.0,0.0,0.0,0.0,0.0,0.0,0.0,0.07132708155726053,0.202577980713947,0.309285416475601,0.4470084301217776,1.2775567329015354,0.1599843345916856,0.22540958057191576,21.5,0.0,0.0,2025.0,3.0,3,0.10020977529520707,jayden higgins,340.0,0.22727272727272727,-0.1270629519775202
00-0036876,Kylen Granson,TE,PHI,LA,0.0017254455368375032,0.0033067183722897964,0.0017223256207068887,0.0,0.0005045910564200918,0.00016870021603024882,0.03635760570544291,4.0317537555229443e-07,1.7112879192969297e-05,0.0,5.793926690455617e-05,0.43720469909042015,0.0,0.006773156487865734,0.9734813683076118,19.65252240974348,-0.6572833790753584,10.501484480331916,1.2724877659791787,0.0,0.046150658498135794,0.0,0.0,0.00047393471853002077,0.000335127519897089,9.659717309151288e-06,0.07321258073580866,0.1498181614499781,0.10628563167365906,0.058828377595331494,0.8291607159730313,0.40617348491207844,0.03535246999102428,24.0,0.0,0.018745173793175043,2025.0,3.0,3,0.09980491940072889,kylen granson,1200.0,0.07692307692307693,0.02288184247765196
00-0031484,Chris Manhertz,TE,NYG,KC,0.0,0.0,0.0,0.0,0.0,0.0,0.0,0.006304214669932949,0.17171181895874207,0.0,0.04900157878465572,0.3885588835651976,0.0,0.0,3.560076312575452,3.371717851108587,0.6928937106903434,8.9252073893107,0.8116567973272164,0.0,0.04067007302008206,0.0,0.0,0.0,0.0,0.14717230256866634,0.03764889037394783,0.06957819588531691,0.4211987553802947,0.5818561120557187,1.4166911375993896,0.10538074985146975,0.000340352423235549,19.75,0.0,0.004285842791370276,0.0,0.0,4,0.098913781061197,chris manhertz,1400.0,0.06666666666666667,0.03224711439453033
00-0036825,Feleipe Franks,TE,ATL,CAR,0.0,0.0,0.0,0.0,0.0,0.14457094197612433,0.0,0.0,0.0,0.0,0.0,0.0665453204386712,0.0,0.0,0.21883060420152073,10.454763414090172,-0.2931096170614175,2.6259672504182485,0.21883060420152073,0.0,0.0,0.0,0.0,-0.10087724346968083,0.13130052894389402,0.0,0.017047545884097317,0.050743631672660855,0.28101995349088293,0.7283038304761265,1.2475762278601545,0.412524494152715,0.07952533600879363,24.5,0.0,0.0,2025.0,3.0,4,0.09783654055531676,feleipe franks,2000.0,0.047619047619047616,0.05021749293626915
00-0038720,Julian Hill,TE,MIA,BUF,0.0,0.0,0.0,0.0,0.0,0.0,0.0,0.0004602514838558153,0.017675189000074972,0.0,0.30169280130211973,0.5168254095724997,0.0,0.0,0.8718365332879273,4.19363624299801,0.47176512147445465,5.3357943672325066,0.5587890083281996,0.0,0.08712717282729562,0.0,0.0,0.0,0.0,0.0,0.025992953260193172,0.052962871635141115,0.3589461594411543,0.6568103189596074,1.0148232481996773,0.5105648814271506,0.07461622053644312,18.5,0.0,0.04448407466365105,2025.0,3.0,2,0.09668307573019623,julian hill,800.0,0.1111111111111111,-0.014428035380914875
00-0036849,Tutu Atwell,WR,LA,PHI,0.3830732260560566,1.38688326774757,0.4183816511708672,0.0,-0.14520874750492505,0.039099026812492416,9.899337719862935,6.692507481817362e-06,0.00021194487055399227,0.0007266677367432443,0.000774844890040722,0.40337145163045507,0.0,5.588874311663547,0.5577686450937335,24.387433683670064,-0.37649154414528196,13.776865411122312,1.522593523802555,0.0006686473856319069,0.014820369825477029,0.0,0.0,-0.038047482852419885,0.01862451199322562,0.00010455949525269484,0.07893151442654318,0.20837403089071943,0.3133702371951958,0.491630624591434,0.9564926010401154,0.14730047888725403,0.00047914439504485857,20.5,0.0,0.014175574082746964,2025.0,3.0,4,0.09658991058913263,tutu atwell,500.0,0.16666666666666666,-0.07007675607753402
00-0039144,Luke Musgrave,TE,GB,CLE,0.06759877887818828,0.056789798133525596,0.04567660198543587,0.0,-0.013525537774246107,0.0,0.9028664718632423,0.00014841793175634038,0.005936717270253614,0.0,0.0,0.3058071100225494,0.0,0.12158572972511529,2.0379210457186834,13.028358192227556,0.6405880370853871,15.728740054243957,1.372268098845441,0.0,0.016475129524559505,0.0,0.0,0.0,0.0,0.0041557020891775315,0.05571854296138811,0.11255014704238138,0.13927958327860512,0.6377729073824526,1.7576962027010956,0.5641498023319048,0.0007537033127229771,25.0,0.0,0.009294441064672773,2025.0,3.0,2,0.09649053777905775,luke musgrave,800.0,0.1111111111111111,-0.014620573332053355
00-0037539,Lucas Krull,TE,DEN,LAC,0.01578918673090767,0.015570227600045552,0.01045691285104504,0.0,-0.0002859215906229817,0.0,0.23291290351601415,0.00011709502533703343,0.003910025367775089,0.0,0.000727852823487544,0.353929785415286,0.0,0.02386241777784759,1.1750287975995104,7.628649988452921,0.06939504485983745,10.700501392195838,1.6337650471295064,0.0,0.0006278943858995835,0.0,0.0,0.0,0.0,0.002911411293950176,0.05955591522058751,0.1154818228901237,0.23155293181463807,0.11584849664237658,0.5954819744602671,0.3745236098800593,0.12294719002673946,21.5,0.0,0.00023516127203053501,2025.0,3.0,4,0.09634803912376683,lucas krull,1500.0,0.0625,0.03384803912376683
00-0035645,Gunner Olszewski,WR,NYG,KC,0.0,0.0,0.0,0.0,0.0,0.25056657958737827,0.0,0.0,0.0,0.0,0.0,0.07182333033070853,0.0,0.0,0.060539977283355195,0.8465289705235476,-0.6367209580391059,0.6874191082608604,0.1901191542067332,2.6602518376458153e-05,0.002118970322443632,0.0,0.0,0.04295737540230007,0.8031060513781157,0.00034203238254621403,0.007879502384259891,0.013549368124864139,0.4211987553802947,0.5818561120557187,1.4166911375993896,0.10538074985146975,0.000340352423235549,19.75,0.0,0.0030019264766420143,2025.0,3.0,6,0.0957294847101434,gunner olszewski,1500.0,0.0625,0.033229484710143406
00-0034487,Trent Sherfield,WR,DEN,LAC,0.0013880690568761917,0.005426318775170456,0.0010124890724832424,0.0,0.0007384564903418048,0.0,0.01725063622285919,0.0005098247301870781,0.020063372377302793,0.0,5.630991060892565e-05,0.2779872714993099,0.0,0.009974276203736131,1.1568049176787714,3.808917204646454,0.36243546678709154,6.41892175120742,1.0100082904084065,0.0,0.1144908814784792,0.0,0.0,0.0,0.0,0.043891364572716765,0.033110036213484406,0.06070869204158521,0.23155293181463807,0.11584849664237658,0.5954819744602671,0.3745236098800593,0.12294719002673946,21.5,0.0,0.06817725616050122,2025.0,3.0,5,0.09551934481570745,trent sherfield,1100.0,0.08333333333333333,0.012186011482374123
00-0040138,Jaylin Noel,WR,HOU,JAX,0.0,0.0,0.0,0.0,0.0,0.0,0.0,0.0,0.0,0.0,0.0,0.29352941176470587,0.0,0.0,1.4411764705882353,0.8235294117647058,-0.30583617805078717,2.8823529411764706,0.4117647058823529,0.0,0.0,0.0,0.0,0.0,0.0,0.0,0.030501089324618744,0.049103207174342585,0.309285416475601,0.4470084301217776,1.2775567329015354,0.1599843345916856,0.22540958057191576,21.5,0.0,0.0,2025.0,3.0,6,0.09475979919083803,jaylin noel,650.0,0.13333333333333333,-0.0385735341424953
00-0037654,Tucker Fisk,TE,LAC,DEN,0.0,0.0,0.0,0.0,0.0,0.0,0.0,0.0010403844250738315,0.037453839302658026,0.0,0.012484613350578268,0.376909950813602,0.0,0.0,1.3956265683148152,3.5275054388116693,0.3957429282209675,6.778891409779906,1.0,0.0,0.012484613350578268,0.0,0.0,0.0,0.0,0.0,0.03234806519827301,0.0573948932514459,0.45385762784867556,0.16673663151815968,0.45088529080194006,0.08604602025414061,0.4441970693253579,24.0,0.0,0.001074251293228972,2025.0,3.0,4,0.0936988024670988,tucker fisk,1100.0,0.08333333333333333,0.010365469133765473
00-0037348,Tanner Conner,TE,MIA,BUF,0.0,0.0,0.0,0.0,0.0,0.0,0.0,0.011632492342911903,0.3606072626302694,0.0,0.0,0.26072265695431107,0.0,0.0,0.6506623821547232,20.79867296527352,-1.427078644211634,11.175219068912048,1.402762251631748,0.0,0.11539432530381163,0.0,0.0,0.0,0.0,0.0,0.09017323503306549,0.20151346661615904,0.3589461594411543,0.6568103189596074,1.0148232481996773,0.5105648814271506,0.07461622053644312,18.5,0.0,0.05891629001610663,2025.0,3.0,3,0.093257822468827,tanner conner,500.0,0.16666666666666666,-0.07340884419783966
00-0037306,John FitzPatrick,TE,GB,CLE,0.0,0.0,0.0,0.0,0.0,0.0,0.0,0.0,0.0,0.0,0.0,0.26647453612317407,0.0,0.0,1.2822739834188708,1.2104224240031582,-0.17761133202971888,2.5645479668377416,0.6052112120015791,0.0,0.0,0.0,0.0,0.0,0.0,0.0,0.025337206903429662,0.04143399030985172,0.13927958327860512,0.6377729073824526,1.7576962027010956,0.5641498023319048,0.0007537033127229771,25.0,0.0,0.0,2025.0,3.0,3,0.09305088645303872,john fitzpatrick,1400.0,0.06666666666666667,0.02638421978637205
00-0039824,Jared Wiley,TE,KC,NYG,0.0,0.0,0.0,0.0,0.0,0.0,0.0,0.0,0.0,0.0,0.0,0.18,0.0,0.0,1.75,4.0,-0.1450883746147155,7.0,1.0,0.0,0.0,0.0,0.0,0.0,0.0,0.0,0.0434782616794109,0.0970355719327926,0.028743640911977782,1.3009133395901995,1.1987449626151134,0.4550922902684911,0.05185907340005501,25.75,0.0,0.0,2025.0,3.0,4,0.09247096583150961,jared wiley,1200.0,0.07692307692307693,0.015547888908432686
00-0040134,Pat Bryant,WR,DEN,LAC,0.0,0.0,0.0,0.0,0.0,0.0,0.0,0.0,0.0,0.0,0.0,0.24,0.0,0.0,2.25,8.0,2.18243971740594,18.0,2.0,0.0,0.0,0.0,0.0,0.0,0.0,0.0,0.1,0.188095238095238,0.23155293181463807,0.11584849664237658,0.5954819744602671,0.3745236098800593,0.12294719002673946,21.5,0.0,0.0,2025.0,3.0,4,0.09162238179953752,pat bryant,1100.0,0.08333333333333333,0.008289048466204194
00-0038359,Xavier Smith,WR,LA,PHI,0.0,0.0,0.0,0.0,0.0,0.6007716995420288,0.0,0.0,0.0,0.0,0.0,0.052316901662399475,0.0,0.0,0.7719159063863543,9.173884822040316,0.6712939642567355,9.606793840827955,0.4255886913562439,0.0,0.0,0.0,0.0,0.4048727674732893,4.770834084598463,0.0,0.012863261825936858,0.0476065490037269,0.3133702371951958,0.491630624591434,0.9564926010401154,0.14730047888725403,0.00047914439504485857,20.5,0.0,0.0,2025.0,3.0,6,0.09081827278681594,xavier smith,1400.0,0.06666666666666667,0.02415160612014927
00-0036620,Dee Eskridge,WR,MIA,BUF,0.0,0.0,0.0,0.0,0.0,0.07886671689199287,0.0,0.0023396653738788596,0.06418308987488734,0.0,0.0,0.17098465365922183,0.0,0.0,0.7622575036952772,4.9009782222511244,0.21087954539777268,10.062640697799905,0.8954995624992071,0.0,0.0225260009294519,0.0,0.0,0.04024705052576217,0.5238211559836027,0.0014258938143964772,0.043597247056827174,0.08147249181406088,0.3589461594411543,0.6568103189596074,1.0148232481996773,0.5105648814271506,0.07461622053644312,18.5,0.0,0.022859909432175324,2025.0,3.0,5,0.09045506587832597,dee eskridge,2500.0,0.038461538461538464,0.051993527416787505
00-0038115,Daniel Bellinger,TE,NYG,KC,0.15438638656225523,0.3284681832540716,0.20526880515157053,0.0,0.08581967185198727,9.659791947230403e-06,4.284048582180495,5.11100103028063e-07,1.3799702781757705e-05,2.4149479868076008e-06,8.210687678799143e-05,0.41428738061309145,0.0,0.5775606546353192,2.139611951714287,7.298082563226498,0.7903417147901096,11.613273367423494,1.2719635697066178,1.2074739934038004e-06,0.028569094477560324,0.0,0.0,1.2428007283493275e-05,1.9319583894460806e-05,2.6772803366888144e-05,0.04350374670083737,0.08805989839266158,0.4211987553802947,0.5818561120557187,1.4166911375993896,0.10538074985146975,0.000340352423235549,19.75,0.0,0.0030106325986227903,2025.0,3.0,2,0.0899482076692511,daniel bellinger,650.0,0.13333333333333333,-0.04338512566408223
00-0040187,Mitchell Evans,TE,CAR,ATL,0.0,0.0,0.0,0.0,0.0,0.0,0.0,0.0,0.0,0.0,0.0,0.07,0.0,0.0,1.8,5.0,0.813056856626645,9.0,1.0,0.0,0.0,0.0,0.0,0.0,0.0,0.0,0.0188679245283019,0.0376352201257862,0.2979463989359935,0.30939635966436857,0.9514137512215605,0.3820508916263106,0.49812515835400345,19.0,0.0,0.0,2025.0,3.0,3,0.08896631436604978,mitchell evans,1400.0,0.06666666666666667,0.022299647699383113
00-0038938,Jalin Hyatt,WR,NYG,KC,0.010621999930943104,0.07460389937437283,0.010917063099298133,0.0,0.0015556683760351315,0.0,0.21707180289892203,4.092208335590178e-05,0.0011867404173211543,0.0,0.0,0.3153105500049301,0.0,0.18938353844015662,0.4082120660200405,32.90658378593074,-0.9374608989233101,6.270448166018874,0.7873239469545165,0.0,0.0,0.0,0.0,0.0,0.0,0.0,0.05406914572506638,0.2090244169688698,0.4211987553802947,0.5818561120557187,1.4166911375993896,0.10538074985146975,0.000340352423235549,19.75,0.0,0.0,2025.0,3.0,4,0.08765250794334793,jalin hyatt,1500.0,0.0625,0.025152507943347932
00-0038710,Blake Whiteheart,TE,CLE,GB,0.0,0.0,0.0,0.0,0.0,0.0,0.0,0.0012019446884565578,0.03846223003060985,0.0,0.03846223003060985,0.33365313214021497,0.0,0.0,0.7207599284643775,7.837198278158988,-0.8997199978512106,4.251139737264611,0.7261027867291265,0.0,0.025641487969147562,0.0,0.0,0.0,0.0,0.03846223003060985,0.030283439704017878,0.0658743916453187,0.00593379980583093,0.27721577156282723,0.9832246364056573,0.3261428124580465,0.16350692513078557,16.5,0.0,0.00836278700186695,2025.0,3.0,3,0.08752644330657934,blake whiteheart,1200.0,0.07692307692307693,0.010603366383502413
00-0026158,Joe Flacco,QB,CLE,GB,0.0,0.0,0.0,0.0,0.0,1.1346008987998062,0.0,0.0,0.0,0.0,0.0,0.9638671363228716,0.0,0.0,0.0,0.0,0.0,0.0,0.0,0.01309130464069593,0.0,0.0,0.0,0.08541865127097756,4.385012933332807,0.0,0.0,0.0,0.00593379980583093,0.27721577156282723,0.9832246364056573,0.3261428124580465,0.16350692513078557,16.5,7.768118093503507e-05,0.0,2025.0,3.0,1,0.08700913642139195,joe flacco,2800.0,0.034482758620689655,0.052526377800702295
00-0039379,Jamari Thrash,WR,CLE,GB,0.0,0.0,0.0,0.0,0.0,0.0,0.0,0.0,0.0,0.0,0.0,0.31569962949831515,0.0,0.0,0.9319639401901864,7.96991299397585,0.06703957303167649,3.629228702536088,0.6423244142562908,0.0,0.0,0.0,0.0,0.0,0.0,0.0,0.02637155336010437,0.06042586378505862,0.00593379980583093,0.27721577156282723,0.9832246364056573,0.3261428124580465,0.16350692513078557,16.5,0.0,0.0,2025.0,3.0,4,0.08484119708348821,jamari thrash,800.0,0.1111111111111111,-0.026269914027622895
00-0040782,Isaiah Bond,WR,CLE,GB,0.0,0.0,0.0,0.0,0.0,0.5882352941176471,0.0,0.0,0.0,0.0,0.0,0.33882352941176475,0.0,0.0,0.3921568627450982,3.647058823529412,-0.8045305432066978,5.588235294117648,1.0,0.0,0.19607843529411764,0.0,0.0,0.5537619360941736,5.294117647058823,0.0,0.05284552845528456,0.08692289298458579,0.00593379980583093,0.27721577156282723,0.9832246364056573,0.3261428124580465,0.16350692513078557,16.5,0.0,0.19278914824904902,2025.0,3.0,3,0.08310151235565764,isaiah bond,1000.0,0.09090909090909091,-0.007807578553433267
00-0036212,Tua Tagovailoa,QB,MIA,BUF,0.0,0.0,0.0,0.0,0.0,0.8802336272453508,0.0,0.0,0.0,0.0003468071372132154,0.0,0.9569880212969669,0.0,0.0,0.0,0.0,0.0,0.0,0.0,0.009779261557506034,0.0,0.0,0.0,-0.1702139094484924,2.107504750092614,1.0607733224181288e-08,0.0,0.0,0.3589461594411543,0.6568103189596074,1.0148232481996773,0.5105648814271506,0.07461622053644312,18.5,0.003510228378237312,0.0,2025.0,3.0,1,0.082796851324331,tua tagovailoa,2200.0,0.043478260869565216,0.03931859045476578
00-0040009,Savion Williams,WR,GB,CLE,0.0,0.0,0.0,0.0,0.0,1.1764705882352942,0.0,0.0,0.0,0.0,0.0,0.11882352941176472,0.0,0.0,0.0,-1.2352941176470587,-0.16273184830103724,0.4117647058823529,0.4117647058823529,0.0,0.06862745235294117,0.0,0.0,1.0749718463322235,14.117647058823529,0.0,0.01871657754010697,0.024657056498488726,0.13927958327860512,0.6377729073824526,1.7576962027010956,0.5641498023319048,0.0007537033127229771,25.0,0.0,0.12062621240181506,2025.0,3.0,4,0.08097555264444758,savion williams,650.0,0.13333333333333333,-0.05235778068888575
00-0031763,DeAndre Carter,WR,CLE,GB,0.41059035633867386,0.78540905173915,0.24602473987097703,0.0,0.09052733209931355,0.029883533767021693,3.715540776206342,0.0014222047138823955,0.07322356367357477,0.0,0.0007431458217580915,0.10860559484936266,0.0,0.9803595992756325,0.337764097864354,9.318345730598221,-0.27822845660949613,5.327725958868507,0.7068934834939418,0.0007415040991191163,0.049128229221704976,0.0,0.0,0.05833531676873357,0.27029695532075976,0.00036428691350813016,0.03056242904998172,0.06758626936862211,0.00593379980583093,0.27721577156282723,0.9832246364056573,0.3261428124580465,0.16350692513078557,16.5,0.0,0.048304085313764664,2025.0,3.0,5,0.08062247106668256,deandre carter,800.0,0.1111111111111111,-0.03048864004442854
00-0033106,Jared Goff,QB,DET,BAL,0.0,0.0,0.0,0.0,0.0,1.2915486512756271,0.0,0.0,0.0,0.0182377038724121,0.0,0.9817476748112456,0.0,0.0,0.00199397580021913,0.007121252379115769,0.0024556017314011653,0.009969991528131316,0.001424290924433026,0.014731983542086022,0.00028485369059661934,0.0,0.0,-0.23562689065167944,2.4089033656518475,0.0014313210202485285,7.496210542043206e-05,0.00017554341784771306,0.48101180181011516,0.3398463500161344,0.7030399766914783,0.4825164133990311,0.38265202172049856,24.0,0.00708625794781576,0.0,2025.0,3.0,1,0.07606730976835736,jared goff,1000.0,0.09090909090909091,-0.014841781140733548
