player_id,player_display_name,position,team,opponent_team,avg_avg_expected_yac,avg_avg_intended_air_yards,avg_avg_separation,avg_avg_time_to_los,avg_avg_yac_above_expectation,avg_carries,avg_catch_percentage,avg_endzone_target_share,avg_endzone_targets,avg_inside_5_carry_share,avg_inside_5_target_share,avg_offense_snap_share,avg_percent_attempts_gte_eight_defenders,avg_percent_share_of_intended_air_yards,avg_racr,avg_receiving_air_yards,avg_receiving_epa,avg_receiving_yards,avg_receptions,avg_redzone_carry_share,avg_redzone_target_share,avg_rush_pct_over_expected,avg_rush_yards_over_expected_per_att,avg_rushing_epa,avg_rushing_yards,avg_scored_touchdown,avg_wopr,target_share,passing_tds_allowed_to_TE,passing_tds_allowed_to_RB,rushing_tds_allowed_to_RB,passing_tds_allowed_to_WR,rushing_tds_allowed_to_QB,implied_total,opponent_encoded,rush_matchup_value,pass_matchup_value,season,week,depth_chart_rank,predicted_touchdown_probability,merge_name,price,market_implied_prob,model_edge
00-0032764,Derrick Henry,RB,BAL,BUF,0.0,0.0,0.0,1.5815025756877557,0.0,21.04187935518227,0.0,-0.3368507586400777,-0.3300074638160398,2.2595433270595575,-0.3259438904339091,1.1850345165344311,3.0208080817702507,0.0,1.085048992842574,1.7594611904936366,0.46273174012673646,17.27917353936943,1.5876372019246725,1.4918219004861621,0.35636696198343354,2.3234261470324196,3.7529233095787085,2.703805031158626,125.58086645036707,1.4061796659880827,0.1975405114623423,0.1000000014901161,0.42847643825942583,-0.11813671804458503,-0.4699769137919558,1.2134079458540785,0.29080984768337426,0.49218241389879896,3,0.5511724783525719,0.1203474218551837,2025.0,1.0,-1.0476569772685318,0.6108084121368373,derrick henry,-145.0,0.5918367346938775,0.0189716774429598
00-0039361,Bucky Irving,RB,TB,ATL,0.0,0.0,0.0,1.5321086412642044,0.0,16.46853721094088,0.0,-0.3368507586400777,-0.3300074638160398,0.9448619187896533,-0.32696416032944575,0.7843736350947379,0.5095881945980585,0.0,-0.6230816621092614,-13.768856243881206,0.6593849499596941,24.711403609896248,2.8079024486723783,0.8887796057281284,1.3074850246713456,1.788195158321482,2.33661840759971,2.0367560599880794,87.05772431233184,1.2130473087860858,0.3743212715731252,0.1612903177738189,0.7597627578125947,2.026319316079761,-0.15516700751435145,1.0999137999687172,0.5816280991826792,0.6086868757148314,1,0.5069174489996201,3.3153501715981575,2025.0,1.0,-1.0476569772685318,0.5973143408153312,bucky irving,-140.0,0.5833333333333334,0.01398100748199782
00-0039040,De'Von Achane,RB,MIA,IND,0.0,0.0,0.0,1.6911756061889063,0.0,11.933667603171953,0.0,0.035298215575477625,0.08299784349833678,1.82336672887283,-0.22482336204143702,1.3314614938270875,2.6529323608690962,0.0,-0.27051912479356616,0.91788421190044,0.9752136840564357,26.64385535215633,3.439304247875879,1.1156324676345954,-0.15108577099131246,0.8658550697486839,1.5540679900619638,0.9330172782604584,70.88112077573865,1.52973679556505,0.8108812302630063,0.0,0.3627030818906429,-0.735411199523937,0.5942283867756177,1.572603487124787,0.2390832687288482,0.14266902845070178,13,1.4007249630873657,-0.37339952162437456,2025.0,1.0,-1.0476569772685318,0.5744859894642469,devon achane,-140.0,0.5833333333333334,-0.008847343869086477
00-0034844,Saquon Barkley,RB,PHI,DAL,0.0,0.0,0.0,1.6832076010978607,0.0,25.494638182470823,0.0,-0.02156149535076403,-0.10935123880674856,0.7387269524184616,-0.32602906552973726,1.7202292159973451,0.5487962958826736,0.0,0.9353161136884515,7.419617494656953,-0.18490844885827767,8.806234534035582,1.4829917120832148,1.2985658428350773,0.3690446672622092,1.8092738765715217,2.510376539431453,2.0810812399813874,137.83346885959259,0.5656411722119477,0.908875457202212,0.1111111119389534,0.37025783506720783,-0.5368726883054981,-0.8951668133397735,1.5624935542431444,0.7386850484057496,1.3077136466110257,8,-0.006522190469699184,-0.17012871960216214,2025.0,1.0,-1.0476569772685318,0.5732982696049349,saquon barkley,-185.0,0.6491228070175439,-0.07582453741260897
00-0035700,Josh Jacobs,RB,GB,DET,0.0,0.0,0.0,0.8262001369846721,0.0,14.753247671681663,0.0,-0.3117962279434951,-0.2922690837419961,0.9887370449133979,-0.2210951953618022,0.7495488217425776,0.9197418809047875,0.0,-0.08691980330489307,-2.8484759123172485,0.5243681089512557,16.858092513442383,1.761342995492225,1.0263625142110238,-0.7380081563749945,1.3907528693048963,0.4565935646334833,0.19964008832391367,65.82963521390539,2.741167927614644,-0.08091734157970538,0.0399999991059303,0.22413609363858397,0.640863289044432,-0.5011517140697862,0.8648918385692416,0.6289305862360746,0.6086868757148314,10,0.2702923015264976,-0.3837984766409843,2025.0,1.0,-1.0476569772685318,0.5709063525284721,josh jacobs,-160.0,0.6153846153846154,-0.044478262856143314
00-0033553,James Conner,RB,ARI,NO,0.0,0.0,0.0,0.7212598319696303,0.0,12.142538853483654,0.0,-0.3241983972221328,-0.31818438908258595,0.3135825658127225,0.49203178278967574,0.4515212029083681,1.1569451050782307,0.0,-1.250502423265753,-5.710221607945132,1.3964181860764966,26.659425414183627,3.4424079528843707,1.2579013471804734,1.379486158869324,0.7406340357784574,1.7264264300821275,0.06588376657645889,64.78998375225997,1.0270481113438714,0.6576816468328602,0.0666666701436042,0.29417816574600103,-0.8942820849524598,0.8302102015557927,1.2956134341885444,0.0014111249868368713,0.6086868757148314,22,1.7890151154632297,-0.39817757641132656,2025.0,1.0,-1.0476569772685318,0.5704419834654735,james conner,-155.0,0.6078431372549019,-0.03740115378942843
00-0036555,Chuba Hubbard,RB,CAR,JAX,0.0,0.0,0.0,1.542780020274158,0.0,18.983553292058687,0.0,-0.3368507446667446,-0.3300074504151929,1.558862750292633,-0.38597537722871084,2.3135702799834394,1.8222460287425724,0.0,-0.25538967721179545,-6.440541140068787,-1.3875138809831962,11.439977733508805,3.1504286790834626,1.1719692823096755,1.3476436931435762,2.457013021264546,1.6689947593904308,1.6599391078933912,89.77663004808855,1.478474368683538,1.1952319019931141,0.2083333283662796,0.3316152125857753,-0.7495530515207149,0.6113305489349922,0.7782861400448089,0.021548742892345627,-0.2068443569973954,14,1.4737664125618128,-0.21137030912686824,2025.0,1.0,-1.0476569772685318,0.5482928782530827,chuba hubbard,-105.0,0.5121951219512195,0.03609775630186318
00-0037840,Kyren Williams,RB,LA,HOU,0.0,0.0,0.0,1.5483648514894586,0.0,20.04659707349357,0.0,-0.18266806412086065,-0.18241867580008508,2.306221338032037,-0.25157753383940007,2.303315209243431,0.9503440163451243,0.0,0.1751332022673237,1.2030340441577378,-0.15072527305725544,9.897344487084785,1.9204871183201924,1.908006900649709,0.04242815676592915,2.2203499318105364,0.6279153381826353,0.04085276520735217,87.78549397961675,1.984707877686132,0.028887779317536427,0.1071428582072258,0.6126301841390271,-0.8707837450948499,-0.5798912645316715,0.8160621682337822,0.3519263898164781,0.200921259358718,12,0.630312503082104,-0.41948014646053255,2025.0,1.0,-1.0476569772685318,0.5481093376352295,kyren williams,-140.0,0.5833333333333334,-0.03522399569810386
00-0039139,Jahmyr Gibbs,RB,DET,GB,0.0,0.0,0.0,1.3316223066335184,0.0,18.086862810274678,0.0,0.5301132063226728,0.5530479736527762,1.9372531835671254,0.028453473163683244,1.0842029432118527,0.4911015610848455,0.0,1.5696655358582632,-1.595930984160988,3.5798370202575476,39.880895943657116,4.1721146965182925,1.6910312648543828,0.9679601555397199,1.376494838180063,1.4185243304582031,1.76579787510276,101.36347935417164,2.5642783674624385,1.2433832526867477,0.15625,0.05938738322254557,0.7689005282686888,-0.29047397462899605,0.9561507254723076,0.013835495706071843,0.026164566634669394,11,0.8798424969488101,1.3682048105146158,2025.0,1.0,-1.0476569772685318,0.5479025699294102,jahmyr gibbs,-105.0,0.5121951219512195,0.0357074479781907
00-0038597,Chase Brown,RB,CIN,CLE,0.0,0.0,0.0,1.47257341046473,0.0,18.54727205742819,0.0,2.1484985485073684,2.443613220822585,2.2651082749145433,-0.21574104247709666,2.183539097776995,1.054321305835519,0.0,1.9575385049501621,6.038893347416752,2.0900821518427106,28.388909674076153,3.921014954387984,2.653859113690656,0.5949240413372978,1.593895504093118,0.5511405258047551,-0.48495893652631955,75.43575750398949,0.660725325159919,0.9776447210329519,0.0816326513886451,0.7106817119339641,-0.9250609286409255,0.4772883118416232,1.1480223126240146,0.2855922089592876,0.9582002611629286,7,2.7304766725553415,-0.4437268226993893,2025.0,1.0,-1.0476569772685318,0.547070851622195,chase brown,-150.0,0.6,-0.052929148377804935
00-0038542,Bijan Robinson,RB,ATL,TB,0.0,0.0,0.0,1.7875828447002757,0.0,22.05939601671826,0.0,-0.32192675865756754,-0.31583993899844176,2.2239408813475783,-0.36748196262070565,2.078179326556129,0.6215777349790225,0.0,-0.14943461282385334,12.143311136277466,-1.0029512251898218,11.846223158044408,2.6265222250548317,1.9227509506646339,0.6330014478471521,2.6127740788544673,2.003015162905788,3.5391336121976176,115.5325652442993,2.2036593186080373,1.3928115320327603,0.1351351290941238,0.07661500825909766,-0.6644843423562173,-1.1908524995984346,1.2236992009925647,0.13673168097385432,0.026164566634669394,29,-0.17490343560340996,-0.21754205098195203,2025.0,1.0,-1.0476569772685318,0.5458275623185385,bijan robinson,-175.0,0.6363636363636364,-0.09053607404509789
00-0036223,Jonathan Taylor,RB,IND,MIA,0.0,0.0,0.0,1.546671546095328,0.0,27.89508162978347,0.0,-0.3368507586400777,-0.3300074638160398,0.974217156517556,-0.38558983457939167,1.9380740940813799,0.7802088567730241,0.0,0.014805775950907615,2.8496450389442085,-0.8178878849281577,5.359727000946428,1.0960104137510949,2.0852703229046687,-0.04059703492501842,1.618495642796529,1.1019701007292109,0.624204344829777,138.91758878847975,1.9196290088474124,-0.1561108411634728,0.0512820519506931,0.5133582311928303,0.7517936467777576,-1.3143148598376049,1.1468275237749639,0.0003972448418665706,0.49218241389879896,19,-0.30930959295153887,0.32783170844563947,2025.0,1.0,-1.0476569772685318,0.5401429541738015,jonathan taylor,-180.0,0.6428571428571429,-0.10271418868334137
00-0036912,DeVonta Smith,WR,PHI,DAL,1.1268889905653592,1.1425317034676827,1.462758799219555,0.0,0.17849624661609303,0.1457725948428871,1.898312298280632,2.0697543313484448,1.0682555826051938,0.0,0.7281806578204504,1.1394562443375926,0.0,1.7436411686754645,0.06762742239794887,0.6251665322150197,3.252164572113219,1.723160455852156,1.690957441782865,0.009110787177680444,1.3055580608368655,0.0,0.0,-0.069145962595519,0.1457725948428871,2.0366384970401716,2.0358622870242575,2.619509773613047,0.007365825616320796,0.07798349000291113,0.3316377406745755,1.4427086683182813,0.7386850484057496,1.296278057216592,8,0.0,2.752951757153077,2025.0,1.0,0.2713376216905684,0.5395137839001104,devonta smith,180.0,0.35714285714285715,0.18237092675725325
00-0036900,Ja'Marr Chase,WR,CIN,CLE,1.085107726002974,1.0111950685800077,1.4083551350193244,0.0,2.07730887366016,0.2301232899138567,1.8087575913415215,3.2745891743451083,4.259785746481557,0.0,1.1523892345562665,1.5614807363149925,0.0,2.113503018113739,0.04860989057380075,1.7733606555901575,1.7119211454804846,2.8586626681751186,3.266750306367266,3.573432552360443e-08,1.7696666769213354,0.0,0.0,0.13541449925928625,2.1699536453430466,2.1924648327464142,2.07364498696742,1.7472020579064587,1.2351061957153155,0.0021012437314289175,0.8651286836775417,0.4844330504347058,0.2855922089592876,0.9509908242503988,7,0.0,2.3126642822715238,2025.0,1.0,-0.7855050789783283,0.5367318845842111,jamarr chase,-130.0,0.5652173913043478,-0.028485506720136722
00-0037248,James Cook,RB,BUF,BAL,0.0,0.0,0.0,1.0828224425990565,0.0,11.934972024342262,0.0,-0.3132463801499942,-0.3120436989172316,1.3855744312780625,2.055419336180974,-0.029777401652456202,0.9191276532648851,0.0,-0.27367138215058057,0.3739613577227991,0.7279224117598669,9.787697415538679,1.150583400948959,1.161361601753339,0.06720146234845345,1.0983250029207756,1.87885879640362,1.010103243691768,58.67055037570547,2.481320378653324,-0.5556208531343301,0.0,0.5472581176423615,-0.059127230962788234,-1.0359461818551694,0.4145099647774652,0.13011459202894737,0.8416957993468962,2,-0.19790559316518794,0.009476380662557479,2025.0,1.0,-1.0476569772685318,0.5280056434386777,james cook,105.0,0.4878048780487805,0.04020076538989725
00-0039893,Brian Thomas Jr.,WR,JAX,CAR,1.8400716330516391,1.6151276657782638,1.3046340390818238,0.0,1.511283214431979,0.31955449281585063,1.4726639095295921,0.8605334416672334,0.7229530070765668,0.0,0.5033047635097203,1.1951099508972223,0.0,3.2236423365601983,-0.17769919300438541,2.519250150422075,1.7544530829061544,2.516903453746447,2.296374399650848,0.0,1.7459825304094116,0.0,0.0,0.40802077424198974,4.490897824413914,1.6420144804253665,2.9918116251656035,2.2681746805181757,0.20159867703704332,0.16361567172861016,0.8606348756212578,2.222241610826798,0.5666845183212751,0.6057035912842055,4,0.0,4.306505405970816,2025.0,1.0,-0.7855050789783283,0.5187934079879507,brian thomas,130.0,0.43478260869565216,0.08401079929229854
00-0031408,Mike Evans,WR,TB,ATL,0.4142596436298183,1.88836443361738,0.9757071165504013,0.0,0.6014193648593273,7.1990319396066906e-09,1.7947800573824624,3.263033880792023,3.1589985315838596,0.0,0.49644577637603304,0.7325516582630189,0.0,2.5573223751987144,-0.26416147693745,2.39427542578387,1.3696827749779874,2.276641377564515,2.2985956047687224,0.0,1.3458214324572382,0.0,0.0,4.5897912748260085e-09,7.199031939606692e-08,1.0626116958323308,2.386503092801989,3.2667054636477464,1.4121172267466708,0.5790310404124528,0.6192851740867521,0.3732040674294659,0.5816280991826792,0.6057035912842055,1,0.0,1.7435594049720353,2025.0,1.0,-0.7855050789783283,0.5152069121445675,mike evans,110.0,0.47619047619047616,0.03901643595409132
00-0036158,J.K. Dobbins,RB,DEN,TEN,0.0,0.0,0.0,1.248424216101578,0.0,15.067143780915961,0.0,-0.3368507586400777,-0.3300074638160398,1.0960073273117488,-0.3823245434182542,1.002786456594328,1.1946453961939363,0.0,-0.5112025221568425,-4.470296734535466,-0.9052709475356664,11.21469638842992,2.3079527761432423,0.7550650288472643,0.19842396806293275,0.996994570566575,-0.15927307556089204,0.4274006660655443,61.78834747352992,0.6807649348656647,0.1485980742353228,0.0857142880558967,0.11291565826181223,-0.12534568209112926,1.0233907880036606,1.1738024062772197,0.25171120647521533,0.7251913375308637,30,1.4032573545142382,0.038424382361255414,2025.0,1.0,-1.0476569772685318,0.5146527199814038,jk dobbins,160.0,0.38461538461538464,0.1300373353660192
00-0035676,A.J. Brown,WR,PHI,DAL,0.24660789752582515,1.5479038675423469,0.33698970009866713,0.0,1.1184494546972672,1.1417192630745573e-08,1.271841243786162,5.109911584185264,3.252008057313231,0.0,0.8349308296273602,1.4099965280148172,0.0,2.5039046318964955,-0.20525054592484018,1.5025326166352944,1.535917260374156,1.5305840565790727,1.3778532438247624,1.4398064599200056e-09,1.7077250453764357,0.0,0.0,8.113490615587448e-09,7.456615675426795e-08,2.43844474334152,2.851054847793437,1.4730485382611205,0.007365825616320796,0.07798349000291113,0.3316377406745755,1.4427086683182813,0.7386850484057496,1.296278057216592,8,0.0,3.3443821149856197,2025.0,1.0,-0.7855050789783283,0.5030386779572313,aj brown,160.0,0.38461538461538464,0.1184232933418467
00-0035659,Terry McLaurin,WR,WAS,NYG,0.39645929987961953,1.7850066323487408,1.2055408672236791,0.0,0.00935771659009074,0.01209852034796883,1.3478551766970448,1.9352132501003054,1.7020223603217688,0.0,1.4075215433272905,1.163536704524128,0.0,1.8961227348080871,-0.41702527280917345,1.7334873636342296,0.9900501975571444,0.8257701972911137,1.3280649065034393,7.436576308636612e-14,1.4143831073615645,0.0,0.0,-0.0322492186732654,0.010108731365154815,2.3679103396074432,1.712322282083333,2.7341558971482396,0.4468427473275951,0.10776837312315056,1.008736765316202,0.641782551742023,0.06545478851764222,0.7783472077673022,23,0.0,2.0903850642963753,2025.0,1.0,-0.7855050789783283,0.5030165036672295,terry mclaurin,130.0,0.43478260869565216,0.06823389497157734
00-0033293,Aaron Jones,RB,MIN,CHI,0.0,0.0,0.0,1.5262850924083329,0.0,13.439133200127864,0.0,0.271459055804717,0.20189517064872115,-0.29267181625462035,0.9662168384115066,1.1631295423938601,-0.027247671695674595,0.0,-0.2614137101859048,1.0080851016087125,0.5181241172664548,24.26181226743525,3.528120800740247,1.2870552811268265,1.5457050250830644,1.7567721337551714,0.026142702166092827,-0.2941685752404337,57.884512970310425,0.07167659927222594,1.1277137260106076,0.1578947305679321,0.25405213564261714,-0.9295274235957052,1.491787964776155,0.6960743735746436,0.027779075847396043,0.026164566634669394,5,2.5229938598734813,-0.4439102881382882,2025.0,1.0,-1.0476569772685318,0.48269643651535393,aaron jones,165.0,0.37735849056603776,0.10533794594931617
00-0037744,Trey McBride,TE,ARI,NO,1.596375231136393,0.29832804553665976,1.2432083044274937,0.0,-0.015692556872913693,0.01936011740893324,1.4238860517184966,1.1576541044656008,1.346474700596211,0.00968005870446662,4.28078264091714,1.3727402889524827,0.0,1.2153952082109651,0.20808494962326674,0.6910899339554077,0.6554217549114679,1.7641906511124281,2.7532088407011353,0.0021511241350368965,1.411456738447234,0.0,0.0,0.011636521260606528,0.03872023481786648,1.492988573863647,1.735117380762031,2.1537598006560503,-0.2670158723689448,0.008117829382507597,1.0023139572034183,0.8256701713960359,0.0014111249868368713,0.6057035912842055,22,0.0,-0.09959492087934697,2025.0,1.0,-0.7855050789783283,0.482534378318553,trey mcbride,200.0,0.3333333333333333,0.1492010449852197
00-0039075,Puka Nacua,WR,LA,HOU,2.176004468547413,0.3978674676983239,1.7785062999286951,0.0,1.8508523427949655,0.9517886956702768,2.0409283730148533,0.6054633516099854,0.5069779086270587,0.026032928818759852,0.4518880629914545,1.002147006658004,0.0,1.4402374104816094,3.713069859435588,0.752280952587467,2.156226227752003,2.7244397315461617,3.0105589746240793,0.026409438487720798,2.630628562448697,0.0,0.0,0.20864450173122212,4.150260253396656,0.16772689543876926,2.680854580240271,3.765971008964973,0.881482883121276,0.012711236979052465,0.4541893977403623,-0.28307330594258673,0.3519263898164781,0.20286848615698008,12,0.0,2.0746596566829116,2025.0,1.0,-0.7855050789783283,0.481318869518633,puka nacua,140.0,0.4166666666666667,0.06465220285196632
00-0034348,Courtland Sutton,WR,DEN,TEN,0.2614124303472954,2.427178361842349,0.8614708580272277,0.0,0.11597965557149463,7.588751824012152e-08,1.6175274473474641,3.421998261221593,3.0496086199020183,0.0,-0.2262948766963958,1.049760390989459,0.0,3.640909897024218,-0.3352536204989891,2.1351323164910694,1.3051962610056416,1.580437359465929,1.260886614677502,0.0,2.463159616137772,0.0,0.0,1.2967261432496024e-08,3.7943759120060743e-07,2.3381290167851843,2.276114621502003,1.0974834440477212,-0.9207399885266796,0.15842795067472656,1.0774057334976106,0.5440377532317293,0.25171120647521533,0.72079933560627,30,0.0,3.1486568766674212,2025.0,1.0,-0.7855050789783283,0.4784247940254081,courtland sutton,135.0,0.425531914893617,0.05289287913179108
00-0030506,Travis Kelce,TE,KC,LAC,1.7611039232899428,0.5862384166671223,2.16864080305949,0.0,-1.3280044396051554,0.002571530313408085,1.647159928462429,0.1101302607196192,0.27861669237752945,0.0005142685921472718,1.9935027489464736,1.2214316280469537,0.0,0.903677836333488,-0.046926009237216515,0.47384113780419723,0.53825644510695,0.815128522213352,1.7898706392572248,0.00032144756051121295,1.7482622320559742,0.0,0.0,-0.00023708530179013593,0.0025721309376677704,0.6272832577353293,0.9608701421029954,1.5937285226379563,-0.15822048204204855,0.25123442265472884,0.2416220633268991,0.6523565807601198,0.04859710605685069,0.5481557191231733,17,0.0,0.07477297976687741,2025.0,1.0,-0.7855050789783283,0.4724110670016653,travis kelce,165.0,0.37735849056603776,0.09505257643562753
00-0034857,Josh Allen,QB,BUF,BAL,0.0,0.0,0.0,0.0,0.0,1.4071804048720395,0.0,0.0,0.0,1.776402188763163,1.2195225175182184e-10,0.4829020402358679,0.0,0.0,0.0,-2.1949635860792908e-11,1.0073670139038467e-11,5.2679126065903016e-11,4.3899271721585825e-12,1.2715021221871259,4.504067905692321e-11,0.0,0.0,2.106117457778242,1.3441243884189296,2.7911857802181506,9.578897707114154e-14,0.0,0.5472581176423615,0.17137219857851424,0.27691499113861956,0.4145099647774652,-0.3706961145891945,0.8117342874523106,2,0.25133413921016906,0.0,2025.0,1.0,-0.5346699743522593,0.47108906658077054,josh allen,-120.0,0.5454545454545454,-0.07436547887377487
00-0034960,Jakobi Meyers,WR,LV,NE,1.1428022148856394,1.9157001091967558,0.9881591058177042,0.0,0.5027019555747204,0.032011214012836485,1.6244345453165636,2.6105043223110536,2.8442744115257095,0.0018365866387703809,0.9360247913311903,1.35823160064264,0.0,1.9089677965725946,-0.2881394045920941,1.983943575562665,0.7949321225815003,1.8682442004701187,1.796408111643887,0.00028419713445684835,1.2262552648916165,0.0,0.0,0.048104910849471966,0.5617806659885898,1.4973788124023564,1.6647721881702258,1.6416457787540502,-0.8650390561689161,0.6198820078862533,0.9075319134771587,-0.04453702212033167,0.07598883933407122,-0.4877059797754064,21,0.0,1.222724230091315,2025.0,1.0,-0.7855050789783283,0.4665410023525544,jakobi meyers,225.0,0.3076923076923077,0.1588486946602467
00-0038544,Quentin Johnston,WR,LAC,KC,1.0582605528171218,1.279030076445353,1.884269596024616,0.0,0.2609837216371519,0.03362490093992253,1.3767048753542308,1.0317346931149334,1.044034029591798,0.0,-0.026594330564945694,0.5845331259994074,0.0,1.419835396364554,-0.2291535460980407,1.383445086170782,2.1295333292124017,1.824902236804183,1.936937235118199,0.0,1.2641919352915727,0.0,0.0,-0.01035693393567033,0.06801478557739116,0.2567656196777794,1.503357129376778,2.7341558971482396,-0.5358274074031576,0.0009765401404859928,0.5747328711263359,1.45790131514114,0.2463937559616295,-0.14241874680921315,15,0.0,2.706793366188252,2025.0,1.0,0.2713376216905684,0.46612705168053703,quentin johnston,370.0,0.2127659574468085,0.25336109423372855
00-0039337,Malik Nabers,WR,NYG,WAS,1.951961682477552,1.0776828227947433,1.709918110050205,0.0,2.8490193130645243,0.09799278964354467,1.639631586726886,1.5588384054020057,1.4558380882888282,0.0,1.4602510895750542,1.1041181334013532,0.0,2.692778127191171,0.11160996674721002,1.3206056097843102,0.9338256863302652,2.271837170574643,2.0582954770008537,0.00454658320562421,3.4482554601454174,0.0,0.0,-0.03200259959394989,0.1511967553851304,1.9428638593477041,2.6183465014496856,1.5549386265005436,0.25676756761207004,0.10466820660835077,1.1520206198950518,-1.1760115185404736,0.057315046567697626,-0.6028017240974708,31,0.0,1.0462354361608959,2025.0,1.0,-0.7855050789783283,0.4655864485364257,malik nabers,150.0,0.4,0.0655864485364257
00-0034827,DJ Moore,WR,CHI,MIN,2.4482930445395668,0.18671161174730194,2.1475150387943396,0.0,1.6921915918688855,1.2608925598948315,2.1920025211906373,-0.11977456821808301,-0.031172101534710596,0.0,0.37169848391063715,1.5276252810067095,0.0,0.9166130260038129,2.469392196571034,0.24051717160518643,0.670779075083874,1.3610372024732078,2.3792076047721773,4.0725663888006425e-05,3.2102522414344135,0.0,0.0,0.08795812144748047,6.615692851528535,0.9075958037801065,1.749515406843494,2.906124928698586,-0.7788848746471083,0.2981972770785582,1.4717239714552464,-0.2624113746275903,0.02006744382792995,-0.3150623632923098,20,0.0,2.5561791419587596,2025.0,1.0,-0.7855050789783283,0.46500487375791,dj moore,195.0,0.3389830508474576,0.12602182291045239
00-0031381,Davante Adams,WR,LA,HOU,2.1218814099612353,1.0658419192084843,2.0174344072878214,0.0,1.5299800410367443,4.736595336990728e-07,1.3679768190189854,3.9836486206187027,4.501974258480288,0.0,3.578986751795543,1.3067523621007853,0.0,2.327144282724992,0.40334818991276955,1.455042755197439,-0.19793329699220844,2.0700334612378257,1.9269152028554533,0.0,2.4368980191287655,0.0,0.0,-7.939508487694687e-07,-1.701094608337353e-07,2.3513483468416947,2.168878856945138,2.144547261824391,0.881482883121276,0.012711236979052465,0.4541893977403623,-0.28307330594258673,0.3519263898164781,0.20286848615698008,12,0.0,1.925860556477593,2025.0,1.0,0.2713376216905684,0.46388305280043557,davante adams,145.0,0.40816326530612246,0.05571978749431311
00-0037238,Drake London,WR,ATL,TB,0.61620393078986,1.5879580674848375,0.7712637070420479,0.0,1.0319641572563876,0.05312412607551709,0.9460005568299784,3.6272985179745962,3.8347467383591796,0.0,1.3542624313502758,1.4164786231500848,0.0,2.2820832924608965,-0.23148282044610666,3.4284210994307993,2.144807445220502,2.982868728679504,2.1629808841537974,0.0,1.918030121962919,0.0,0.0,-0.12589026569443865,-0.15937237822655126,1.1387001308742826,2.677897359429923,3.62653660919363,-1.051658459579199,0.05303822388299843,0.21670091490858687,0.6594013224855781,0.13673168097385432,0.03022486967388346,29,0.0,2.6885500748398465,2025.0,1.0,-0.7855050789783283,0.45529028250746767,drake london,125.0,0.4444444444444444,0.01084583806302325
00-0038120,Breece Hall,RB,NYJ,PIT,0.0,0.0,0.0,1.5194900290031779,0.0,11.956332522691563,0.0,0.9254680358222677,1.1551471470445192,0.7941282390158921,0.8321258805661508,1.2997091016844544,-0.13229109266879124,0.0,0.13397616140950694,-7.833629920315431,-0.0282507849487472,20.214187648797143,2.8274644251083347,1.8341372342019833,0.472600416174368,1.3559039819169496,-0.7129826399398613,-0.6179130379437563,53.00538153094312,0.806566610444407,0.40271105233832233,0.1428571492433548,0.5868726806907731,-0.9068169170698132,-0.5807728035178996,1.328705583121639,0.14206908958213937,-1.0806278206176383,26,0.5927317838946071,-0.4304548503842226,2025.0,1.0,-1.0476569772685318,0.45161037177195473,breece hall,170.0,0.37037037037037035,0.08124000140158438
00-0036252,Michael Pittman,WR,IND,MIA,0.6089477482943678,1.1116275814791743,1.3267536885017928,0.0,0.22746981729357232,1.0443160230138024e-05,1.3098270949826993,0.3468588714519865,0.5283665284227502,0.0,1.142691036211278,1.397920920416293,0.0,0.8144057412787693,-0.2274903632032539,1.3612081293989042,0.6067755299153934,1.2615551480954115,1.4965945230822322,6.035920268695563e-10,0.7529946757999821,0.0,0.0,1.564309364453003e-06,6.613807978155804e-05,0.131096113472068,1.3653447865086124,1.2525752237703647,0.5234581012746189,0.3298893594750515,0.16870950901058976,0.4816706464182251,0.0003972448418665706,0.4906078469621411,19,0.0,1.2120453205523556,2025.0,1.0,-0.7855050789783283,0.4461950795313185,michael pittman,215.0,0.31746031746031744,0.12873476207100104
00-0036389,Jalen Hurts,QB,PHI,DAL,0.0,0.0,0.0,0.0,0.0,2.1187456528716693,0.0,2.0325375292118806e-11,4.878090070108526e-10,2.3859604381888664,2.439045035054263e-10,-0.14912146446402935,0.0,0.0,0.0,1.4118014774875944e-09,-1.369413548768294e-09,2.581277177248112e-11,8.604257257493699e-12,1.250599167462803,1.2195225175271315e-10,0.0,0.0,0.7891710238544617,1.722159993016,2.315156537571314,3.3750481580075054e-11,0.0,0.37025783506720783,0.07798349000291113,0.3316377406745755,1.5624935542431444,2.530986020794433,1.266622156706262,8,4.046505682331705,0.0,2025.0,1.0,-0.5346699743522593,0.4416973673291552,jalen hurts,-150.0,0.6,-0.15830263267084477
00-0033885,David Njoku,TE,CLE,CIN,1.0240726062388807,0.3817023416564192,1.4550956452681867,0.0,0.8581802882705625,9.606771263562287e-06,1.5256631607693745,2.36938797829022,3.2630874874609908,0.0,1.3485051363196554,0.9319147264679792,0.0,0.9488438094588488,-0.010907400832549173,0.7272357496371689,-1.8711983569510902,0.7079083892400374,2.1638202693701296,0.0,3.624588829894099,0.0,0.0,-1.3167343463511707e-05,-2.3530685171827166e-05,1.0981188487560845,1.3253312150471692,1.9353310861416524,0.6658004015783684,0.10482587575321425,0.8486950763038424,0.1907555412108738,0.044345541000162955,-0.3150623632923098,6,0.0,1.6654153868695225,2025.0,1.0,-0.7855050789783283,0.43678753617276855,david njoku,230.0,0.30303030303030304,0.13375723314246551
00-0033858,Jonnu Smith,TE,PIT,NYJ,1.007298112978958,-0.2499561741867207,1.0740940479672336,0.0,0.12687779488502476,0.043076184225328926,1.289040920090449,0.3813285596849149,0.6415413661240051,2.9630455521851873e-05,0.8691330481117895,0.0837809700270127,0.0,0.13400582757945867,2.327299367559831,-0.21548569080943986,0.9871153208898202,0.8060625720921818,1.9979347802596317,0.012666920415772219,1.834475267953803,0.0,0.0,-0.025834265285087837,-0.005030407931055007,2.5782765072096185,0.7127202664347527,1.9533225819179703,0.7162362902342437,0.0015561096450762578,0.8568002272562779,0.126920798152422,0.3650016079818515,-0.372610235453342,24,0.0,0.772727214797227,2025.0,1.0,-0.7855050789783283,0.43432911483593184,jonnu smith,400.0,0.2,0.23432911483593183
00-0033280,Christian McCaffrey,RB,SF,SEA,0.0,0.0,0.0,1.015060260522591,0.0,12.444746924691874,0.0,1.1459956968803326,0.8464116471513017,0.7997012496218917,0.9447719443606045,1.3666561475727843,1.073991559764256,0.0,0.2293567432626666,10.805363741233837,-2.011888519328896,31.484925626475736,3.518358893144736,1.2785434327521108,4.616363740853242,0.8949667315003235,0.19741819885046455,0.7503735877908333,61.48540168013775,-0.4336484832812788,2.558473515659886,0.1764705926179886,0.3155224667483951,-0.28291297714643726,-1.3219812176745234,1.175464127111361,0.029123878675916568,0.14266902845070178,27,-0.4652479649734363,1.6750766623776618,2025.0,1.0,-1.0476569772685318,0.4324157576506841,christian mccaffrey,-155.0,0.6078431372549019,-0.17542737960421784
00-0036139,Rico Dowdle,RB,CAR,JAX,0.0,0.0,0.0,1.4708392579247516,0.0,19.71093700592108,0.0,2.8139854699910876,2.7489103893246076,0.1033086278404195,0.8926376858812349,1.4088338305340014,0.9228570668229389,0.0,-0.17334333336584992,-4.7526930640761,-0.5896792039649543,11.593559148691448,1.8402198470551674,0.9724440444541188,0.5231784211320153,1.437715337713946,-0.17773512173296105,-1.175628646337486,83.88945385389361,0.40442554396449454,-0.21620709533019908,0.0909090936183929,0.3316152125857753,-0.7495530515207149,0.6113305489349922,0.7782861400448089,0.021548742892345627,-0.2068443569973954,14,1.2749880838831213,-0.3035865262714548,2025.0,1.0,-0.059268924376765696,0.43034425270748977,rico dowdle,320.0,0.23809523809523808,0.1922490146122517
00-0036407,Jerry Jeudy,WR,CLE,CIN,1.5490518450993833,0.8719183451861412,1.1190722315662285,0.0,0.718949464861488,1.296683323726924e-05,1.1082686746049373,1.2601742682104689,1.4440662024989763,0.0,0.37976176751474544,1.469818974696385,0.0,1.9050420456268153,-0.27148475672885486,1.7849065058056424,-0.3418191159184046,1.8462307831987015,2.3211876617146756,0.0,1.2073512214319988,0.0,0.0,9.43596233020564e-06,0.0001678572763157864,-0.17310471161040722,2.04454641316684,2.6716217038572037,0.6658004015783684,0.10482587575321425,0.8486950763038424,0.1907555412108738,0.044345541000162955,-0.3150623632923098,6,0.0,1.428200156160912,2025.0,1.0,-0.7855050789783283,0.4283821839447961,jerry jeudy,200.0,0.3333333333333333,0.09504885061146279
00-0036275,D'Andre Swift,RB,CHI,MIN,0.0,0.0,0.0,1.3860371248381904,0.0,15.06446649798788,0.0,-0.33683139848349386,-0.32998470896654813,1.5380652514167028,-0.3641003003725655,1.5760069211402432,1.0550340126222404,0.0,-0.31918490055023746,2.8346621392544424,-1.7521435210143221,16.61211089682227,1.8886969063273022,1.6799797785534183,-0.8022320530645206,0.48737573166152653,-2.1096439425373643,-1.5196322827713173,53.29100489583186,0.3013361529588438,1.2134996352740464,0.0833333358168602,0.1522487851967562,0.5896675329296547,2.0378111708337507,0.8249988208695755,0.02006744382792995,-0.3233488188134278,20,3.730674511805329,-0.4448725326840252,2025.0,1.0,-1.0476569772685318,0.42716095432926177,dandre swift,170.0,0.37037037037037035,0.056790583958891416
00-0039894,Xavier Worthy,WR,KC,LAC,2.6540095488512665,0.301038848325754,2.3843528454878937,0.0,0.8341544874683922,1.8957489082375265,1.742498581862066,0.49524350011150314,0.765916800274169,0.0035439877168959577,-0.6181956264770443,0.8275582906450877,0.0,0.43746536365308175,3.1783232667083485,0.24138609055548324,1.1297509711321927,0.9672095031020986,1.7382357707269807,0.15202071681988863,1.738494064178705,0.0,0.0,0.09883537298808939,10.345670403431685,2.4043738708357534,0.7716330756546236,1.050667977932424,-0.15822048204204855,0.25123442265472884,0.2416220633268991,0.6523565807601198,0.04859710605685069,0.5481557191231733,17,0.0,2.4736066872654305,2025.0,1.0,-0.7855050789783283,0.4271112234826956,xavier worthy,125.0,0.4444444444444444,-0.01733322096174883
00-0039901,Keon Coleman,WR,BUF,BAL,-0.11098518290332882,1.3539430853125105,-0.08550640958509079,0.0,1.2484193745944596,0.2893599269024433,-0.1852981839194545,1.4810541600377782,1.1358882722543546,0.0,-0.05775894106188394,0.9990487406875245,0.0,1.9151362443924438,-0.54888836598282,1.8392553328982002,-0.5628725577989431,0.13014224017919754,-0.36613153712347596,0.0,0.4216505439215128,0.0,0.0,0.22625079951628482,2.604239342121989,0.45383870019500566,1.4168827008872142,1.9353310861416524,0.6457182068786442,0.17137219857851424,0.27691499113861956,-1.2114795431917695,0.13011459202894737,0.8358950799283343,2,0.0,-0.20034042534173296,2025.0,1.0,-0.7855050789783283,0.4221126164554467,keon coleman,210.0,0.3225806451612903,0.09953197129415636
00-0034753,Mark Andrews,TE,BAL,BUF,-0.23831066790714003,0.9166325600005851,0.099864952078064,0.0,-0.5285744979193079,0.5591702477264611,0.5749419151821085,3.248567854125402,2.02582274058505,0.0,1.127103069976384,0.4576759473964701,0.0,0.7280056267116012,0.26973659238309783,0.7391295799918629,1.3534744957186173,0.6454804431217739,0.37587136706126084,0.04763154540887612,2.058323506959189,0.0,0.0,0.005572307833778566,0.400786824703229,3.445839139204248,0.7810414440665354,1.3584024147259277,0.21733150160748183,0.15983714427798834,0.49691451825600724,0.6356074910050029,0.29080984768337426,0.4906078469621411,3,0.0,0.47981140479625467,2025.0,1.0,-0.7855050789783283,0.42115396688119466,mark andrews,205.0,0.32786885245901637,0.0932851144221783
00-0037816,Romeo Doubs,WR,GB,DET,0.5994660788363578,0.9970690037608002,0.706618939179017,0.0,0.053485531467596326,2.0823545838974774e-07,0.6482829238325108,0.32914117142657956,0.058572349532619084,0.0,0.6262409748646288,0.7430924352581789,0.0,0.9433996163860108,-0.43774091328034215,0.871308711762363,0.9174987175976865,0.3740600149391952,0.627057066344151,0.0,0.8926506536543191,0.0,0.0,1.0792524759532762e-07,2.2905900422872228e-06,-0.12169618092929624,1.1630165443014377,2.5206767812531004,-0.5196229465939969,0.30820491917044496,0.48479647279645116,-0.17017697487515296,0.6289305862360746,0.6057035912842055,10,0.0,0.8317410078114276,2025.0,1.0,1.328180322359465,0.4108956455149011,romeo doubs,230.0,0.30303030303030304,0.10786534248459806
00-0038134,Kenneth Walker III,RB,SEA,SF,0.0,0.0,0.0,0.9320108441761614,0.0,13.398288839853729,0.0,-0.3368507586400777,-0.3300074638160398,1.7612262707196145,-0.38597628525234445,1.148170603249136,0.3528329886158615,0.0,-0.7718026337944373,-11.256754428155375,-0.23048611407945227,22.946365349555055,4.470770432526121,1.0212436614843556,0.6555370439351068,0.7576827019530821,-0.7002931530641817,-0.8914603991124919,44.74002200990573,-0.23619128718609894,1.0809473693097924,0.190476194024086,0.5369742173839257,-0.823586038799565,1.432070881942274,1.749292312721933,0.09625695183172493,-0.4398532806294602,28,2.102681228272185,-0.35397615226240764,2025.0,1.0,-1.0476569772685318,0.407120761664613,kenneth walker,120.0,0.45454545454545453,-0.04742469288084156
00-0036894,Pat Freiermuth,TE,PIT,NYJ,0.42666173851233635,0.13320427829362053,1.1036540142769975,0.0,-0.16961208551036716,0.0,0.9359258545980939,0.5112524451506252,0.23074020160898603,0.0,-0.6002472132818434,0.49637524237685954,0.0,0.6511095004016166,0.14059672555007272,0.15323843648608684,0.3301220482991394,0.7728353905687789,1.3936706534470003,0.0,3.020078940531185,0.0,0.0,0.0,0.0,1.6556700025742241,1.0169105259553628,2.5206767812531004,0.7162362902342437,0.0015561096450762578,0.8568002272562779,0.126920798152422,0.3650016079818515,-0.372610235453342,24,0.0,1.4052218985907527,2025.0,1.0,0.2713376216905684,0.4058077700661278,pat freiermuth,425.0,0.19047619047619047,0.21533157958993732
00-0039849,Marvin Harrison Jr.,WR,ARI,NO,0.8623529676031169,2.2038220474537473,1.1078210405072357,0.0,-0.3827400896333284,0.0,1.4165092535848063,2.933779383627944,3.157701818101891,0.0,-0.6385385807039257,0.9221588564470338,0.0,2.5279982970483355,-0.4076664717203136,1.8265396355828107,0.786647141274927,1.066285150562946,0.8965311359417116,0.0,1.2387830589459579,0.0,0.0,0.0,0.0,0.9196026718160322,1.6195671015621,0.5415485923471274,-0.2670158723689448,0.008117829382507597,1.0023139572034183,0.8256701713960359,0.0014111249868368713,0.6057035912842055,22,0.0,2.065119448672693,2025.0,1.0,-0.7855050789783283,0.4038056746197918,marvin harrison,150.0,0.4,0.0038056746197917546
00-0038117,Wan'Dale Robinson,WR,NYG,WAS,0.8792401036950337,0.2590959078772025,1.934593839425283,0.0,1.135584826667333,0.04579722100909367,1.7071003394723074,0.702437594977404,0.5627868129517606,0.0,0.42153535262665265,0.8206074698479146,0.0,0.7062182857369099,0.8078324790120299,-0.06501229572682087,-0.7070529328308932,0.5852077086842437,1.9220275088584378,4.535281453596977e-06,1.7160792815019534,0.0,0.0,-0.1318807912838167,0.06449053720413193,0.08480173046505428,1.3485894354876418,2.660454663980316,0.25676756761207004,0.10466820660835077,1.1520206198950518,-1.1760115185404736,0.057315046567697626,-0.6028017240974708,31,0.0,0.34544449723357173,2025.0,1.0,0.2713376216905684,0.40371347708155936,wandale robinson,400.0,0.2,0.20371347708155935
00-0033906,Alvin Kamara,RB,NO,ARI,0.0,0.0,0.0,0.7276052978102893,0.0,14.327514474166883,0.0,-0.3368383171180862,-0.32999459045632895,0.0695827212864127,-0.38528460236134254,1.3404041099887969,1.0774698847594015,0.0,0.5620462994714434,13.189700095144687,-1.0300440364842252,39.03487704290908,4.578736703793592,0.520806668494117,-0.24029678341202165,0.8948099854631368,-0.27671717744368474,-1.6320598475530492,54.653224794521066,0.2470606632170699,2.8809601193006253,0.1724137961864471,0.06083848821170234,0.8737765283249368,0.02347436292417108,0.8369160801657294,0.542422936880192,-0.9058711278935898,0,0.3912327520561215,0.1672476117059812,2025.0,1.0,-1.0476569772685318,0.40111980300878386,alvin kamara,-105.0,0.5121951219512195,-0.11107531894243566
00-0039384,Tyrone Tracy Jr.,RB,NYG,WAS,0.0,0.0,0.0,0.9405237424966626,0.0,13.573243429853639,0.0,0.9941642277339799,1.1341941037229664,-0.038029212747301186,2.060208932611619,1.2622175578869397,0.3815990269823206,0.0,-1.063682328118809,2.3808932420257083,-0.3636492425429914,18.0118010894292,2.465973803814551,0.6571868887479476,0.08230500826883756,0.42617479377600515,-0.12900933158516334,-2.1588665245333205,50.09803196351975,0.23476924913524985,0.867812815083283,0.0714285746216774,0.4394111430265035,-0.4003625862474342,1.215344530788056,0.4298505160141415,0.057315046567697626,-0.6146099733535088,31,1.441422502818726,-0.16560170590867104,2025.0,1.0,-1.0476569772685318,0.4009510241765554,tyrone tracy,160.0,0.38461538461538464,0.01633563956117079
00-0036322,Justin Jefferson,WR,MIN,CHI,2.232559891710877,1.5362360666874273,1.8889675409329738,0.0,1.6457468302654858,0.008006664059471792,1.4152161164051815,3.463423555957569,4.138571745098591,2.0407064298623559e-07,-0.10192027487336602,1.5511903780760206,0.0,1.8384290609285328,-0.0012344053841453681,1.5351945020139461,0.9935506271589923,2.1669912164820495,1.8433966635999661,0.0004686048834150263,1.85772039575495,0.0,0.0,-0.0033874957372818644,0.010005497178618454,0.6996151051623916,1.7084453021583812,1.050667977932424,-0.4117305953876662,0.0012281423983332494,1.259477734943383,-0.5604903291751261,0.027779075847396043,0.03022486967388346,5,0.0,1.1460170916556387,2025.0,1.0,-0.7855050789783283,0.40023535131426247,justin jefferson,135.0,0.425531914893617,-0.02529656357935456
00-0036550,Rashod Bateman,WR,BAL,BUF,0.7086527825975295,0.9412714868877878,0.8915488380874217,0.0,0.433410643252438,8.889127375355593e-05,0.16419632578352977,1.8429334397849046,1.234853377020839,0.0,-0.35755351362728843,0.4156820625293563,0.0,0.60889385407366,-0.22591444540996153,0.5990017130410443,0.9400166492791449,0.4972219672026362,0.016465184664028805,0.0,0.6794421756837411,0.0,0.0,0.0002241169976388991,0.001600042927564007,2.2544752263245704,0.6120110465454526,1.3584024147259277,0.21733150160748183,0.15983714427798834,0.49691451825600724,0.6356074910050029,0.29080984768337426,0.4906078469621411,3,0.0,1.2447022501567058,2025.0,1.0,0.2713376216905684,0.3935012951079297,rashod bateman,245.0,0.2898550724637681,0.10364622264416157
00-0036963,Amon-Ra St. Brown,WR,DET,GB,0.8207662484132063,0.9786001642055898,1.9242811842464844,0.0,0.5574364219074815,0.10229313108737498,2.2211779940364824,1.211912854330212,1.2492819622831761,6.802354904376274e-08,0.8588726012301421,1.1066557818703202,0.0,1.8393846723953429,0.15452822953836223,0.8052828922181287,3.2905728426495715,1.963143549774898,2.384241797453647,0.0067675442284462544,2.3304492265847876,0.0,0.0,0.011560129594333024,0.6433295983269541,1.65460655109971,1.5251731488304598,0.863990834008912,-1.1137899731879868,0.3332333778129337,0.5666896172948152,0.04081755852787734,0.013835495706071843,0.03022486967388346,11,0.0,2.2975419209317387,2025.0,1.0,-0.7855050789783283,0.39098649348104675,amonra st brown,140.0,0.4166666666666667,-0.025680173185619937
00-0036875,Rhamondre Stevenson,RB,NE,LV,0.0,0.0,0.0,0.6484973419780905,0.0,10.428021973461952,0.0,-0.05486715705696257,-0.022594434404981004,-0.06388123770175475,1.1125163923226027,0.815830146104539,0.3217297079823923,0.0,0.03529348119181838,-2.5524735674407997,0.6778481731114796,9.891858201507484,1.2358886624159944,0.4603500663245041,0.7444798752291165,0.965631734958611,0.7078973848921,-1.128100616270739,41.75944014946423,0.0255387078662612,-0.35333179422130295,0.0434782616794109,0.6195751449455155,-0.41654317844532146,-0.2512001171552204,0.8906891583046447,0.019174362034883072,0.200921259358718,18,0.1503223826044285,0.032202997832425015,2025.0,1.0,-1.0476569772685318,0.3885826681033885,rhamondre stevenson,155.0,0.39215686274509803,-0.0035741946417095494
00-0034796,Lamar Jackson,QB,BAL,BUF,0.0,0.0,0.0,0.0,0.0,1.5769231781214028,0.0,0.0,0.0,-0.6831122194709511,0.0,-0.48470340917245125,0.0,0.0,0.0,0.0,0.0,0.0,0.0,0.9912775831659101,0.0,0.0,0.0,2.080017764126321,2.9416470646373516,0.6565678630960958,0.0,0.0,0.42847643825942583,0.15983714427798834,0.49691451825600724,1.2134079458540785,0.3955036699837351,0.4705683855118468,3,1.0415898037705682,0.0,2025.0,1.0,-0.5346699743522593,0.3870364515232313,lamar jackson,205.0,0.32786885245901637,0.059167599064214926
00-0038997,Josh Downs,WR,IND,MIA,1.224495386535648,0.08512706643070063,0.6339582276600966,0.0,-0.23503168365216195,0.009877895261982425,0.6464837798454647,0.10873516774981479,0.16430688472035201,0.0,-0.5192870974617249,0.39846966022989416,0.0,0.08083593853983832,-0.20627640001681471,0.21216755002052728,0.5168834087132291,1.0065511713554276,1.4175506969504865,0.0,0.4789095990980332,0.0,0.0,-0.00861765467179629,-0.009877895261982425,0.18665856548418364,0.8837097204278104,2.0462791559370834,0.5234581012746189,0.3298893594750515,0.16870950901058976,0.4816706464182251,0.0003972448418665706,0.4906078469621411,19,0.0,0.9162015282073682,2025.0,1.0,1.328180322359465,0.3862687665517104,josh downs,270.0,0.2702702702702703,0.1159984962814401
00-0036893,Najee Harris,RB,LAC,KC,0.0,0.0,0.0,0.9797215064162061,0.0,12.417313035894873,0.0,-0.33681937253754374,-0.32998332530610514,1.035962597286128,-0.38559034721859364,0.2411680968986105,0.7317809112569104,0.0,-0.6132573531045384,-5.69030334680747,-0.37395319431496926,12.858063585071363,2.2571085601040948,0.6479623182829731,0.0786727057194385,1.124779213539582,-0.3319130704178023,-0.14872377193688877,49.475775109562896,0.7421666948590995,0.43068381804454425,0.1724137961864471,0.21964297318287632,-0.9308145367550695,-0.2697819552255024,1.5690646440993785,0.2463937559616295,-0.14859212608937922,15,0.2542009400065544,-0.4501327896816724,2025.0,1.0,-0.059268924376765696,0.3860575191187344,najee harris,185.0,0.3508771929824561,0.035180326136278306
00-0039165,Zach Charbonnet,RB,SEA,SF,0.0,0.0,0.0,0.6238068308193352,0.0,10.527285270900746,0.0,-0.3368507586400777,-0.3300074638160398,1.3293949293029497,-0.38597628525234445,1.1280001919974012,0.021422881139035694,0.0,-0.12627936878452478,-3.8441307351641343,-0.30703612638715266,13.554030253264136,1.8463944928420433,0.7474298309844871,-0.7428982889619449,0.7858220315742299,0.412838286113265,0.11411977166079883,47.329855781902644,-0.04321109357050675,-0.19371509469045406,0.0,0.5369742173839257,-0.823586038799565,1.432070881942274,1.749292312721933,0.09625695183172493,-0.4398532806294602,28,1.7350108538353997,-0.448219504822563,2025.0,1.0,-0.059268924376765696,0.38577080292029586,zach charbonnet,370.0,0.2127659574468085,0.17300484547348735
00-0035710,Daniel Jones,QB,IND,MIA,0.0,0.0,0.0,0.0,0.0,1.2484620831968447,0.0,0.0,0.0,3.267618449975841,0.0,0.5876572554386168,0.0,0.0,1.9297423137698793e-06,2.038290242987205e-05,1.5379444433208896e-06,2.508664914445793e-05,1.5679155715286207e-06,1.1336265468451485,0.0,0.0,0.0,1.5050436119432251,0.8632851666968573,1.7063432151782354,1.3857092030543236e-07,0.0,0.5133582311928303,0.3298893594750515,0.16870950901058976,1.1468275237749639,-0.9891923051914167,0.4705683855118468,19,-0.5667675646839668,0.0,2025.0,1.0,-0.5346699743522593,0.3814211154449542,daniel jones,190.0,0.3448275862068966,0.03659352923805764
00-0036973,Travis Etienne,RB,JAX,CAR,0.0,0.0,0.0,0.8384968607117833,0.0,11.74391564483819,0.0,-0.2553770734983851,-0.24351495872223516,0.11534799267985069,-0.38597619302975905,0.6103078201970895,0.6002702536325965,0.0,-0.195478562328423,-4.174695817827993,0.7978051001952978,23.33899568883887,2.5315042557569627,0.15229613679722218,0.9185009603580798,0.3173616744678319,-1.4168614311121626,-1.653356461727326,36.94710127476889,-0.9942556332391884,0.7917715482625713,0.1612903177738189,0.4241140915737814,-0.09880703298401991,0.4657275721902399,1.8996554109520696,0.5666845183212751,0.6086868757148314,4,0.3731163728275499,0.4164424456577938,2025.0,1.0,-1.0476569772685318,0.3796853385875851,travis etienne,160.0,0.38461538461538464,-0.004930046027799562
00-0031588,Stefon Diggs,WR,NE,LV,1.5941534622918183,1.6103183173424906,1.6293651444976311,0.0,-0.284081632312629,0.4010532433365674,1.7646053548147254,0.09756542950997003,0.03665210821787011,0.0,-0.43900548813163204,0.6693079972354616,0.0,1.8649526137344705,-0.20514628107044064,1.2868084910034938,0.40703097124936904,1.2100993626500742,1.462782063126206,0.009185662181398204,-0.27930704671650913,0.0,0.0,-0.2788268934283649,-0.46494359623969306,0.2821170182153336,1.689159843490414,1.1864330756706964,0.9065299180982566,0.10150525741412077,0.5819558703581198,-0.1105324446235212,0.019174362034883072,0.20286848615698008,18,0.0,-0.10213274756663246,2025.0,1.0,-0.7855050789783283,0.37821948740551664,stefon diggs,175.0,0.36363636363636365,0.014583123769152995
00-0039915,Ladd McConkey,WR,LAC,KC,1.8377314419586452,1.256558931343436,2.0771061166002918,0.0,1.2509400216251905,0.0,1.9806411638914683,1.2038160802384144,1.4076465667292515,0.0,0.5550511641101131,0.7252204709363311,0.0,1.2014549526074996,0.23185753265044323,1.131687468004626,2.0274419674507524,2.2279247784272194,1.7512736387559706,0.0,0.1356842721690182,0.0,0.0,0.0,0.0,0.6436554046946457,1.2823101931477856,0.965329837424253,-0.5358274074031576,0.0009765401404859928,0.5747328711263359,1.45790131514114,0.2463937559616295,-0.14241874680921315,15,0.0,1.0402204770977392,2025.0,1.0,-0.7855050789783283,0.3772809715376731,ladd mcconkey,180.0,0.35714285714285715,0.020138114394815942
00-0037240,Jameson Williams,WR,DET,GB,2.0127353440118774,1.130890729597098,2.048049184493697,0.0,0.11807651128988626,0.7493405807147439,1.6118245756626255,-0.1413276769527622,-0.022381979833923905,0.10204235290692173,0.011572124590309856,0.9254113516564423,0.0,1.4613708673556796,0.35965721077347745,0.6243284053704489,0.45527375230271,1.3292536710582599,1.1154815173033437,0.02921472015243392,-0.31880093249488806,0.0,0.0,0.3112052265225199,1.9590039449299808,1.448326492028848,1.1291881003554334,1.1864330756706964,-1.1137899731879868,0.3332333778129337,0.5666896172948152,0.04081755852787734,0.013835495706071843,0.03022486967388346,11,0.0,-0.08657907086006396,2025.0,1.0,0.2713376216905684,0.3729032940929226,jameson williams,220.0,0.3125,0.06040329409292261
00-0038608,Kayshon Boutte,WR,NE,LV,0.5937824151220586,1.9502137022427761,1.0647001188403684,0.0,1.7237852060665297,0.0,1.7587568410606045,-0.6462866446320303,-0.6707719368331014,0.0,-0.3749930161093417,0.9799214768030984,0.0,1.6410662554303865,-0.2854925168175135,1.2478339130160174,1.1766625268639825,1.185228014836763,0.8741901080395547,0.0,-0.9182036571267728,0.0,0.0,0.0,0.0,1.1573761599307637,1.2758354404030339,1.1864330756706964,0.9065299180982566,0.10150525741412077,0.5819558703581198,-0.1105324446235212,0.019174362034883072,0.20286848615698008,18,0.0,-0.6377267605646644,2025.0,1.0,0.2713376216905684,0.3719444851965987,kayshon boutte,650.0,0.13333333333333333,0.23861115186326534
00-0038555,Tank Bigsby,RB,JAX,CAR,0.0,0.0,0.0,1.1661416500039552,0.0,12.113839411028607,0.0,-0.3368507586400777,-0.3300074638160398,1.298070434965402,-0.38597628525234445,-0.05436555332435755,1.6652972360359108,0.0,-0.3119892341719667,0.5692196059177882,-0.5176292534841381,2.2487624337971868,0.6049338540978169,1.211872941835207,-0.8108874057161387,1.1149684982741925,-0.5733094605775226,-0.3020442531489792,40.72422000952689,1.0359819892222992,-0.5772767475511096,0.0322580635547637,0.4241140915737814,-0.09880703298401991,0.4657275721902399,1.8996554109520696,0.5666845183212751,0.6086868757148314,4,1.363590392070851,-0.45280142731106665,2025.0,1.0,0.9291191285150003,0.3702772958830778,tank bigsby,155.0,0.39215686274509803,-0.02187956686202025
00-0030061,Zach Ertz,TE,WAS,NYG,0.32226366340275125,0.25618815120709326,0.8409183922897535,0.0,0.8339968146030953,1.0624252559498968e-07,1.4334573686929553,1.284237107000131,1.3484315276706933,5.312126279749484e-08,2.884178312956872,0.5524354342443792,0.0,0.11652289277545341,0.14909475142562936,-0.1918110508114349,1.1044162144986003,0.3121036135856743,0.709447642911616,2.1891275828450003e-08,2.161445816101456,0.0,0.0,4.83714496820997e-08,4.2497010237995873e-07,2.221805798912001,0.12631721292085735,0.3265871491567517,0.4468427473275951,0.10776837312315056,1.008736765316202,0.641782551742023,0.06545478851764222,0.7783472077673022,23,0.0,0.7172612303128438,2025.0,1.0,-0.7855050789783283,0.3650580640879838,zach ertz,200.0,0.3333333333333333,0.03172473075465049
00-0037256,Rachaad White,RB,TB,ATL,0.0,0.0,0.0,0.10508397990243011,0.0,8.841053936631013,0.0,-0.33532763841114277,-0.32876155717975986,0.05996809060129617,1.405023415593686,0.5812508705028324,0.21293493172671837,0.0,-0.7777429293086696,-4.809757651330111,-0.2114915666299055,20.787299779372294,2.9430467334595223,0.39630579375824837,1.223914853060159,0.42035295181904186,0.49736866931103463,0.11864502477490192,41.44122445628697,0.5550692806401378,0.3141128940642265,0.03125,0.7597627578125947,2.026319316079761,-0.15516700751435145,1.0999137999687172,0.5816280991826792,0.6086868757148314,1,0.1756600949244945,3.1666959164442554,2025.0,1.0,-0.059268924376765696,0.3619633989948224,rachaad white,320.0,0.23809523809523808,0.1238681608995843
00-0039338,Brock Bowers,TE,LV,NE,1.5704053322124878,1.0122320418992603,1.5710402169712296,0.0,1.1313303301260438,0.3634754443405023,1.6920177781525112,0.7619445514658562,0.8919782846711974,0.0,-0.45320885970857844,1.4143127252521757,0.0,0.9954384302318924,0.13141743715959125,0.8231523623587068,0.3884105411524079,1.3978573510545864,1.8114382745935411,0.0,0.6950326733477372,0.0,0.0,-0.17787624379805772,0.087458848337542,0.9317083291682741,1.2145473155810431,1.338170745866776,-0.8650390561689161,0.6198820078862533,0.9075319134771587,-0.04453702212033167,0.07598883933407122,-0.4877059797754064,21,0.0,-0.5794463956652484,2025.0,1.0,-0.7855050789783283,0.35611105060050097,brock bowers,190.0,0.3448275862068966,0.011283464393604392
00-0038996,Tucker Kraft,TE,GB,DET,0.6999052310376471,-0.4409185310828262,0.4127732447189668,0.0,-0.3329734893753615,0.17220765448222622,0.05697271960502032,-0.13973031445945286,-0.4349955124855667,0.0,0.09397145132436541,1.1708073712357585,0.0,-0.3375113184463842,1.8133508816815669,-0.4414671863104985,0.5250026660310035,0.4622398134962862,0.12773364788313374,0.0,-0.38060612553101714,0.0,0.0,0.13318792386493872,0.34441530896445244,-0.22841124688050993,0.2202219981273775,1.4959776399662053,-0.5196229465939969,0.30820491917044496,0.48479647279645116,-0.17017697487515296,0.6289305862360746,0.6057035912842055,10,0.0,-0.6437712147446415,2025.0,1.0,-0.7855050789783283,0.350923298069155,tucker kraft,215.0,0.31746031746031744,0.03346298060883757
00-0038519,Nikko Remigio,WR,KC,LAC,2.725722520387968,1.5588019581086578,1.314710107636822,0.0,2.677683011720566,0.0,0.2991869945243793,-0.9329390563681516,-0.9399691508932457,0.0,-0.6856917621513873,1.371439555084322,0.0,3.5242596271317863,-0.3097881287912045,0.7252498418856121,-0.7541985483360011,0.5803004276083273,-0.4329738630874324,0.0,-1.1086117928300876,0.0,0.0,0.0,0.0,-0.9115866676019854,2.9814653328651475,2.2485958445286,-0.15822048204204855,0.25123442265472884,0.2416220633268991,0.6523565807601198,0.04859710605685069,0.5481557191231733,17,0.0,-0.7973479822883568,2025.0,1.0,5.555551125035052,0.3495338518099952,nikko remigio,1400.0,0.06666666666666667,0.28286718514332854
00-0036259,Jauan Jennings,WR,SF,SEA,0.5401659060538172,1.419205692412826,1.059249349130785,0.0,-0.26053593572578215,0.0,1.5668439893794934,0.3349795887014836,0.31841193530555567,0.0,-0.4840734697934878,0.6607082485222677,0.0,1.6782120672594159,-0.30681105364255795,1.2328454043903365,-0.15028146397167955,0.946566069559513,1.531832242235202,0.0,-0.18876428990047756,0.0,0.0,0.0,0.0,-0.405801938028454,1.4398385041929456,1.0635979433115617,-0.19003754683732957,0.1276270168870706,0.1657294972078175,0.5478797243968847,0.029123878675916568,0.14532061399594787,27,0.0,0.22031546862625584,2025.0,1.0,-0.7855050789783283,0.3487188104220705,jauan jennings,155.0,0.39215686274509803,-0.043438052323027554
00-0036182,Nick Westbrook-Ikhine,WR,MIA,IND,0.12653647825082018,0.7919730608403353,0.2871279255052524,0.0,1.073781549529467,0.0,0.25351961378691545,0.7510379809071567,0.7052563644305744,0.0,-0.5785852053519168,1.5001085925704105,0.0,0.4396799421296418,-0.42835326913052807,0.5318029537153102,-0.653071660788671,0.1379582319584543,8.338394321552946e-05,0.0,-0.12366565342180512,0.0,0.0,0.0,0.0,0.5019397901965005,0.5700343568367122,1.3848592124648178,-0.01988042851359385,0.03917358636020134,0.9105847934670175,1.466083274819497,0.2390832687288482,0.14532061399594787,13,0.0,0.6604947640090956,2025.0,1.0,2.3850230230283613,0.3432415635213167,nick westbrookikhine,550.0,0.15384615384615385,0.18939540967516283
00-0035261,Tony Pollard,RB,TEN,DEN,0.0,0.0,0.0,0.7711747417374982,0.0,16.40963046967325,0.0,-0.3343559287183613,-0.3272411667081058,0.14448458977553766,-0.385976281456769,1.0989186338431247,0.47495151210724845,0.0,-0.029539226266619475,-1.1304914046998444,-1.4258660012856788,8.50304046326888,1.447891082521847,1.4275194018248674,-0.5780367766624714,0.3981014419304618,-1.0682164573575859,-1.56714735897031,58.82692186775278,-0.18678588599347323,-0.05093467784910906,0.0,0.18454546323731716,0.6084075738982112,-0.861885615232525,0.9137470068232225,0.3096701287682889,-1.255384513341687,9,0.07722861000972635,-0.23687392132995605,2025.0,1.0,-1.0476569772685318,0.3425014141494559,tony pollard,145.0,0.40816326530612246,-0.06566185115666656
00-0036358,CeeDee Lamb,WR,DAL,PHI,1.1361965665019769,0.9407771967418348,1.6309829119009394,0.0,4.407161400609804,0.42505475053006486,1.9364013002230147,2.055982735241399,1.8824118860594383,0.0006693100657737033,-0.2508749795812753,0.6687510565280884,0.0,1.5876125930873903,0.1806850325061707,1.0526371416323967,1.4955691362849406,2.285690694131465,2.3050116858729606,0.007740094025615421,2.090074250186537,0.0,0.0,-0.1640904860283371,1.64827051481349,0.9056208464086768,1.8526730136652374,1.108265334056902,-0.20251120553062518,0.0013402645450656147,0.15672110580871668,0.8932100971754651,0.03151196867229631,-0.660349596258503,25,0.0,3.191149368169425,2025.0,1.0,-0.7855050789783283,0.34060175295563055,ceedee lamb,145.0,0.40816326530612246,-0.0675615123504919
00-0039065,Sam LaPorta,TE,DET,GB,1.0508748453294274,0.6463763736960887,1.8639367522328552,0.0,0.9437653291113873,0.00034148983588468113,1.9011360872570735,1.3142834590854398,1.278051178598822,0.0,-0.30444389487490026,1.4674295019455383,0.0,0.9746967170850062,0.334831786703427,0.27376877498181335,1.00975264168279,0.9956487787154739,1.4300299498406046,0.0,1.229590004198143,0.0,0.0,4.548297732191297e-05,0.0013659593435387245,1.2218958522825596,0.8998217517034683,0.863990834008912,-1.1137899731879868,0.3332333778129337,0.5666896172948152,0.04081755852787734,0.013835495706071843,0.03022486967388346,11,0.0,-0.6666541348754239,2025.0,1.0,-0.7855050789783283,0.3404039675508274,sam laporta,235.0,0.29850746268656714,0.041896504864260276
00-0036613,Jaylen Waddle,WR,MIA,IND,0.42017869777212696,0.6048989611743087,0.48425951567093023,0.0,-0.6275289771873235,0.3319606826207536,0.38389051645953765,0.011955844144755522,0.15954849182788977,2.519661181052044e-09,0.3846366912810314,0.7670573024781564,0.0,1.0253088722307415,-0.4319379830629085,1.1192454968244165,-0.46998044092748587,0.6634202239138765,0.630521100559874,0.020258512905466975,0.3741656961755506,0.0,0.0,0.17070085833535795,1.7051385218572124,-0.42616355094606573,0.8261747256486504,1.1167158757850248,-0.01988042851359385,0.03917358636020134,0.9105847934670175,1.466083274819497,0.2390832687288482,0.14532061399594787,13,0.0,1.3973470576035296,2025.0,1.0,0.2713376216905684,0.33938570918007466,jaylen waddle,205.0,0.32786885245901637,0.011516856721058288
00-0037261,Khalil Shakir,WR,BUF,BAL,3.1076099165485633,0.9582136735168785,2.3909949021844175,0.0,-0.14980929971742288,0.024271685475518653,1.2874325799935216,0.28597716448542027,0.20324707391539293,0.0,-0.26541551354673976,0.3358335107816411,0.0,0.614530567205271,0.1093649745831972,0.38973519670841233,-0.04793949015996068,0.35747335287352583,0.7345483542225072,8.74566002156806e-05,-0.09450149203705871,0.0,0.0,-0.011204516498180349,0.05903816245217941,0.3016457444460735,0.9218926614376924,0.899817766832715,0.6457182068786442,0.17137219857851424,0.27691499113861956,-1.2114795431917695,0.13011459202894737,0.8358950799283343,2,0.0,-0.4017089479800004,2025.0,1.0,0.2713376216905684,0.3364480303292982,khalil shakir,225.0,0.3076923076923077,0.0287557226369905
00-0035644,Noah Fant,TE,CIN,CLE,1.7555909595032633,-0.026132241403254222,1.8502126482216423,0.0,2.2387486372265304,0.0,1.1793144458406297,-0.4423944773571869,-0.47624149808834065,0.0,-0.5708515420981519,0.2282925636363529,0.0,-0.03286515643289591,-0.06546392772504121,-0.44919860507160514,-0.4776490071017419,0.40232189986209077,0.5665782433156857,0.0,-0.028743986748734806,0.0,0.0,0.0,0.0,0.43332081702244984,0.2599310015179125,0.899817766832715,1.2351061957153155,0.0021012437314289175,0.8651286836775417,0.4844330504347058,0.2855922089592876,0.9509908242503988,7,0.0,-0.07503620295309395,2025.0,1.0,-0.7855050789783283,0.3351092162876305,noah fant,700.0,0.125,0.21010921628763052
00-0033881,Evan Engram,TE,DEN,TEN,1.1234940284196488,0.16633864880300392,2.2268061462381676,0.0,-0.2654566702491719,3.2805679568863146e-05,1.8601337836201814,-0.7121339895590022,-0.7100064248296413,6.364607472328152e-10,0.48978946824240954,0.6853990552469204,0.0,0.263380545519825,0.32704946144585734,-0.12757755932791562,-0.38791335968150764,0.20950980810894382,1.3817617980692185,3.179514749533129e-08,0.13579437364817737,0.0,0.0,3.263392330325856e-05,0.0004211308258852024,-0.5673044853075586,0.7904428823738731,0.6705255197623293,-0.9207399885266796,0.15842795067472656,1.0774057334976106,0.5440377532317293,0.25171120647521533,0.72079933560627,30,0.0,-0.6650981016104957,2025.0,1.0,-0.7855050789783283,0.33337052825028085,evan engram,205.0,0.32786885245901637,0.005501675791264482
00-0038976,Marvin Mims Jr.,WR,DEN,TEN,3.3751144614836486,-0.4481975050121959,2.49983880401875,0.0,3.372577170392753,0.837624382392001,1.4270444863613463,0.6868755857643625,0.631818227152905,0.0,-0.02504846452250143,-0.8599761740828133,0.0,-0.21568467732409016,-0.06556767067624576,-0.637320194194219,2.066041895701322,1.0499196243236195,0.9396843329593747,3.379629173159336e-05,0.015848810412095272,0.0,0.0,-0.39412546394457976,1.1359954372206962,1.9225915955789386,0.005072191392276786,0.3858868523212533,-0.9207399885266796,0.15842795067472656,1.0774057334976106,0.5440377532317293,0.25171120647521533,0.72079933560627,30,0.0,0.44492832715223024,2025.0,1.0,1.328180322359465,0.33220939613423955,marvin mims,245.0,0.2898550724637681,0.04235432367047143
00-0038393,Dontayvion Wicks,WR,GB,DET,-0.09103070313498256,0.9437592670448648,0.6427930055581519,0.0,0.2641443285720225,4.535364368073765e-05,1.2875495535951125,-0.33838903319096886,-0.37992630507854225,0.0,0.8347272439658642,0.3667172042361496,0.0,0.6637346603952923,0.01462999702014445,0.1871069782484612,-0.1628557822056559,-0.0008475603656360039,0.4000703772229719,0.0,1.8288164207608997,0.0,0.0,-1.7046365307900817e-05,4.535364368073765e-05,-0.14575780973348493,0.6029472922564995,1.0832515029880454,-0.5196229465939969,0.30820491917044496,0.48479647279645116,-0.17017697487515296,0.6289305862360746,0.6057035912842055,10,0.0,1.5938086450574915,2025.0,1.0,2.3850230230283613,0.3306211376294648,dontayvion wicks,310.0,0.24390243902439024,0.08671869860507458
00-0034829,Mike Gesicki,TE,CIN,CLE,0.3864455095557877,-0.04118094153205272,0.6254649774934852,0.0,-0.5646750791517026,0.0,0.9707271730265505,-0.22059308666370214,0.02086398710357564,0.0,0.8092429994269016,-0.21996605627590712,0.0,0.22484263691922693,0.2716494351080169,0.04538133529550753,0.47629845206747623,0.7388232148093639,1.6084748970771745,0.0,-0.4484115343786446,0.0,0.0,0.0,0.0,-0.8168629995618321,0.2654584009312917,0.8499715325767959,1.2351061957153155,0.0021012437314289175,0.8651286836775417,0.4844330504347058,0.2855922089592876,0.9509908242503988,7,0.0,-0.3557472412401171,2025.0,1.0,0.2713376216905684,0.32603913314247746,mike gesicki,310.0,0.24390243902439024,0.08213669411808722
00-0039916,Ricky Pearsall,WR,SF,SEA,0.2869102516398267,0.4253251457530099,0.07292653991513733,0.0,-0.42215426361784114,0.44283281326367857,0.6469434187117392,-0.3487193944171732,-0.2606458808376626,0.0,-0.03523623046989131,0.6565910814856248,0.0,0.3663250055112702,-0.25210269416412234,0.9317410514678734,0.29174528244800974,1.1066078730387583,0.9065748019498899,0.02642371451474701,0.2446047910079989,0.0,0.0,-0.09691398012985578,2.0504201567891864,1.6084632399084302,0.5394024894102989,0.5722574138750216,-0.19003754683732957,0.1276270168870706,0.1657294972078175,0.5478797243968847,0.029123878675916568,0.14532061399594787,27,0.0,0.6997687182055643,2025.0,1.0,0.2713376216905684,0.3247773235288137,ricky pearsall,165.0,0.37735849056603776,-0.05258116703722404
00-0037228,Jaylen Warren,RB,PIT,NYJ,0.0,0.0,0.0,0.05664442348150806,0.0,8.287265039730018,0.0,-0.16155691970363287,-0.19156223335252823,-0.2081114576548962,-0.38597628525234445,0.49913096222595543,-0.40582361714275134,0.0,1.3923754023505681,-1.1072172521433605,-0.312572234541053,22.510924403036675,2.5887800848497964,0.3612878975101949,0.27196495210294547,0.24921303691296204,0.30213826751640405,-0.28086400698867175,38.41579706990464,-0.8726034729520484,0.9554593643718328,0.0344827584922313,0.5668111435994624,-0.9278496526458924,0.4558625822202867,0.993391907412669,0.3650016079818515,-0.381601049721444,24,0.5618627729573565,-0.44762495796605944,2025.0,1.0,-1.0476569772685318,0.3153501912454731,jaylen warren,165.0,0.37735849056603776,-0.062008299320564675
00-0030035,Adam Thielen,WR,MIN,CHI,0.8149065682090768,1.6498605144095522,1.2080997070236479,0.0,-0.7783968722948251,0.0001568527330650648,1.9685874149898912,1.4125771937780331,1.1214109520414137,0.0,-0.6827487339836296,0.7336524971476301,0.0,1.1861360285962375,-0.18097135016205862,1.0622255765335966,1.9073031806883096,1.2755997459139747,1.2976891593813946,1.5555976038695798e-05,2.199330962344397,0.0,0.0,2.509464216654181e-05,0.0008762864102204615,1.1156702253360202,1.1296252250889363,0.3757212021004054,-0.4117305953876662,0.0012281423983332494,1.259477734943383,-0.5604903291751261,0.027779075847396043,0.03022486967388346,5,0.0,1.3698200920595898,2025.0,1.0,1.328180322359465,0.3137701052289975,adam thielen,310.0,0.24390243902439024,0.06986766620460727
00-0034351,Dallas Goedert,TE,PHI,DAL,1.176772843753917,0.08376207902555301,0.8758103076673136,0.0,-0.5124887765868659,0.0035997098150481756,0.9583599279762879,1.497147644503292,0.5663887938498237,0.0,0.6183291794660283,-0.055190490591132534,0.0,0.12136668232765677,0.10296047853574276,-0.21346314626969237,0.7342346256713715,0.38693392539125016,0.5294016293361246,0.00032724634355009804,2.0203849604303064,0.0,0.0,-0.0016542759086645741,0.0035997098150481756,0.4391912742599459,0.53021941615311,0.1168685104929078,0.007365825616320796,0.07798349000291113,0.3316377406745755,1.4427086683182813,0.7386850484057496,1.296278057216592,8,0.0,0.293058271472926,2025.0,1.0,-0.7855050789783283,0.31226691135302187,dallas goedert,280.0,0.2631578947368421,0.04910901661617978
00-0035685,David Montgomery,RB,DET,GB,0.0,0.0,0.0,0.4310141114908502,0.0,11.681471404765192,0.0,-0.3368507586400777,-0.3300074638160398,0.6626616695734735,-0.38597598353431933,0.07622194925703912,0.9127417039216915,0.0,-0.14888995757466975,-4.507310242162344,1.7488651576854735,29.852609838143383,3.464960386492699,0.5073848537535681,-0.4063587157126393,0.47028066534611296,-0.004921671673057174,-0.7198641336397477,43.056234330690266,0.9676277523857993,0.37320456061233653,0.0740740746259689,0.05938738322254557,0.7689005282686888,-0.29047397462899605,0.9561507254723076,0.013835495706071843,0.026164566634669394,11,0.15129319605698083,-0.038685409772299596,2025.0,1.0,-0.059268924376765696,0.30929433297714587,david montgomery,165.0,0.37735849056603776,-0.0680641575888919
00-0033923,Kareem Hunt,RB,KC,LAC,0.0,0.0,0.0,0.30612717980025445,0.0,10.886403073683548,0.0,0.17275718249092256,0.2018449441361593,1.9069843760511074,0.16988090275665163,0.3050685429863201,0.38614321928182205,0.0,0.6998765144941116,-2.477539364146339,0.10586241272358053,10.160490366501065,1.2377503976374549,0.8781399597409738,-0.23515416645975526,0.0761471817171329,-0.8751673632267154,0.48794325612359696,38.04360263524554,1.1107716230253788,-0.512805788970445,0.0,0.32434459951516,0.34942124719514217,-1.1267405248391393,1.2206522249500296,0.04859710605685069,0.5504346448068151,17,-0.36379045793644926,-0.008451971491687102,2025.0,1.0,-0.059268924376765696,0.306025820845928,kareem hunt,370.0,0.2127659574468085,0.09325986339911949
00-0035662,Marquise Brown,WR,KC,LAC,1.5888151746654195,0.9806645556108421,1.2132935219984176,0.0,-1.5465663077986538,0.07788274829474322,0.7431054509965285,-0.31669127588399165,-0.24284681742739012,0.0,-0.04353411580264353,0.0626452628827244,0.0,1.1786478113397505,-0.5123963512497794,0.967774516909453,-0.5089217265982335,0.2431205120080935,0.4198348509692544,0.0,-0.08065670265948834,0.0,0.0,-0.09297222579300166,-0.3707342982069025,-0.6952226737689984,0.9890929307758289,0.5076072794744481,-0.15822048204204855,0.25123442265472884,0.2416220633268991,0.6523565807601198,0.04859710605685069,0.5481557191231733,17,0.0,0.3836388412285189,2025.0,1.0,0.2713376216905684,0.29295075344129345,marquise brown,205.0,0.32786885245901637,-0.034918099017722914
00-0038465,Malik Heath,WR,GB,DET,-0.33687509386823783,-0.32911988881513937,-0.3740945390607985,0.0,0.5377521350420731,0.0,-0.3605225100806737,0.6796085540366384,0.40101534503179065,0.0,1.4637846035692852,-0.576031287023149,0.0,-0.3708879884817237,0.006908379851867801,-0.6039162176550408,0.4368637270635433,-0.4496437245684636,-0.402873665309056,0.0,-0.199552628245979,0.0,0.0,0.0,0.0,0.8058159914763874,-0.406012591940892,0.6705255197623293,-0.5196229465939969,0.30820491917044496,0.48479647279645116,-0.17017697487515296,0.6289305862360746,0.6057035912842055,10,0.0,-0.05734595058340713,2025.0,1.0,4.498708424366155,0.2926892846040042,malik heath,900.0,0.1,0.19268928460400417
00-0036328,Antonio Gibson,RB,NE,LV,0.0,0.0,0.0,0.8459801658214272,0.0,9.510068087881594,0.0,-0.3368444875425409,-0.33000162653221377,-0.05984282616711177,-0.3854358045988339,0.49340987754148424,-0.10140782497075913,0.0,-1.0168153298723703,15.393133393451924,-0.28860902168249025,11.784699346606887,1.8190650466595937,-0.4472007514423373,0.6497127216346451,0.7543768254475133,-0.185876129499866,-1.0710226602255368,40.62491691689601,-0.7339173634073782,1.0210738524475487,0.2142857164144516,0.6195751449455155,-0.41654317844532146,-0.2512001171552204,0.8906891583046447,0.019174362034883072,0.200921259358718,18,-0.42333516279671196,0.0026521069176834015,2025.0,1.0,0.9291191285150003,0.2921940455256014,antonio gibson,1000.0,0.09090909090909091,0.2012849546165105
00-0035640,DK Metcalf,WR,PIT,NYJ,0.23817205452510296,1.8799939665407353,0.11036473775155467,0.0,0.0913458267416938,1.9754143642255127e-08,0.5397420768571123,0.9521918031591146,0.811335915983649,0.0,-0.3712518130071278,1.2205790086041475,0.0,1.4829398821778568,-0.28130805731444714,1.2224687235529554,0.5527883765785075,0.7229706342309012,0.3006640799895838,0.0,-0.3340625074733519,0.0,0.0,4.3941418223763804e-09,1.1852486185353077e-07,1.26042736902602,1.1768822759813478,0.5176639192137776,0.7162362902342437,0.0015561096450762578,0.8568002272562779,0.126920798152422,0.3650016079818515,-0.372610235453342,24,0.0,-0.0731644598342309,2025.0,1.0,-0.7855050789783283,0.2880068213293745,dk metcalf,190.0,0.3448275862068966,-0.05682076487752208
00-0038794,Jaleel McLaughlin,RB,DEN,TEN,0.0,0.0,0.0,0.7056002077116851,0.0,10.429160447596281,0.0,-0.3368507586400777,-0.3300074638160398,-0.790968112334337,-0.268337338540562,-0.3939837676091577,0.07514453252706922,0.0,-0.3407078720668645,-7.96605619322522,-0.656858337034295,6.608880345353975,1.6889106048607836,0.40417190402668834,-0.7225910043719317,0.6223595809267513,-0.2582105929806292,-0.2128651293070236,44.087771789550956,-0.9099716331269511,-0.5514743730886714,0.0689655169844627,0.11291565826181223,-0.12534568209112926,1.0233907880036606,1.1738024062772197,0.25171120647521533,0.7251913375308637,30,0.9926319206290899,-0.4098280968124108,2025.0,1.0,1.9175071814067663,0.2861116578362884,jaleel mclaughlin,850.0,0.10526315789473684,0.18084849994155155
00-0036980,Elijah Moore,WR,BUF,BAL,0.7638608088629373,1.0832674799857716,1.5559003078492695,0.0,-0.942105021164843,0.05339717622054987,0.602970551248725,-0.03588652241832768,0.2093955740961673,0.0,-0.6090500568434979,0.9336445653463581,0.0,0.7045712601058629,-0.5833127621319025,0.5898219214406255,-2.737782720317915,-0.26870124313448884,-0.018500160584757546,1.6531998536517253e-05,-0.6767811600536411,0.0,0.0,-0.024269043851380085,0.05313470267332631,-0.7791819038356571,0.37142350080731035,0.17025151217672152,0.6457182068786442,0.17137219857851424,0.27691499113861956,-1.2114795431917695,0.13011459202894737,0.8358950799283343,2,0.0,-0.6288761164540024,2025.0,1.0,2.3850230230283613,0.2860246290672554,elijah moore,900.0,0.1,0.1860246290672554
00-0038979,Cedric Tillman,WR,CLE,CIN,0.07118862465519406,0.9201783210377896,0.08027296197409628,0.0,0.7635020547721437,0.05450111058373437,0.15768737164043709,0.664019250322708,1.2018016823529307,0.0,1.2538189681256802,0.6406132402351206,0.0,0.41641027711512646,-0.37534148722192767,1.1315435840938193,-1.5212933543291898,0.5175817259056376,0.41589674729219045,0.0,0.30299712252661753,0.0,0.0,-0.12781883430421848,-0.25543112683739844,0.26602225892055636,0.40718640089684277,0.13551022534728263,0.6658004015783684,0.10482587575321425,0.8486950763038424,0.1907555412108738,0.044345541000162955,-0.3150623632923098,6,0.0,0.5591519162177884,2025.0,1.0,0.2713376216905684,0.282101540427777,cedric tillman,280.0,0.2631578947368421,0.01894364569093493
00-0037741,Jahan Dotson,WR,PHI,DAL,-0.3019996344062663,-0.242640209097243,-0.3031986828607338,0.0,-0.6482957217598002,0.013829980588208923,-0.3163493806259397,-0.24435573324326848,-0.3027087016291949,0.0,-0.6759515852918196,0.26745557494207745,0.0,0.07422431275683172,-0.12606786302976514,0.016005071999119283,0.021007906752269424,-0.08385942329321407,-0.15803865217833024,0.0,-1.0881376797296602,0.0,0.0,0.01040012330297668,0.17977375882845564,-0.9083710228354558,-0.028879901482123375,1.375179881218644,0.007365825616320796,0.07798349000291113,0.3316377406745755,1.4427086683182813,0.7386850484057496,1.296278057216592,8,0.0,-0.7672385687790579,2025.0,1.0,1.328180322359465,0.2819675885409423,jahan dotson,800.0,0.1111111111111111,0.17085647742983118
00-0038543,Jaxon Smith-Njigba,WR,SEA,SF,1.2366488473329014,0.31466189823049096,2.3637274456286494,0.0,0.759930333267428,0.586095225351618,1.738348132046421,-0.3010347064964617,-0.321821550991791,0.0,0.5358643689980906,1.3842331950420537,0.0,1.1899861532668998,-0.1954591672634931,0.42491151837754043,0.9854805096935564,0.7906612108029499,1.4069560385871098,0.0,1.2912267673510556,0.0,0.0,-0.14368580618817572,2.6516975035508934,0.42306980366547703,1.3703051979807865,0.5176639192137776,0.6086292705044926,0.02193734843841352,1.2362649374901893,1.8745955587135352,0.09625695183172493,-0.4301581076143742,28,0.0,3.153800754339418,2025.0,1.0,-0.7855050789783283,0.2817914652600994,jaxon smithnjigba,140.0,0.4166666666666667,-0.13487520140656728
00-0036410,Tee Higgins,WR,CIN,CLE,0.013992553789649613,1.6116464468154905,0.8481527366424699,0.0,0.41900106297019235,1.6999158526817423e-09,1.9041800178299044,2.4719299166497875,3.2186185110710834,0.0,1.2065950499283378,0.7195949715762547,0.0,1.7242703937538115,-0.0996609045666276,1.2443039675320877,2.1890341564114397,1.7655601092889224,1.8986127927494167,0.0,1.2563831859778976,0.0,0.0,1.5968797634426005e-10,7.514412301576066e-09,1.8771901472367212,1.224216484190523,-0.27156666252339257,1.2351061957153155,0.0021012437314289175,0.8651286836775417,0.4844330504347058,0.2855922089592876,0.9509908242503988,7,0.0,1.758055696338535,2025.0,1.0,0.2713376216905684,0.28104112665728537,tee higgins,120.0,0.45454545454545453,-0.17350432788816916
00-0031236,Brandin Cooks,WR,NO,ARI,0.1745707883669937,1.2358278452234246,0.4326079350779397,0.0,-1.0061762829037455,0.334604977435464,0.22540282974385803,2.2235088718821983,2.263628258956477,0.0,1.534682943128676,0.4736632932979057,0.0,1.1405865571151101,-0.46665867783777004,0.8589398311016718,-1.9132850822121754,-0.1521103466905242,0.09702672822400406,0.00905339575585051,0.4444647793506131,0.0,0.0,-0.3557349570608722,-1.3369570604999503,-0.12191435070297749,0.9394621130104542,1.4209366080169623,-1.10855655597637,0.3537343246148245,0.6887253702913408,-0.23485815049824335,0.542422936880192,-0.8905410849026318,0,0.0,0.4260105195278246,2025.0,1.0,1.328180322359465,0.28050380782824047,brandin cooks,750.0,0.11764705882352941,0.16285674900471106
00-0037614,John Metchie III,WR,PHI,DAL,-0.5537474901733115,-0.37101443549776236,-0.49339282929156847,0.0,-0.9170566138405032,0.007057626996283529,-0.4106370657310265,-0.08225495025430689,-0.1276238872225941,0.0,0.844513222691998,0.04623367434234179,0.0,-0.3879573365734094,-0.3293510751255465,-0.0693707872032982,-0.7347872979851945,-0.2807999105543862,-0.10053368758254899,0.007057626996283529,0.7553798274583565,0.0,0.0,-0.002073585052019686,0.028230507985134115,-0.7329290653243244,0.14630987531052853,0.08091688443848173,0.007365825616320796,0.07798349000291113,0.3316377406745755,1.4427086683182813,0.7386850484057496,1.296278057216592,8,0.0,1.9438547353991402,2025.0,1.0,2.3850230230283613,0.2787928387147908,john metchie,1300.0,0.07142857142857142,0.2073642672862194
00-0037247,George Pickens,WR,DAL,PHI,1.6128155207947175,2.463078797275973,1.1161605620676665,0.0,1.1444809159420826,0.05958568168253399,0.7034891846736229,0.5438681169103136,0.3981569390424611,1.9046595569828192e-07,-0.427287879015524,1.2665642529363754,0.0,2.5970389687618125,-0.5609697758606402,1.8570516569218143,-0.9990558353773814,0.5507355916038883,0.19367801021999836,7.142473195836109e-08,0.3433432001577734,0.0,0.0,-0.007872886562709687,0.18470815319760017,0.15909862148096945,1.7495323212004283,0.7416852250607091,-0.20251120553062518,0.0013402645450656147,0.15672110580871668,0.8932100971754651,0.03151196867229631,-0.660349596258503,25,0.0,1.0131199925725112,2025.0,1.0,0.2713376216905684,0.27828566857763387,george pickens,220.0,0.3125,-0.03421433142236613
00-0038559,Michael Wilson,WR,ARI,NO,0.4883441799829917,0.8042312592070492,0.623990206159331,0.0,0.5532203552688095,0.2857308146178063,0.3876142895637952,0.034163881969310694,0.22193886757955425,0.0,-0.6716762883677501,1.0485983958901615,0.0,0.44791362133693535,-0.3619688052336593,0.3618821816839881,-0.03681456851965168,-0.03869247692262485,0.03741448712637944,0.0,-0.5661590972698004,0.0,0.0,-0.23272079254830916,2.0001157023246443,-0.2704969597924412,0.2433840357396011,-0.017351221448826826,-0.2670158723689448,0.008117829382507597,1.0023139572034183,0.8256701713960359,0.0014111249868368713,0.6057035912842055,22,0.0,-0.13586865225424075,2025.0,1.0,0.2713376216905684,0.27822621663890335,michael wilson,450.0,0.18181818181818182,0.09640803482072152
00-0035229,T.J. Hockenson,TE,MIN,CHI,1.146693894450932,1.1645169959549002,1.7200832776137973,0.0,-0.7213729289213353,1.8739670814288107e-09,1.082756811319727,0.05250489647003785,0.1409589840695584,0.0,-0.2460045084721106,0.501222761737706,0.0,0.6303835712509529,-0.3197891517205427,0.5841223678334669,-1.1382932597520976,0.22682136618529536,0.40801457441363276,0.0,-0.33887821171390964,0.0,0.0,-9.35651574632988e-09,0.0,-0.8808027781476252,0.5411982915472987,0.7791376287034356,-0.4117305953876662,0.0012281423983332494,1.259477734943383,-0.5604903291751261,0.027779075847396043,0.03022486967388346,5,0.0,-0.6132952590411415,2025.0,1.0,-0.7855050789783283,0.2759600856885411,tj hockenson,215.0,0.31746031746031744,-0.041500231771776364
00-0033699,Austin Ekeler,RB,WAS,NYG,0.0,0.0,0.0,-0.5500005672774885,0.0,6.376604096300177,0.0,-0.30310091033826236,-0.2938021953250081,-0.33065383044761976,-0.36364555217921163,0.9485772480310143,-0.37233334393304884,0.0,-2.3051799372485333,-4.729847709425825,0.6359041012132918,26.757352384848886,2.9590163628659716,-0.6715359962030643,-0.3039082659750889,-0.5611452506195324,-0.34644799874596777,0.2712334206397482,23.452740031288393,-0.2656393721143398,0.7499293750629477,0.0666666701436042,0.4921145737768397,-0.38450316927891964,0.8467334734652048,1.216078769407326,0.06545478851764222,0.78344356843888,23,-0.3076263227534174,-0.2849575040732319,2025.0,1.0,-1.0476569772685318,0.273117770128948,austin ekeler,170.0,0.37037037037037035,-0.09725260024142235
00-0037666,Jalen Tolbert,WR,DAL,PHI,1.341484056147012,-0.14584738408269804,0.4906051286945313,0.0,0.4017198846276643,0.0,-0.11550164143294323,0.6945511023992738,0.5783999147504733,0.0,1.1541810211020447,0.2944165248647267,0.0,-0.32215610745104845,0.09862550146970893,-0.09778861672582714,1.226282647680446,0.414561983586843,-0.10192581189801368,0.0,1.177343242021805,0.0,0.0,0.0,0.0,1.5094521380888066,-0.0032107734195548467,0.48292278613678186,-0.20251120553062518,0.0013402645450656147,0.15672110580871668,0.8932100971754651,0.03151196867229631,-0.660349596258503,25,0.0,2.0530491736556575,2025.0,1.0,1.328180322359465,0.2727331489929664,jalen tolbert,600.0,0.14285714285714285,0.12987600613582356
00-0037197,Isiah Pacheco,RB,KC,LAC,0.0,0.0,0.0,0.03999353517843652,0.0,10.475010363705524,0.0,-0.0051213833082211346,-0.05865407862465517,-0.537457512639124,0.36398180647633843,0.20837240587378938,-0.37085062138436314,0.0,0.4120820396253082,-2.6580404451431643,-0.3597061998418322,7.036961080872151,1.3793978074049986,-0.15432416614933972,-0.37853502938555206,0.3011893277264312,-0.24618411656564076,-1.2993324579082122,38.30664577059083,-0.5807928236076435,-0.45700627948318395,0.0,0.32434459951516,0.34942124719514217,-1.1267405248391393,1.2206522249500296,0.04859710605685069,0.5504346448068151,17,-0.6347492600430941,-0.11911295833740095,2025.0,1.0,-1.0476569772685318,0.27071169431195813,isiah pacheco,150.0,0.4,-0.1292883056880419
00-0034407,Ray-Ray McCloud,WR,ATL,TB,-0.05153863166185646,0.1966488942392669,0.12210765766050617,0.0,0.418110050347708,0.5506939523674798,0.15886193587240904,-0.8490830347351004,-0.8797937771908686,6.692739580300691e-10,-0.6856903084810978,0.9756707845239985,0.0,-0.22657208311550364,0.8476611984680461,0.04762244087004298,-0.5930051031047491,0.3534444955174638,0.222576554263171,0.025510212108839133,-0.4588557008659017,0.0,0.0,0.27487120871174636,4.768434831260912,-0.8201359881792145,0.06099649506464291,0.5589779691947655,-1.051658459579199,0.05303822388299843,0.21670091490858687,0.6594013224855781,0.13673168097385432,0.03022486967388346,29,0.0,-0.048999296731984,2025.0,1.0,1.328180322359465,0.2700504233775793,rayray mccloud,400.0,0.2,0.07005042337757927
00-0037740,Garrett Wilson,WR,NYJ,PIT,1.9448690113345772,0.9121393876306924,2.3321632196091575,0.0,1.1757158249115847,0.2889755111927475,2.0089024402407047,0.807563452984575,0.7621948266825618,0.0,-0.5709300758131453,1.5401775024217361,0.0,1.2096610288835183,0.5514335365398766,0.48750786515545613,0.9962327637039068,1.062878264350787,1.3461930678335792,2.6029419666293026e-08,0.3408478470693594,0.0,0.0,-0.14584791393923457,0.005616126397214079,0.6998522786236864,0.9707688688079418,0.08091688443848173,0.7885883214722906,0.0056675459404362805,0.45384673220877014,0.902180665446422,0.14206908958213937,-1.0631847013857285,26,0.0,1.0153015800668663,2025.0,1.0,-0.7855050789783283,0.2689821971622038,garrett wilson,220.0,0.3125,-0.043517802837796216
00-0033591,Noah Brown,WR,WAS,NYG,-0.3358348646365528,0.4399343101789544,-0.12204465355453278,0.0,-0.13229638824556372,0.0003415605855506958,0.06797027846510106,-0.7437694254755491,-0.7311921071578932,0.0,-0.6461620292556265,0.3089226947963195,0.0,0.3981409760446075,-0.4029218071322664,0.6453629409759876,-0.5935538872883482,0.22475335385607276,0.32953959633326,0.00017074234901575208,-0.608384158273407,0.0,0.0,-0.00037881216137692774,-0.0003411811479547375,-0.6397575912884675,0.9187433068394215,-0.017351221448826826,0.4468427473275951,0.10776837312315056,1.008736765316202,0.641782551742023,0.06545478851764222,0.7783472077673022,23,0.0,-0.22480466441858685,2025.0,1.0,1.328180322359465,0.2674846117890814,noah brown,370.0,0.2127659574468085,0.05471865434227288
00-0034837,Calvin Ridley,WR,TEN,DEN,1.2534679046521935,3.0650872038450947,1.191658953671465,0.0,2.129116985318414,0.9011662542493389,1.518655639638918,-0.5853990068080892,-0.6271163117569922,0.0,-0.3438387524814043,0.826081030749937,0.0,2.086399930305876,-0.31716197744911345,1.8238789623521106,1.6681522598252867,1.516890683739044,0.5737471257753627,0.0009115243356266451,-0.07427761720460184,0.0,0.0,-0.34954720194951155,2.6763386066854222,-0.11793776457563414,1.3384317510588688,0.5911551265456575,-0.6624067479791415,0.30186054210349794,0.34457457003732633,-0.05722169150615405,0.3096701287682889,-1.2358283178688252,9,0.0,0.09219268079364801,2025.0,1.0,-0.7855050789783283,0.2673630980838556,calvin ridley,265.0,0.273972602739726,-0.006609504655870402
00-0035208,Olamide Zaccheaus,WR,CHI,MIN,0.8508602588735865,1.145243108840045,0.8841824691512157,0.0,1.244237888773401,0.2040875308572275,0.6031563999913094,0.8644100058297582,0.8663352256123938,0.0,0.5746594307176115,0.1251412413202333,0.0,0.4964043848317848,1.2109127501430665,0.3932843598836903,1.2554459047411348,0.6674380665896337,0.5227531952778415,0.0,-0.16313672269527887,0.0,0.0,0.11990516854467989,1.6326996399155984,0.7387242127571941,0.40004171903090247,0.3265871491567517,-0.7788848746471083,0.2981972770785582,1.4717239714552464,-0.2624113746275903,0.02006744382792995,-0.3150623632923098,20,0.0,-0.06320208933099977,2025.0,1.0,1.328180322359465,0.2670053663550722,olamide zaccheaus,400.0,0.2,0.0670053663550722
00-0033891,Zay Jones,WR,ARI,NO,-0.5494246229141407,0.19920772040064502,0.04539568729755243,0.0,-0.3231013104884118,0.0011197014052063538,0.14139011331338536,-0.8004284935904905,-0.7645525380519057,1.156956320596961e-05,-0.6217781211354041,-0.4324395880971164,0.0,-0.0429030500822154,-0.37465195233463466,-0.04353718850917505,-0.5174243349285268,-0.3556399393281758,-0.2753025274817447,1.4478686081925597e-05,-0.8902598014798077,0.0,0.0,-0.0007767705683067646,-0.0013014940005012334,-0.8702545747361442,-0.34300729411341757,0.21910635068534276,-0.2670158723689448,0.008117829382507597,1.0023139572034183,0.8256701713960359,0.0014111249868368713,0.6057035912842055,22,0.0,-0.5310845271850243,2025.0,1.0,1.328180322359465,0.2649464193918955,zay jones,600.0,0.14285714285714285,0.12208927653475266
00-0038606,Parker Washington,WR,JAX,CAR,-0.37430943335709,-0.09592222774323086,0.006535641712563077,0.0,0.658235667633238,0.0,-0.08288057130598134,0.1667998557517923,-0.12144719182312318,0.0,1.503337466732616,0.9988249520543726,0.0,-0.19485726329981118,-0.2700322203058522,0.2916956071153127,0.35221172626450015,-0.005687552534576039,0.14046650939063798,0.0,0.6252126485491412,0.0,0.0,0.0,0.0,1.6556674127931668,0.17985549976196571,-0.061730480117487836,0.20159867703704332,0.16361567172861016,0.8606348756212578,2.222241610826798,0.5666845183212751,0.6057035912842055,4,0.0,2.3026321717174003,2025.0,1.0,2.3850230230283613,0.26413781493682825,parker washington,425.0,0.19047619047619047,0.07366162446063779
00-0038621,DeMario Douglas,WR,NE,LV,0.9438892015784812,-0.34578760569354156,0.8695144511627707,0.0,-0.39285911643351024,0.206019362492064,0.5403949879333072,1.6484117640518272,1.1760684317668433,0.0,0.4672002646195737,0.5690413450832263,0.0,-0.3570594086055242,0.1262516866535841,-0.30964430781476154,0.4823478453210112,0.08695256053157527,0.47914322189726094,0.0,-0.255831568386276,0.0,0.0,0.04845377410206534,0.9646225400166104,0.57233137069363,0.14403644919475475,0.08091688443848173,0.9065299180982566,0.10150525741412077,0.5819558703581198,-0.1105324446235212,0.019174362034883072,0.20286848615698008,18,0.0,-0.0824529974457733,2025.0,1.0,1.328180322359465,0.26319334524328,demario douglas,340.0,0.22727272727272727,0.03592061797055271
00-0033282,Curtis Samuel,WR,BUF,BAL,0.6616068962036261,-0.8036517624458667,0.708195723127569,0.0,0.4424689076405291,0.2860972497778719,0.3282441123806175,-0.7712004632587155,-0.8152617621066377,1.5117911258113924e-05,-0.08949583220925472,-0.2509472816145678,0.0,-0.7388742583317993,6.867999755247852,-1.0385603826860108,-0.9136562275885249,-0.3543330812813843,0.2295488294858798,0.0008657437581352284,-0.31040425166768504,0.0,0.0,-0.07736927829085613,0.9743656552483058,-0.55614548525501,-0.434162886312502,1.2696438973886057,0.6457182068786442,0.17137219857851424,0.27691499113861956,-1.2114795431917695,0.13011459202894737,0.8358950799283343,2,0.0,-0.48593998207754635,2025.0,1.0,4.498708424366155,0.2629967059585441,curtis samuel,850.0,0.10526315789473684,0.15773354806380724
00-0033110,Tyler Higbee,TE,LA,HOU,0.5879542296243775,-0.709590704059956,0.5725489802625642,0.0,0.7436834484832789,1.3385479155308026e-09,0.46798804044075726,-0.23419290150747957,-0.2806713431095594,0.0,1.14139942566582,-0.2157744539018231,0.0,-0.621338104858329,1.5758183687668779,-0.9180315403401765,0.55533640024503,-0.11730708083685291,0.3124431404202014,0.0,0.9621555458107977,0.0,0.0,-9.209773244335447e-10,1.3385479155308026e-09,1.2496673426626896,-0.24886977746068284,0.4125716649319245,0.881482883121276,0.012711236979052465,0.4541893977403623,-0.28307330594258673,0.3519263898164781,0.20286848615698008,12,0.0,0.39666393283259144,2025.0,1.0,-0.7855050789783283,0.2626957496742031,tyler higbee,360.0,0.21739130434782608,0.045304445326377035
00-0037746,Brian Robinson,RB,SF,SEA,0.0,0.0,0.0,0.6141133246889037,0.0,11.094024682693606,0.0,-0.30399263840850155,-0.304034047584563,0.36514571380966204,-0.34310555081160016,0.573908938538192,-0.12342567448858377,0.0,-0.0511210405096968,-0.4454543064552721,-0.04931888342260445,10.534093400385261,1.5690392326961382,0.05296749814811281,-0.39073448305997843,0.32874486561545746,-0.8040295967162316,-2.021097085902702,41.930952854629936,-0.36240730665858667,-0.32556374658331116,0.0333333350718021,0.3155224667483951,-0.28291297714643726,-1.3219812176745234,1.175464127111361,0.029123878675916568,0.14266902845070178,27,-0.6858612907928381,-0.2880708529753176,2025.0,1.0,-0.059268924376765696,0.26174564101300773,brian robinson,450.0,0.18181818181818182,0.07992745919482591
00-0039910,Jayden Daniels,QB,WAS,NYG,0.0,0.0,0.0,0.0,0.0,2.1428863358492434,0.0,0.0,0.0,0.5382968724102343,0.0,0.13892457933207192,0.0,0.0,0.0,0.0,0.0,0.0,0.0,0.9634912437788055,0.0,0.0,0.0,3.4995532733677917,2.8779550814096373,-0.0527059390250204,0.0,0.0,0.4921145737768397,0.10776837312315056,1.008736765316202,1.216078769407326,-0.6789959913909721,0.7548733037955666,23,-0.21156489896249622,0.0,2025.0,1.0,-0.5346699743522593,0.261250034388605,jayden daniels,170.0,0.37037037037037035,-0.10912033598176535
00-0036567,Elijah Mitchell,RB,KC,LAC,0.0,0.0,0.0,0.2817673473306579,0.0,9.994756036127352,0.0,-0.3368507586400777,-0.3300074638160398,0.843011677586926,-0.38597628525234445,-0.3442329292592209,1.4461375602569233,0.0,0.16687667898331207,0.7399120371826767,-0.07985967434856861,4.091174651150485,0.7375685736997646,0.38819450852213655,-0.6619625727238159,0.8253356054648784,0.5631849206786197,0.026383422001247846,42.32141135196365,0.9281529054872402,-0.7711505811442376,0.0799999982118606,0.32434459951516,0.34942124719514217,-1.1267405248391393,1.2206522249500296,0.04859710605685069,0.5504346448068151,17,-0.49237122818391776,-0.33786161840998286,2025.0,1.0,1.9175071814067663,0.2598570696969105,elijah mitchell,1000.0,0.09090909090909091,0.1689479787878196
00-0036849,Tutu Atwell,WR,LA,HOU,-0.5109439070216742,-0.29785672979413075,-0.33219813722703667,0.0,-0.6869144497671923,0.08387602739713172,-0.2624954080350844,-0.9310505747744833,-0.9382062805321358,0.0017638596075969534,-0.6678160359192135,-0.7516094638821103,0.0,-0.0259868776918937,-0.34094118035723625,-0.0007590091847688882,-0.15477833981189332,-0.2882258831574117,-0.08268241245863879,0.0016367665886285563,-0.8176387314622341,0.0,0.0,-0.08014649929994419,0.04536975596707097,-0.9100495929334574,0.17956048994779594,0.6705255197623293,0.881482883121276,0.012711236979052465,0.4541893977403623,-0.28307330594258673,0.3519263898164781,0.20286848615698008,12,0.0,-0.5738595794089902,2025.0,1.0,1.328180322359465,0.25237195578941485,tutu atwell,390.0,0.20408163265306123,0.04829032313635362
00-0037267,Jerome Ford,RB,CLE,CIN,0.0,0.0,0.0,-0.09301287377938026,0.0,7.641725976523738,0.0,0.5649405953551456,0.7128336116075676,-0.5653030763186739,-0.38570070602055206,0.5255653224696869,-0.8374519178582283,0.0,-0.2094594810565456,-0.39284030268096487,0.4665564523526947,16.842375735549847,2.111044591232417,0.32564049329323064,0.19993584733914854,0.04112982580806751,1.7173481261679615,0.47707982802051124,47.3287366015316,0.372321810336487,-0.1061786113897195,0.0,0.5528264436029405,-0.3995560035366276,0.43501132670988696,1.0210015686835134,0.044345541000162955,-0.3233488188134278,6,0.515019615725158,-0.1272887338719605,2025.0,1.0,-0.059268924376765696,0.2513492756256757,jerome ford,145.0,0.40816326530612246,-0.15681398968044674
00-0032392,Austin Hooper,TE,NE,LV,-0.14370672819042093,-0.2915305722957514,-0.19242199117678402,0.0,-0.10685117136063237,0.0,0.2272832691172591,-0.4841777862254829,-0.47290637633306726,0.0,-0.6542874418458676,0.018922412006494988,0.0,-0.440524756081685,0.4014007615687744,-0.44287182548138554,-0.45486930054037655,0.009448703966582416,0.38863210453149033,0.0,0.1999067052930819,0.0,0.0,0.0,0.0,-0.29453892385694364,0.019115891810605162,0.8179276785932916,0.9065299180982566,0.10150525741412077,0.5819558703581198,-0.1105324446235212,0.019174362034883072,0.20286848615698008,18,0.0,-0.0342982974130361,2025.0,1.0,0.2713376216905684,0.249174444869168,austin hooper,600.0,0.14285714285714285,0.10631730201202516
00-0039342,Xavier Legette,WR,CAR,JAX,0.2395877591896272,1.3918053780186703,0.6361936189626506,0.0,0.4058679331200635,0.21754305368627483,0.652598057382689,0.5228970318939494,0.6421237704446725,0.0,0.20773411898192246,0.28255782256928125,0.0,0.8558150099642002,-0.5538694025669172,1.1877669609388228,-0.7724070224417775,-0.1282980035770555,0.2770614684792349,0.0,0.14122766783674942,0.0,0.0,-0.06619086869795185,0.5913390245922399,-0.6208094269279717,0.9804806747038116,0.08091688443848173,-0.13199898058826626,0.036409165946468286,0.9172326236586155,-0.3704131334600792,0.021548742892345627,-0.19996661897024537,14,0.0,0.11818183367240884,2025.0,1.0,0.2713376216905684,0.2487612152010042,xavier legette,250.0,0.2857142857142857,-0.036953070513281505
00-0034159,Will Dissly,TE,LAC,KC,0.06978802912377167,-0.43807653127325114,0.16343624945125956,0.0,0.2726724197285733,0.0,0.31385565219975453,0.03468888325031684,-0.021793723146013907,0.0,0.5493545055372259,-0.10089646256245217,0.0,-0.508262187477782,0.9191877734857181,-0.7940571734941034,0.24993646745317902,-0.11095836565148329,0.20294024039940942,0.0,-0.07902664495871209,0.0,0.0,0.0,0.0,0.6918987942197089,-0.3944082554898228,0.3757212021004054,-0.5358274074031576,0.0009765401404859928,0.5747328711263359,1.45790131514114,0.2463937559616295,-0.14241874680921315,15,0.0,-0.5845053866085093,2025.0,1.0,-0.7855050789783283,0.2486634089005745,will dissly,650.0,0.13333333333333333,0.11533007556724117
00-0031610,Darren Waller,TE,MIA,IND,1.2682049837081384,0.6534875512836013,1.6892780905529579,0.0,-0.18924973936836315,0.0,1.616250521408554,-0.5970152497217417,-0.6205964667580269,0.0,-0.329766767038435,0.08876465817522858,0.0,0.33474105089337136,-0.04735505738183404,0.09518084217390284,0.3923618092153136,0.42310230563021606,0.7736012045796643,0.0,-0.7400711001629129,0.0,0.0,0.0,0.0,-0.6325171585198761,0.7211796558965783,0.5415485923471274,-0.01988042851359385,0.03917358636020134,0.9105847934670175,1.466083274819497,0.2390832687288482,0.14532061399594787,13,0.0,-0.6715378389280606,2025.0,1.0,-0.7855050789783283,0.2475083549394112,darren waller,380.0,0.20833333333333334,0.03917502160607786
00-0039732,Bo Nix,QB,DEN,TEN,0.0,0.0,0.0,0.0,0.0,0.8691960161550233,0.0,0.0005712884112331452,0.01942380598192698,-0.6570788210566864,0.0032373010617338487,0.5705871786163516,0.0,0.0,0.01942380598192698,0.03884761196385396,0.07536231790142807,0.03884761196385396,0.01942380598192698,0.4375166256271583,0.002158200643076546,0.0,0.0,1.3224114159594975,0.8193883035270543,-0.5092575434595441,0.0009903837668515133,0.0,0.11291565826181223,0.15842795067472656,1.0774057334976106,1.1738024062772197,0.20908017945325805,0.6980123201388226,30,0.4435494105252976,0.0,2025.0,1.0,-0.5346699743522593,0.2449757317274112,bo nix,350.0,0.2222222222222222,0.02275350950518898
00-0034775,Christian Kirk,WR,HOU,LA,1.2314903180696082,1.252264784517171,0.3051673425951762,0.0,2.108280589586956,0.0020807276492703962,0.17388379704292758,0.7364299410149089,0.3706938097727305,0.0,0.44997029628252583,0.3424086947375023,0.0,0.6113218859293208,-0.33874669759071213,1.1689540563059855,-0.20297268660328693,0.668831700594464,0.03738769635406978,0.0,-0.03271168659443115,0.0,0.0,-0.0011568237595136607,0.011595547393101771,-0.5261357599511012,0.8277443444608431,0.3265871491567517,1.551304942321137,0.07454922771299295,0.13162494730462757,0.3180459704727358,0.2242495682641512,-0.4877059797754064,16,0.0,0.2922998716452489,2025.0,1.0,0.2713376216905684,0.2439169383036986,christian kirk,250.0,0.2857142857142857,-0.041797347410587105
00-0039793,AJ Barner,TE,SEA,SF,-0.30886655341263675,-0.8814009465343315,-0.09882592711340715,0.0,0.633438056424147,0.0,0.17899007683541066,0.5570684731220118,0.462123241171994,0.0,2.161974895304419,-0.42792781824811116,0.0,-0.8250817538759757,1.330652238388831,-0.9850684916645699,0.3400846587949669,-0.5863386154478987,-0.059974740671515314,0.0,1.0479125275849441,0.0,0.0,0.0,0.0,1.7918775412762369,-0.5840864734573303,0.5176639192137776,0.6086292705044926,0.02193734843841352,1.2362649374901893,1.8745955587135352,0.09625695183172493,-0.4301581076143742,28,0.0,0.2925522814940483,2025.0,1.0,-0.7855050789783283,0.24391416152767015,aj barner,400.0,0.2,0.04391416152767014
00-0037545,Rashid Shaheed,WR,NO,ARI,1.8226539052176007,2.736105296066231,0.8956974678474166,0.0,-0.7647071866319797,0.8277162172425382,0.12568203936010333,0.08031028761379108,0.10336040500338398,0.0,0.5819957610267293,0.793461562787538,0.0,2.240677673191596,-0.5497942793683293,2.7842270380497247,-2.161233715947605,0.6542504055631573,0.17920242715421986,0.11592997234729858,-0.10537092966207587,0.0,0.0,0.0740675686594827,3.706072839248152,0.9465536156567568,1.8113639575964813,0.5076072794744481,-1.10855655597637,0.3537343246148245,0.6887253702913408,-0.23485815049824335,0.542422936880192,-0.8905410849026318,0,0.0,-0.007095098875991314,2025.0,1.0,0.2713376216905684,0.2427815871515993,rashid shaheed,360.0,0.21739130434782608,0.02539028280377323
00-0036554,Nico Collins,WR,HOU,LA,1.532169429741181,1.5533373865769025,1.333881375143281,0.0,-0.08401329386461205,0.003599709938893206,1.8461065755344526,1.2724599008700748,0.968451181088218,0.0,0.8177879308290245,0.02796460574194052,0.0,1.2578853423557201,-0.03604850490552804,1.0376546946226768,1.0171008587042285,1.0415122285906606,1.2154626833359308,0.0,0.3867726107296548,0.0,0.0,0.0012437255035558587,0.025197969572252423,1.488271246550306,1.094821696395938,0.44942228151588665,1.551304942321137,0.07454922771299295,0.13162494730462757,0.3180459704727358,0.2242495682641512,-0.4877059797754064,16,0.0,0.7171442988265949,2025.0,1.0,-0.7855050789783283,0.24266378869065391,nico collins,145.0,0.40816326530612246,-0.16549947661546854
00-0036309,Darnell Mooney,WR,ATL,TB,1.6734627132410178,1.8134540165603008,1.6051206708537302,0.0,-1.670264914978317,0.00021982974957069184,0.9245323979379831,-0.8966011450534935,-0.9070372331739511,0.0,-0.6434383001615627,1.4144702069206476,0.0,1.139953268610581,-0.35774096782703924,0.8324193276767228,0.34252433950240835,0.8760625578393884,0.19824151123170936,2.6435159542125513e-05,-0.8807812847661812,0.0,0.0,-8.317727851638508e-05,0.0005642100152281431,-0.6474169648568115,0.681311767503606,0.08091688443848173,-1.051658459579199,0.05303822388299843,0.21670091490858687,0.6594013224855781,0.13673168097385432,0.03022486967388346,29,0.0,-0.5349469623550761,2025.0,1.0,0.2713376216905684,0.2393207753470272,darnell mooney,260.0,0.2777777777777778,-0.03845700243075059
00-0036626,Dyami Brown,WR,JAX,CAR,0.1880137415434763,-0.011860217447824574,-0.0027565653786601747,0.0,-0.284737084076673,0.46424009012826106,-0.05560629367756441,-0.7796237355230515,-0.7929618002813186,0.0,-0.3540826074185877,-0.22525993883077633,0.0,-0.268792691509985,0.606874174975697,-0.3625119438783686,-0.9407950509024691,-0.2635820692627828,0.05532758012009036,0.0,-0.9964831019707114,0.0,0.0,0.1979545030054226,3.7434463426962794,-0.8778657306532123,-0.25463809578828844,-0.017351221448826826,0.20159867703704332,0.16361567172861016,0.8606348756212578,2.222241610826798,0.5666845183212751,0.6057035912842055,4,0.0,-0.5968682174038538,2025.0,1.0,1.328180322359465,0.2370300028441305,dyami brown,425.0,0.19047619047619047,0.04655381236794004
00-0036265,AJ Dillon,RB,PHI,DAL,0.0,0.0,0.0,0.03643401540445006,0.0,10.628398864454232,0.0,-0.3127076791257794,-0.3116205117480834,0.16073107107666626,-0.3553450266894928,-0.05466076608985621,-0.010051767516882876,0.0,-1.0845424704129611,0.062079708958100145,0.18298966972669747,11.524774802686782,1.0367902829147273,0.49242139381071304,-0.6049047853623649,0.048877683519857294,-0.6784477466874897,-0.6725135908573044,36.53767102283772,-0.17495335097858142,-0.6748515176250719,0.0,0.37025783506720783,-0.5368726883054981,-0.8951668133397735,1.5624935542431444,0.7386850484057496,1.3077136466110257,8,-0.2969034068226795,-0.40345480273003875,2025.0,1.0,1.9175071814067663,0.23573291144519998,aj dillon,800.0,0.1111111111111111,0.12462180033408887
00-0033555,Mack Hollins,WR,NE,LV,-0.74222151088162,-0.5709212864958836,-0.7618232399199708,0.0,-0.281751022544885,5.388620241106925e-05,-0.7684442035347677,-0.21955024007775895,-0.37532694669716493,0.0,0.5914093795258201,0.6518829615088613,0.0,-0.6805258494862289,-0.1707216144977327,-0.20384844283632345,0.3687862277521746,-0.25529599582108214,-0.2512281449138258,0.0,0.6944483563078127,0.0,0.0,5.026362730963326e-05,0.0006611178946805178,-0.1650652954091793,-0.3298368889751945,-0.061730480117487836,0.9065299180982566,0.10150525741412077,0.5819558703581198,-0.1105324446235212,0.019174362034883072,0.20286848615698008,18,0.0,0.7141770519945362,2025.0,1.0,2.3850230230283613,0.23386747429996413,mack hollins,700.0,0.125,0.10886747429996413
00-0030279,Keenan Allen,WR,LAC,KC,1.0451745488910613,0.5633393940107665,1.0602485264417896,0.0,-0.7380762683722129,8.132117399445089e-05,0.6936947981095383,1.6100291951086505,1.4850703401155922,0.0,0.23043346190530212,1.323794532510888,0.0,1.068837459015933,-0.17134843228350446,0.7865527064300387,0.9518223489811172,0.8512049903969546,1.205878648738017,2.699564822110722e-06,0.9268484119865025,0.0,0.0,1.4708327966982091e-05,0.0003265885668893307,0.7332349134113585,1.5737224646107604,-0.10333589097644184,-0.5358274074031576,0.0009765401404859928,0.5747328711263359,1.45790131514114,0.2463937559616295,-0.14241874680921315,15,0.0,2.208606611572082,2025.0,1.0,1.328180322359465,0.22946252770405626,keenan allen,275.0,0.26666666666666666,-0.037204138962610406
00-0036040,Juwan Johnson,TE,NO,ARI,1.0843056435643867,0.3473417325987789,0.85218540981892,0.0,0.04736416341451004,0.0,0.8845225416048346,-0.7935943592647932,-0.8217075082535183,0.0,0.12573116536553647,0.6750070374997451,0.0,0.29483259721779614,-0.01099495248445732,0.31763403872012314,0.43687977193919575,0.7179299756778846,0.8375099991619508,0.0,0.48725056589448545,0.0,0.0,0.0,0.0,-0.3564110086951089,0.3932523720137231,0.45887113785120476,-1.10855655597637,0.3537343246148245,0.6887253702913408,-0.23485815049824335,0.542422936880192,-0.8905410849026318,0,0.0,-0.7059676340951654,2025.0,1.0,-0.7855050789783283,0.22871237737793162,juwan johnson,450.0,0.18181818181818182,0.0468941955597498
00-0039880,Malik Washington,WR,MIA,IND,0.6163013013209426,-0.19289240027068363,0.9826405112017086,0.0,0.8892968030388707,0.307748575527307,0.9283343439373525,-0.5125030341954514,-0.5190099282673487,0.0,-0.6856917621513873,0.3045379097431786,0.0,-0.19129263412001835,0.17604044917579056,-0.44821829989901246,0.939953253166837,-0.009053170016954196,0.23706038263701887,0.009853859723516748,-1.0175746388845894,0.0,0.0,-0.29659319791300304,-1.5333843960174134,-0.8188270408954903,-0.08517286578284962,0.0012399088520655007,-0.01988042851359385,0.03917358636020134,0.9105847934670175,1.466083274819497,0.2390832687288482,0.14532061399594787,13,0.0,-0.6626016756499646,2025.0,1.0,1.328180322359465,0.22868830264149195,malik washington,425.0,0.19047619047619047,0.03821211216530149
00-0034791,Nick Chubb,RB,HOU,LA,0.0,0.0,0.0,0.5025886059785335,0.0,11.739597140476427,0.0,-0.21595846651700945,-0.2311180221489483,-0.37730880132600175,0.1838720382318367,0.059583886973425114,0.35750961678433585,0.0,0.12293115885601075,-0.09301747049458904,-2.894900054420466,4.675244458715894,0.6085836866773386,-0.25828517109255533,-0.49391221115234984,0.6382692987691662,0.2972612904456098,-1.5282548685382906,44.70213438779385,0.10885000880406176,-0.7098899154747436,0.03125,0.7983562771771706,-0.5544412277291217,-1.4097183478367827,1.0760569423962627,0.2242495682641512,-0.4981055115374764,16,-0.777775104802762,-0.3802087805520229,2025.0,1.0,-1.0476569772685318,0.22642731833393237,nick chubb,205.0,0.32786885245901637,-0.101441534125084
00-0039150,Bryce Young,QB,CAR,JAX,0.0,0.0,0.0,0.0,0.0,0.20108074257539915,0.0,0.0,0.0,0.5171341272183231,0.0,0.6405980074383852,0.0,0.0,0.0,0.0,0.0,0.0,0.0,1.0620045715695219,0.0,0.0,0.0,1.1050244402359979,0.5843986783270888,2.186243859558256,0.0,0.0,0.3316152125857753,0.036409165946468286,0.9172326236586155,0.7782861400448089,-0.888341329948419,-0.21176341836908058,14,-0.4455990653669374,0.0,2025.0,1.0,-0.5346699743522593,0.21886325484771976,bryce young,550.0,0.15384615384615385,0.06501710100156591
00-0038824,Ryan Miller,WR,TB,ATL,-0.948822635592318,-0.8703957303632662,-1.006900186667171,0.0,-0.3363708023883521,0.0,-0.9639259293609419,0.9222258089425002,0.9384815591792417,0.0,-0.43936283009732086,-0.41555109326959333,0.0,-0.8396827528000268,0.5901324710906569,-0.48317145732753763,-0.0895272819390306,-0.7014727655565124,-0.6444052273443758,0.0,-0.20405169606330653,0.0,0.0,0.0,0.0,0.38701435238592263,-0.6050327178107288,-0.10333589097644184,1.4121172267466708,0.5790310404124528,0.6192851740867521,0.3732040674294659,0.5816280991826792,0.6057035912842055,1,0.0,0.13908141754859704,2025.0,1.0,4.498708424366155,0.2169563537390811,ryan miller,1300.0,0.07142857142857142,0.14552778231050967
00-0035500,Greg Dortch,WR,ARI,NO,-0.9436936816262274,-0.9592113306602699,-1.0331904472795175,0.0,-0.24910690139712385,0.5905675509405742,-1.032843775990841,-0.895814919178702,-0.9112672698514263,1.1805700295605826e-05,0.6347818788151715,-0.8667346552539776,0.0,-0.8789911633612882,2.7677507827712295,-1.2179952166574026,0.813776745766372,-0.24337098012155556,-0.13557275206021394,0.013202561447892837,0.20298747818004567,0.0,0.0,0.3043959158973534,4.117947647612228,0.48280695050712447,-0.9314070634019238,-0.10333589097644184,-0.2670158723689448,0.008117829382507597,1.0023139572034183,0.8256701713960359,0.0014111249868368713,0.6057035912842055,22,0.0,0.8020464241951388,2025.0,1.0,2.3850230230283613,0.21557155183890475,greg dortch,700.0,0.125,0.09057155183890475
00-0040666,Omarion Hampton,RB,LAC,KC,0.0,0.0,0.0,-1.0402204016532295,0.0,0.0,0.0,-0.3368507586400777,-0.3300074638160398,-0.9192014638748908,-0.38597628525234445,-1.806502935649246,-0.8573837953239367,0.0,-0.04450075579759117,0.0,-0.007553852139574016,0.0,0.0,-1.2270527235015927,-0.8108874057161387,-0.9982648413317979,-0.1542034303783317,0.38141538762703187,0.0,-1.0277304802571594,-1.3940893505330474,0.0,0.21964297318287632,-0.9308145367550695,-0.2697819552255024,1.5690646440993785,0.2463937559616295,-0.14859212608937922,15,-0.9162750173037733,-0.45280142731106665,2025.0,1.0,-1.0476569772685318,0.2150764934862565,omarion hampton,150.0,0.4,-0.18492350651374354
00-0030564,DeAndre Hopkins,WR,BAL,BUF,-0.09116866033738308,0.3186537637708232,-0.24524245131186337,0.0,-0.4119340685807959,0.0003074150739033543,0.13985665416978113,0.6603525706052262,0.881258435356059,0.0,0.09427233146020345,-0.2840066545870639,0.0,0.22992375445266305,-0.43460766005440316,0.5730095130134333,-0.0750671445831266,-0.04819323300171363,0.42687546022643535,5.3351693053845986e-05,-0.2777622595995649,0.0,0.0,6.197446277762308e-05,0.001293143039271222,-0.05365067840565508,0.29296137147080015,-0.30698361446007283,0.21733150160748183,0.15983714427798834,0.49691451825600724,0.6356074910050029,0.29080984768337426,0.4906078469621411,3,0.0,0.15152521300476338,2025.0,1.0,1.328180322359465,0.21304367160818416,deandre hopkins,425.0,0.19047619047619047,0.022567481131993694
00-0036945,Justin Fields,QB,NYJ,PIT,0.0,0.0,0.0,0.0,0.0,0.042518048580753635,0.0,0.0,0.0,-0.013348334514842129,0.0,-1.6654675298848298,0.0,0.0,0.0,0.0,0.0,0.0,0.0,-0.23850101006013125,0.0,0.0,0.0,0.44100874812445046,0.31677674503780334,0.04063077880303477,0.0,0.0,0.5868726806907731,0.0056675459404362805,0.45384673220877014,1.328705583121639,-0.31369671275476335,-1.06467817322024,26,-0.26040809793120545,0.0,2025.0,1.0,-0.5346699743522593,0.20792222473369254,justin fields,200.0,0.3333333333333333,-0.12541110859964077
00-0039847,Theo Johnson,TE,NYG,WAS,1.791313553144637,0.16846896657776,2.69172059732322,0.0,0.6394632380795369,0.0,1.371300184839314,-0.8777448094994615,-0.8830808386588451,0.0,-0.6423497747194092,1.1362062071784884,0.0,0.09256118474873463,0.6132299658395394,-0.29464353227501305,-0.06442278363383458,0.34747248104012074,0.4793267033336702,0.0,-1.075781944757051,0.0,0.0,0.0,0.0,-0.4039530148373183,0.2201306733031433,0.21910635068534276,0.25676756761207004,0.10466820660835077,1.1520206198950518,-1.1760115185404736,0.057315046567697626,-0.6028017240974708,31,0.0,-0.7837705107020492,2025.0,1.0,-0.7855050789783283,0.2077095051678431,theo johnson,370.0,0.2127659574468085,-0.005056452278965423
00-0038563,Tre Tucker,WR,LV,NE,-0.5737352414083979,0.46557291571777815,-0.32358542591119627,0.0,-0.26913793786857304,0.4696378916810081,-0.5224497865289209,0.19907941988616573,0.2277393719859295,0.0035998585575943683,-0.6856917621513873,1.2562627868281822,0.0,0.14523640595221468,-0.5795640013456772,1.070450198542211,-0.14596055932788615,-0.20471862634621563,-0.1800027815762058,0.005553271529876275,-0.7164376249420077,0.0,0.0,-0.19301333178101399,0.898403502233807,0.32972438679163074,0.3953001877402044,-0.17920464919826107,-0.8650390561689161,0.6198820078862533,0.9075319134771587,-0.04453702212033167,0.07598883933407122,-0.4877059797754064,21,0.0,-0.4580480909545624,2025.0,1.0,0.2713376216905684,0.2068055416399135,tre tucker,450.0,0.18181818181818182,0.02498735982173167
00-0037801,KaVontae Turpin,WR,DAL,PHI,1.1390912773516129,0.21774202927654995,0.28075226057368674,0.0,0.718780983058449,1.5858188907126505,-0.14287464450343265,-0.07926355168219487,-0.16558124720667294,0.0,-0.44667273235800287,-0.7184737455401571,0.0,-0.19024324958391345,-0.1337443810269319,-0.22347556649408923,-0.1337668667392326,-0.2316531284309543,-0.5517669119154435,0.048602971587403086,0.1242630696211356,0.0,0.0,0.3864915958206957,10.965159802686273,-0.7560928516733035,-0.26230253552276644,0.17025151217672152,-0.20251120553062518,0.0013402645450656147,0.15672110580871668,0.8932100971754651,0.03151196867229631,-0.660349596258503,25,0.0,0.7399451612723252,2025.0,1.0,2.3850230230283613,0.2048099168232625,kavontae turpin,750.0,0.11764705882352941,0.08716285799973308
00-0036997,Javonte Williams,RB,DAL,PHI,0.0,0.0,0.0,-0.8924951430159693,0.0,4.583455992312561,0.0,-0.33682562623646656,-0.3299854877964021,-0.5963027897175807,-0.36685745424132865,0.21068999665769547,-0.7201084645504957,0.0,0.5854305713642289,-3.232837017332433,-0.06239336600381331,22.84434344609164,3.0917182050085876,-0.5646356275115748,0.2376877063561026,-0.8889666599304509,-0.21656678380314706,0.3972605838552607,18.552590657748425,-0.5421586893480621,0.9590073786599769,0.1379310339689254,0.31206381103054004,-0.9289538441224915,-1.3451561433363208,1.324825652859504,0.03151196867229631,-0.672862204261525,25,-0.8035161449144138,-0.4484841069115596,2025.0,1.0,-1.0476569772685318,0.2043239086355143,javonte williams,225.0,0.3076923076923077,-0.1033683990567934
00-0039424,Devaughn Vele,WR,NO,ARI,-0.7189733786295962,-0.7394572666106478,-0.8145674099048468,0.0,-0.309608089140724,0.0,-0.7510682857084702,0.6792698239165649,0.5912607421610504,0.0,1.8159181754015095,-0.12609602255295457,0.0,-0.6352556638252629,-0.08344899771707938,-0.2519886871158072,1.1706600597423846,0.008183862483654611,-0.06281550493418604,0.0,0.2670363381267461,0.0,0.0,0.0,0.0,1.2744357057401998,-0.14687202877228184,0.03008847958179775,-1.10855655597637,0.3537343246148245,0.6887253702913408,-0.23485815049824335,0.542422936880192,-0.8905410849026318,0,0.0,0.28625012656121457,2025.0,1.0,2.3850230230283613,0.20347444959698924,devaughn vele,650.0,0.13333333333333333,0.0701411162636559
00-0037525,Jordan Mason,RB,MIN,CHI,0.0,0.0,0.0,0.09948058274063896,0.0,7.834856724162361,0.0,-0.3368507586400777,-0.3300074638160398,-0.5657712334040393,-0.38597628525234445,-0.2783252077112274,-0.43616221753082035,0.0,0.023788469298174342,1.540344148723879,-0.16930652813694264,3.2113449708387525,0.466071578790114,-0.18708726870154305,-0.6192429617054049,0.3245720633012739,0.9608191458875005,0.5098316406062923,41.81023606787083,-0.8713941949043177,-0.8000355100642469,0.0,0.25405213564261714,-0.9295274235957052,1.491787964776155,0.6960743735746436,0.027779075847396043,0.026164566634669394,5,0.5063849541249139,-0.45207837592504,2025.0,1.0,-0.059268924376765696,0.20107604844467858,jordan mason,170.0,0.37037037037037035,-0.16929432192569177
00-0039356,Ja'Tavion Sanders,TE,CAR,JAX,0.5031510185155496,-0.34711752414597646,0.19618960013427234,0.0,0.09455175979266292,0.0,-0.08865082646508803,-0.7269108422301112,-0.7882892975969328,0.0,-0.37752739044374267,-0.1633628526746281,0.0,-0.45292378559567115,-0.03000201446131295,-0.5678809033801838,-0.06401547435851601,-0.5156843863253338,-0.5297653332649489,0.0,-0.4407709796079947,0.0,0.0,0.0,0.0,-0.6599261546322001,-0.5760452951965945,0.08091688443848173,-0.13199898058826626,0.036409165946468286,0.9172326236586155,-0.3704131334600792,0.021548742892345627,-0.19996661897024537,14,0.0,-0.5889054382221636,2025.0,1.0,-0.7855050789783283,0.1992959298792221,jatavion sanders,425.0,0.19047619047619047,0.008819739403031629
00-0040162,Dylan Sampson,RB,CLE,CIN,0.0,0.0,0.0,-1.0402204016532295,0.0,0.0,0.0,-0.3368507586400777,-0.3300074638160398,-0.9192014638748908,-0.38597628525234445,-1.806502935649246,-0.8573837953239367,0.0,-0.04450075579759117,0.0,-0.007553852139574016,0.0,0.0,-1.2270527235015927,-0.8108874057161387,-0.9982648413317979,-0.1542034303783317,0.38141538762703187,0.0,-1.0277304802571594,-1.3940893505330474,0.0,0.5528264436029405,-0.3995560035366276,0.43501132670988696,1.0210015686835134,0.044345541000162955,-0.3233488188134278,6,-0.9162750173037733,-0.45280142731106665,2025.0,1.0,-1.0476569772685318,0.198846059915592,dylan sampson,170.0,0.37037037037037035,-0.17152431045477834
00-0038935,Brenton Strange,TE,JAX,CAR,-0.7544854078763265,-0.8228679234569892,-0.7640316644132028,0.0,-0.2680277700982063,0.0,-0.5779373795208991,-0.7194182743758011,-0.6933708859433513,0.0,-0.4198159331819157,0.2638453997231369,0.0,-0.7112080188752984,0.06448925503472364,-0.5765703583300626,0.4688924626528285,-0.016420493920441204,0.10644798221255265,0.0,-0.8730154956947528,0.0,0.0,0.0,0.0,-0.8350723181867185,-0.4141582893475056,-0.061730480117487836,0.20159867703704332,0.16361567172861016,0.8606348756212578,2.222241610826798,0.5666845183212751,0.6057035912842055,4,0.0,-0.7033041915245519,2025.0,1.0,-0.7855050789783283,0.19807911949619667,brenton strange,370.0,0.2127659574468085,-0.014686837950611847
00-0033873,Patrick Mahomes,QB,KC,LAC,0.0,0.0,0.0,0.0,0.0,-0.23094750434910144,0.0,3.3728688449160045e-13,1.6864344224580038e-11,-0.7224915475785014,8.432172112290019e-12,0.6387178032497713,0.0,0.0,0.0,-0.0018753063097767743,-0.000738751074616741,0.00369898743931585,0.0018408889990416755,0.17832752609470298,1.873816006215177e-12,0.0,0.0,0.5355444473620349,0.24512970209816143,0.33214114944854034,9.40675008258323e-05,0.0,0.32434459951516,0.25123442265472884,0.2416220633268991,1.2206522249500296,-0.7593739254952233,0.5274293691685907,17,-0.40808208203194857,0.0,2025.0,1.0,-0.5346699743522593,0.1963067199207475,patrick mahomes,550.0,0.15384615384615385,0.04246056607459364
00-0036427,Tyler Johnson,WR,NYJ,PIT,-0.19172729221389218,-0.32312486367695586,-4.999608263163932e-05,0.0,2.148123109786923,0.0,-0.06316658053191451,0.8153828845110069,0.6470003479609363,0.0,0.5892374477223397,-0.5820563230881203,0.0,-0.24017934177856687,-0.12924178694257057,-0.6364617698877445,-0.6777158101267504,-0.4891057681495877,-0.3033010332653122,0.0,0.6071099487864194,0.0,0.0,0.0,0.0,0.46644212241689087,-0.4281717803428175,0.4125716649319245,0.7885883214722906,0.0056675459404362805,0.45384673220877014,0.902180665446422,0.14206908958213937,-1.0631847013857285,26,0.0,1.3482807599374373,2025.0,1.0,1.328180322359465,0.19621186678524846,tyler johnson,1400.0,0.06666666666666667,0.12954520011858178
00-0036355,Justin Herbert,QB,LAC,KC,0.0,0.0,0.0,0.0,0.0,0.28397518727782195,0.0,0.0,0.0,-0.2623054476953214,5.617696023375981e-07,0.588558922524396,0.0,0.0,0.0,-0.00045556104614826576,0.00011120383598735749,0.0006294326161056141,6.502184355175633e-05,-0.29979585307091355,3.747530434226503e-07,0.0,0.0,0.8090403295281591,0.5128469780011369,-0.43518101554238,1.3976092090358632e-06,0.0,0.21964297318287632,0.0009765401404859928,0.5747328711263359,1.5690646440993785,0.1837264163854282,-0.15490243471233664,15,-0.07504563059323344,0.0,2025.0,1.0,-0.5346699743522593,0.1959947900092275,justin herbert,550.0,0.15384615384615385,0.042148636163073655
00-0038611,Chris Rodriguez Jr.,RB,WAS,NYG,0.0,0.0,0.0,-0.44567700183287035,0.0,5.3019642423711835,0.0,-0.3368507586400777,-0.3300074638160398,-0.2547011889542476,-0.38597628525234445,-0.9779225883779552,-0.5075584370386743,0.0,0.8513663252670006,0.16189156883547767,0.3600584954261221,3.7775755034633267,0.33656654665474806,-0.5576031578184745,-0.8108874057161387,-0.16462589392828958,0.7218221047919794,0.9730652860910703,23.73038630359092,0.6630983475899042,-1.196278422762479,0.0285714287310838,0.4921145737768397,-0.38450316927891964,0.8467334734652048,1.216078769407326,0.06545478851764222,0.78344356843888,23,-0.1827964662585076,-0.45280142731106665,2025.0,1.0,1.9175071814067663,0.19055330929183076,chris rodriguez,180.0,0.35714285714285715,-0.1665895478510264
00-0038797,Emanuel Wilson,RB,GB,DET,0.0,0.0,0.0,0.15101267872726745,0.0,8.065329378254612,0.0,-0.3368507586400777,-0.3300074638160398,-0.08017983707130281,-0.38597628525234445,-0.4789904767022674,0.16782087159751338,0.0,-0.06621493124689058,-2.941351279451319,-0.4264355206602348,0.19910616720363652,0.5009055620363061,-0.5279235563349457,-0.7681846209248904,0.1385236949399544,0.42104382248094824,1.5816276787594103,40.49396240823956,1.5492449598191667,-1.1298958764061993,0.0399999991059303,0.22413609363858397,0.640863289044432,-0.5011517140697862,0.8648918385692416,0.6289305862360746,0.6086868757148314,10,-0.5481387734737025,-0.41236991657153255,2025.0,1.0,0.9291191285150003,0.19021141682808954,emanuel wilson,650.0,0.13333333333333333,0.056878083494756204
00-0035228,Kyler Murray,QB,ARI,NO,0.0,0.0,0.0,0.0,0.0,0.40836677056382653,0.0,0.0,0.0,0.32209146344167355,0.0,0.5650842425762146,0.0,0.0,0.0,0.0,0.0,0.0,0.0,0.9700318072590399,0.0,0.0,0.0,0.698538909422016,0.8821546703475708,0.2060676271456855,0.0,0.0,0.29417816574600103,0.008117829382507597,1.0023139572034183,1.2956134341885444,-0.98435809433998,0.5842903528253347,22,-0.5613887873922786,0.0,2025.0,1.0,-0.5346699743522593,0.1900650130583904,kyler murray,190.0,0.3448275862068966,-0.15476257314850617
00-0040122,Ashton Jeanty,RB,LV,NE,0.0,0.0,0.0,-1.0402204016532295,0.0,0.0,0.0,-0.3368507586400777,-0.3300074638160398,-0.9192014638748908,-0.38597628525234445,-1.806502935649246,-0.8573837953239367,0.0,-0.04450075579759117,0.0,-0.007553852139574016,0.0,0.0,-1.2270527235015927,-0.8108874057161387,-0.9982648413317979,-0.1542034303783317,0.38141538762703187,0.0,-1.0277304802571594,-1.3940893505330474,0.0,0.12836023253837028,2.235299228494584,0.5863745687425305,0.9192333518493867,0.07598883933407122,-0.4981055115374764,21,-0.9162750173037733,-0.45280142731106665,2025.0,1.0,-1.0476569772685318,0.18989072207456387,ashton jeanty,-120.0,0.5454545454545454,-0.35556382337998155
00-0036919,Kenneth Gainwell,RB,PIT,NYJ,0.0,0.0,0.0,-0.1986703532469028,0.0,6.251550633701743,0.0,-0.3368507586400777,-0.3300074638160398,-0.9021130580162955,-0.385976131548043,-0.27527090874189486,0.21585761381046803,0.0,-0.16718008436593812,3.9295512207160503,0.1632735383104327,9.868129580122462,1.4937517291424713,-0.051954453392347576,-0.08044645433540848,-0.6242696509476148,-1.8416663407262521,-1.3584119837085915,14.827020846687951,-0.8191145144732649,0.12380564745897078,0.0975609719753265,0.5668111435994624,-0.9278496526458924,0.4558625822202867,0.993391907412669,0.3650016079818515,-0.381601049721444,24,0.17729215420915964,-0.44930962608271124,2025.0,1.0,-0.059268924376765696,0.1843766284084647,kenneth gainwell,500.0,0.16666666666666666,0.017709961741798036
00-0034383,Dalton Schultz,TE,HOU,LA,0.3722327792481796,-0.20687854639477665,0.5323049909921228,0.0,0.3180140287839225,0.0,0.039736077357000715,-0.1896372307952994,-0.09087257108366288,0.0,-0.6849403409957032,0.5570257523527445,0.0,-0.373210375760076,-0.14690390731991337,-0.11519007743145265,-0.25714452051619835,-0.09657477944261512,0.19119003731419593,0.0,0.13938755125314492,0.0,0.0,0.0,0.0,0.1263303943025377,0.1709016634713061,-0.2875885895151443,1.551304942321137,0.07454922771299295,0.13162494730462757,0.3180459704727358,0.2242495682641512,-0.4877059797754064,16,0.0,0.14040847880327775,2025.0,1.0,-0.7855050789783283,0.18417200536336195,dalton schultz,360.0,0.21739130434782608,-0.03321929898446413
00-0037834,Brock Purdy,QB,SF,SEA,0.0,0.0,0.0,0.0,0.0,0.03574480118706496,0.0,0.0,0.0,0.7017815903326252,0.0,0.5894534260715765,0.0,0.0,0.0,0.0,0.0,0.0,0.0,0.25725067900823523,0.0,0.0,0.0,0.9832146215969056,0.07543484548744764,1.1719349178316927,0.0,0.0,0.3155224667483951,0.1276270168870706,0.1657294972078175,1.175464127111361,-0.852222855996927,0.12940248357138312,27,-0.4663214221271187,0.0,2025.0,1.0,-0.5346699743522593,0.1821598583097883,brock purdy,550.0,0.15384615384615385,0.02831370446363443
00-0039363,Isaac Guerendo,RB,SF,SEA,0.0,0.0,0.0,-0.21993178458772797,0.0,7.620285069694811,0.0,-0.3368507586400777,-0.3300074638160398,-0.10042886346511493,-0.38597628525234445,-0.06933625108779713,0.1656875535598684,0.0,-0.0051323735740642145,7.347408341071937,1.0429375083546615,21.929139862545938,1.846239541474905,-0.5150543673257881,-0.8108874057161387,-0.26188603447719655,0.24503845768082544,0.1471118836049598,32.25197981903183,-0.16911362966148277,0.04109064146239302,0.0,0.3155224667483951,-0.28291297714643726,-1.3219812176745234,1.175464127111361,0.029123878675916568,0.14266902845070178,27,-0.7881097026146879,-0.45280142731106665,2025.0,1.0,0.9291191285150003,0.18121778081425655,isaac guerendo,800.0,0.1111111111111111,0.07010666970314544
00-0039875,Ray Davis,RB,BUF,BAL,0.0,0.0,0.0,0.06795343466618362,0.0,8.786239656079859,0.0,-0.3368507586400777,-0.3300074638160398,-0.4986185759055079,2.588269099046145,-0.2910998461361373,0.3657192946698768,0.0,0.9418268049961204,-2.38157382315263,1.515770057996882,7.950392553572158,1.3227090044073404,-0.6018648316252053,1.5601955529976599,0.2491002549914412,0.642024866560985,-0.47029391175890656,31.939504469025955,0.9741932282122966,-0.3847575119092258,0.0967741906642913,0.5472581176423615,-0.059127230962788234,-1.0359461818551694,0.4145099647774652,0.13011459202894737,0.8416957993468962,2,-0.7282356720709401,0.7954765916253957,2025.0,1.0,-0.059268924376765696,0.1804760776972598,ray davis,450.0,0.18181818181818182,-0.001342104120922033
00-0034386,Justin Watson,WR,HOU,LA,-0.9794681963932199,-0.9747395721525636,-1.073379624762095,0.0,-0.3101459451101854,0.0,-1.0606920185943027,0.12984970861504472,0.3240694611383737,0.0,-0.681611598901893,0.2760028637244817,0.0,-0.8912576011366308,-0.5760450212569486,0.027373507369901344,-0.22388182962908457,-0.6316058174637718,-0.9176923553324299,0.0,-0.825667905669819,0.0,0.0,0.0,0.0,0.4062059031593233,-0.16502273831961517,0.4277454934525099,1.551304942321137,0.07454922771299295,0.13162494730462757,0.3180459704727358,0.2242495682641512,-0.4877059797754064,16,0.0,-0.5107886654512884,2025.0,1.0,3.441865723697258,0.17934443274319634,justin watson,1700.0,0.05555555555555555,0.12378887718764078
00-0039146,Jayden Reed,WR,GB,DET,-0.33839286951212083,-0.7608523634446019,-0.26013450786178505,0.0,0.22559484001616037,1.4522607282375952,-0.46165076016472173,-0.5698241323010336,-0.6863172249440546,0.00034148983588468113,2.0692929107392355,0.28979442969486846,0.0,-0.7184824639437385,1.3219912440392554,0.06019496425260124,0.13834142631091054,0.14172755638701684,-0.2562732020350665,0.11329687244799522,1.4192511212143692,0.0,0.0,-2.4859400508456,5.769614990817742,-0.46861435860246464,0.07833534313131628,-0.5676527374197053,-0.5196229465939969,0.30820491917044496,0.48479647279645116,-0.17017697487515296,0.6289305862360746,0.6057035912842055,10,0.0,1.260409933963768,2025.0,1.0,-0.7855050789783283,0.1792707551131606,jayden reed,230.0,0.30303030303030304,-0.12375954791714244
00-0039792,Devontez Walker,WR,BAL,BUF,-0.9859290502998239,-0.9788765439970513,-1.076195116208836,0.0,-0.299371720492203,0.0,-1.0637870082686187,0.6726078567543724,0.2420491530639316,0.0,-0.6856917621513873,-1.3664051594765374,0.0,-0.8951406048177183,-0.6294716681762123,0.14021169082795876,-0.41397379738305845,-1.0043518690401094,-1.2843737773248687,0.0,-1.1086117928300876,0.0,0.0,0.0,0.0,1.0495658931960794,-0.06847884701632988,-0.10333589097644184,0.21733150160748183,0.15983714427798834,0.49691451825600724,0.6356074910050029,0.29080984768337426,0.4906078469621411,3,0.0,-0.7973479822883568,2025.0,1.0,3.441865723697258,0.17850793426329398,devontez walker,1100.0,0.08333333333333333,0.09517460092996065
00-0037617,Hassan Haskins,RB,LAC,KC,0.0,0.0,0.0,-0.30809497933489377,0.0,5.6456283146706925,0.0,-0.3368507586400777,-0.3300074638160398,0.10887891348053222,-0.38597628525234445,-0.5259136145824002,0.619538383193905,0.0,0.6070421887812776,1.2771804416705153,0.8470676370836417,7.991329241583693,0.5375033498268188,-0.30334008246851696,-0.8108874057161387,-0.6657804895071341,-0.6447371607957324,0.30664979580564317,16.521442020517362,0.815338571533665,-1.0154888384463192,0.0,0.21964297318287632,-0.9308145367550695,-0.2697819552255024,1.5690646440993785,0.2463937559616295,-0.14859212608937922,15,-0.3396484763434339,-0.45280142731106665,2025.0,1.0,0.9291191285150003,0.17596344304752876,hassan haskins,900.0,0.1,0.07596344304752875
00-0033857,JuJu Smith-Schuster,WR,KC,LAC,-0.8333281901351597,-0.9216628471678843,-0.9898184984861852,0.0,-0.2372449953709996,1.8914433332884896e-06,-0.9660364647428548,-0.8463671292878865,-0.852796735471559,1.4576474516711548e-07,-0.5978215860655097,0.19325485971841092,0.0,-0.8177785614318265,0.6146082875586187,-0.9348468814643348,-0.7349399250241924,-0.8534913655382794,-0.8134259541718148,1.4576474516711548e-07,-0.7317327733074417,0.0,0.0,-1.700208482102233e-07,5.674329999865468e-06,-0.3499550180922472,-0.7751431979099539,-0.17920464919826107,-0.15822048204204855,0.25123442265472884,0.2416220633268991,0.6523565807601198,0.04859710605685069,0.5481557191231733,17,0.0,-0.3643629614716038,2025.0,1.0,1.328180322359465,0.17444885288587744,juju smithschuster,475.0,0.17391304347826086,0.0005358094076165776
00-0037005,Tommy Tremble,TE,CAR,JAX,-0.6696015900355369,-0.8605489062331043,-0.8663270664312522,0.0,-0.15241410203678954,1.1727679542122711e-06,-0.8599733681186429,0.00240024569938935,0.023863024880640987,1.9359061452291474e-08,0.22885586606583927,0.4625789099407172,0.0,-0.8206787481026954,0.6200814828517681,-0.7339877181311795,0.5346146631799956,-0.31659592155453037,-0.28580349941335376,2.4491479631154324e-07,-0.4134969265003935,0.0,0.0,2.626874423338022e-07,4.578529634528767e-06,0.9333629944620074,-0.598285156074876,-0.5086918277615878,-0.13199898058826626,0.036409165946468286,0.9172326236586155,-0.3704131334600792,0.021548742892345627,-0.19996661897024537,14,0.0,-0.5803928212868248,2025.0,1.0,0.2713376216905684,0.17349113546983194,tommy tremble,475.0,0.17391304347826086,-0.00042190800842892284
00-0033040,Tyreek Hill,WR,MIA,IND,0.2853557740752408,0.9972738746506167,0.7203745540743343,0.0,-0.5255578021672263,0.13422601196676012,0.8506311648968419,1.623665638897184,1.8629818036919248,1.5365572529010046e-06,1.2158387688866672,0.6597577124534398,0.0,1.9909366005430829,-0.3342552365577365,1.1023512188538878,0.4430788974970168,0.8543968618332204,1.0539112974667104,2.502469324824895e-05,1.9352182796556137,0.0,0.0,0.02162064368888426,0.7847969133049169,0.6074004403909444,1.3849492018235505,-0.5564979977381926,-0.01988042851359385,0.03917358636020134,0.9105847934670175,1.466083274819497,0.2390832687288482,0.14532061399594787,13,0.0,3.707898969388779,2025.0,1.0,-0.7855050789783283,0.1717978451370065,tyreek hill,135.0,0.425531914893617,-0.2537340697566105
00-0039918,Caleb Williams,QB,CHI,MIN,0.0,0.0,0.0,0.0,0.0,0.4177609303388136,0.0,0.0,0.0,-0.7052475936727549,0.0,0.6564003297572116,0.0,0.0,0.0,0.0,0.0,0.0,0.0,-0.5659804919102539,0.0,0.0,0.0,-0.46670260507720013,0.5678830552621655,-0.7162800988825386,0.0,0.0,0.1522487851967562,0.2981972770785582,1.4717239714552464,0.8249988208695755,-0.8954042081859951,-0.3254853856825685,20,-0.5435019546797847,0.0,2025.0,1.0,-0.5346699743522593,0.16881571430601444,caleb williams,650.0,0.13333333333333333,0.03548238097268111
00-0033288,George Kittle,TE,SF,SEA,1.4235271755748913,0.3081022765146509,1.01111482535111,0.0,1.5235378108248625,8.894151399394186e-05,1.2028335083153772,-0.11003307118454501,-0.09491171294808826,0.0,0.12005629019717493,0.7376498117615771,0.0,0.20367132093815338,0.4743404781508483,0.3207341664820706,1.916509141126734,1.6480012943973434,1.170453435544051,9.255152111506751e-12,0.11267308798486239,0.0,0.0,5.020783067772859e-05,0.0001780782188903268,-0.388483441947635,0.40202666189351327,-0.6560939865925492,-0.19003754683732957,0.1276270168870706,0.1657294972078175,0.5478797243968847,0.029123878675916568,0.14532061399594787,27,0.0,-0.4346657894102391,2025.0,1.0,-0.7855050789783283,0.16873641471316284,george kittle,150.0,0.4,-0.2312635852868372
00-0032211,Tyler Lockett,WR,TEN,DEN,-0.9073026829609535,-0.8758702683575877,-1.01456023883139,0.0,-0.3570093736079855,2.418874731704195e-08,-0.9843006574285441,-0.476471811005989,-0.5006233629212946,0.0,-0.6420913706705336,0.31098897860794844,0.0,-0.8193880311112609,-0.2266970738802458,-0.10011208561456247,-0.34468834689655503,-0.448044718954073,-0.3884337743504979,0.0,1.3495809434909793,0.0,0.0,-3.4766045498108395e-09,9.877071821125474e-08,-0.7823338714176516,-0.012862767468340969,0.13551022534728263,-0.6624067479791415,0.30186054210349794,0.34457457003732633,-0.05722169150615405,0.3096701287682889,-1.2358283178688252,9,0.0,1.3167293132124758,2025.0,1.0,1.328180322359465,0.16850666731942654,tyler lockett,500.0,0.16666666666666666,0.0018400006527598822
00-0035689,Dawson Knox,TE,BUF,BAL,-0.840058715053512,-0.8404705628540764,-0.9033125874338814,0.0,-0.3938728606821316,0.0,-0.9157473357386875,-0.8514486250874246,-0.8697131269729199,0.0,-0.6651547558816051,0.1630842822493689,0.0,-0.7875347494804278,-0.2672154558140552,-0.5440089996235957,-0.2323746538714243,-0.48166908052228125,-0.6203728463054966,0.0,-0.10783728023073053,0.0,0.0,0.0,0.0,-0.8510523912112619,-0.5096618605231608,-0.24664354539543265,0.6457182068786442,0.17137219857851424,0.27691499113861956,-1.2114795431917695,0.13011459202894737,0.8358950799283343,2,0.0,-0.28187321370052254,2025.0,1.0,0.2713376216905684,0.16719839198761124,dawson knox,475.0,0.17391304347826086,-0.00671465149064962
00-0039794,Braelon Allen,RB,NYJ,PIT,0.0,0.0,0.0,-0.802669726270705,0.0,4.612370939633429,0.0,-0.3368507586400777,-0.3300074638160398,-0.21808229135709903,-0.38597628525234445,-0.6339142066557124,-0.7569011860711778,0.0,0.955837047365129,0.8915902307960305,-0.18005570622202086,7.129898594711072,1.1831445042589606,-0.255721300604638,-0.8018389899174573,-0.7073570945287744,-0.20835749598096037,-0.0007812120439795423,16.751313959552988,-0.9661684113409382,-0.479694380296159,0.0857142880558967,0.5868726806907731,-0.9068169170698132,-0.5807728035178996,1.328705583121639,0.14206908958213937,-1.0806278206176383,26,-0.43745934639755857,-0.4526438869618224,2025.0,1.0,-0.059268924376765696,0.16563140287009254,braelon allen,250.0,0.2857142857142857,-0.12008288284419316
00-0037258,Dameon Pierce,RB,HOU,LA,0.0,0.0,0.0,-0.24161157754797238,0.0,7.405954784558133,0.0,-0.3368507586400777,-0.3300074638160398,-0.8903932421460258,-0.38559047717339573,-0.47537893437603757,0.24260000286662822,0.0,-0.0623563913579826,-0.6305868267712655,-0.46402266588703134,0.3558522454664211,0.16785583859540223,-0.8994071762319782,-0.20884043875938726,0.4344212136138642,3.659384006612997,1.4761225565119955,57.17771224214744,0.21442648088704785,-0.9094302923665689,0.0714285746216774,0.7983562771771706,-0.5544412277291217,-1.4097183478367827,1.0760569423962627,0.2242495682641512,-0.4981055115374764,16,-0.8694331515586378,-0.31492255365097016,2025.0,1.0,-0.059268924376765696,0.16430827674151466,dameon pierce,330.0,0.23255813953488372,-0.06824986279336906
00-0035243,Miles Sanders,RB,DAL,PHI,0.0,0.0,0.0,-0.3231280920719846,0.0,6.681836668240957,0.0,-0.3368507570626454,-0.3300074620362692,-0.1526099636450451,-0.38597628525234445,-0.1887909223475264,-0.5090087618205428,0.0,0.029410380508758622,11.999029720501015,-0.5231593343787068,19.566899248734668,2.266501289277913,-0.4863720243844896,-0.23378923511844152,-0.3130904533428651,-0.870966561872185,-0.2620089947135061,24.830245805381416,0.16767281432900288,0.539894892748233,0.1142857149243354,0.31206381103054004,-0.9289538441224915,-1.3451561433363208,1.324825652859504,0.03151196867229631,-0.672862204261525,25,-0.7901938504096967,-0.45042532885540537,2025.0,1.0,-0.059268924376765696,0.1637343247159604,miles sanders,850.0,0.10526315789473684,0.05847116682122355
00-0033576,Eric Saubert,TE,SEA,SF,-0.8371258257907748,-0.6760191788457361,-0.5647732001113863,0.0,-0.2846882904399986,0.0,-0.12631412423592892,0.20307185487740395,0.4541983737368327,0.0,-0.0964897980256357,-0.48953182363435405,0.0,-0.7326319162672348,-0.11518610952433536,-0.9728551512127842,-0.43926338254796815,-0.950841003533755,-0.5215361112316362,0.0,0.5223033578756683,0.0,0.0,0.0,0.0,0.05118538481354224,-0.9693852827336631,-0.16475345715600934,0.6086292705044926,0.02193734843841352,1.2362649374901893,1.8745955587135352,0.09625695183172493,-0.4301581076143742,28,0.0,0.02691114436913006,2025.0,1.0,1.328180322359465,0.16346291767800947,eric saubert,1600.0,0.058823529411764705,0.10463938826624476
00-0039923,J.J. McCarthy,QB,MIN,CHI,0.0,0.0,0.0,0.0,0.0,-1.3474092348978506,0.0,0.0,0.0,-0.74288097669803,0.0,-2.622006783339553,0.0,0.0,0.0,0.0,0.0,0.0,0.0,-1.0324738737681711,0.0,0.0,0.0,-0.19710598683240954,-0.9169757378471747,-0.7162800988825386,0.0,0.0,0.25405213564261714,0.0012281423983332494,1.259477734943383,0.6960743735746436,-0.8586349160998172,0.015680516257895214,5,-0.5691225519339905,0.0,2025.0,1.0,-0.5346699743522593,0.16165029217419508,jj mccarthy,600.0,0.14285714285714285,0.018793149317052227
00-0033090,Hunter Henry,TE,NE,LV,0.09075003303383976,-0.03778392684340332,0.005387741490632873,0.0,-0.25427329779874025,0.0,0.27078332094717106,1.354442214149344,1.3847519968532014,0.0,0.2538214344496263,0.7454022508003814,0.0,0.16518296829495407,-0.1766540198995832,-0.04632226688750368,0.004783676036551288,-0.08825660527469932,0.2969801886838892,0.0,0.29151096513981073,0.0,0.0,0.0,0.0,0.10794046882502158,0.47803925856221263,-0.4958742554176975,0.9065299180982566,0.10150525741412077,0.5819558703581198,-0.1105324446235212,0.019174362034883072,0.20286848615698008,18,0.0,0.01911982522683507,2025.0,1.0,-0.7855050789783283,0.15908970887120324,hunter henry,220.0,0.3125,-0.15341029112879676
00-0039851,Drake Maye,QB,NE,LV,0.0,0.0,0.0,0.0,0.0,0.12170867506316221,0.0,0.0,0.0,-0.4759137012685803,0.0,-0.39587713598378066,0.0,0.0,0.0,0.0,0.0,0.0,0.0,-0.6911241997980557,0.0,0.0,0.0,-0.4784743090344677,0.4793697290533653,-0.13094754216762414,0.0,0.0,0.6195751449455155,0.10150525741412077,0.5819558703581198,0.8906891583046447,-0.8996624488829703,0.18626346722812706,18,-0.551209395346511,0.0,2025.0,1.0,-0.5346699743522593,0.15739401802346556,drake maye,350.0,0.2222222222222222,-0.06482820419875665
00-0038040,Zamir White,RB,LV,NE,0.0,0.0,0.0,-0.47902150627432316,0.0,6.878054860980019,0.0,-0.3368507586400777,-0.3300074638160398,-0.20843369234045359,-0.38597628525234445,-0.5569094074084008,-0.4817621866376518,0.0,-0.18837156341347255,-1.6257518347993523,-0.051549456014107334,2.8567408067482303,0.38799787675197317,-0.3594273320977112,-0.7959621066471078,-0.5323213849779489,-0.3018344237252149,-1.650618048640771,18.598394799877507,-0.20069650303502926,-1.130743472529267,0.0,0.12836023253837028,2.235299228494584,0.5863745687425305,0.9192333518493867,0.07598883933407122,-0.4981055115374764,21,-0.061039233624366605,-0.424379319750006,2025.0,1.0,-0.059268924376765696,0.15704719181704754,zamir white,1100.0,0.08333333333333333,0.07371385848371421
00-0038551,Kendre Miller,RB,NO,ARI,0.0,0.0,0.0,-0.5539366336163978,0.0,6.240552975774558,0.0,-0.3368507586400777,-0.3300074638160398,-0.8743737817620318,-0.38597628525234445,-0.5313450563198571,-0.6847494955802765,0.0,-0.13946149874181152,-0.04457601305131866,0.5251072153843677,9.996511477860519,0.9620913066925105,-0.29853928421388587,-0.8108874057161387,-0.44268899602298994,-0.01901818958480827,-0.5898758594752985,20.82851850281366,-0.4641502753780897,-0.5611686752688378,0.0294117648154497,0.06083848821170234,0.8737765283249368,0.02347436292417108,0.8369160801657294,0.542422936880192,-0.9058711278935898,0,-0.22168909043607385,-0.45280142731106665,2025.0,1.0,-0.059268924376765696,0.15621896609294217,kendre miller,600.0,0.14285714285714285,0.01336182323579932
00-0038933,Dalton Kincaid,TE,BUF,BAL,0.9496899604448422,0.5808994003684154,1.1322634635199065,0.0,0.6048712661532668,0.0,0.4620413127270273,-0.527693966473128,-0.5138556365079741,0.0,-0.6846875389187796,-0.3926495773415124,0.0,0.41512072257525495,-0.5256352666995656,-0.022035455618979925,-0.3033418149556892,-0.13841892704496933,0.2077259186697258,0.0,0.6626451862471312,0.0,0.0,0.0,0.0,-0.6126076419157958,0.36778334894301873,-0.6287973161381488,0.6457182068786442,0.17137219857851424,0.27691499113861956,-1.2114795431917695,0.13011459202894737,0.8358950799283343,2,0.0,0.11498368673860515,2025.0,1.0,-0.7855050789783283,0.15586125025202252,dalton kincaid,350.0,0.2222222222222222,-0.06636097197019969
00-0038041,Jake Ferguson,TE,DAL,PHI,0.4615913883469978,-0.49362707898266356,0.32730435555209675,0.0,-0.0816434664453048,0.0,0.35676583924225563,-0.10730401625244756,-0.11294142592531418,0.0,-0.06324157000299975,0.20158821024857157,0.0,-0.5197488230967398,0.364425894731113,-0.7232782860725032,-1.7085679825708775,-0.39818314653803916,0.2312055447665721,0.0,-0.7229292476337618,0.0,0.0,0.0,0.0,-0.9074265244398844,-0.05402924734384902,-0.14241976178333912,-0.20251120553062518,0.0013402645450656147,0.15672110580871668,0.8932100971754651,0.03151196867229631,-0.660349596258503,25,0.0,-0.6840682129330723,2025.0,1.0,-0.7855050789783283,0.1526677144047245,jake ferguson,260.0,0.2777777777777778,-0.12511006337305328
00-0039919,Rome Odunze,WR,CHI,MIN,0.6638056416581828,0.6478923054766424,0.049828552820383225,0.0,0.5731645629506983,0.022399891852866935,-0.01225026029354201,1.3177212914790961,1.1924170045907598,0.0,-0.3360600680287116,1.1865019298876955,0.0,0.45305617803565157,-0.3393575622052689,0.7648425499326333,-0.17982542489243647,0.0339337750011757,-0.1364234675831055,0.0,0.28470851954171206,0.0,0.0,0.009891259228075213,0.13399072954111285,-0.5482329122686108,0.8119647666111487,-0.5332588542334142,-0.7788848746471083,0.2981972770785582,1.4717239714552464,-0.2624113746275903,0.02006744382792995,-0.3150623632923098,20,0.0,0.28454239981973023,2025.0,1.0,0.2713376216905684,0.15012833994545907,rome odunze,215.0,0.31746031746031744,-0.16733197751485837
00-0039021,Roschon Johnson,RB,CHI,MIN,0.0,0.0,0.0,-0.8189145120079453,0.0,3.1720066672793776,0.0,-0.3368507586400777,-0.3300074638160398,-0.052194821243344486,-0.38597628525234445,-0.38341554345346013,-0.4173805563480542,0.0,-0.11033336118582987,-1.7079023192068314,0.3518759187617908,7.762637706482642,1.8374656740163375,-0.590755117665965,-0.5354890002928401,-0.62731590351316,-0.10204690685147128,-0.18131734661869964,6.816130203347457,-0.11516012173572723,-0.24950430920793373,0.2083333283662796,0.1522487851967562,0.5896675329296547,2.0378111708337507,0.8249988208695755,0.02006744382792995,-0.3233488188134278,20,0.10085941711376277,-0.20051766430941176,2025.0,1.0,0.9291191285150003,0.14957178034559807,roschon johnson,300.0,0.25,-0.10042821965440193
00-0037291,Jalen Nailor,WR,MIN,CHI,-0.5848415468968065,-0.19542763027713994,-0.22630164910530137,0.0,-0.38216000696092656,0.03922308759360772,-0.19040051110796616,0.04654200429384315,0.13209157538792468,0.002353245452668696,-0.41024257581449036,-0.24367882938675342,0.0,-0.49801531285953504,-0.33517376323108455,-0.07344299251019686,0.7582221753099063,0.12607966083571057,-0.20878415705915013,0.00439861912699827,-0.9124840018188596,0.0,0.0,-0.05549001283219504,-0.17471677237463623,0.4468881509346799,-0.4223899871864601,-0.30698361446007283,-0.4117305953876662,0.0012281423983332494,1.259477734943383,-0.5604903291751261,0.027779075847396043,0.03022486967388346,5,0.0,-0.6688566755669684,2025.0,1.0,0.2713376216905684,0.14879245038296315,jalen nailor,450.0,0.18181818181818182,-0.03302573143521867
00-0037263,Tyler Allgeier,RB,ATL,TB,0.0,0.0,0.0,-0.22845953265605376,0.0,8.011711555789777,0.0,-0.3368507586400777,-0.3300074638160398,-0.7976690985187663,-0.3857007101566867,-0.793370224748135,-0.28670394931794385,0.0,0.13607205592937743,-0.10700169312904484,0.3474278349800816,6.792256622333833,0.8540251633395328,-0.8504270780717669,-0.7977396983324486,0.09329270259191506,0.08797980940445913,0.9095928121685184,36.05263752299114,-0.6281684262985341,-0.9372187177191897,0.0540540553629398,0.07661500825909766,-0.6644843423562173,-1.1908524995984346,1.2236992009925647,0.13673168097385432,0.026164566634669394,29,-0.8276283652119912,-0.45065921156391175,2025.0,1.0,-0.059268924376765696,0.14803829476879393,tyler allgeier,265.0,0.273972602739726,-0.12593430797093208
00-0039921,Trey Benson,RB,ARI,NO,0.0,0.0,0.0,-0.8091794022711147,0.0,4.442826137994852,0.0,-0.3368507586400777,-0.3300074638160398,-0.7930400389570339,-0.38597628525234445,-1.012128306309009,-0.7703789970369629,0.0,-0.09317382303222918,-1.5171495603652305,0.19267825819276257,3.8034122395416325,0.430479380896835,-1.190713169483795,-0.8108874057161387,-0.6935652841191727,0.08011882305484443,0.381108378834787,23.48084164257964,-0.8159089033797248,-1.188574841734178,0.0,0.29417816574600103,-0.8942820849524598,0.8302102015557927,1.2956134341885444,0.0014111249868368713,0.6086868757148314,22,-0.8767133054502751,-0.45280142731106665,2025.0,1.0,-0.059268924376765696,0.1479890597703826,trey benson,320.0,0.23809523809523808,-0.09010617832485548
00-0039746,Will Shipley,RB,PHI,DAL,0.0,0.0,0.0,-0.08465582978482737,0.0,6.358719485455342,0.0,-0.3368507586400777,-0.3300074638160398,-0.9192014638748908,-0.38597628525234445,-0.6883598721039238,-0.4974988429728393,0.0,0.42964073538766223,2.4568045607367344,0.8789345227760138,12.284022803683671,1.4038883204209909,-0.5649032385358546,0.4817249177028458,-0.292002770962504,-0.7853310819818945,-0.9444304700866044,19.30887297178775,-1.0277304802571594,-0.6246347786943558,0.0975609719753265,0.37025783506720783,-0.5368726883054981,-0.8951668133397735,1.5624935542431444,0.7386850484057496,1.3077136466110257,8,-0.6777622134451694,-0.14313425760997867,2025.0,1.0,-0.059268924376765696,0.14765772816499878,will shipley,750.0,0.11764705882352941,0.03001066934146937
00-0031687,Raheem Mostert,RB,LV,NE,0.0,0.0,0.0,-0.8453442866348045,0.0,6.136229842276699,0.0,-0.3366454382960778,-0.32977580688978236,-0.5383580011888908,0.07760025608218986,-0.1833821571878113,-0.7858588070974275,0.0,0.15158903508373142,0.812716948161729,0.16949470640057215,13.561413892250807,1.9033448860846793,-0.5527343961834674,0.13951577057947406,-0.785992079008679,-0.1475800562563064,-1.674376335762922,15.095413139468635,-0.8886183647735985,-0.035518220633652064,0.0833333358168602,0.12836023253837028,2.235299228494584,0.5863745687425305,0.9192333518493867,0.07598883933407122,-0.4981055115374764,21,-0.2515858912972617,1.3570424611170522,2025.0,1.0,1.9175071814067663,0.14582525383881728,raheem mostert,750.0,0.11764705882352941,0.02817819501528787
00-0039917,Michael Penix Jr.,QB,ATL,TB,0.0,0.0,0.0,0.0,0.0,-0.7234321205834955,0.0,0.0,0.0,0.3043252593231088,0.0,0.08877697485190932,0.0,0.0,0.0,0.0,0.0,0.0,0.0,-0.49497408253877717,0.0,0.0,0.0,0.1479756367450729,-0.7327906499475195,1.0034638055691851,0.0,0.0,0.07661500825909766,0.05303822388299843,0.21670091490858687,1.2236992009925647,-0.33914563661496844,0.015680516257895214,29,-0.367982221278017,0.0,2025.0,1.0,-0.5346699743522593,0.14508466386426722,michael penix,800.0,0.1111111111111111,0.03397355275315611
00-0037086,Grant Calcaterra,TE,PHI,DAL,-0.887372657395766,-0.9643609953133547,-0.8909456669977256,0.0,-0.286965713362452,0.0,-0.9084439159320299,-0.4506437134062976,-0.6405082290071015,0.0,-0.23506348751190295,0.3936416934386422,0.0,-0.8843920832420893,-0.02415705158619105,-0.7222031635221853,-0.07427191675323247,-0.5882012195385358,-0.6333350410023332,0.0,-0.18487278824358416,0.0,0.0,0.0,0.0,-0.4209162815509263,-0.5030757981018547,-0.38645594554592194,0.007365825616320796,0.07798349000291113,0.3316377406745755,1.4427086683182813,0.7386850484057496,1.296278057216592,8,0.0,-0.4754394387928108,2025.0,1.0,0.2713376216905684,0.14504662269542956,grant calcaterra,1400.0,0.06666666666666667,0.0783799560287629
00-0029263,Russell Wilson,QB,NYG,WAS,0.0,0.0,0.0,0.0,0.0,0.38318385357568735,0.0,0.0,0.0,0.38408123880085726,0.0,0.6624941546568236,0.0,0.0,0.0,-1.1199396887262804e-06,-4.307712413145937e-07,1.1199396887262804e-06,1.1199396887262804e-06,0.5279973096312671,0.0,0.0,0.0,0.04986629194200395,0.5084006844946711,0.378565853268752,6.443596796347132e-08,0.0,0.4394111430265035,0.10466820660835077,1.1520206198950518,0.4298505160141415,-0.7178065244283548,-0.6097903039662883,31,-0.3243424509976847,0.0,2025.0,1.0,-0.5346699743522593,0.14181703608659563,russell wilson,750.0,0.11764705882352941,0.024169977263066217
00-0039737,Tip Reiman,TE,ARI,NO,-0.9859290502998239,-0.9788765439970513,-1.076195116208836,0.0,-0.299371720492203,0.0,-1.0637870082686187,-0.9329390563681516,-0.9399691508932457,0.0,-0.6856917621513873,-0.613158048621493,0.0,-0.8951406048177183,-0.052104311727399676,-1.2059074324937709,-0.48694401894434614,-1.0138874881977724,-0.7819732201418074,0.0,-1.1086117928300876,0.0,0.0,0.0,0.0,-0.9115866676019854,-1.1111187690106181,-0.39457407449401116,-0.2670158723689448,0.008117829382507597,1.0023139572034183,0.8256701713960359,0.0014111249868368713,0.6057035912842055,22,0.0,-0.7973479822883568,2025.0,1.0,0.2713376216905684,0.14032980028816863,tip reiman,1500.0,0.0625,0.07782980028816863
00-0033955,Jeremy McNichols,RB,WAS,NYG,0.0,0.0,0.0,-1.0401914530478678,0.0,2.6307308305662085,0.0,-0.32805225703253904,-0.3233066770654581,0.09919312005312972,-0.38597628525234445,-0.5533250583692343,-0.8573444918037981,0.0,0.39000846578031445,3.599528948233634,0.06227725771192383,4.643240335645516,1.6008208828848298,-0.6746398265731516,-0.23717003375986262,-0.9982522716999972,-0.1542301594489587,0.4489375453457477,10.135302383667584,-0.831350448054602,-0.06274180752552114,0.0857142880558967,0.4921145737768397,-0.38450316927891964,0.8467334734652048,1.216078769407326,0.06545478851764222,0.78344356843888,23,-0.31102701657598913,-0.26286269612771623,2025.0,1.0,0.9291191285150003,0.1380525935766023,jeremy mcnichols,500.0,0.16666666666666666,-0.028614073090064363
00-0036971,Trevor Lawrence,QB,JAX,CAR,0.0,0.0,0.0,0.0,0.0,-0.21529107845020445,0.0,0.0,0.0,0.4822804637753499,0.0,-0.03979264455709384,0.0,0.0,0.0,0.0,0.0,0.0,0.0,0.4674570904994991,0.0,0.0,0.0,0.3282160398482135,-0.33919659903176863,1.026196809518819,0.0,0.0,0.4241140915737814,0.16361567172861016,0.8606348756212578,1.8996554109520696,1.710882349653327,0.5842903528253347,4,1.7571699746995137,0.0,2025.0,1.0,-0.5346699743522593,0.13796635584019581,trevor lawrence,400.0,0.2,-0.0620336441598042
00-0026498,Matthew Stafford,QB,LA,HOU,0.0,0.0,0.0,0.0,0.0,0.056615091020318024,0.0,0.0,0.0,0.36429560756507834,6.222388732669872e-05,0.691697228380894,0.0,0.0,0.0,3.733232196562666e-09,-1.1651728957862163e-10,0.0,0.0,0.41100120862967304,1.7778304187255877e-05,0.0,0.0,0.1031002271354794,-0.47422205767404063,-0.7162590175534693,1.6807624809037953e-11,0.0,0.6126301841390271,0.012711236979052465,0.4541893977403623,0.8160621682337822,0.6869091705725543,0.18626346722812706,12,0.8211912450692701,0.0,2025.0,1.0,-0.5346699743522593,0.13709725980773851,matthew stafford,1300.0,0.07142857142857142,0.06566868837916709
00-0039751,Jordan Whittington,WR,LA,HOU,0.014874113224879762,-0.446692937928944,0.051607262279015555,0.0,0.0021464506118004075,0.658942993805379,-0.2144331340569446,-0.5340886908202706,-0.5993499031050682,0.0,-0.6856917621513873,-0.15998092923356444,0.0,-0.35445826195553953,2.700549880553867,-0.4870899403100102,0.9727633649240974,0.8992782026743743,0.37397392919307376,0.0,-0.6178326399751808,0.0,0.0,1.0120181477809245,3.953657962832274,-0.9115866676019854,-0.2584202712239162,-0.3612896689306254,0.881482883121276,0.012711236979052465,0.4541893977403623,-0.28307330594258673,0.3519263898164781,0.20286848615698008,12,0.0,-0.42039401781338487,2025.0,1.0,2.3850230230283613,0.13664510235502433,jordan whittington,850.0,0.10526315789473684,0.0313819444602875
00-0037276,Ty Chandler,RB,MIN,CHI,0.0,0.0,0.0,-0.7538536498828003,0.0,4.222873523264137,0.0,-0.3368507586400777,-0.3300074638160398,-0.8745052550809592,-0.38597628525234445,-1.0998753138769157,-0.6666536777206661,0.0,-0.14145007326552048,-0.6300122554642316,-0.0023511475957483487,1.6715705601253994,0.25395012217854107,-0.6020021439322869,-0.7128348490203466,-0.8152642468941432,-0.2784623022327167,-0.19616823295264174,11.027542563518606,-0.9902086250889178,-1.2249000952970015,0.0,0.25405213564261714,-0.9295274235957052,1.491787964776155,0.6960743735746436,0.027779075847396043,0.026164566634669394,5,-0.061213500051238504,-0.45243148683411555,2025.0,1.0,1.9175071814067663,0.136601323686918,ty chandler,1600.0,0.058823529411764705,0.07777779427515329
00-0036970,Kyle Pitts,TE,ATL,TB,-0.17634062378030435,-0.03757787734864519,-0.3467299933448488,0.0,0.8585568643880185,8.432626214195705e-06,-0.15327260876964433,0.5193205290521701,0.4537963954899886,0.0,-0.6803650726964787,-0.29394671111833187,0.0,-0.4451216657833511,0.9455361210429918,-0.4052517766329045,-0.39521998903796834,-0.4108143762416012,-0.22145142056044795,0.0,0.9740067220586732,0.0,0.0,-1.3923984040417097e-05,-3.373050485678282e-05,0.12375575956036088,-0.2860074432678598,-0.5564979977381926,-1.051658459579199,0.05303822388299843,0.21670091490858687,0.6594013224855781,0.13673168097385432,0.03022486967388346,29,0.0,-0.6471712876199635,2025.0,1.0,-0.7855050789783283,0.13581772583727356,kyle pitts,275.0,0.26666666666666666,-0.1308489408293931
00-0035250,Devin Singletary,RB,NYG,WAS,0.0,0.0,0.0,-0.9766640033568086,0.0,5.836965696983872,0.0,-0.3368507586400777,-0.3300074638160398,-0.4829832656183443,-0.38597465684393373,-0.4680728533453146,-0.7783012674592863,0.0,0.30631224129210927,-2.931938604757042,-0.8086322989817735,3.1056873144660835,0.9977850382417257,-0.8319106081333227,-0.8023036916141649,-0.9440428678120624,-0.17259348141322128,0.25060038901422893,20.27981069261112,-0.42714564928000404,-0.8631875940779877,0.0357142873108387,0.4394111430265035,-0.4003625862474342,1.215344530788056,0.4298505160141415,0.057315046567697626,-0.6146099733535088,31,-0.42184448976195654,-0.45004139457894116,2025.0,1.0,-0.059268924376765696,0.13452887674770936,devin singletary,750.0,0.11764705882352941,0.016881817924179948
00-0036415,Van Jefferson,WR,TEN,DEN,-0.9505328174634451,-0.9028598923263477,-1.0326786454646755,0.0,-0.30885490477704214,4.570970872015328e-05,-0.997460320841105,-0.5374995951969316,-0.6271906068362694,0.0,-0.6429841328427652,0.28672140477034125,0.0,-0.8517013251083271,-0.42904105201409326,-0.5932378699932205,-0.6963898054331379,-0.7513135556591644,-0.6573907589318958,0.0,-0.6628799952985653,0.0,0.0,-7.742839870236654e-06,0.00018498045281611683,-0.51499758857847,-0.4739979533583884,0.03008847958179775,-0.6624067479791415,0.30186054210349794,0.34457457003732633,-0.05722169150615405,0.3096701287682889,-1.2358283178688252,9,0.0,-0.41401291701010323,2025.0,1.0,3.441865723697258,0.13378480788713015,van jefferson,950.0,0.09523809523809523,0.03854671264903492
00-0034975,Justice Hill,RB,BAL,BUF,0.0,0.0,0.0,-1.0370680283512856,0.0,2.584954312141939,0.0,-0.2050508859891204,-0.25937214549979976,-0.7404903581941016,-0.38597628525234445,-0.23239498040625725,-0.8573683883490106,0.0,-0.3777823090078594,-2.915124017634109,0.12564184216326493,21.414793519373504,2.5296151774437785,-1.1295483656975334,-0.22040877233112602,-0.9972749353024706,-0.1595166107214072,0.9232669286600027,18.948595023232524,0.288277848817823,1.0274843967145924,0.0434782616794109,0.42847643825942583,-0.11813671804458503,-0.4699769137919558,1.2134079458540785,0.29080984768337426,0.49218241389879896,3,-0.8636493741745257,-0.16286278279019567,2025.0,1.0,-0.059268924376765696,0.13365445071910606,justice hill,550.0,0.15384615384615385,-0.020191703127047794
00-0036422,Adam Trautman,TE,DEN,TEN,-0.9857336390064544,-0.9786956414078911,-1.0758055187802493,0.0,-0.29945238210044195,0.0,-1.0634006046884132,-0.4407093968712155,-0.453917965334919,0.0,-0.6785671534305393,-0.2814191381539955,0.0,-0.8949684952397591,0.6398072092520662,-0.9857282314689331,-0.5284706419295995,-0.9907340032628997,-0.9558317822936025,0.0,-0.5025304631894272,0.0,0.0,0.0,0.0,-0.12726084038546398,-0.9625929088129881,-0.39457407449401116,-0.9207399885266796,0.15842795067472656,1.0774057334976106,0.5440377532317293,0.25171120647521533,0.72079933560627,30,0.0,-0.7329363892850069,2025.0,1.0,0.2713376216905684,0.13292263824805242,adam trautman,950.0,0.09523809523809523,0.03768454300995719
00-0033589,David Moore,WR,CAR,JAX,-0.6382345051172216,-0.4349929152837486,-0.6912369238817978,0.0,-0.4576113719638425,0.1459234112174993,-0.6831005841336949,0.032061465942272174,-0.0893336512990773,0.029154534127948866,-0.4669034187583081,0.23290870555210996,0.0,-0.5262746075843777,-0.4047967004400556,0.08110853193735314,0.15389416998539787,-0.44370239155310126,-0.5215719706497747,0.01822265712640347,0.25466892908856287,0.0,0.0,-0.1963423880485341,0.0006873267375039541,1.299178096380421,-0.11864067610224079,-0.5086918277615878,-0.13199898058826626,0.036409165946468286,0.9172326236586155,-0.3704131334600792,0.021548742892345627,-0.19996661897024537,14,0.0,0.2012795916683176,2025.0,1.0,3.441865723697258,0.13224210521459656,david moore,750.0,0.11764705882352941,0.014595046391067151
00-0040242,Jacory Croskey-Merritt,RB,WAS,NYG,0.0,0.0,0.0,-1.0402204016532295,0.0,0.0,0.0,-0.3368507586400777,-0.3300074638160398,-0.9192014638748908,-0.38597628525234445,-1.806502935649246,-0.8573837953239367,0.0,-0.04450075579759117,0.0,-0.007553852139574016,0.0,0.0,-1.2270527235015927,-0.8108874057161387,-0.9982648413317979,-0.1542034303783317,0.38141538762703187,0.0,-1.0277304802571594,-1.3940893505330474,0.0,0.4921145737768397,-0.38450316927891964,0.8467334734652048,1.216078769407326,0.06545478851764222,0.78344356843888,23,-0.9162750173037733,-0.45280142731106665,2025.0,1.0,-0.059268924376765696,0.13184964931217777,jacory croskeymerritt,330.0,0.23255813953488372,-0.10070849022270595
00-0038454,Keaton Mitchell,RB,BAL,BUF,0.0,0.0,0.0,-0.47605320491541936,0.0,7.449507743158017,0.0,0.278505464495744,0.0692083608122261,-0.9192014638748908,-0.38597628525234445,-0.46473241817495664,-0.657467572456873,0.0,-0.035814815124319326,-1.9595991008654527,0.48490906930842775,12.923803664756083,0.9310971669574357,-0.849217237725953,-0.5171663069560839,-0.8674885617271649,-1.052026203584607,0.30371650908663095,36.513648969302,-0.7599725448457565,-0.6036901097827807,0.0,0.42847643825942583,-0.11813671804458503,-0.4699769137919558,1.2134079458540785,0.29080984768337426,0.49218241389879896,3,-0.7123473582349091,-0.3085775851146578,2025.0,1.0,1.9175071814067663,0.1317496192771808,keaton mitchell,850.0,0.10526315789473684,0.026486461382443954
00-0033908,Cooper Kupp,WR,SEA,SF,-0.18984995872733357,-0.15307907257611403,-0.07553209521773081,0.0,-0.028043878972014488,0.018099587497432516,-0.09286749443763787,0.09129308020301836,-0.08887901771480267,0.0,-0.23902222327725314,1.0585574121198111,0.0,-0.05470279948054343,-0.18242585187467628,0.07245249876937405,-0.5099837294887503,0.18712798954609738,0.10474115505214594,0.0017730287915121846,-0.4862633822833568,0.0,0.0,-0.0019336851704097277,0.06123925006576252,0.1576984701238716,0.6443442152517977,-0.2875885895151443,0.6086292705044926,0.02193734843841352,1.2362649374901893,1.8745955587135352,0.09625695183172493,-0.4301581076143742,28,0.0,0.2273005823585964,2025.0,1.0,0.2713376216905684,0.13169778009715402,cooper kupp,265.0,0.273972602739726,-0.142274822642572
00-0035537,Ty Johnson,RB,BUF,BAL,0.0,0.0,0.0,-1.04022024714307,0.0,3.056924865809102,0.0,-0.056813479169037735,-0.06693107255651133,-0.8964035492561506,-0.2212842394753531,-0.3664991671663747,-0.8573835995037146,0.0,1.3689411333608035,17.040862131382575,1.7334364364620096,19.337875741047746,1.3161349589124223,-0.9270431070836327,0.1394227005908619,-0.9982646959724674,-0.1542034017123186,0.2333667185594824,15.35040952821389,-0.672765335348091,0.35897645458806704,0.0645161271095275,0.5472581176423615,-0.059127230962788234,-1.0359461818551694,0.4145099647774652,0.13011459202894737,0.8416957993468962,2,-0.8260403653410305,0.04749790321918503,2025.0,1.0,0.9291191285150003,0.13073251272673767,ty johnson,800.0,0.1111111111111111,0.01962140161562656
00-0035249,Josh Oliver,TE,MIN,CHI,-0.6666679793069322,-0.6617237300043559,-0.6755724565982617,0.0,-0.21759134572912436,0.0,-0.6437378465591382,-0.4374640114664794,-0.4555100005491855,0.0,-0.3168633886301449,-0.19960614958143008,0.0,-0.7121445150269908,0.31262593264560223,-0.7602115860665015,0.021264713338665333,-0.5044638454554975,-0.5442599894778564,0.0,-0.9342530602817288,0.0,0.0,0.0,0.0,-0.3838694168948445,-0.765886690114888,-0.5785139636890603,-0.4117305953876662,0.0012281423983332494,1.259477734943383,-0.5604903291751261,0.027779075847396043,0.03022486967388346,5,0.0,-0.7556566746271743,2025.0,1.0,0.2713376216905684,0.13071435290143069,josh oliver,650.0,0.13333333333333333,-0.0026189804319026455
00-0035631,Drew Sample,TE,CIN,CLE,-0.9859262241979155,-0.9788754009074644,-1.0761908060956686,0.0,-0.2993705213107286,0.03794580380423585,-1.0637828169538286,-0.8659894089531918,-0.8630783429487038,0.01264860152105064,-0.6388266105514561,0.3210194402801915,0.0,-0.8951395958519348,0.5101832791290891,-1.2790024095123809,-0.3267420512919251,-0.9563566216679663,-0.3837303330120662,0.00632430076052532,-0.8153710807005489,0.0,0.0,-0.05613895967192676,-0.1517832152169434,-0.7779887242726455,-1.1726216734699533,-0.4958742554176975,1.2351061957153155,0.0021012437314289175,0.8651286836775417,0.4844330504347058,0.2855922089592876,0.9509908242503988,7,0.0,-0.6012024732186385,2025.0,1.0,1.328180322359465,0.12955404797812156,drew sample,1200.0,0.07692307692307693,0.052630971055044634
00-0040730,RJ Harvey,RB,DEN,TEN,0.0,0.0,0.0,-1.0402204016532295,0.0,0.0,0.0,-0.3368507586400777,-0.3300074638160398,-0.9192014638748908,-0.38597628525234445,-1.806502935649246,-0.8573837953239367,0.0,-0.04450075579759117,0.0,-0.007553852139574016,0.0,0.0,-1.2270527235015927,-0.8108874057161387,-0.9982648413317979,-0.1542034303783317,0.38141538762703187,0.0,-1.0277304802571594,-1.3940893505330474,0.0,0.11291565826181223,-0.12534568209112926,1.0233907880036606,1.1738024062772197,0.25171120647521533,0.7251913375308637,30,-0.9162750173037733,-0.45280142731106665,2025.0,1.0,-0.059268924376765696,0.12871589708418413,rj harvey,165.0,0.37735849056603776,-0.24864259348185364
00-0039798,Isaiah Davis,RB,NYJ,PIT,0.0,0.0,0.0,-0.8350039195361382,0.0,3.777935599870856,0.0,0.37443792184614805,0.45245555245536145,-0.9192014638748908,0.5448282403256139,-0.8290556340720433,-0.6169597663657334,0.0,-0.09016501049603418,0.32908701510569616,0.4580423778724198,6.006648301966627,0.7657047117273167,-0.8185341386495834,-0.3859708801018624,-0.7885652676217448,-0.07538983801525402,1.3385723357940513,28.09398673693731,-0.5029249268508099,-0.8497991361923373,0.0,0.5868726806907731,-0.9068169170698132,-0.5807728035178996,1.328705583121639,0.14206908958213937,-1.0806278206176383,26,-0.7148966868260169,-0.4454032816760419,2025.0,1.0,0.9291191285150003,0.1274814353761005,isaiah davis,1100.0,0.08333333333333333,0.04414810204276716
00-0034270,Tyler Conklin,TE,LAC,KC,1.2762716629234492,-0.36415934601734407,1.0983709895793452,0.0,-0.8120934470816717,0.05379510761041678,0.7461435453836313,-0.058119355620277806,0.0006055356260328904,1.5177504402314553e-08,0.9857957793544744,0.31362733000844417,0.0,-0.3319288409319559,0.6056624829809679,-0.5322368935903079,0.06624786309486612,-0.01659772018016298,0.5862141263693502,9.658411312877306e-09,0.1558053287698153,0.0,0.0,-0.17637876871232702,3.242073653918387e-06,1.5499809356397973,-0.08055097059125188,-0.5086918277615878,-0.5358274074031576,0.0009765401404859928,0.5747328711263359,1.45790131514114,0.2463937559616295,-0.14241874680921315,15,0.0,-0.5359593805396204,2025.0,1.0,0.2713376216905684,0.12623587245978346,tyler conklin,475.0,0.17391304347826086,-0.047677171018477404
00-0039066,Michael Mayer,TE,LV,NE,-0.8423416484971952,-0.8375869820509174,-0.7209043760321675,0.0,-0.21369138369243026,0.0,-0.7895137440074665,-0.9263834765091887,-0.934756770894346,0.0,-0.6846369293560154,0.5759734952828255,0.0,-0.7435348385551522,0.014446049981157135,-0.7306616550936847,-0.47617317368520284,-0.6757283816742089,-0.30062708633643986,0.0,-0.39381358610435413,0.0,0.0,0.0,0.0,-0.8697157813370571,-0.6789665335717161,-0.17920464919826107,-0.8650390561689161,0.6198820078862533,0.9075319134771587,-0.04453702212033167,0.07598883933407122,-0.4877059797754064,21,0.0,-0.7109919036477819,2025.0,1.0,0.2713376216905684,0.12514259264716088,michael mayer,750.0,0.11764705882352941,0.007495533823631467
00-0036290,Cole Kmet,TE,CHI,MIN,-0.667276841387648,-0.7753138292593857,-0.6802139619276415,0.0,-0.2936279497374629,0.00043035886523511515,-0.7099576467606726,-0.3562077152086171,-0.29301200103429853,0.00017074303769078436,1.7362921992946745,1.4817159018213921,0.0,-0.7043874220339118,-0.028445102382277838,-0.8030609555237901,-0.09076246053451903,-0.5860609171398322,-0.15229326434385337,8.53716267918346e-05,-0.1856371440879474,0.0,0.0,0.00030838655473393014,0.0004150577190602605,0.18149923567194823,-0.6725836349402811,-0.5332588542334142,-0.7788848746471083,0.2981972770785582,1.4717239714552464,-0.2624113746275903,0.02006744382792995,-0.3150623632923098,20,0.0,-0.6650897931247828,2025.0,1.0,-0.7855050789783283,0.12478495233040561,cole kmet,650.0,0.13333333333333333,-0.008548381002927721
00-0040208,Tahj Brooks,RB,CIN,CLE,0.0,0.0,0.0,-1.0402204016532295,0.0,0.0,0.0,-0.3368507586400777,-0.3300074638160398,-0.9192014638748908,-0.38597628525234445,-1.806502935649246,-0.8573837953239367,0.0,-0.04450075579759117,0.0,-0.007553852139574016,0.0,0.0,-1.2270527235015927,-0.8108874057161387,-0.9982648413317979,-0.1542034303783317,0.38141538762703187,0.0,-1.0277304802571594,-1.3940893505330474,0.0,0.7106817119339641,-0.9250609286409255,0.4772883118416232,1.1480223126240146,0.2855922089592876,0.9582002611629286,7,-0.9162750173037733,-0.45280142731106665,2025.0,1.0,0.9291191285150003,0.12346755903907307,tahj brooks,850.0,0.10526315789473684,0.018204401144336232
00-0033526,Samaje Perine,RB,CIN,CLE,0.0,0.0,0.0,-1.04021601415223,0.0,0.9818093775520675,0.0,-0.17943572237484604,-0.1411084504462602,-0.9005471722976092,-0.23532461608928223,-0.5348377134461786,-0.8573804616165822,0.0,1.5842001529386005,1.5921772149138242,2.2728585170879376,21.863830433963884,1.6389713436393019,-1.1387441738909772,-0.7134808959420306,-0.9982593774510683,-0.15420369593664096,0.1482739910576307,4.318068568185179,-0.9589683815565853,-0.18651106751739743,0.0588235296308994,0.7106817119339641,-0.9250609286409255,0.4772883118416232,1.1480223126240146,0.2855922089592876,0.9582002611629286,7,-0.8332946853530976,-0.45217266193527156,2025.0,1.0,-0.059268924376765696,0.12289948147352105,samaje perine,500.0,0.16666666666666666,-0.04376718519314561
00-0035567,Craig Reynolds,RB,DET,GB,0.0,0.0,0.0,-0.9275008838167882,0.0,5.677092873042162,0.0,-0.3368507586400777,-0.3300074638160398,-0.7708991210891727,-0.38597628525234445,-0.6832664690618174,-0.6992457219541172,0.0,0.7598240209868323,-2.621629227872793,-1.2825044551542781,8.96219208058225,0.6509685223887148,-1.0202702854251715,-0.8108874057161387,-0.8614566403590498,-0.1019152623567081,-0.3509808091214889,26.62164611710229,-0.9890316497551788,-0.7813507231780816,0.0625,0.05938738322254557,0.7689005282686888,-0.29047397462899605,0.9561507254723076,0.013835495706071843,0.026164566634669394,11,-0.788997817555264,-0.45280142731106665,2025.0,1.0,0.9291191285150003,0.12280546426727326,craig reynolds,2000.0,0.047619047619047616,0.07518641664822565
00-0038783,Nate Adkins,TE,DEN,TEN,-0.9859290502998239,-0.9788765439970513,-1.076195116208836,0.0,-0.299371720492203,0.0,-1.0637870082686187,-0.8387778475311485,-0.8318262972182238,0.0,-0.356124860217058,-0.4875694449700197,0.0,-0.8951406048177183,1.4088052935983961,-1.1812324164512338,-0.008360609747423475,-0.7450050675269556,-0.5876303064597416,0.0,-0.3590928566260246,0.0,0.0,0.0,0.0,0.01137988527420327,-1.0673471252743403,-0.3257098162814355,-0.9207399885266796,0.15842795067472656,1.0774057334976106,0.5440377532317293,0.25171120647521533,0.72079933560627,30,0.0,-0.7176924867202896,2025.0,1.0,1.328180322359465,0.12270200748596914,nate adkins,1300.0,0.07142857142857142,0.05127343605739772
00-0038951,Sean Tucker,RB,TB,ATL,0.0,0.0,0.0,-0.9896706249690755,0.0,4.613834450921209,0.0,-0.3368507586400777,-0.3300074638160398,-0.6553689166622265,-0.38597628525234445,-1.2016956165769495,-0.8144580311446589,0.0,0.20673525603257986,0.7429462119692197,0.07416898077573847,3.9043568299641427,0.4800580247101291,-0.9995100313702449,-0.8108874057161387,-0.8999844176465412,0.01316713170629214,0.6438794973520824,24.641943130802556,-0.6572440355525015,-0.93204735489664,0.0,0.7597627578125947,2.026319316079761,-0.15516700751435145,1.0999137999687172,0.5816280991826792,0.6086868757148314,1,-0.7632208075112511,-0.45280142731106665,2025.0,1.0,0.9291191285150003,0.12212168563926652,sean tucker,600.0,0.14285714285714285,-0.020735457217876327
00-0038489,Ben VanSumeren,RB,PHI,DAL,0.0,0.0,0.0,-1.0402204016532295,0.0,0.0,0.0,-0.3368507586400777,-0.3300074638160398,-0.9192014638748908,-0.38597628525234445,-1.806502935649246,-0.8573837953239367,0.0,-0.04450075579759117,0.0,-0.007553852139574016,0.0,0.0,-1.2270527235015927,-0.8108874057161387,-0.9982648413317979,-0.1542034303783317,0.38141538762703187,0.0,-1.0277304802571594,-1.3940893505330474,0.0,0.37025783506720783,-0.5368726883054981,-0.8951668133397735,1.5624935542431444,0.7386850484057496,1.3077136466110257,8,-0.9162750173037733,-0.45280142731106665,0.0,0.0,1.9175071814067663,0.12203691617596571,ben vansumeren,2500.0,0.038461538461538464,0.08357537771442725
00-0038685,Chris Brooks,RB,GB,DET,0.0,0.0,0.0,-1.0402204016532295,0.0,5.788990825688073,0.0,-0.3368507586400777,-0.3300074638160398,-0.9192014638748908,-0.38597628525234445,-1.2191609304801938,-0.8573837953239367,0.0,-0.04450075579759117,0.0,-0.007553852139574016,0.0,0.0,-0.9727541337275741,-0.8108874057161387,-0.9982648413317979,-0.1542034303783317,-0.7940365117201437,29.522935779816507,-1.0277304802571594,-1.3940893505330474,0.0,0.22413609363858397,0.640863289044432,-0.5011517140697862,0.8648918385692416,0.6289305862360746,0.6086868757148314,10,-0.7823705372059254,-0.45280142731106665,2025.0,1.0,-0.059268924376765696,0.12113817506351775,chris brooks,650.0,0.13333333333333333,-0.012195158269815584
00-0037004,Hunter Long,TE,JAX,CAR,-0.9859290502998239,-0.9788765439970513,-1.076195116208836,0.0,-0.299371720492203,0.0,-1.0637870082686187,-0.9329390563681516,-0.9399691508932457,0.0,-0.6856917621513873,-1.0352177184187625,0.0,-0.8951406048177183,0.3843456050328683,-1.1704808849750172,-0.42661640505183623,-1.0381207680391409,-1.0080886178436985,0.0,-1.1086117928300876,0.0,0.0,0.0,0.0,-0.9115866676019854,-1.1392421798834576,-0.5994008485806412,0.20159867703704332,0.16361567172861016,0.8606348756212578,2.222241610826798,0.5666845183212751,0.6057035912842055,4,0.0,-0.7973479822883568,2025.0,1.0,1.328180322359465,0.12100363538434,hunter long,1200.0,0.07692307692307693,0.044080558461263075
00-0040719,Bhayshul Tuten,RB,JAX,CAR,0.0,0.0,0.0,-1.0402204016532295,0.0,0.0,0.0,-0.3368507586400777,-0.3300074638160398,-0.9192014638748908,-0.38597628525234445,-1.806502935649246,-0.8573837953239367,0.0,-0.04450075579759117,0.0,-0.007553852139574016,0.0,0.0,-1.2270527235015927,-0.8108874057161387,-0.9982648413317979,-0.1542034303783317,0.38141538762703187,0.0,-1.0277304802571594,-1.3940893505330474,0.0,0.4241140915737814,-0.09880703298401991,0.4657275721902399,1.8996554109520696,0.5666845183212751,0.6086868757148314,4,-0.9162750173037733,-0.45280142731106665,2025.0,1.0,-0.059268924376765696,0.1209030632421403,bhayshul tuten,450.0,0.18181818181818182,-0.060915118576041524
00-0039064,Zay Flowers,WR,BAL,BUF,0.2922927052224689,1.2794039970964262,0.9049061346675329,0.0,1.887404009619194,0.5335355847604378,0.5513276922433099,-0.14024197524581045,-0.34437816918195036,0.0,-0.22127212719658368,0.18902640528944864,0.0,1.149155274376409,0.5628041481291814,0.7106807854712229,0.3142717968285601,0.548295529484486,0.14224697062024066,0.03819753875339936,-0.4215614676056095,0.0,0.0,0.16365902735200327,3.0691986458504315,-0.6227439250346063,1.1252141055348879,-0.705228039536204,0.21733150160748183,0.15983714427798834,0.49691451825600724,0.6356074910050029,0.29080984768337426,0.4906078469621411,3,0.0,-0.012700929664871807,2025.0,1.0,-0.7855050789783283,0.1207270736303859,zay flowers,200.0,0.3333333333333333,-0.21260625970294741
00-0033572,Jamal Agnew,WR,ATL,TB,-0.474980789561531,0.15881877351347382,-0.347572092059109,0.0,-0.9758362879091536,0.2940513234404118,-0.4263238259483176,-0.46862051318879433,-0.3396770471329403,0.0,-0.6620521060566448,-1.150098977016252,0.0,-0.28450609317793074,-0.1517171824928063,-0.043129670554549915,-0.07863216887787952,0.057798164470074215,-0.5238482296640546,0.009942067558043846,0.1938848019349474,0.0,0.0,-0.15112690946016177,0.2923844676226067,-0.20933187263443828,-0.3345809463970578,-0.4958742554176975,-1.051658459579199,0.05303822388299843,0.21670091490858687,0.6594013224855781,0.13673168097385432,0.03022486967388346,29,0.0,0.7027866477503123,2025.0,1.0,4.498708424366155,0.12023515917784744,jamal agnew,1400.0,0.06666666666666667,0.053568492511180774
00-0040236,Kyle Monangai,RB,CHI,MIN,0.0,0.0,0.0,-1.0402204016532295,0.0,0.0,0.0,-0.3368507586400777,-0.3300074638160398,-0.9192014638748908,-0.38597628525234445,-1.806502935649246,-0.8573837953239367,0.0,-0.04450075579759117,0.0,-0.007553852139574016,0.0,0.0,-1.2270527235015927,-0.8108874057161387,-0.9982648413317979,-0.1542034303783317,0.38141538762703187,0.0,-1.0277304802571594,-1.3940893505330474,0.0,0.1522487851967562,0.5896675329296547,2.0378111708337507,0.8249988208695755,0.02006744382792995,-0.3233488188134278,20,-0.9162750173037733,-0.45280142731106665,2025.0,1.0,-0.059268924376765696,0.11963317821072209,kyle monangai,550.0,0.15384615384615385,-0.03421297563543177
00-0036187,Reggie Gilliam,RB,BUF,BAL,0.0,0.0,0.0,-1.0402204016532295,0.0,0.0,0.0,-0.3368507586400777,-0.3300074638160398,-0.9192014638748908,-0.38597628525234445,-1.806502935649246,-0.8573837953239367,0.0,-0.04450075579759117,0.0,-0.007553852139574016,0.0,0.0,-1.2270527235015927,-0.8108874057161387,-0.9982648413317979,-0.1542034303783317,0.38141538762703187,0.0,-1.0277304802571594,-1.3940893505330474,0.0,0.5472581176423615,-0.059127230962788234,-1.0359461818551694,0.4145099647774652,0.13011459202894737,0.8416957993468962,2,-0.9162750173037733,-0.45280142731106665,0.0,0.0,1.9175071814067663,0.11898359867367966,reggie gilliam,1600.0,0.058823529411764705,0.06016006926191496
00-0039738,Blake Corum,RB,LA,HOU,0.0,0.0,0.0,-1.0402204016532295,0.0,3.6181378078804167,0.0,-0.3368507586400777,-0.3300074638160398,-0.6046374890313144,-0.38597628525234445,-1.1198965285494376,-0.8573837953239367,0.0,0.5133063513929638,0.20702974391745804,0.2920261049927249,5.494330566008615,0.5603853566910472,-0.9999539242986507,-0.8108874057161387,-0.9982648413317979,-0.1542034303783317,-0.5576420437016611,10.752190564574674,-1.0277304802571594,-0.9616446895676719,0.025000000372529,0.6126301841390271,-0.8707837450948499,-0.5798912645316715,0.8160621682337822,0.3519263898164781,0.200921259358718,12,-0.8042426444467595,-0.45280142731106665,2025.0,1.0,-0.059268924376765696,0.11897406272202986,blake corum,500.0,0.16666666666666666,-0.0476926039446368
00-0040179,DJ Giddens,RB,IND,MIA,0.0,0.0,0.0,-1.0402204016532295,0.0,0.0,0.0,-0.3368507586400777,-0.3300074638160398,-0.9192014638748908,-0.38597628525234445,-1.806502935649246,-0.8573837953239367,0.0,-0.04450075579759117,0.0,-0.007553852139574016,0.0,0.0,-1.2270527235015927,-0.8108874057161387,-0.9982648413317979,-0.1542034303783317,0.38141538762703187,0.0,-1.0277304802571594,-1.3940893505330474,0.0,0.5133582311928303,0.7517936467777576,-1.3143148598376049,1.1468275237749639,0.0003972448418665706,0.49218241389879896,19,-0.9162750173037733,-0.45280142731106665,2025.0,1.0,-0.059268924376765696,0.11894861563384779,dj giddens,500.0,0.16666666666666666,-0.04771805103281887
00-0034869,Sam Darnold,QB,SEA,SF,0.0,0.0,0.0,0.0,0.0,-0.025207350395692184,0.0,0.0,0.0,-0.0735341483954074,0.0,0.6739397012931405,0.0,0.0,0.0,0.0,0.0,0.0,0.0,-0.7245966356036442,0.0,0.0,0.0,-0.3716567540154596,-0.47824146755209634,-0.5787662727581778,0.0,0.0,0.5369742173839257,0.02193734843841352,1.2362649374901893,1.749292312721933,-0.5321303555667062,-0.4392073529960564,28,-0.4880149812711116,0.0,2025.0,1.0,-0.5346699743522593,0.11843655834595336,sam darnold,800.0,0.1111111111111111,0.007325447234842256
00-0035891,Cody White,WR,SEA,SF,-0.9859290502998239,-0.9788765439970513,-1.076195116208836,0.0,-0.299371720492203,0.0,-1.0637870082686187,-0.9329390563681516,-0.9399691508932457,0.0,-0.6856917621513873,-0.9927809900679763,0.0,-0.8951406048177183,0.13230991544052778,-0.750508432312175,0.10661957384478231,-0.5251400588587816,-0.4968006590203731,0.0,-1.1086117928300876,0.0,0.0,0.0,0.0,-0.9115866676019854,-0.8843449768960131,-0.4826796820855352,0.6086292705044926,0.02193734843841352,1.2362649374901893,1.8745955587135352,0.09625695183172493,-0.4301581076143742,28,0.0,-0.7973479822883568,2025.0,1.0,4.498708424366155,0.1183164720968384,cody white,2000.0,0.047619047619047616,0.07069742447779079
00-0040649,Robbie Ouzts,RB,SEA,SF,0.0,0.0,0.0,-1.0402204016532295,0.0,0.0,0.0,-0.3368507586400777,-0.3300074638160398,-0.9192014638748908,-0.38597628525234445,-1.806502935649246,-0.8573837953239367,0.0,-0.04450075579759117,0.0,-0.007553852139574016,0.0,0.0,-1.2270527235015927,-0.8108874057161387,-0.9982648413317979,-0.1542034303783317,0.38141538762703187,0.0,-1.0277304802571594,-1.3940893505330474,0.0,0.5369742173839257,-0.823586038799565,1.432070881942274,1.749292312721933,0.09625695183172493,-0.4398532806294602,28,-0.9162750173037733,-0.45280142731106665,0.0,0.0,1.9175071814067663,0.11766829100092327,robbie ouzts,1700.0,0.05555555555555555,0.06211273544536772
00-0040734,TreVeyon Henderson,RB,NE,LV,0.0,0.0,0.0,-1.0402204016532295,0.0,0.0,0.0,-0.3368507586400777,-0.3300074638160398,-0.9192014638748908,-0.38597628525234445,-1.806502935649246,-0.8573837953239367,0.0,-0.04450075579759117,0.0,-0.007553852139574016,0.0,0.0,-1.2270527235015927,-0.8108874057161387,-0.9982648413317979,-0.1542034303783317,0.38141538762703187,0.0,-1.0277304802571594,-1.3940893505330474,0.0,0.6195751449455155,-0.41654317844532146,-0.2512001171552204,0.8906891583046447,0.019174362034883072,0.200921259358718,18,-0.9162750173037733,-0.45280142731106665,2025.0,1.0,-0.059268924376765696,0.11719255794389845,treveyon henderson,140.0,0.4166666666666667,-0.29947410872276825
00-0039299,George Holani,RB,SEA,SF,0.0,0.0,0.0,-1.0402204016532295,0.0,1.7499999999999998,0.0,-0.3368507586400777,-0.3300074638160398,-0.9192014638748908,-0.38597628525234445,-1.6093476062472172,-0.8573837953239367,0.0,0.06807740403852985,-0.41666666666666663,-0.19461192999767674,-0.41666666666666663,0.41666666666666663,-1.2270527235015927,-0.8108874057161387,-0.9982648413317979,-0.1542034303783317,0.04296056521890952,5.833333333333333,-1.0277304802571594,-1.1311396027673226,0.0,0.5369742173839257,-0.823586038799565,1.432070881942274,1.749292312721933,0.09625695183172493,-0.4398532806294602,28,-0.9162750173037733,-0.45280142731106665,2025.0,1.0,0.9291191285150003,0.11675074101169992,george holani,1600.0,0.058823529411764705,0.05792721159993522
00-0040238,LeQuint Allen Jr.,RB,JAX,CAR,0.0,0.0,0.0,-1.0402204016532295,0.0,0.0,0.0,-0.3368507586400777,-0.3300074638160398,-0.9192014638748908,-0.38597628525234445,-1.806502935649246,-0.8573837953239367,0.0,-0.04450075579759117,0.0,-0.007553852139574016,0.0,0.0,-1.2270527235015927,-0.8108874057161387,-0.9982648413317979,-0.1542034303783317,0.38141538762703187,0.0,-1.0277304802571594,-1.3940893505330474,0.0,0.4241140915737814,-0.09880703298401991,0.4657275721902399,1.8996554109520696,0.5666845183212751,0.6086868757148314,4,-0.9162750173037733,-0.45280142731106665,2025.0,1.0,0.9291191285150003,0.11671676421813666,lequint allen,900.0,0.1,0.016716764218136657
00-0039050,Payne Durham,TE,TB,ATL,-0.8094318659106344,-0.7527044414968098,-0.4521606978017611,0.0,-0.3086969656629676,0.0,-0.6272553112639929,0.5788755670060955,0.48468587119834994,0.0,-0.23343585904091543,0.21265355439984523,0.0,-0.7720068750040082,0.1428008934763608,-0.5477982456905767,0.7236989125823234,-0.4608754349569003,-0.3825285231771404,0.0,-0.15990573799391772,0.0,0.0,0.0,0.0,1.4521380187883006,-0.7016631124306549,-0.7274176688705345,1.4121172267466708,0.5790310404124528,0.6192851740867521,0.3732040674294659,0.5816280991826792,0.6057035912842055,1,0.0,-0.11894361130553699,2025.0,1.0,0.2713376216905684,0.11627766711413022,payne durham,330.0,0.23255813953488372,-0.1162804724207535
00-0035125,Alec Ingold,RB,MIA,IND,0.0,0.0,0.0,-1.0402204016532295,0.0,0.0,0.0,-0.3368507586400777,-0.3300074638160398,-0.9192014638748908,-0.38597628525234445,-1.806502935649246,-0.8573837953239367,0.0,-0.04450075579759117,0.0,-0.007553852139574016,0.0,0.0,-1.2270527235015927,-0.8108874057161387,-0.9982648413317979,-0.1542034303783317,0.38141538762703187,0.0,-1.0277304802571594,-1.3940893505330474,0.0,0.3627030818906429,-0.735411199523937,0.5942283867756177,1.572603487124787,0.2390832687288482,0.14266902845070178,13,-0.9162750173037733,-0.45280142731106665,0.0,0.0,1.9175071814067663,0.11591947625339816,alec ingold,1700.0,0.05555555555555555,0.060363920697842605
00-0040198,Ollie Gordon II,RB,MIA,IND,0.0,0.0,0.0,-1.0402204016532295,0.0,0.0,0.0,-0.3368507586400777,-0.3300074638160398,-0.9192014638748908,-0.38597628525234445,-1.806502935649246,-0.8573837953239367,0.0,-0.04450075579759117,0.0,-0.007553852139574016,0.0,0.0,-1.2270527235015927,-0.8108874057161387,-0.9982648413317979,-0.1542034303783317,0.38141538762703187,0.0,-1.0277304802571594,-1.3940893505330474,0.0,0.3627030818906429,-0.735411199523937,0.5942283867756177,1.572603487124787,0.2390832687288482,0.14266902845070178,13,-0.9162750173037733,-0.45280142731106665,2025.0,1.0,0.9291191285150003,0.11585687732711165,ollie gordon,255.0,0.28169014084507044,-0.1658332635179588
00-0040692,Jarquez Hunter,RB,LA,HOU,0.0,0.0,0.0,-1.0402204016532295,0.0,0.0,0.0,-0.3368507586400777,-0.3300074638160398,-0.9192014638748908,-0.38597628525234445,-1.806502935649246,-0.8573837953239367,0.0,-0.04450075579759117,0.0,-0.007553852139574016,0.0,0.0,-1.2270527235015927,-0.8108874057161387,-0.9982648413317979,-0.1542034303783317,0.38141538762703187,0.0,-1.0277304802571594,-1.3940893505330474,0.0,0.6126301841390271,-0.8707837450948499,-0.5798912645316715,0.8160621682337822,0.3519263898164781,0.200921259358718,12,-0.9162750173037733,-0.45280142731106665,2025.0,1.0,0.9291191285150003,0.11565490455186538,jarquez hunter,900.0,0.1,0.01565490455186537
00-0040078,Brashard Smith,RB,KC,LAC,0.0,0.0,0.0,-1.0402204016532295,0.0,0.0,0.0,-0.3368507586400777,-0.3300074638160398,-0.9192014638748908,-0.38597628525234445,-1.806502935649246,-0.8573837953239367,0.0,-0.04450075579759117,0.0,-0.007553852139574016,0.0,0.0,-1.2270527235015927,-0.8108874057161387,-0.9982648413317979,-0.1542034303783317,0.38141538762703187,0.0,-1.0277304802571594,-1.3940893505330474,0.0,0.32434459951516,0.34942124719514217,-1.1267405248391393,1.2206522249500296,0.04859710605685069,0.5504346448068151,17,-0.9162750173037733,-0.45280142731106665,2025.0,1.0,0.9291191285150003,0.11537688777045446,brashard smith,600.0,0.14285714285714285,-0.027480255086688388
00-0038705,Emari Demercado,RB,ARI,NO,0.0,0.0,0.0,-1.0349969243579573,0.0,1.6528935741431128,0.0,-0.3330619610088129,-0.32658763236097255,-0.917607632089981,-0.38597628525234445,-0.9532769693538903,-0.851029114968623,0.0,-0.21663467458494456,-1.926828701550776,-1.0626991379016624,7.821873783872878,1.7038544137150464,-1.2259368043803336,-0.09766967391513223,-0.9926478882299758,-0.1540600062122434,0.7826123266424458,13.40345328175294,-0.7277862484205743,-0.36651281944972836,0.1052631586790084,0.29417816574600103,-0.8942820849524598,0.8302102015557927,1.2956134341885444,0.0014111249868368713,0.6086868757148314,22,-0.9150601517964685,-0.43501510096434504,2025.0,1.0,0.9291191285150003,0.11530267995856078,emari demercado,1000.0,0.09090909090909091,0.024393589049469866
00-0038738,Hunter Luepke,RB,DAL,PHI,0.0,0.0,0.0,-1.0402204016532295,0.0,0.0,0.0,-0.3368507586400777,-0.3300074638160398,-0.9192014638748908,-0.38597628525234445,-1.806502935649246,-0.8573837953239367,0.0,-0.04450075579759117,0.0,-0.007553852139574016,0.0,0.0,-1.2270527235015927,-0.8108874057161387,-0.9982648413317979,-0.1542034303783317,0.38141538762703187,0.0,-1.0277304802571594,-1.3940893505330474,0.0,0.31206381103054004,-0.9289538441224915,-1.3451561433363208,1.324825652859504,0.03151196867229631,-0.672862204261525,25,-0.9162750173037733,-0.45280142731106665,0.0,0.0,1.9175071814067663,0.11529977874159306,hunter luepke,1700.0,0.05555555555555555,0.059744223186037504
00-0040586,Jaydon Blue,RB,DAL,PHI,0.0,0.0,0.0,-1.0402204016532295,0.0,0.0,0.0,-0.3368507586400777,-0.3300074638160398,-0.9192014638748908,-0.38597628525234445,-1.806502935649246,-0.8573837953239367,0.0,-0.04450075579759117,0.0,-0.007553852139574016,0.0,0.0,-1.2270527235015927,-0.8108874057161387,-0.9982648413317979,-0.1542034303783317,0.38141538762703187,0.0,-1.0277304802571594,-1.3940893505330474,0.0,0.31206381103054004,-0.9289538441224915,-1.3451561433363208,1.324825652859504,0.03151196867229631,-0.672862204261525,25,-0.9162750173037733,-0.45280142731106665,2025.0,1.0,0.9291191285150003,0.11523774054921702,jaydon blue,750.0,0.11764705882352941,-0.002409318274312386
00-0040142,Kaleb Johnson,RB,PIT,NYJ,0.0,0.0,0.0,-1.0402204016532295,0.0,0.0,0.0,-0.3368507586400777,-0.3300074638160398,-0.9192014638748908,-0.38597628525234445,-1.806502935649246,-0.8573837953239367,0.0,-0.04450075579759117,0.0,-0.007553852139574016,0.0,0.0,-1.2270527235015927,-0.8108874057161387,-0.9982648413317979,-0.1542034303783317,0.38141538762703187,0.0,-1.0277304802571594,-1.3940893505330474,0.0,0.5668111435994624,-0.9278496526458924,0.4558625822202867,0.993391907412669,0.3650016079818515,-0.381601049721444,24,-0.9162750173037733,-0.45280142731106665,2025.0,1.0,0.9291191285150003,0.1151481671242709,kaleb johnson,275.0,0.26666666666666666,-0.15151849954239577
00-0040644,Trevor Etienne,RB,CAR,JAX,0.0,0.0,0.0,-1.0402204016532295,0.0,0.0,0.0,-0.3368507586400777,-0.3300074638160398,-0.9192014638748908,-0.38597628525234445,-1.806502935649246,-0.8573837953239367,0.0,-0.04450075579759117,0.0,-0.007553852139574016,0.0,0.0,-1.2270527235015927,-0.8108874057161387,-0.9982648413317979,-0.1542034303783317,0.38141538762703187,0.0,-1.0277304802571594,-1.3940893505330474,0.0,0.3316152125857753,-0.7495530515207149,0.6113305489349922,0.7782861400448089,0.021548742892345627,-0.2068443569973954,14,-0.9162750173037733,-0.45280142731106665,2025.0,1.0,0.9291191285150003,0.11514109786501892,trevor etienne,950.0,0.09523809523809523,0.019903002626923683
00-0037085,Tyler Badie,RB,DEN,TEN,0.0,0.0,0.0,-1.0402204016532295,0.0,3.2072072072072064,0.0,-0.3368507586400777,-0.3300074638160398,-0.9192014638748908,-0.38597628525234445,-1.2723718486422368,-0.8573837953239367,0.0,-0.0694722446705418,-3.681306306306306,-2.054330467483318,2.2274774774774775,1.1103603603603602,-1.2270527235015927,-0.23024226975960302,-0.9982648413317979,-0.1542034303783317,0.593349603420786,22.466216216216214,-0.47635586747708974,-0.6589029034293831,0.0799999982118606,0.11291565826181223,-0.12534568209112926,1.0233907880036606,1.1738024062772197,0.25171120647521533,0.7251913375308637,30,-0.9162750173037733,-0.17020491205077354,2025.0,1.0,0.9291191285150003,0.11474367154191148,tyler badie,1400.0,0.06666666666666667,0.048077004875244814
00-0040715,Cam Skattebo,RB,NYG,WAS,0.0,0.0,0.0,-1.0402204016532295,0.0,0.0,0.0,-0.3368507586400777,-0.3300074638160398,-0.9192014638748908,-0.38597628525234445,-1.806502935649246,-0.8573837953239367,0.0,-0.04450075579759117,0.0,-0.007553852139574016,0.0,0.0,-1.2270527235015927,-0.8108874057161387,-0.9982648413317979,-0.1542034303783317,0.38141538762703187,0.0,-1.0277304802571594,-1.3940893505330474,0.0,0.4394111430265035,-0.4003625862474342,1.215344530788056,0.4298505160141415,0.057315046567697626,-0.6146099733535088,31,-0.9162750173037733,-0.45280142731106665,2025.0,1.0,0.9291191285150003,0.11465229416206088,cam skattebo,310.0,0.24390243902439024,-0.12925014486232936
00-0033376,Patrick Ricard,RB,BAL,BUF,0.0,0.0,0.0,-1.0402204016532295,0.0,0.0,0.0,-0.3368507586400777,-0.3300074638160398,-0.9192014638748908,-0.38597628525234445,-1.806502935649246,-0.8573837953239367,0.0,-0.04450075579759117,0.0,-0.007553852139574016,0.0,0.0,-1.2270527235015927,-0.8108874057161387,-0.9982648413317979,-0.1542034303783317,0.38141538762703187,0.0,-1.0277304802571594,-1.3940893505330474,0.0,0.42847643825942583,-0.11813671804458503,-0.4699769137919558,1.2134079458540785,0.29080984768337426,0.49218241389879896,3,-0.9162750173037733,-0.45280142731106665,0.0,0.0,1.9175071814067663,0.11423746613273626,patrick ricard,1600.0,0.058823529411764705,0.05541393672097156
00-0039810,Jermaine Burton,WR,CIN,CLE,-0.6941226495546567,0.25671054125456544,-0.8224716351183962,0.0,0.004522778141664302,0.0,-0.8381595551035615,0.7989611150104245,1.4975442705103388,0.0,-0.6856917621513873,-0.9837784428578447,0.0,-0.49549478546263226,-0.7504619712438748,1.0554466848735933,-1.7372399592980659,-0.5170078635378833,-0.9707001247110764,0.0,-0.08459993934667906,0.0,0.0,0.0,0.0,-0.9115866676019854,-0.2478614611989782,-0.4958742554176975,1.2351061957153155,0.0021012437314289175,0.8651286836775417,0.4844330504347058,0.2855922089592876,0.9509908242503988,7,0.0,0.30910834459482195,2025.0,1.0,4.498708424366155,0.11412100098450435,jermaine burton,600.0,0.14285714285714285,-0.028736141872638496
00-0037120,Tyler Goodson,RB,IND,MIA,0.0,0.0,0.0,-0.8980205196717148,0.0,2.2316376481727787,0.0,1.5561481681420222,1.4685737621693071,-0.8598024441699507,1.3613320643160405,-1.1891331862802044,-0.7162593828338242,0.0,-0.08067468387550676,2.5560740867645593,-0.05224243338497566,3.9787579791008256,0.7772898281625473,-1.0456267074799441,-0.40465881823063804,-0.8065705744876541,-0.09413510340373932,0.6480687811260282,10.829194571175536,-0.4078129951142124,-0.6085655848551034,0.0512820519506931,0.5133582311928303,0.7517936467777576,-1.3143148598376049,1.1468275237749639,0.0003972448418665706,0.49218241389879896,19,-0.8830296733985071,-0.04111836841844022,2025.0,1.0,0.9291191285150003,0.11381679132328741,tyler goodson,800.0,0.1111111111111111,0.0027056802121763063
00-0036842,Kene Nwangwu,RB,NYJ,PIT,0.0,0.0,0.0,-1.0402204016532295,0.0,1.442945942621199,0.0,-0.3368507586400777,-0.3300074638160398,-0.8579002461804518,-0.38597628525234445,-1.5565269436199156,-0.8573837953239367,0.0,-0.12870795473078958,-0.23792463927374874,0.04491159234427235,1.5353643403246102,0.17297428971144277,-1.1770593185306746,-0.797489989384447,-0.9982648413317979,-0.1542034303783317,0.045983958541917544,3.4410546567905995,-1.0277304802571594,-1.2897249094687668,0.0,0.5868726806907731,-0.9068169170698132,-0.5807728035178996,1.328705583121639,0.14206908958213937,-1.0806278206176383,26,-0.8916308791880277,-0.45256816729132127,2025.0,1.0,1.9175071814067663,0.11334322639169116,kene nwangwu,2200.0,0.043478260869565216,0.06986496552212594
00-0039376,Spencer Rattler,QB,NO,ARI,0.0,0.0,0.0,0.0,0.0,-0.4490224277503504,0.0,0.0,0.0,-0.74288097669803,0.0,0.4299232889149965,0.0,0.0,0.0,0.0,0.0,0.0,0.0,-1.0324738737681711,0.0,0.0,0.0,1.4089219259008663,0.38271123523406114,-0.7162800988825386,0.0,0.0,0.06083848821170234,0.3537343246148245,0.6887253702913408,0.8369160801657294,1.5952024037964792,-0.894095222250008,0,-0.5691225519339905,0.0,2025.0,1.0,-0.5346699743522593,0.11328954791663039,spencer rattler,550.0,0.15384615384615385,-0.04055660592952347
00-0037348,Tanner Conner,WR,MIA,IND,-0.9859290502998239,-0.9788765439970513,-1.076195116208836,0.0,-0.299371720492203,0.0,-1.0637870082686187,-0.9329390563681516,-0.9399691508932457,0.0,-0.6856917621513873,-1.9409978737871167,0.0,-0.8951406048177183,-0.4660598589031562,-0.7520177854685136,-0.9221040052417783,-1.1125596060580494,-0.9446615782585801,0.0,-0.7214543531515835,0.0,0.0,0.0,0.0,-0.9115866676019854,-0.7611911347835788,-0.4104237218742793,-0.01988042851359385,0.03917358636020134,0.9105847934670175,1.466083274819497,0.2390832687288482,0.14532061399594787,13,0.0,-0.22430683564303944,2025.0,1.0,1.328180322359465,0.11317325105267166,tanner conner,1100.0,0.08333333333333333,0.029839917719338332
00-0039868,Troy Franklin,WR,DEN,TEN,-0.2557694600305611,-0.42080516551871,-0.4697600271337542,0.0,0.27001037290318314,0.020980407284024064,-0.7324588095436407,-0.4786154531582885,-0.4984053438657108,0.0,-0.6550528447793167,-0.74738817790074,0.0,-0.5665429897456452,-0.7886481330568627,-0.44108248733610056,-0.7901092425707079,-0.8046441987878362,-0.564489581395352,0.0,-0.3194865728245408,0.0,0.0,-0.00287174874458047,0.077117172719656,-0.6987993785825869,-0.47534607622962954,-0.6815081890208913,-0.9207399885266796,0.15842795067472656,1.0774057334976106,0.5440377532317293,0.25171120647521533,0.72079933560627,30,0.0,0.07445807580601081,2025.0,1.0,0.2713376216905684,0.11295966012662215,troy franklin,600.0,0.14285714285714285,-0.029897482730520702
00-0029892,Kyle Juszczyk,RB,SF,SEA,0.0,0.0,0.0,-1.0402204016532295,0.0,0.0,0.0,-0.3368507586400777,-0.3300074638160398,-0.9192014638748908,-0.38597628525234445,-1.806502935649246,-0.8573837953239367,0.0,-0.04450075579759117,0.0,-0.007553852139574016,0.0,0.0,-1.2270527235015927,-0.8108874057161387,-0.9982648413317979,-0.1542034303783317,0.38141538762703187,0.0,-1.0277304802571594,-1.3940893505330474,0.0,0.3155224667483951,-0.28291297714643726,-1.3219812176745234,1.175464127111361,0.029123878675916568,0.14266902845070178,27,-0.9162750173037733,-0.45280142731106665,0.0,0.0,1.9175071814067663,0.11283539119461905,kyle juszczyk,1000.0,0.09090909090909091,0.02192630028552814
00-0038618,Xavier Hutchinson,WR,HOU,LA,-0.9859290502998239,-0.9788765439970513,-1.076195116208836,0.0,-0.299371720492203,0.001871305957228044,-1.0637870082686187,0.2861536993364872,0.08607834151090045,4.356640280967931e-05,0.13785533405273176,0.1580148711472516,0.0,-0.8951406048177183,-0.35852175127348956,-0.6323824673759147,-1.3559101820455854,-0.9667749158454039,-0.9010357030517475,0.00015131832224539056,-0.6673057869584568,0.0,0.0,0.0008382231289455702,0.01603438800880785,-0.9115866676019854,-0.7540625682603316,-0.6560939865925492,1.551304942321137,0.07454922771299295,0.13162494730462757,0.3180459704727358,0.2242495682641512,-0.4877059797754064,16,0.0,-0.35040301087415354,2025.0,1.0,2.3850230230283613,0.1127611244785603,xavier hutchinson,600.0,0.14285714285714285,-0.030096018378582542
00-0040583,Woody Marks,RB,HOU,LA,0.0,0.0,0.0,-1.0402204016532295,0.0,0.0,0.0,-0.3368507586400777,-0.3300074638160398,-0.9192014638748908,-0.38597628525234445,-1.806502935649246,-0.8573837953239367,0.0,-0.04450075579759117,0.0,-0.007553852139574016,0.0,0.0,-1.2270527235015927,-0.8108874057161387,-0.9982648413317979,-0.1542034303783317,0.38141538762703187,0.0,-1.0277304802571594,-1.3940893505330474,0.0,0.7983562771771706,-0.5544412277291217,-1.4097183478367827,1.0760569423962627,0.2242495682641512,-0.4981055115374764,16,-0.9162750173037733,-0.45280142731106665,2025.0,1.0,1.9175071814067663,0.11260662293676969,woody marks,600.0,0.14285714285714285,-0.030250519920373156
00-0039364,Sione Vaki,RB,DET,GB,0.0,0.0,0.0,-1.0402204016532295,0.0,1.5765765765765765,0.0,-0.3368507586400777,-0.3300074638160398,-0.9192014638748908,-0.38597628525234445,-1.4479466622583674,-0.8573837953239367,0.0,1.0422334624983796,2.884009009009009,0.8079856878808684,10.11824324324324,0.9132882882882881,-1.2270527235015927,-0.8108874057161387,-0.9982648413317979,-0.1542034303783317,-0.23786662416295395,3.4684684684684686,-1.0277304802571594,-0.7664669068270431,0.0625,0.05938738322254557,0.7689005282686888,-0.29047397462899605,0.9561507254723076,0.013835495706071843,0.026164566634669394,11,-0.9162750173037733,-0.45280142731106665,2025.0,1.0,1.9175071814067663,0.11244822236291731,sione vaki,2500.0,0.038461538461538464,0.07398668390137884
00-0039305,Jack Westover,RB,NE,LV,0.0,0.0,0.0,-1.0402204016532295,0.0,0.0,0.0,-0.3368507586400777,-0.3300074638160398,-0.9192014638748908,-0.38597628525234445,-1.806502935649246,-0.8573837953239367,0.0,-0.04450075579759117,0.0,-0.007553852139574016,0.0,0.0,-1.2270527235015927,-0.8108874057161387,-0.9982648413317979,-0.1542034303783317,0.38141538762703187,0.0,-1.0277304802571594,-1.3940893505330474,0.0,0.6195751449455155,-0.41654317844532146,-0.2512001171552204,0.8906891583046447,0.019174362034883072,0.200921259358718,18,-0.9162750173037733,-0.45280142731106665,2025.0,1.0,0.9291191285150003,0.1121934062817758,jack westover,1300.0,0.07142857142857142,0.04076483485320438
00-0039796,Rasheen Ali,RB,BAL,BUF,0.0,0.0,0.0,-1.0402204016532295,0.0,1.599099099099099,0.0,-0.3368507586400777,-0.3300074638160398,-0.9192014638748908,-0.38597628525234445,-1.3210212583027914,-0.8573837953239367,0.0,-0.04450075579759117,-1.931306306306306,-0.3453476321116499,0.0,0.0,-0.91537144460366,-0.8108874057161387,-0.9982648413317979,-0.1542034303783317,0.10442100148965304,4.070945945945946,-1.0277304802571594,-0.944087229316207,0.0666666701436042,0.42847643825942583,-0.11813671804458503,-0.4699769137919558,1.2134079458540785,0.29080984768337426,0.49218241389879896,3,-0.7480525078410502,-0.45280142731106665,2025.0,1.0,0.9291191285150003,0.11200163553488343,rasheen ali,1400.0,0.06666666666666667,0.045334968868216766
00-0037594,Julius Chestnut,RB,TEN,DEN,0.0,0.0,0.0,-1.0402204016532295,0.0,2.8438741787858572,0.0,-0.3368507586400777,-0.3300074638160398,-0.6624530225670859,-0.38597628525234445,-0.8510698832178143,-0.8573837953239367,0.0,-0.20342665208025945,0.7045434890849323,-1.1059519006086738,1.8841168583034682,0.27420062740433393,-0.5255223227773368,-0.8108874057161387,-0.9982648413317979,-0.1542034303783317,0.26919917509574853,13.202074320633436,-1.0277304802571594,-1.045264775375548,0.0,0.18454546323731716,0.6084075738982112,-0.861885615232525,0.9137470068232225,0.3096701287682889,-1.255384513341687,9,-0.6537193341710247,-0.45280142731106665,2025.0,1.0,-0.059268924376765696,0.1112881413419813,julius chestnut,950.0,0.09523809523809523,0.016050046103886065
00-0039407,Dylan Laube,RB,LV,NE,0.0,0.0,0.0,-1.0402204016532295,0.0,1.0,0.0,-0.3368507586400777,-0.3300074638160398,-0.9192014638748908,-0.38597628525234445,-1.711868377536272,-0.8573837953239367,0.0,-0.04450075579759117,0.0,-0.007553852139574016,0.0,0.0,-1.2270527235015927,-0.8108874057161387,-0.9982648413317979,-0.1542034303783317,-3.127802933880991,0.0,-1.0277304802571594,-1.3940893505330474,0.0,0.12836023253837028,2.235299228494584,0.5863745687425305,0.9192333518493867,0.07598883933407122,-0.4981055115374764,21,-0.9162750173037733,-0.45280142731106665,2025.0,1.0,0.9291191285150003,0.11079599052783633,dylan laube,2000.0,0.047619047619047616,0.06317694290878871
00-0040202,Devin Neal,RB,NO,ARI,0.0,0.0,0.0,-1.0402204016532295,0.0,0.0,0.0,-0.3368507586400777,-0.3300074638160398,-0.9192014638748908,-0.38597628525234445,-1.806502935649246,-0.8573837953239367,0.0,-0.04450075579759117,0.0,-0.007553852139574016,0.0,0.0,-1.2270527235015927,-0.8108874057161387,-0.9982648413317979,-0.1542034303783317,0.38141538762703187,0.0,-1.0277304802571594,-1.3940893505330474,0.0,0.06083848821170234,0.8737765283249368,0.02347436292417108,0.8369160801657294,0.542422936880192,-0.9058711278935898,0,-0.9162750173037733,-0.45280142731106665,2025.0,1.0,0.9291191285150003,0.11053902494686747,devin neal,1300.0,0.07142857142857142,0.03911045351829605
00-0038619,Andrei Iosivas,WR,CIN,CLE,-0.9107483214455055,-0.8514328070323006,-0.8205226124906282,0.0,-0.18847488975490778,0.0,-0.8061624537537763,-0.22803682195665345,-0.26975689439129574,0.0,-0.3537388876275738,0.8784294154574985,0.0,-0.8161124331297315,-0.18878888643271685,-0.2025582554926399,-0.0454681451140033,-0.05926160396143471,-0.20625760202760743,0.0,-0.3551014310806961,0.0,0.0,0.0,0.0,0.14202545350190154,-0.42382698213426623,-0.7201819251882234,1.2351061957153155,0.0021012437314289175,0.8651286836775417,0.4844330504347058,0.2855922089592876,0.9509908242503988,7,0.0,0.01682843988247824,2025.0,1.0,1.328180322359465,0.10940834847212642,andrei iosivas,370.0,0.2127659574468085,-0.10335760897468209
00-0040205,Kalel Mullings,RB,TEN,DEN,0.0,0.0,0.0,-1.0402204016532295,0.0,0.0,0.0,-0.3368507586400777,-0.3300074638160398,-0.9192014638748908,-0.38597628525234445,-1.806502935649246,-0.8573837953239367,0.0,-0.04450075579759117,0.0,-0.007553852139574016,0.0,0.0,-1.2270527235015927,-0.8108874057161387,-0.9982648413317979,-0.1542034303783317,0.38141538762703187,0.0,-1.0277304802571594,-1.3940893505330474,0.0,0.18454546323731716,0.6084075738982112,-0.861885615232525,0.9137470068232225,0.3096701287682889,-1.255384513341687,9,-0.9162750173037733,-0.45280142731106665,2025.0,1.0,0.9291191285150003,0.10923819542642985,kalel mullings,850.0,0.10526315789473684,0.00397503753169301
00-0037664,Alec Pierce,WR,IND,MIA,-0.38959889530511416,0.8758718333995357,-0.43030141006180805,0.0,-0.317087383017639,0.0,-0.2439728727863647,1.6265575075948153,1.7323356330433701,0.0,0.2373192888777567,0.8443539035812437,0.0,0.3971608972377267,-0.4321274647656761,1.9024484406178646,1.2438640526572486,0.9007502406341257,-0.12517177071382213,0.0,-0.43843502117021516,0.0,0.0,0.0,0.0,2.121973366661482,0.549790924223232,-0.8639688644076577,0.5234581012746189,0.3298893594750515,0.16870950901058976,0.4816706464182251,0.0003972448418665706,0.4906078469621411,19,0.0,-0.07396807392150588,2025.0,1.0,0.2713376216905684,0.10818249162335135,alec pierce,350.0,0.2222222222222222,-0.11403973059887086
00-0036876,Kylen Granson,TE,PHI,DAL,-0.9830223943223293,-0.9766313119134751,-1.0720046630380302,0.0,-0.29755951293337624,0.0004823809435606913,-1.0597559322163423,-0.9328090248631871,-0.9398070015305447,0.0,-0.6841052117184626,-0.5540070847688479,0.0,-0.8936773714710022,-0.1013719325857329,-0.10318784594194574,-1.2715532395755644,-0.6387896336586351,-0.6809356445311046,0.0,-0.18877600113334345,0.0,0.0,0.00135033239368446,0.0009561571662883363,-0.9114341929592793,-0.45447854864347836,-0.33483287119173527,0.007365825616320796,0.07798349000291113,0.3316377406745755,1.4427086683182813,0.7386850484057496,1.296278057216592,8,0.0,-0.4767996472175465,2025.0,1.0,1.328180322359465,0.10805545657705314,kylen granson,2500.0,0.038461538461538464,0.06959391811551467
00-0034855,Baker Mayfield,QB,TB,ATL,0.0,0.0,0.0,0.0,0.0,0.3314216614688845,0.0,0.0,0.0,-0.7295338825386116,0.0,0.5728186435087086,0.0,0.0,7.774328081721386e-11,3.239303238665565e-10,1.14709446915288e-10,3.8871638863986813e-10,6.478606477331131e-11,-0.560091346006916,0.0,0.0,0.0,0.48619993015569946,1.041776485109691,-0.5025146383065842,4.12699672899457e-12,0.0,0.7597627578125947,0.5790310404124528,0.6192851740867521,1.0999137999687172,1.7821337900902405,0.5842903528253347,1,0.18283082189822172,0.0,2025.0,1.0,-0.5346699743522593,0.10790381145269232,baker mayfield,550.0,0.15384615384615385,-0.04594234239346154
00-0036442,Joe Burrow,QB,CIN,CLE,0.0,0.0,0.0,0.0,0.0,-0.5598809294887291,0.0,0.0,0.0,0.046396942802546026,0.0,0.6775270024366931,0.0,0.0,0.0,0.0,0.0,0.0,0.0,-0.8123532214878213,0.0,0.0,0.0,0.44317465039646387,-0.30907371456129384,0.31835370602886603,0.0,0.0,0.7106817119339641,0.0021012437314289175,0.8651286836775417,1.1480223126240146,0.370625812513122,0.9254562547657984,7,-0.39707089736360307,0.0,2025.0,1.0,-0.5346699743522593,0.10647606051789628,joe burrow,550.0,0.15384615384615385,-0.047370093328257576
00-0036862,Ben Skowronek,WR,PIT,NYJ,-0.9777718073736524,-0.9710981955726592,-1.0675938626922665,0.0,-0.29975693888939614,0.034403863532554695,-1.0520913388244482,-0.7929045922102071,-0.7878893465465441,0.0,-0.6421223795142971,-1.187471097282554,0.0,-0.8878536595329591,0.978545334047648,-0.9187750519809579,0.2905164621104725,-0.6529714446965105,-0.7618012282400951,4.878405237950898e-05,-0.9641351880210196,0.0,0.0,-0.060575325623451456,0.027548350466822805,-0.8193141330570335,-0.9337748063340229,-0.5994008485806412,0.7162362902342437,0.0015561096450762578,0.8568002272562779,0.126920798152422,0.3650016079818515,-0.372610235453342,24,0.0,-0.662266098461358,2025.0,1.0,2.3850230230283613,0.10568013440325012,ben skowronek,1300.0,0.07142857142857142,0.0342515629746787
00-0034521,Allen Lazard,WR,NYJ,PIT,-0.524652426034247,-0.4972176972902096,-0.39370214116194835,0.0,-0.19952927093634082,0.0001274512688295972,-0.5624093027054264,-0.602600202183899,-0.5495178563180216,0.0,-0.5726650160802389,1.036970047744507,0.0,-0.5134893147919007,-0.17068516411934942,0.19064517603277875,0.3698613790690487,0.15345822964766556,-0.32748165572893334,0.0,-0.28440211020582995,0.0,0.0,-0.00025383872897570303,4.940833403812421e-06,0.8391715277175865,0.038965262348748524,-0.5086918277615878,0.7885883214722906,0.0056675459404362805,0.45384673220877014,0.902180665446422,0.14206908958213937,-1.0631847013857285,26,0.0,0.23338324980130748,2025.0,1.0,3.441865723697258,0.10548051303070718,allen lazard,850.0,0.10526315789473684,0.0002173551359703485
00-0039355,Luke McCaffrey,WR,WAS,NYG,-0.9859290502998239,-0.9788765439970513,-1.076195116208836,0.0,-0.299371720492203,0.0,-1.0637870082686187,-0.83501642028264,-0.8303900113092451,0.0,-0.6236000734392326,-1.327275276060977,0.0,-0.8951406048177183,-0.506541706091693,-0.8005890439273629,-1.3570637849811371,-0.9767282545719753,-0.8918853759035476,0.0,-0.9161060246784648,0.0,0.0,0.0,0.0,-0.9115866676019854,-0.9051857701245634,-0.5332588542334142,0.4468427473275951,0.10776837312315056,1.008736765316202,0.641782551742023,0.06545478851764222,0.7783472077673022,23,0.0,-0.5770125118094461,2025.0,1.0,3.441865723697258,0.10511811690553038,luke mccaffrey,1300.0,0.07142857142857142,0.03368954547695896
00-0033854,Dare Ogunbowale,RB,HOU,LA,0.0,0.0,0.0,-1.0125197143852869,0.0,1.431035021440674,0.0,0.16021146793459815,0.12052155778115056,-0.918832881537877,0.3119877801813245,-0.6810968701417404,-0.8436348200484722,0.0,0.14692622831394994,3.2489139626914736,-0.4110342259718379,10.600106096714995,0.9603217932780677,-1.0383714012592697,0.49981057918735783,-0.9847022468870029,-0.17663517828208292,0.020897600757336505,6.522296392471495,-0.9999388206907976,-0.1053911164261027,0.1071428582072258,0.7983562771771706,-0.5544412277291217,-1.4097183478367827,1.0760569423962627,0.2242495682641512,-0.4981055115374764,16,-0.8893001805060776,-0.1526295606865244,2025.0,1.0,0.9291191285150003,0.10500351433118299,dare ogunbowale,1000.0,0.09090909090909091,0.014094423422092078
00-0036637,Noah Gray,TE,KC,LAC,-0.4742410591695193,-0.5816100631437962,-0.31225915741525573,0.0,-0.23479251630380413,0.2857597161636239,-0.4167036937314392,-0.30510390784706204,-0.22229313563341152,2.52958400771729e-08,-0.5287376205034777,-0.5950341249613372,0.0,-0.6860948285780567,-0.38272497016277723,-0.9455329479062436,-0.2215565029589078,-0.7606848460404197,-0.5676464641762345,9.078969516917497e-06,-0.3951265125646188,0.0,0.0,-0.42408495929449863,-1.1428117217776401,-0.11360932393470496,-0.8972366283925455,-0.7861547534109207,-0.15822048204204855,0.25123442265472884,0.2416220633268991,0.6523565807601198,0.04859710605685069,0.5481557191231733,17,0.0,-0.5795415744394193,2025.0,1.0,0.2713376216905684,0.1035830394019809,noah gray,400.0,0.2,-0.09641696059801912
00-0037745,Velus Jones Jr.,RB,NO,ARI,0.0,0.0,0.0,-1.0402204016532295,0.0,1.1535746233334585,0.0,-0.04696976387468843,-0.04002032094018015,-0.9192014638748908,-0.38597628525234445,-1.2647280850257199,-0.8573837953239367,0.0,-0.07428526063818118,5.489850138302635,0.05037511268188065,2.6883959286811394,0.331288970745473,-1.2267549834526432,-0.8082222221583879,-0.9982648413317979,-0.1542034303783317,0.3611324691146005,5.244354715253393,-1.0066349735608322,-0.8371373930284142,0.0,0.06083848821170234,0.8737765283249368,0.02347436292417108,0.8369160801657294,0.542422936880192,-0.9058711278935898,0,-0.9160522891890097,-0.449905227410139,2025.0,1.0,1.9175071814067663,0.10094141368168273,velus jones,1900.0,0.05,0.05094141368168273
00-0037311,Ko Kieft,TE,TB,ATL,-0.9859290502998239,-0.9788765439970513,-1.076195116208836,0.0,-0.299371720492203,0.0,-1.0637870082686187,-0.9329390563681516,-0.9399691508932457,0.0,0.9169845445600103,-1.4251244174796445,0.0,-0.8951406048177183,-0.6093994600883543,-0.9368426997486246,-0.521832405006315,-1.2338367972208992,-1.2209965765995314,0.0,-0.019161339977213376,0.0,0.0,0.0,0.0,0.6503768191097966,-1.0970462657167945,-1.010951086880865,1.4121172267466708,0.5790310404124528,0.6192851740867521,0.3732040674294659,0.5816280991826792,0.6057035912842055,1,0.0,-0.018299566378084272,2025.0,1.0,1.328180322359465,0.10074717864750012,ko kieft,1300.0,0.07142857142857142,0.02931860721892869
00-0030565,Geno Smith,QB,LV,NE,0.0,0.0,0.0,0.0,0.0,-0.4984600197602642,0.0,0.0,0.0,-0.6937143033379483,0.0,0.5496539880414361,0.0,0.0,0.0,-0.000185113012807979,-3.335551597311387e-05,-4.627825320199475e-05,2.3139126600997375e-05,-0.5531810163811851,0.0,0.0,0.0,0.28105108341141555,-0.20179843929935257,-0.5753695719672506,3.2261282512313416e-07,0.0,0.12836023253837028,0.6198820078862533,0.9075319134771587,0.9192333518493867,-0.6287693220760723,-0.49606833665280037,21,-0.469443826788092,0.0,2025.0,1.0,-0.5346699743522593,0.09996789242073537,geno smith,650.0,0.13333333333333333,-0.033365440912597966
00-0039052,Trey Palmer,WR,NO,ARI,-0.9090117064635258,-0.8986608934851645,-1.016264034194525,0.0,-0.361379042919206,0.005345448008389999,-1.0027491148480998,-0.21549763363416619,-0.03127782574120015,0.0,-0.6853330910880877,-1.1142939726013732,0.0,-0.8403208938637304,-0.5523652246696151,0.13070599326065388,-0.24849094325311746,-0.6264586916504844,-0.8646195339901782,0.0,-0.8998880304933617,0.0,0.0,0.0014427171289860322,0.037215713763882136,-0.7499879990319209,-0.5277535969029673,-0.4332767929966974,-1.10855655597637,0.3537343246148245,0.6887253702913408,-0.23485815049824335,0.542422936880192,-0.8905410849026318,0,0.0,-0.6329362631500268,2025.0,1.0,4.498708424366155,0.09968974857050109,trey palmer,1900.0,0.05,0.04968974857050108
00-0033077,Dak Prescott,QB,DAL,PHI,0.0,0.0,0.0,0.0,0.0,-0.6162143352664324,0.0,0.0,0.0,0.1006270654908128,0.0,0.18118045006370265,0.0,0.0,5.656382379777985e-09,5.142165688344725e-08,1.3721547655913348e-08,5.6563822571792025e-08,5.142165688344729e-09,-0.38124970688687865,1.0284331376689464e-09,0.0,0.0,0.17476856224747306,-0.2865567096880463,-0.4471888083811138,3.856131342523864e-10,0.0,0.31206381103054004,0.0013402645450656147,0.15672110580871668,1.324825652859504,-0.840836371478045,-0.6666512876230322,25,-0.5129585880168497,0.0,2025.0,1.0,-0.5346699743522593,0.09951257106864651,dak prescott,750.0,0.11764705882352941,-0.018134487754882897
00-0038104,Tyquan Thornton,WR,KC,LAC,-0.9011560505899319,-0.915961186414981,-0.9748794711819384,0.0,-0.264150542118243,0.06192855539832488,-0.9943229323101846,0.004858821341389039,-0.21957485241932137,2.2226344987593347e-05,-0.6772391492205231,-1.0448360423231076,0.0,-0.8356374860026612,-0.7334917901177833,-0.46458080504454746,-1.2467228862968476,-0.9390103687070552,-0.9418641114560954,0.004957367020176963,-0.7451852200591328,0.0,0.0,0.06421799535137623,0.9120292273869255,-0.9025224545752485,-0.49476584785909944,-0.3257098162814355,-0.15822048204204855,0.25123442265472884,0.2416220633268991,0.6523565807601198,0.04859710605685069,0.5481557191231733,17,0.0,-0.3798180747442789,2025.0,1.0,3.441865723697258,0.09724559077712605,tyquan thornton,550.0,0.15384615384615385,-0.056600563069027804
00-0033375,Tim Patrick,WR,JAX,CAR,-0.7155980868921534,-0.5562926728338058,-0.45283138534660866,0.0,-0.31525697319735396,0.0,-0.580291866238968,-0.250147916148605,-0.06126208380906973,0.0,0.41031159677440115,0.254407354371308,0.0,-0.5949059120434174,-0.191140226200489,-0.5683997231343657,-0.26755698363682584,-0.6496851109264592,-0.4900778541624368,0.0,-0.3109799312918036,0.0,0.0,0.0,0.0,-0.06575079151621979,-0.6838480882055977,-0.7482203743000111,0.20159867703704332,0.16361567172861016,0.8606348756212578,2.222241610826798,0.5666845183212751,0.6057035912842055,4,0.0,0.628772726336792,2025.0,1.0,3.441865723697258,0.0958397938362483,tim patrick,700.0,0.125,-0.0291602061637517
00-0038046,Charlie Kolar,TE,BAL,BUF,-0.9760356130978459,-0.9716312608320696,-1.0692254846318576,0.0,-0.2947347682896492,0.07504916083432607,-1.0538852780980223,-0.6673075509289009,-0.6613415118580219,0.0,-0.36127965616641977,-0.744382830010731,0.0,-0.8913046001897174,2.058647094817045,-1.040128854798792,-0.07813880015641178,-0.8097348169564781,-0.857449212686211,0.0,-0.9178397844096885,0.0,0.0,0.12900248306697146,0.15009832166865214,-0.4663968472896401,-1.0463931192151614,-0.9017642897489297,0.21733150160748183,0.15983714427798834,0.49691451825600724,0.6356074910050029,0.29080984768337426,0.4906078469621411,3,0.0,-0.7204135841137843,2025.0,1.0,1.328180322359465,0.09441152364525515,charlie kolar,650.0,0.13333333333333333,-0.03892180968807818
00-0031484,Chris Manhertz,TE,NYG,WAS,-0.9859290502998239,-0.9788765439970513,-1.076195116208836,0.0,-0.299371720492203,0.0,-1.0637870082686187,-0.3240895764019608,-0.4495164506412266,0.0,-0.2655837451055098,-0.7209563687759795,0.0,-0.8951406048177183,2.32598283771919,-1.1917351048830132,-0.17506813693545745,-1.004533607884963,-1.0761961583841761,0.0,-0.7074369961482749,0.0,0.0,0.0,0.0,-0.22428133122527164,-1.2151057011275619,-1.0245994221080648,0.25676756761207004,0.10466820660835077,1.1520206198950518,-1.1760115185404736,0.057315046567697626,-0.6028017240974708,31,0.0,-0.6314337389153074,0.0,0.0,2.3850230230283613,0.09421065871155307,chris manhertz,1900.0,0.05,0.044210658711553066
00-0039754,Devin Culp,TE,TB,ATL,-0.9859290502998239,-0.9788765439970513,-1.076195116208836,0.0,-0.299371720492203,0.0,-1.0637870082686187,0.3213944695088202,0.2420491530639316,0.0,-0.6856917621513873,-1.273145242192226,0.0,-0.8951406048177183,0.26216739707898845,-0.21555475238277638,1.654410217107715,0.36497612402977103,-0.20892125407758108,0.0,-0.36446502937655356,0.0,0.0,0.0,0.0,-0.9115866676019854,-0.41531753248604586,-0.7274176688705345,1.4121172267466708,0.5790310404124528,0.6192851740867521,0.3732040674294659,0.5816280991826792,0.6057035912842055,1,0.0,-0.26522065538226425,2025.0,1.0,2.3850230230283613,0.09235537446667177,devin culp,700.0,0.125,-0.032644625533328225
00-0035021,Ashton Dulin,WR,IND,MIA,-0.9787760624880492,-0.9631679508188092,-1.0677675332727448,0.0,-0.2959940284627396,0.6706499877553843,-1.0525224748229232,-0.7137637118220536,-0.7937141293603877,0.0,-0.3456401357884288,-1.44572080429274,0.0,-0.8841662407606558,-0.9120266355447237,-0.6426064765592636,-1.0040835048547136,-1.2580642161609523,-1.440759641281417,0.01301546126359167,-0.6745015396019802,0.0,0.0,0.35775860101381257,5.737199209027148,-0.7701135708297214,-1.0755280446141335,-0.9803787975216428,0.5234581012746189,0.3298893594750515,0.16870950901058976,0.4816706464182251,0.0003972448418665706,0.4906078469621411,19,0.0,-0.32877513930024826,2025.0,1.0,3.441865723697258,0.09210450393984389,ashton dulin,1500.0,0.0625,0.029604503939843888
00-0039163,C.J. Stroud,QB,HOU,LA,0.0,0.0,0.0,0.0,0.0,-0.5198201210138078,0.0,0.000624532627377766,0.019360511448710767,-0.7117351659038812,0.0,-0.1688564251544767,0.0,0.0,0.0,0.19359668168312702,-0.014065921505681624,0.0,8.432803980621481e-06,-0.5704037359457574,0.0019360511448710761,0.0,0.0,-0.48481138251413286,-0.35303729033836323,-0.7141639680443318,0.00130898687590158,0.0,0.7983562771771706,0.07454922771299295,0.13162494730462757,1.0760569423962627,0.07814226721902455,-0.49606833665280037,16,-0.28553234814833783,0.0,2025.0,1.0,-0.5346699743522593,0.09156091426151385,cj stroud,650.0,0.13333333333333333,-0.041772419071819486
00-0034854,KhaDarel Hodge,WR,ATL,TB,-0.9758921347094137,-0.9522037540551543,-1.0601938908430673,0.0,-0.2766398631284054,0.0013118479475285785,-1.0532155674531194,-0.35644834113483914,-0.3451789887760246,0.0013118479475285785,-0.6848042684270835,-0.0931999768275869,0.0,-0.879241726662854,0.5816289222251643,-0.43379271454754387,-0.23234793647062674,-0.593719699331232,-0.9107794958218463,0.00026236958950571587,-0.08905085496136923,0.0,0.0,-0.000856044243449317,0.0,-0.5607065730911135,-0.8204901675409113,-0.8353669125952116,-1.051658459579199,0.05303822388299843,0.21670091490858687,0.6594013224855781,0.13673168097385432,0.03022486967388346,29,0.0,0.3769189420773687,2025.0,1.0,3.441865723697258,0.09094351348372622,khadarel hodge,750.0,0.11764705882352941,-0.026703545339803195
00-0037112,Jake Tonges,TE,SF,SEA,-0.9859290502998239,-0.9788765439970513,-1.076195116208836,0.0,-0.299371720492203,0.0,-1.0637870082686187,-0.9329390563681516,-0.9399691508932457,0.0,-0.6856917621513873,-1.8660118592139205,0.0,-0.8951406048177183,-1.029076092407472,-0.8875580340030539,-0.8450950585927445,-1.3576183045986783,-1.5084263863347203,0.0,-1.1086117928300876,0.0,0.0,0.0,0.0,-0.9115866676019854,-0.7717386840870901,-0.7482203743000111,-0.19003754683732957,0.1276270168870706,0.1657294972078175,0.5478797243968847,0.029123878675916568,0.14532061399594787,27,0.0,-0.7973479822883568,2025.0,1.0,1.328180322359465,0.09062385364826579,jake tonges,1700.0,0.05555555555555555,0.03506829809271024
00-0032385,Sterling Shepard,WR,TB,ATL,-0.13605787034726893,-0.4560254379823989,-0.28402024325451497,0.0,-0.35935290814672993,0.33936652846715515,-0.2929360205453844,-0.46981731892142836,-0.5162579334006151,0.0,-0.39729103292528906,-0.21918977360579273,0.0,-0.42448014606612894,-0.27791651165795334,-0.3524054302207032,-0.11835749558428128,-0.4354722789713583,-0.4847010587001821,0.022585646157857953,-0.5508404957715972,0.0,0.0,0.2123130022047313,3.868004519777896,-0.8736050974157537,-0.37122102263154594,-0.7274176688705345,1.4121172267466708,0.5790310404124528,0.6192851740867521,0.3732040674294659,0.5816280991826792,0.6057035912842055,1,0.0,-0.2199253844778906,2025.0,1.0,3.441865723697258,0.09003564325260598,sterling shepard,450.0,0.18181818181818182,-0.09178253856557585
00-0038115,Daniel Bellinger,TE,NYG,WAS,-0.7854229099728631,-0.8081433565552003,-0.6885437615930762,0.0,-0.056261531272594256,3.23957329588213e-05,-0.6957350487071636,-0.9327772385533281,-0.9398404885995054,8.098933239705325e-06,-0.6835829532220106,0.04449303935674995,0.0,-0.7992415388497097,2.6612567368438693,-1.0110910229156256,-0.20405115508988547,-0.6323198396944342,-0.33848887154092416,4.049466619852662e-06,-0.9940374221965526,0.0,0.0,4.1679407524068885e-05,6.47914659176426e-05,-0.9111651494685915,-0.8493574977407486,-0.6560939865925492,0.25676756761207004,0.10466820660835077,1.1520206198950518,-1.1760115185404736,0.057315046567697626,-0.6028017240974708,31,0.0,-0.7499633505247529,2025.0,1.0,0.2713376216905684,0.08989823439848861,daniel bellinger,1200.0,0.07692307692307693,0.012975157475411683
00-0036264,Jordan Love,QB,GB,DET,0.0,0.0,0.0,0.0,0.0,-0.9339924170740881,0.0,0.0,0.0,-0.23763215271517354,0.0,-0.011654108062157878,0.0,0.0,0.0,0.0,0.0,0.0,0.0,-0.6375906328327932,0.0,0.0,0.0,0.14094111224404982,-0.6513207761165644,-0.5722574121005446,0.0,0.0,0.22413609363858397,0.30820491917044496,0.48479647279645116,0.8648918385692416,2.0076734629478867,0.5842903528253347,10,0.11058661192846922,0.0,2025.0,1.0,-0.5346699743522593,0.0876461034058864,jordan love,600.0,0.14285714285714285,-0.05521103945125645
00-0023459,Aaron Rodgers,QB,PIT,NYJ,0.0,0.0,0.0,0.0,0.0,-0.9609897787087845,0.0,0.0,0.0,-0.740742390929004,0.0,0.4374014924515198,0.0,0.0,0.0,-1.1098600637725144e-07,-3.4511419569589954e-08,-1.1116740735864541e-07,2.774650159431286e-08,-1.0182148533436908,3.456975137951988e-09,0.0,0.0,0.14596069347535162,-0.5369010714733657,-0.7139349308473408,1.1230556621156411e-09,0.0,0.5668111435994624,0.0015561096450762578,0.8568002272562779,0.993391907412669,0.7492522018011627,-0.38234636933931243,24,-0.5548784138341151,0.0,2025.0,1.0,-0.5346699743522593,0.0873489385944259,aaron rodgers,1200.0,0.07692307692307693,0.010425861671348971
00-0033943,Josh Reynolds,WR,NYJ,PIT,-0.7640934269806372,-0.7479000877233769,-0.8411883355226969,0.0,-0.14140327966197194,3.87181215725181e-08,-0.8111560537674859,0.4389062725374847,0.3019468742922038,0.0,-0.5965698904904346,-0.24147113734196343,0.0,-0.7406956012911005,-0.6455165285438549,-0.562412328194886,-0.7099863163275819,-0.8448721813229451,-0.9953446806743041,6.453020391146758e-09,0.15409425802519933,0.0,0.0,5.221984316297356e-09,1.9359060786259054e-07,-0.3830526203601312,-0.6754081781585749,-0.39457407449401116,0.7885883214722906,0.0056675459404362805,0.45384673220877014,0.902180665446422,0.14206908958213937,-1.0631847013857285,26,0.0,0.7817532961887118,2025.0,1.0,0.2713376216905684,0.08686997082182224,josh reynolds,900.0,0.1,-0.013130029178177766
00-0039041,Elijah Higgins,TE,ARI,NO,-0.9859290502998239,-0.9788765439970513,-1.076195116208836,0.0,-0.299371720492203,0.0,-1.0637870082686187,-0.8630709933460263,-0.8837601997784114,0.0,-0.5660865660085858,-0.9939730499235973,0.0,-0.8951406048177183,0.7010477892605269,-1.0155484807700876,-0.337068417628875,-0.8329916065718425,-0.7954895061638645,0.0,-0.98949564983365,0.0,0.0,0.0,0.0,-0.8183272586321017,-1.0054792202577345,-0.705228039536204,-0.2670158723689448,0.008117829382507597,1.0023139572034183,0.8256701713960359,0.0014111249868368713,0.6057035912842055,22,0.0,-0.7643672706896644,2025.0,1.0,1.328180322359465,0.0867541046882193,elijah higgins,1100.0,0.08333333333333333,0.003420771354885971
00-0037239,Chris Olave,WR,NO,ARI,0.06445119661368952,0.24173126662504837,0.20488955578415124,0.0,-0.2866770484724541,0.03794587835335788,0.10315812010214809,0.4923926127793569,0.657079837542233,0.0,1.1262601776683787,-0.31502913480120803,0.0,0.7605808096217893,0.41282844274312713,0.5084554286325027,-0.9560667839303397,0.506908177760997,0.4865890974263637,0.0,0.8819178779713985,0.0,0.0,0.03357676424942577,0.26562114847350504,-0.5136935974605433,0.5325364349507744,-1.0245994221080648,-1.10855655597637,0.3537343246148245,0.6887253702913408,-0.23485815049824335,0.542422936880192,-0.8905410849026318,0,0.0,0.7705923495094208,2025.0,1.0,-0.7855050789783283,0.08638010134265117,chris olave,195.0,0.3389830508474576,-0.25260294950480644
00-0035719,Deebo Samuel Sr.,WR,WAS,NYG,1.2411605664231307,-0.42343330836876625,0.788120090695518,0.0,1.4072335568536611,3.0415170422838673,0.39994306692513115,-0.8540664328811882,-0.8741835884543245,0.004168299933116106,0.1734833204363808,0.9234960385006052,0.0,-0.3478401871878508,0.6622955349011889,-0.6606064951987729,0.2995747037873228,0.06599605751582094,0.23427332025938818,0.08254122139239645,0.12830948099804787,0.0,0.0,-0.4648450219226533,12.663601445708794,1.4971369240598584,-0.044488718732807214,-1.106489529566544,0.4468427473275951,0.10776837312315056,1.008736765316202,0.641782551742023,0.06545478851764222,0.7783472077673022,23,0.0,0.6183894962875454,2025.0,1.0,0.2713376216905684,0.08634178426882769,deebo samuel,195.0,0.3389830508474576,-0.25264126657862995
00-0039074,Davis Allen,TE,LA,HOU,-0.4408866976710064,-0.87758728169958,-0.4274746492776433,0.0,-0.3865634115576161,0.0,-0.48369198314978606,-0.4606810236514594,-0.3280511581101618,0.0,-0.21948454117906455,-0.6759959974507594,0.0,-0.835049860748804,-0.555503686066182,-0.9735199499074008,-0.6753569685589232,-1.0290892490493473,-0.8939957447242339,0.0,-0.34309070109918494,0.0,0.0,0.0,0.0,-0.8172000926695414,-0.9544500543666468,-1.0245994221080648,0.881482883121276,0.012711236979052465,0.4541893977403623,-0.28307330594258673,0.3519263898164781,0.20286848615698008,12,0.0,-0.35594576015218454,2025.0,1.0,1.328180322359465,0.085279686889262,davis allen,1700.0,0.05555555555555555,0.029724131333706452
00-0033106,Jared Goff,QB,DET,GB,0.0,0.0,0.0,0.0,0.0,-0.7013728155737242,0.0,0.0,0.0,-0.4469419838878071,0.0,0.6672446327484759,0.0,0.0,0.005039593650861094,0.017998124089486794,0.0062063065246973905,0.025198499896051836,0.003599816054443264,-0.7731035092519364,0.0007199419623835523,0.0,0.0,-0.3005593213435424,-0.8090289146844476,-0.6985194128972776,0.0004436716118469032,0.0,0.05938738322254557,0.3332333778129337,0.5666896172948152,0.9561507254723076,-0.9251183231982375,0.015680516257895214,11,-0.5593013015509305,0.0,2025.0,1.0,-0.5346699743522593,0.08441170710305379,jared goff,1300.0,0.07142857142857142,0.012983135674482366
00-0037306,John FitzPatrick,TE,GB,DET,-0.9859290502998239,-0.9788765439970513,-1.076195116208836,0.0,-0.299371720492203,0.0,-1.0637870082686187,-0.9329390563681516,-0.9399691508932457,0.0,-0.6856917621513873,-1.556255705376743,0.0,-0.8951406048177183,1.9279966469038494,-1.2354185562535505,-0.5400172718355479,-1.1086495785859727,-0.9707001247110764,0.0,-1.1086117928300876,0.0,0.0,0.0,0.0,-0.9115866676019854,-1.242290348567222,-0.9240979466834904,-0.5196229465939969,0.30820491917044496,0.48479647279645116,-0.17017697487515296,0.6289305862360746,0.6057035912842055,10,0.0,-0.7973479822883568,2025.0,1.0,1.328180322359465,0.08197049182492035,john fitzpatrick,2000.0,0.047619047619047616,0.03435144420587273
00-0036497,Tim Jones,WR,MIN,CHI,-0.938536351877623,-0.7927118407735272,-0.9367182660557469,0.0,-0.27038978572990396,0.0,-0.9328535933323858,-0.9329390563681516,-0.9399691508932457,0.0,-0.5318938715060759,-0.9781781908650679,0.0,-0.825007510526304,-0.14134951716004873,-0.8229141754495473,-0.30567092734943363,-0.8921033101349288,-0.953530674042021,0.0,-1.0430828834956745,0.0,0.0,0.0,0.0,-0.9115866676019854,-0.899213569827466,-0.9017642897489297,-0.4117305953876662,0.0012281423983332494,1.259477734943383,-0.5604903291751261,0.027779075847396043,0.03022486967388346,5,0.0,-0.7544173239405855,2025.0,1.0,4.498708424366155,0.08124739392080225,tim jones,1600.0,0.058823529411764705,0.02242386450903755
00-0038679,Tyrell Shavers,WR,BUF,BAL,-0.9859290502998239,-0.9788765439970513,-1.076195116208836,0.0,-0.299371720492203,0.0,-1.0637870082686187,-0.9329390563681516,-0.9399691508932457,0.0,-0.6856917621513873,-1.7061377152979578,0.0,-0.8951406048177183,-1.029076092407472,-1.3619132916173673,3.316519126513261,1.428139872948892,-0.9707001247110764,0.0,-1.1086117928300876,0.0,0.0,0.0,0.0,3.7951794783133708,-1.3177537325104685,-1.010951086880865,0.6457182068786442,0.17137219857851424,0.27691499113861956,-1.2114795431917695,0.13011459202894737,0.8358950799283343,2,0.0,-0.7973479822883568,2025.0,1.0,3.441865723697258,0.08104376178603652,tyrell shavers,1200.0,0.07692307692307693,0.004120684862959592
00-0026158,Joe Flacco,QB,CLE,CIN,0.0,0.0,0.0,0.0,0.0,-0.9986378783835261,0.0,0.0,0.0,-0.74288097669803,0.0,0.6449236138698387,0.0,0.0,0.0,0.0,0.0,0.0,0.0,-0.8016059218050647,0.0,0.0,0.0,-0.6763684230835767,-0.8230348901944223,-0.7162800988825386,0.0,0.0,0.5528264436029405,0.10482587575321425,0.8486950763038424,1.0210015686835134,-0.7796455148291191,-0.3254853856825685,6,-0.5411027336382183,0.0,2025.0,1.0,-0.5346699743522593,0.08052223966543713,joe flacco,1400.0,0.06666666666666667,0.013855572998770466
00-0039144,Luke Musgrave,TE,GB,DET,-0.8880899341598949,-0.9456778776759539,-0.9788874507884224,0.0,-0.3412379828449127,0.0,-0.9760732190403258,-0.899557048223992,-0.9006473279537918,0.0,-0.6856917621513873,-1.1065625946475333,0.0,-0.8725762754208765,0.5521911891626466,-0.9508020837825074,-0.5603573613253048,-0.9173789244261694,-0.8797544061042768,0.0,-0.7731952731253111,0.0,0.0,0.0,0.0,-0.8649859306042176,-1.0264263739004602,-0.9803787975216428,-0.5196229465939969,0.30820491917044496,0.48479647279645116,-0.17017697487515296,0.6289305862360746,0.6057035912842055,10,0.0,-0.7265900374111764,2025.0,1.0,0.2713376216905684,0.0798615991036289,luke musgrave,700.0,0.125,-0.0451384008963711
00-0039359,Cade Stover,TE,HOU,LA,-0.9859290502998239,-0.9788765439970513,-1.076195116208836,0.0,-0.299371720492203,0.0,-1.0637870082686187,-0.6251064712769927,-0.6408186581552876,0.0,-0.6856917621513873,-0.3483023723880823,0.0,-0.8951406048177183,-0.49141503176543827,-1.0198001561738488,-0.640100751019209,-1.1179265771782356,-0.9804409699843533,0.0,-0.7120736579987216,0.0,0.0,0.0,0.0,-0.4152493833713141,-1.0410062435607994,-1.0245994221080648,1.551304942321137,0.07454922771299295,0.13162494730462757,0.3180459704727358,0.2242495682641512,-0.4877059797754064,16,0.0,-0.49938612856598885,2025.0,1.0,1.328180322359465,0.07919461443938951,cade stover,950.0,0.09523809523809523,-0.016043480798705725
00-0038547,Luke Schoonmaker,TE,DAL,PHI,-0.7497307735387418,-0.747082653354207,-0.6490430142170067,0.0,-0.246597733670355,0.0,-0.5216543769730457,-0.6611287689015133,-0.6607431131390736,0.0,-0.6807339767951697,-0.5264337178287051,0.0,-0.7059487664157735,0.9213986854189796,-0.8615133320526249,-0.04528531169096633,-0.5460133373452117,-0.27510064978553256,0.0,-1.0756159434869186,0.0,0.0,0.0,0.0,-0.5426614748495378,-0.8041567877057264,-0.7677623097034602,-0.20251120553062518,0.0013402645450656147,0.15672110580871668,0.8932100971754651,0.03151196867229631,-0.660349596258503,25,0.0,-0.7876566901885983,2025.0,1.0,0.2713376216905684,0.07872336881636728,luke schoonmaker,1100.0,0.08333333333333333,-0.0046099645169660475
00-0036331,Devin Duvernay,WR,CHI,MIN,-0.9829721827029773,-0.9763301708757107,-1.072069272685394,0.0,-0.29960452428993795,0.19391416256097208,-1.0594591273082163,-0.9318192055212512,-0.9389431517740138,0.0,-0.6850715670911484,-1.0483477855092356,0.0,-0.8935182093472953,-0.1810216935333667,-0.7406820057891492,-0.25197519730195816,-0.9301371978820249,-0.7302915520274416,0.010135537839408066,-0.905601158117414,0.0,0.0,-0.19094129611418817,-0.4461772814044165,-0.9105318892834185,-0.926876023317698,-0.9017642897489297,-0.7788848746471083,0.2981972770785582,1.4717239714552464,-0.2624113746275903,0.02006744382792995,-0.3150623632923098,20,0.0,-0.6397135523506906,2025.0,1.0,3.441865723697258,0.07835766495030026,devin duvernay,1700.0,0.05555555555555555,0.02280210939474471
00-0037837,Calvin Austin III,WR,PIT,NYJ,-0.034490912095653914,0.4835129989061691,0.3018006182354164,0.0,-0.6193314588241219,0.002994753258892341,0.5527318087199585,-0.5525880234243759,-0.5801723438234246,0.0,-0.6020045485560523,0.31387771752516935,0.0,0.2862972351221374,-0.463905052167996,-0.004579156918037986,-0.001700307524573328,-0.1688978872629018,-0.23493936520442096,0.00013659395129773146,-0.6531443935948266,0.0,0.0,0.002965816865394832,0.024382932676141746,-0.4018891184730094,0.08632549065732623,-1.0373065233222363,0.7162362902342437,0.0015561096450762578,0.8568002272562779,0.126920798152422,0.3650016079818515,-0.372610235453342,24,0.0,-0.3714977597433899,2025.0,1.0,0.2713376216905684,0.07832520601968677,calvin austin,400.0,0.2,-0.12167479398031324
00-0036212,Tua Tagovailoa,QB,MIA,IND,0.0,0.0,0.0,0.0,0.0,-0.8009700827804088,0.0,0.0,0.0,-0.7356408217209595,0.0,0.6682802488522052,0.0,0.0,0.0,0.0,0.0,0.0,0.0,-0.8665731836448914,0.0,0.0,0.0,-0.5492263017567341,-0.8311093376340107,-0.7162798256389385,0.0,0.0,0.3627030818906429,0.03917358636020134,0.9105847934670175,1.572603487124787,0.14886979463845082,0.12940248357138312,13,-0.46056773875384116,0.0,2025.0,1.0,-0.5346699743522593,0.07830810342460136,tua tagovailoa,1100.0,0.08333333333333333,-0.005025229908731971
00-0035535,Darius Slayton,WR,NYG,WAS,-0.8624087206598241,-0.2892750494038205,-0.7980215396162085,0.0,-0.20142275310126473,0.1728767495394732,-0.7810918376686788,-0.17354801426931035,-0.07474902044899233,0.0,-0.6801345026924096,1.0392214555786523,0.0,-0.38610422262928673,-0.4685858521908727,-0.18012107242045888,-0.5849559217916028,-0.5730152800880198,-0.9457076643057882,0.07830712630455741,-0.7163804143526917,0.0,0.0,0.07545220197148686,1.1727810283641846,0.09674457017530234,-0.2894287829577296,-1.0245994221080648,0.25676756761207004,0.10466820660835077,1.1520206198950518,-1.1760115185404736,0.057315046567697626,-0.6028017240974708,31,0.0,-0.6386619321111766,2025.0,1.0,1.328180322359465,0.0770212574240507,darius slayton,390.0,0.20408163265306123,-0.12706037522901054
00-0034365,Ian Thomas,TE,LV,NE,-0.9859206546162436,-0.978868870441616,-1.076177275792355,0.0,-0.2993766087446094,0.0,-1.0637728713291672,-0.8746501582313514,-0.8850399316369912,0.0,-0.6856916505744949,-0.9031031800087514,0.0,-0.8951356791233803,-0.061126415202522606,-1.008242053378318,-1.145202645407589,-1.1900996602725091,-0.9810977202895901,0.0,-0.9043771132144379,0.0,0.0,0.0,0.0,-0.9115864853648327,-0.8486789489369259,-0.9803787975216428,-0.8650390561689161,0.6198820078862533,0.9075319134771587,-0.04453702212033167,0.07598883933407122,-0.4877059797754064,21,0.0,-0.772674017121585,2025.0,1.0,1.328180322359465,0.0767332820764115,ian thomas,2000.0,0.047619047619047616,0.029114234457363886
00-0031763,DeAndre Carter,WR,CLE,CIN,-0.4722561178166714,-0.5821321752356857,-0.6281092406682742,0.0,-0.044313952121153063,0.067533907659204,-0.7535541639145604,-0.6534973934333563,-0.51746920345236,0.0,-0.6688930129611707,-1.3659584161561826,0.0,-0.7366666656112905,-0.38588429142727637,-0.6951973749662737,-0.8477477259465084,-0.9160205600797692,-0.7344819315460291,0.001728610038879254,-0.13904403983426591,0.0,0.0,0.12814837738765827,0.5925598684011096,-0.9067037659253679,-0.8682520766169874,-0.9962528531021108,0.6658004015783684,0.10482587575321425,0.8486950763038424,0.1907555412108738,0.044345541000162955,-0.3150623632923098,6,0.0,0.13436797970761538,2025.0,1.0,3.441865723697258,0.0761846913882218,deandre carter,850.0,0.10526315789473684,-0.029078466506515036
00-0034983,Hunter Renfrow,WR,CAR,JAX,-0.10376045728385686,-0.8387582692837094,-0.30365505162316236,0.0,1.0916584801688338,0.0001527813996979401,-0.38082189208210265,-0.9222443201643586,-0.9287038908997692,0.0,-0.6842792629223546,-0.7775596187795738,0.0,-0.7607600212200858,0.12465341469950272,-0.9219268458492487,-0.8465346286767271,-0.6721624021406699,-0.6734044866219749,0.0,0.143478598885822,0.0,0.0,-0.0001528441105666644,-0.00040570682311714794,-0.8844630204461577,-0.6537153363730942,-0.8500442360418266,-0.13199898058826626,0.036409165946468286,0.9172326236586155,-0.3704131334600792,0.021548742892345627,-0.19996661897024537,14,0.0,0.11983068102757097,2025.0,1.0,1.328180322359465,0.07586425290090987,hunter renfrow,425.0,0.19047619047619047,-0.1146119375752806
00-0038090,Skyy Moore,WR,SF,SEA,-0.9757388812713974,-0.9658212311711288,-1.0608829869497616,0.0,-0.3054793715160612,0.019035331479071767,-1.0480537072369802,-0.8316463198447565,-0.8237505926258123,0.0,-0.6856917621513873,-0.5545647346614356,0.0,-0.8857684333331929,-0.8417039191874021,-0.8907087490983874,-1.097545187690175,-1.1152734518759981,-1.179701239737954,0.00023427205196462127,-0.9448634480439064,0.0,0.0,0.009190811056379315,0.16132876193442014,-0.8946426951523597,-0.9256696289715034,-0.9803787975216428,-0.19003754683732957,0.1276270168870706,0.1657294972078175,0.5478797243968847,0.029123878675916568,0.14532061399594787,27,0.0,-0.6161867516431366,2025.0,1.0,4.498708424366155,0.07502920075836485,skyy moore,900.0,0.1,-0.024970799241635158
00-0035298,Scott Miller,WR,PIT,NYJ,-0.9835777562373355,-0.975842828629098,-1.0727548411204417,0.0,-0.3014426631855481,0.0003316189609729767,-1.0604842065141091,-0.8038013252919939,-0.8438835876869681,0.0,-0.6020045698947962,-0.9806680375804535,0.0,-0.8927722950985847,-0.0973367447150319,-0.5117176158956476,-0.030816040075737777,-0.6436717821089808,-0.8962643792519712,2.1248510744227245e-08,-0.3026879581232002,0.0,0.0,0.00037798545576310006,0.005050962931396062,-0.7549380316349801,-0.5670987788568964,-0.9017642897489297,0.7162362902342437,0.0015561096450762578,0.8568002272562779,0.126920798152422,0.3650016079818515,-0.372610235453342,24,0.0,-0.0438300687330384,2025.0,1.0,3.441865723697258,0.07491547694162386,scott miller,1100.0,0.08333333333333333,-0.008417856391709472
00-0038752,Jake Bobo,WR,SEA,SF,-0.9854981999201287,-0.9776771417098581,-1.0755997152068295,0.0,-0.29907037926457164,0.0004781848372390401,-1.0626697165514416,0.08838646187980473,-0.12794008046629635,0.0004781848372390401,0.16230933401265882,-1.0584538369052043,0.0,-0.8943138867170987,-0.012202209354926188,-1.05779215995617,-0.18990247500540244,-1.0959857315447155,-0.9951393010662362,9.563696744780803e-05,-0.6042836907461712,0.0,0.0,0.00037088224811827745,0.0014345545117171203,0.4379468033562566,-1.1855151954595209,-1.010951086880865,0.6086292705044926,0.02193734843841352,1.2362649374901893,1.8745955587135352,0.09625695183172493,-0.4301581076143742,28,0.0,0.032989264748935605,2025.0,1.0,2.3850230230283613,0.0744711749256351,jake bobo,850.0,0.10526315789473684,-0.03079198296910174
00-0037093,Dareke Young,WR,SEA,SF,-0.9859290502998239,-0.9788765439970513,-1.076195116208836,0.0,-0.299371720492203,0.0,-1.0637870082686187,-0.9329390563681516,-0.9399691508932457,0.0,-0.6856917621513873,-1.6328620660031417,0.0,-0.8951406048177183,8.561430089142759,-1.1194650488367184,-0.6217540697748829,-0.9538852353888854,-1.060321168315017,0.0,-1.1086117928300876,0.0,0.0,0.0,0.0,-0.9115866676019854,-1.0469005786695922,-0.9803787975216428,0.6086292705044926,0.02193734843841352,1.2362649374901893,1.8745955587135352,0.09625695183172493,-0.4301581076143742,28,0.0,-0.7973479822883568,2025.0,1.0,3.441865723697258,0.0738814218111635,dareke young,1700.0,0.05555555555555555,0.018325866255607948
00-0039824,Jared Wiley,TE,KC,LAC,-0.9859290502998239,-0.9788765439970513,-1.076195116208836,0.0,-0.299371720492203,0.0,-1.0637870082686187,-0.9329390563681516,-0.9399691508932457,0.0,-0.6856917621513873,-1.5462635713819952,0.0,-0.8951406048177183,0.6492624893638187,-1.172171188571642,-0.6149691828105828,-1.0750051561518232,-0.9707001247110764,0.0,-1.1086117928300876,0.0,0.0,0.0,0.0,-0.9115866676019854,-1.0756310381839727,-0.9444895565206388,-0.15822048204204855,0.25123442265472884,0.2416220633268991,0.6523565807601198,0.04859710605685069,0.5481557191231733,17,0.0,-0.7973479822883568,2025.0,1.0,2.3850230230283613,0.07363397220600996,jared wiley,1800.0,0.05263157894736842,0.021002393258641547
00-0039394,Casey Washington,WR,ATL,TB,-0.9859290502998239,-0.9788765439970513,-1.076195116208836,0.0,-0.299371720492203,0.0,-1.0637870082686187,-0.9329390563681516,-0.9399691508932457,0.0,-0.6856917621513873,-2.0292167144614655,0.0,-0.8951406048177183,0.8357444904896605,-0.6503804051958971,-0.359581658164781,-1.1221073475596324,-1.2843737773248687,0.0,-1.1086117928300876,0.0,0.0,0.0,0.0,-0.9115866676019854,-1.0205680351612723,-1.0373065233222363,-1.051658459579199,0.05303822388299843,0.21670091490858687,0.6594013224855781,0.13673168097385432,0.03022486967388346,29,0.0,-0.7973479822883568,2025.0,1.0,2.3850230230283613,0.07324776899298703,casey washington,750.0,0.11764705882352941,-0.04439928983054238
00-0036620,Dee Eskridge,WR,MIA,IND,-0.9859290502998239,-0.9788765439970513,-1.076195116208836,0.0,-0.299371720492203,0.08606187690486292,-1.0637870082686187,-0.6881284456896817,-0.7417508978231733,0.0,-0.6856917621513873,-1.558767175346876,0.0,-0.8951406048177183,-0.2926724295750604,-1.1345445874484048,-0.42705429762860964,-0.9515742001804729,-1.0270439373955296,0.0,-0.8721752566281442,0.0,0.0,0.047701877741947445,0.5913114533592335,-0.9029277951119106,-1.1453213268552007,-0.9631818559284973,-0.01988042851359385,0.03917358636020134,0.9105847934670175,1.466083274819497,0.2390832687288482,0.14532061399594787,13,0.0,-0.44739251216612974,2025.0,1.0,3.441865723697258,0.07285323394802731,dee eskridge,850.0,0.10526315789473684,-0.032409923946709523
00-0039623,Mason Tipton,WR,NO,ARI,-0.8278745592411109,-0.6470272372914123,-0.6985549295944615,0.0,-0.29790938962274865,0.0,-0.765515959679412,-0.9329390563681516,-0.9399691508932457,0.0,-0.6856917621513873,0.14833476984654695,0.0,-0.5336632762076438,-0.649396424766269,-0.21256646088726983,-1.2855973453559324,-0.9931638380390745,-0.855595689902344,0.0,-1.043330207387671,0.0,0.0,0.0,0.0,-0.9115866676019854,-0.4420398576844013,-1.0245994221080648,-1.10855655597637,0.3537343246148245,0.6887253702913408,-0.23485815049824335,0.542422936880192,-0.8905410849026318,0,0.0,-0.7459256738242716,2025.0,1.0,3.441865723697258,0.07256990241253582,mason tipton,1900.0,0.05,0.022569902412535814
00-0036534,Shane Zylstra,TE,DET,GB,-0.9256862260856596,-0.731994020735744,-0.793267341181881,0.0,-0.3314290918320961,0.0,-0.6862068061443062,-0.09977165161341917,0.053654718971777454,0.0,0.33826211871689527,-0.9394653366726083,0.0,-0.7560708331401524,0.2181932039009144,-1.011498635165467,-0.34837295649783595,-0.8676088533205593,-0.833797128738695,0.0,-0.8182385391908593,0.0,0.0,0.0,0.0,-0.3156635184624952,-1.0388564428849834,-1.0602612632470578,-1.1137899731879868,0.3332333778129337,0.5666896172948152,0.04081755852787734,0.013835495706071843,0.03022486967388346,11,0.0,-0.7811175620773403,2025.0,1.0,1.328180322359465,0.07244313424182496,shane zylstra,2800.0,0.034482758620689655,0.0379603756211353
00-0038573,Derius Davis,WR,LAC,KC,-0.9859290502998239,-0.9788765439970513,-1.076195116208836,0.0,-0.299371720492203,0.9869983383852088,-1.0637870082686187,0.011754652611899494,0.052733296777600094,0.0,-0.680019828790123,-1.3721786595606185,0.0,-0.8951406048177183,0.0360835882706181,-1.0287389553201534,0.004253455916460425,-0.8038774775842701,-0.7125931100234683,0.03278570512110142,-0.6105781657889975,0.0,0.0,-0.8514277474110187,-0.07585610961146858,0.7354613864277407,-1.0512861953269734,-1.0983005207426018,-0.5358274074031576,0.0009765401404859928,0.5747328711263359,1.45790131514114,0.2463937559616295,-0.14241874680921315,15,0.0,-0.06185511165469205,2025.0,1.0,4.498708424366155,0.07243736805820124,derius davis,1700.0,0.05555555555555555,0.016881812502645685
00-0034798,Durham Smythe,TE,CHI,MIN,-0.9807180318327223,-0.9759740227554549,-1.0685453382630843,0.0,-0.29683384915716166,9.393898010701392e-06,-1.056053755735591,-0.23100453046329938,-0.10052492644534806,3.073114506495641e-06,0.5786570694046222,-1.0924903334564209,0.0,-0.8937943112359095,-0.44554350747556615,-1.1024941062174611,-0.6459109189969744,-1.1923256205810402,-1.1760158551986881,2.415621800057346e-06,-0.8299828019862396,0.0,0.0,1.1157493585544215e-06,3.5193331137070816e-06,-0.9115325096383782,-1.1958526759647015,-1.1142358851093959,-0.7788848746471083,0.2981972770785582,1.4717239714552464,-0.2624113746275903,0.02006744382792995,-0.3150623632923098,20,0.0,-0.7574216789736308,2025.0,1.0,1.328180322359465,0.07232030158758983,durham smythe,2000.0,0.047619047619047616,0.02470125396854221
00-0036754,Brock Wright,TE,DET,GB,-0.9352534427628899,-0.9562425270500049,-0.9956454658593779,0.0,-0.29773027453228706,0.0,-1.0004535091759592,0.042500033875884025,0.16607704997325395,0.0,0.3386525992520889,-0.05993234762034241,0.0,-0.8738710272928542,0.2575841059651909,-1.0189701391252635,-0.2732977141998871,-1.0126038795386327,-1.0111558638475793,0.0,-0.6094997346261242,0.0,0.0,0.0,0.0,-0.15087857099483043,-1.0939930549969723,-1.1351510604503419,-1.1137899731879868,0.3332333778129337,0.5666896172948152,0.04081755852787734,0.013835495706071843,0.03022486967388346,11,0.0,-0.7694501014212007,2025.0,1.0,0.2713376216905684,0.07212263615798083,brock wright,1200.0,0.07692307692307693,-0.004800440765096101
00-0037277,Teagan Quitoriano,TE,ATL,TB,-0.9859290502998239,-0.9788765439970513,-1.076195116208836,0.0,-0.299371720492203,0.0,-1.0637870082686187,-0.5903449366552027,-0.6317320214037683,0.0,-0.47690721697905886,-0.5366780040438711,0.0,-0.8951406048177183,1.288997361738969,-0.7936136371275433,-0.06564918528947125,-0.6246900115105,-1.026627025915065,0.0,-0.8563753838644489,0.0,0.0,0.0,0.0,-0.5851709238927564,-1.0381031000880603,-1.0706626159617956,-1.051658459579199,0.05303822388299843,0.21670091490858687,0.6594013224855781,0.13673168097385432,0.03022486967388346,29,0.0,-0.7791593270436837,2025.0,1.0,1.328180322359465,0.07194138923465762,teagan quitoriano,2800.0,0.034482758620689655,0.037458630613967966
00-0036244,Colby Parkinson,TE,LA,HOU,-0.6139614410052482,-0.7449488177043225,-0.6878711333999649,0.0,-0.06583173251096845,0.0,-0.8342259228344471,-0.393590965423758,-0.4858724858683585,0.0,0.28063102965371894,-0.5976750829793941,0.0,-0.6805800417127141,-0.29886200301151933,-1.050801765370615,-0.6070123020570432,-1.026369072214439,-1.0279898529595337,0.0,-0.12973274744042423,0.0,0.0,0.0,0.0,-0.7772966373998976,-0.9830953040425077,-1.1351510604503419,0.881482883121276,0.012711236979052465,0.4541893977403623,-0.28307330594258673,0.3519263898164781,0.20286848615698008,12,0.0,-0.23292279465496665,2025.0,1.0,0.2713376216905684,0.07044127995735534,colby parkinson,1000.0,0.09090909090909091,-0.02046781095173557
00-0034613,Tanner Hudson,TE,CIN,CLE,-0.7658202011110057,-0.9205456099996884,-0.7519986231232277,0.0,-0.2803584344385591,0.05312569141380435,-0.8278886084136946,-0.8415229708823222,-0.7892263638549282,0.0,-0.46698283306383814,-1.7054906556464609,0.0,-0.8591976109702906,1.6717148122859564,-1.0707347699881251,0.1647879196886726,-0.7151813777251588,-0.5592681146805072,0.0,-0.8001753514652025,0.0,0.0,0.09336904508698352,0.05312569141380435,-0.6445929694258341,-1.100415004732429,-1.16879720707211,1.2351061957153155,0.0021012437314289175,0.8651286836775417,0.4844330504347058,0.2855922089592876,0.9509908242503988,7,0.0,-0.5910382159267112,2025.0,1.0,2.3850230230283613,0.07041895186879339,tanner hudson,950.0,0.09523809523809523,-0.02481914336930184
00-0033662,Cooper Rush,QB,BAL,BUF,0.0,0.0,0.0,0.0,0.0,-0.36446549994693633,0.0,0.0,0.0,-0.74288097669803,0.0,0.4414520254371457,0.0,0.0,0.0,0.0,0.0,0.0,0.0,-0.2367676362157139,0.0,0.0,0.0,-1.3589501588756603,-0.8396280007389108,-0.7162800988825386,0.0,0.0,0.42847643825942583,0.15983714427798834,0.49691451825600724,1.2134079458540785,0.3955036699837351,0.4705683855118468,3,0.06418341256354432,0.0,2025.0,1.0,0.924987777814961,0.07037197298537325,cooper rush,1500.0,0.0625,0.007871972985373246
00-0039912,Ben Sinnott,TE,WAS,NYG,-0.9859290502998239,-0.9788765439970513,-1.076195116208836,0.0,-0.299371720492203,0.0,-1.0637870082686187,-0.9329390563681516,-0.9399691508932457,0.0,0.5312737046169472,-0.5518662004542471,0.0,-0.8951406048177183,0.7992041200067371,-1.219642326589651,-0.468919557684063,-1.0854622063678427,-0.8950066757212617,0.0,-0.8781609427921224,0.0,0.0,0.0,0.0,-0.24903512679182824,-1.1871180432298378,-1.0602612632470578,0.4468427473275951,0.10776837312315056,1.008736765316202,0.641782551742023,0.06545478851764222,0.7783472077673022,23,0.0,-0.6906088901188687,2025.0,1.0,1.328180322359465,0.07032866688792895,ben sinnott,1100.0,0.08333333333333333,-0.013004666445404378
00-0039631,Cam Grandy,TE,CIN,CLE,-0.9859290502998239,-0.9788765439970513,-1.076195116208836,0.0,-0.299371720492203,0.0,-1.0637870082686187,-0.9329390563681516,-0.9399691508932457,0.0,-0.6856917621513873,-1.759294067765512,0.0,-0.8951406048177183,2.1864795162141584,-1.2016581370179371,-0.11533948792271359,-1.0438158672466524,-0.8647292961253359,0.0,-0.7566504857912539,0.0,0.0,0.0,0.0,-0.9115866676019854,-1.3044914733282695,-1.16879720707211,1.2351061957153155,0.0021012437314289175,0.8651286836775417,0.4844330504347058,0.2855922089592876,0.9509908242503988,7,0.0,-0.5619249087300064,2025.0,1.0,3.441865723697258,0.06997343354499502,cam grandy,1400.0,0.06666666666666667,0.003306766878328357
00-0038938,Jalin Hyatt,WR,NYG,WAS,-0.9773546342690811,-0.9547159797569059,-1.0636934836193292,0.0,-0.29698006421462936,0.0,-1.0523934900449887,-0.9276007436248521,-0.9354102179496018,0.0,-0.6856917621513873,-0.9956919842348827,0.0,-0.8758196074091594,-0.63095980545345,-0.24914189341725396,-1.0345349052475805,-1.0964173337787535,-1.0745488978241722,0.0,-1.1086117928300876,0.0,0.0,0.0,0.0,-0.9115866676019854,-0.5107874179192903,-1.0245994221080648,0.25676756761207004,0.10466820660835077,1.1520206198950518,-1.1760115185404736,0.057315046567697626,-0.6028017240974708,31,0.0,-0.7973479822883568,2025.0,1.0,2.3850230230283613,0.06931266670997241,jalin hyatt,850.0,0.10526315789473684,-0.03595049118476443
00-0032464,Kalif Raymond,WR,DET,GB,-0.6744797113064305,-0.8787239568420339,-0.8935246102158487,0.0,-0.2458287689987533,0.1271009276421387,-0.954590312330856,-0.9329345510486043,-0.9399643349704856,0.0,-0.6856917564810197,-1.418646020809123,0.0,-0.823423898064818,-0.09312618368227535,-0.8573114194052384,0.07358090642701394,-0.694935050066474,-0.8161528349153175,7.013338651058207e-05,-0.9942508064810872,0.0,0.0,-0.15227456475494197,-1.0131367316158317,-0.3111840677892237,-0.8946732470223262,-1.0706626159617956,-1.1137899731879868,0.3332333778129337,0.5666896172948152,0.04081755852787734,0.013835495706071843,0.03022486967388346,11,0.0,-0.6944319072388856,2025.0,1.0,1.328180322359465,0.06909952962997357,kalif raymond,800.0,0.1111111111111111,-0.04201158148113754
00-0033217,Mo Alie-Cox,TE,IND,MIA,-0.9859225728771132,-0.9788729411461091,-1.0761852408884252,0.0,-0.29935865913355814,0.0,-1.063777012861579,-0.11644622789908045,0.009532003213520783,0.0,0.006721726917671732,-0.5235635829122591,0.0,-0.8951377516047425,-0.5176233417020598,-0.7458233285650568,-0.6628494371033172,-1.0629375324925483,-1.1403396369822036,0.0,-0.07396054635308544,0.0,0.0,0.0,0.0,-0.8045148243547093,-0.8412589874214373,-1.1285368610156197,0.5234581012746189,0.3298893594750515,0.16870950901058976,0.4816706464182251,0.0003972448418665706,0.4906078469621411,19,0.0,-0.2974360777321221,2025.0,1.0,0.2713376216905684,0.06870915934407232,mo aliecox,950.0,0.09523809523809523,-0.026528935894022915
00-0036630,Tylan Wallace,WR,BAL,BUF,-0.9859290502998239,-0.9788765439970513,-1.076195116208836,0.0,-0.299371720492203,0.0,-1.0637870082686187,-0.9329390563681516,-0.9399691508932457,0.0,-0.6856917621513873,-0.594888146181997,0.0,-0.8951406048177183,-0.06526265181715656,-1.082393703935575,-0.44077781519452697,-0.9436081829885953,-1.023216857207824,0.0,-0.9617708470316018,0.0,0.0,0.0,0.0,-0.73268529798786,-1.114434071067302,-1.0491664485798922,0.21733150160748183,0.15983714427798834,0.49691451825600724,0.6356074910050029,0.29080984768337426,0.4906078469621411,3,0.0,-0.6296480175331086,2025.0,1.0,2.3850230230283613,0.06870149547314192,tylan wallace,1100.0,0.08333333333333333,-0.014631837860191413
00-0039648,David Martin-Robinson,TE,TEN,DEN,-0.9859290502998239,-0.9788765439970513,-1.076195116208836,0.0,-0.299371720492203,0.0,-1.0637870082686187,-0.9329390563681516,-0.9399691508932457,0.0,-0.6856917621513873,-2.0625238277772913,0.0,-0.8951406048177183,-1.029076092407472,-1.298665923935459,-0.4011886434542613,-1.2163117303752506,-1.1947527337209278,0.0,-1.1086117928300876,0.0,0.0,0.0,0.0,-0.9115866676019854,-1.3323835783309412,-1.0804335836635208,-0.6624067479791415,0.30186054210349794,0.34457457003732633,-0.05722169150615405,0.3096701287682889,-1.2358283178688252,9,0.0,-0.7973479822883568,2025.0,1.0,1.328180322359465,0.06848638548004798,david martinrobinson,1800.0,0.05263157894736842,0.015854806532679566
00-0033246,Johnny Mundt,TE,JAX,CAR,-0.9284278994230903,-0.9627017008141168,-0.9524195914352891,0.0,-0.3198699266261964,0.0,-0.9568518172575954,-0.29477047362193587,-0.34243155833456196,0.0,-0.02703265240792729,-1.0318135416806844,0.0,-0.8842534688995821,3.3728821423131645,-1.1984293540134068,-0.3239185344865444,-0.9994297151258298,-0.9502407330481852,0.0,-0.6919208258539216,0.0,0.0,0.0,0.0,-0.16676444962224632,-1.1827711825908684,-1.1414426296041658,0.20159867703704332,0.16361567172861016,0.8606348756212578,2.222241610826798,0.5666845183212751,0.6057035912842055,4,0.0,-0.6310160042905721,2025.0,1.0,0.2713376216905684,0.06762008868180563,johnny mundt,1300.0,0.07142857142857142,-0.00380848274676579
00-0038710,Blake Whiteheart,TE,CLE,CIN,-0.9859290502998239,-0.9788765439970513,-1.076195116208836,0.0,-0.299371720492203,0.0,-1.0637870082686187,-0.8067346791720374,-0.8210407472367894,0.0,-0.3232557415259525,-0.9404731591878451,0.0,-0.8951406048177183,-0.3380776786750319,-1.044176082673817,-1.0211539163762773,-1.1813287851368395,-1.1182574775186507,0.0,-0.8340807767117169,0.0,0.0,0.0,0.0,-0.7142659132603207,-1.2280150357591546,-1.0804335836635208,0.6658004015783684,0.10482587575321425,0.8486950763038424,0.1907555412108738,0.044345541000162955,-0.3150623632923098,6,0.0,-0.6545049075731161,2025.0,1.0,1.328180322359465,0.06728594547542094,blake whiteheart,1800.0,0.05263157894736842,0.01465436652805252
00-0034487,Trent Sherfield,WR,DEN,TEN,-0.9835448261840956,-0.975070701509327,-1.0736430903945677,0.0,-0.29657937943649687,0.0,-1.061769622287202,-0.8195500935667636,-0.8083970405362273,0.0,-0.6842979715991995,-1.499823045947116,0.0,-0.8929271131976866,0.6307078165159077,-1.07546629144459,-0.02342363600561993,-0.9533620012820336,-0.9583054674817028,0.0,-0.9063819041785185,0.0,0.0,0.0,0.0,-0.46866788598545084,-1.2029047042248326,-1.1142358851093959,-0.9207399885266796,0.15842795067472656,1.0774057334976106,0.5440377532317293,0.25171120647521533,0.72079933560627,30,0.0,-0.5739293947377674,2025.0,1.0,3.441865723697258,0.0672526499628373,trent sherfield,700.0,0.125,-0.057747350037162706
00-0036825,Feleipe Franks,TE,ATL,TB,-0.9859290502998239,-0.9788765439970513,-1.076195116208836,0.0,-0.299371720492203,0.2221735946124578,-1.0637870082686187,-0.9329390563681516,-0.9399691508932457,0.0,-0.6856917621513873,-1.8940441463950524,0.0,-0.8951406048177183,-0.735144735032037,-0.8185549089065095,-0.7750024533657521,-1.2091342015028776,-1.3436231872298454,0.0,-1.1086117928300876,0.0,0.0,-0.15381123059819365,0.20933441703435096,-0.9115866676019854,-1.1927738500327887,-1.0983005207426018,-1.051658459579199,0.05303822388299843,0.21670091490858687,0.6594013224855781,0.13673168097385432,0.03022486967388346,29,0.0,-0.7973479822883568,2025.0,1.0,2.3850230230283613,0.06681838798109026,feleipe franks,2800.0,0.034482758620689655,0.0323356293604006
00-0039521,Xavier Weaver,WR,ARI,NO,-0.9859290502998239,-0.9788765439970513,-1.076195116208836,0.0,-0.299371720492203,0.0,-1.0637870082686187,0.3213944695088202,0.2420491530639316,0.0,-0.6856917621513873,-0.5004202132650737,0.0,-0.8951406048177183,-1.029076092407472,-0.6899100099970898,-0.9596619872910623,-1.3576183045986783,-1.5084263863347203,0.0,-1.1086117928300876,0.0,0.0,0.0,0.0,-0.9115866676019854,-1.0016096037231508,-1.0706626159617956,-0.2670158723689448,0.008117829382507597,1.0023139572034183,0.8256701713960359,0.0014111249868368713,0.6057035912842055,22,0.0,-0.7973479822883568,2025.0,1.0,3.441865723697258,0.06671517084757446,xavier weaver,1200.0,0.07692307692307693,-0.010207906075502468
00-0037805,Jeremy Ruckert,TE,NYJ,PIT,-0.9859290502998239,-0.9788765439970513,-1.076195116208836,0.0,-0.299371720492203,0.0,-1.0637870082686187,-0.9131235088491867,-0.9224630863773504,0.0,-0.6856917621513873,-0.6337871805360729,0.0,-0.8951406048177183,0.9898802372648581,-1.0175298997739155,-0.7302560683878191,-1.0460835966823685,-0.8557862158982608,0.0,-0.9213855831913111,0.0,0.0,0.0,0.0,-0.9115866676019854,-0.9855108767551719,-0.8034961838616222,0.7885883214722906,0.0056675459404362805,0.45384673220877014,0.902180665446422,0.14206908958213937,-1.0631847013857285,26,0.0,-0.6939315616801675,2025.0,1.0,0.2713376216905684,0.06663822579843899,jeremy ruckert,1100.0,0.08333333333333333,-0.016695107534894338
00-0039816,Anthony Gould,WR,IND,MIA,-0.9859290502998239,-0.9788765439970513,-1.076195116208836,0.0,-0.299371720492203,0.0,-1.0637870082686187,-0.9329390563681516,-0.9399691508932457,0.0,-0.6856917621513873,-2.0658545391088734,0.0,-0.8951406048177183,0.19637748793814033,-0.7294396147982827,0.48951067255001735,-0.4290322454161547,-0.9707001247110764,0.0,-1.1086117928300876,0.0,0.0,0.0,0.0,-0.9115866676019854,-1.1530201457610418,-1.106489529566544,0.5234581012746189,0.3298893594750515,0.16870950901058976,0.4816706464182251,0.0003972448418665706,0.4906078469621411,19,0.0,-0.7973479822883568,2025.0,1.0,4.498708424366155,0.06658387761760555,anthony gould,1300.0,0.07142857142857142,-0.004844693810965875
00-0036429,Charlie Woerner,TE,ATL,TB,-0.9859290502998239,-0.9788765439970513,-1.076195116208836,0.0,-0.299371720492203,0.0,-1.0637870082686187,-0.9329390563681516,-0.9399691508932457,0.0,-0.6856917621513873,-0.11063502162407986,0.0,-0.8951406048177183,-0.1670184301469124,-1.1230819600537008,-0.9660813537543798,-1.134986322983069,-1.036318150270014,0.0,-1.0400252420687857,0.0,0.0,0.0,0.0,-0.9115866676019854,-0.9874529453609453,-1.0983005207426018,-1.051658459579199,0.05303822388299843,0.21670091490858687,0.6594013224855781,0.13673168097385432,0.03022486967388346,29,0.0,-0.7924022366232711,2025.0,1.0,0.2713376216905684,0.06643307111375343,charlie woerner,1400.0,0.06666666666666667,-0.0002335955529132322
00-0037282,James Mitchell,TE,CAR,JAX,-0.9859290502998239,-0.9788765439970513,-1.076195116208836,0.0,-0.299371720492203,0.0,-1.0637870082686187,-0.8593915960305907,-0.8836569862577895,0.0,-0.025479834255282354,-0.6270616191774956,0.0,-0.8951406048177183,1.0924962979316932,-1.0260104851839484,0.15696358589961917,-0.7520515728231266,-0.8897312761042017,0.0,-0.7824864005510568,0.0,0.0,0.0,0.0,-0.818156011317573,-1.1630033459681135,-1.0602612632470578,-0.13199898058826626,0.036409165946468286,0.9172326236586155,-0.3704131334600792,0.021548742892345627,-0.19996661897024537,14,0.0,-0.6955596442512504,2025.0,1.0,2.3850230230283613,0.06638756521598053,james mitchell,1700.0,0.05555555555555555,0.010832009660424982
00-0037539,Lucas Krull,TE,DEN,TEN,-0.9690634763050229,-0.97217647074302,-1.0599680740150719,0.0,-0.30004658699274117,0.0,-1.0472475605872391,-0.912947706244362,-0.9203983154534305,0.0,-0.6747636937483606,-0.7447230178498718,0.0,-0.8918717023728404,0.3145812615869856,-1.065673677743193,-0.2542478294696567,-0.8374821804685275,-0.48294514931820254,0.0,-1.0977485446352877,0.0,0.0,0.0,0.0,-0.8877884292584404,-0.9629416803411456,-1.0602612632470578,-0.9207399885266796,0.15842795067472656,1.0774057334976106,0.5440377532317293,0.25171120647521533,0.72079933560627,30,0.0,-0.796193485214783,2025.0,1.0,2.3850230230283613,0.06635373800597719,lucas krull,1000.0,0.09090909090909091,-0.024555352903113725
00-0037475,Stone Smartt,TE,NYJ,PIT,-0.654781678729612,-0.6602285559521323,-0.5079644654784317,0.0,-0.5327243047750704,0.0,-0.5667732898203096,-0.9171045710135416,-0.9224525008957124,0.0,-0.674570461568073,-0.6535582013944304,0.0,-0.6632574829787997,0.3030594762666476,-0.46196025551377207,0.18981010215383792,-0.1139011498003699,-0.14514417698526105,0.0,-0.8113193556389319,0.0,0.0,0.0,0.0,-0.894633337283424,-0.5631677472466778,-0.8771972632771033,0.7885883214722906,0.0056675459404362805,0.45384673220877014,0.902180665446422,0.14206908958213937,-1.0631847013857285,26,0.0,-0.633135291193922,2025.0,1.0,1.328180322359465,0.06614406740418546,stone smartt,2500.0,0.038461538461538464,0.027682528942647
00-0038720,Julian Hill,TE,MIA,IND,-0.9859290502998239,-0.9788765439970513,-1.076195116208836,0.0,-0.299371720492203,0.0,-1.0637870082686187,-0.8598705599109344,-0.8575178185856533,0.0,-0.6673281160878443,-0.3157891773576887,0.0,-0.8951406048177183,0.17695360562511417,-1.1023750753275,-0.4098065739374652,-1.0446473080873295,-1.0682159568331995,0.0,-0.923561206980587,0.0,0.0,0.0,0.0,-0.9115866676019854,-1.1735162526410114,-1.1142358851093959,-0.01988042851359385,0.03917358636020134,0.9105847934670175,1.466083274819497,0.2390832687288482,0.14532061399594787,13,0.0,-0.7341765572656728,2025.0,1.0,0.2713376216905684,0.06602095757525998,julian hill,500.0,0.16666666666666666,-0.10064570909140667
00-0036628,John Bates,TE,WAS,NYG,-0.9753604521076438,-0.9771650602434793,-1.0556642774500735,0.0,-0.29547236613874567,0.0,-1.0510727314229764,-0.9161301677115524,-0.9223604613605277,0.0,-0.6417642014112829,-0.6943261099314174,0.0,-0.8935894931499685,0.39525808524632683,-0.915305833098136,-0.5442929921882476,-1.0892890119921808,-1.1821351610312165,0.0,-0.8604392764280431,0.0,0.0,0.0,0.0,-0.9111579452968662,-1.139684892705569,-1.0491664485798922,0.4468427473275951,0.10776837312315056,1.008736765316202,0.641782551742023,0.06545478851764222,0.7783472077673022,23,0.0,-0.6824006557855141,2025.0,1.0,0.2713376216905684,0.06588894643431543,john bates,1300.0,0.07142857142857142,-0.00553962499425599
00-0040194,Jackson Hawes,TE,BUF,BAL,-0.9859290502998239,-0.9788765439970513,-1.076195116208836,0.0,-0.299371720492203,0.0,-1.0637870082686187,-0.9329390563681516,-0.9399691508932457,0.0,-0.6856917621513873,-2.265697219003827,0.0,-0.8951406048177183,-1.029076092407472,-1.298665923935459,-0.5361733664909226,-1.3576183045986783,-1.5084263863347203,0.0,-1.1086117928300876,0.0,0.0,0.0,0.0,-0.9115866676019854,-1.5642471454946631,-1.3931048576235803,0.6457182068786442,0.17137219857851424,0.27691499113861956,-1.2114795431917695,0.13011459202894737,0.8358950799283343,2,0.0,-0.7973479822883568,2025.0,1.0,1.328180322359465,0.06560650542001012,jackson hawes,2000.0,0.047619047619047616,0.017987457800962503
00-0036887,Luke Farrell,TE,SF,SEA,-0.9620880378574244,-0.9745594487027113,-1.065936755883297,0.0,-0.2800511644810777,0.0,-1.054955388006261,-0.9238132560117623,-0.929757034563011,0.0,-0.6779113693034644,-0.6745289710072343,0.0,-0.8929721217766237,-0.17345624363314358,-1.0312082046355877,-0.8682205559086313,-1.1150300041238927,-0.8803745583544952,0.0,-1.006529299110341,0.0,0.0,0.0,0.0,-0.9115866676019854,-1.0593252069605954,-1.0602612632470578,-0.19003754683732957,0.1276270168870706,0.1657294972078175,0.5478797243968847,0.029123878675916568,0.14532061399594787,27,0.0,-0.7670327763455476,2025.0,1.0,0.2713376216905684,0.06534709757464391,luke farrell,1400.0,0.06666666666666667,-0.001319569092022757
00-0038576,Charlie Jones,WR,CIN,CLE,-0.9859290502998239,-0.9788765439970513,-1.076195116208836,0.0,-0.299371720492203,0.32210115666646094,-1.0637870082686187,-0.9329390563681516,-0.9399691508932457,0.0,-0.6856917621513873,-1.829425499829113,0.0,-0.8951406048177183,-0.5151889839309498,-0.980493698324609,-0.2352947578547256,-0.9507508822185607,-0.9455948155328353,0.0,-1.1086117928300876,0.0,0.0,0.17714680859278714,2.0936575183319963,-0.9115866676019854,-1.030981424538491,-1.3931048576235803,1.2351061957153155,0.0021012437314289175,0.8651286836775417,0.4844330504347058,0.2855922089592876,0.9509908242503988,7,0.0,-0.7973479822883568,2025.0,1.0,3.441865723697258,0.06495178725789727,charlie jones,1600.0,0.058823529411764705,0.006128257846132565
00-0038839,Mitchell Tinsley,WR,CIN,CLE,-0.9859290502998239,-0.9788765439970513,-1.076195116208836,0.0,-0.299371720492203,0.0,-1.0637870082686187,-0.9329390563681516,-0.9399691508932457,0.0,-0.6856917621513873,-2.265697219003827,0.0,-0.8951406048177183,-1.029076092407472,-1.298665923935459,-0.5361733664909226,-1.3576183045986783,-1.5084263863347203,0.0,-1.1086117928300876,0.0,0.0,0.0,0.0,-0.9115866676019854,-1.5642471454946631,-1.3931048576235803,1.2351061957153155,0.0021012437314289175,0.8651286836775417,0.4844330504347058,0.2855922089592876,0.9509908242503988,7,0.0,-0.7973479822883568,2025.0,1.0,2.3850230230283613,0.0647783272395455,mitchell tinsley,2200.0,0.043478260869565216,0.02130006636998029
00-0039530,Brevyn Spann-Ford,TE,DAL,PHI,-0.010286148236260895,-0.8022753652392088,-0.2350235770114441,0.0,-0.4264881575568171,0.0,-0.5139162920159741,-0.6285532510816104,-0.5993499031050682,0.0,-0.6856917621513873,-0.7778972220920093,0.0,-0.8069013865753342,0.2801328076556105,-0.918854396722154,-0.22735978751263708,-0.7486914565611433,-0.6243699215109505,0.0,-0.8608947505543265,0.0,0.0,0.0,0.0,-0.9115866676019854,-0.9729550922423154,-1.0245994221080648,-0.20251120553062518,0.0013402645450656147,0.15672110580871668,0.8932100971754651,0.03151196867229631,-0.660349596258503,25,0.0,-0.7245904002720711,2025.0,1.0,1.328180322359465,0.06473470101844392,brevyn spannford,2200.0,0.043478260869565216,0.021256440148878702
00-0039379,Jamari Thrash,WR,CLE,CIN,-0.9859290502998239,-0.9788765439970513,-1.076195116208836,0.0,-0.299371720492203,0.0,-1.0637870082686187,-0.9329390563681516,-0.9399691508932457,0.0,-0.6856917621513873,-0.8245882947035518,0.0,-0.8951406048177183,-0.6326990771099323,-0.9147461446870642,-0.8598430341395393,-1.292323906790696,-1.3832499698683836,0.0,-1.1086117928300876,0.0,0.0,0.0,0.0,-0.9115866676019854,-1.180858359561,-1.0804335836635208,0.6658004015783684,0.10482587575321425,0.8486950763038424,0.1907555412108738,0.044345541000162955,-0.3150623632923098,6,0.0,-0.7973479822883568,2025.0,1.0,1.328180322359465,0.06440051033304729,jamari thrash,425.0,0.19047619047619047,-0.1260756801431432
00-0037304,Connor Heyward,TE,PIT,NYJ,-0.9743258782522327,-0.9720739544604602,-1.0597756471729138,0.0,-0.3046759022537243,0.004821602987074168,-1.0397386029752573,-0.9230872946821674,-0.9296780982995244,0.0,-0.23118795398733633,-1.2449711984815006,0.0,-0.8919865963818728,0.05135554876065089,-0.9710851402906862,-0.49445463724521377,-1.0299598958317338,-0.8270626366929272,0.0,-0.23505747090255444,0.0,0.0,-0.0037902727552737397,0.027557373215392807,-0.41909930261846295,-0.9848400785921221,-1.0983005207426018,0.7162362902342437,0.0015561096450762578,0.8568002272562779,0.126920798152422,0.3650016079818515,-0.372610235453342,24,0.0,-0.3313250798601751,2025.0,1.0,2.3850230230283613,0.0633927702198302,connor heyward,1900.0,0.05,0.013392770219830194
00-0037654,Tucker Fisk,TE,LAC,KC,-0.9859290502998239,-0.9788765439970513,-1.076195116208836,0.0,-0.299371720492203,0.0,-1.0637870082686187,-0.8240189827774743,-0.8244984983546019,0.0,-0.56839226835108,-0.7631775408518355,0.0,-0.8951406048177183,0.29315381946375285,-1.188543376286049,-0.3273924518956298,-1.0863034822029174,-0.9707001247110764,0.0,-0.9753371769786535,0.0,0.0,0.0,0.0,-0.9115866676019854,-1.273842869677236,-1.1351510604503419,-0.5358274074031576,0.0009765401404859928,0.5747328711263359,1.45790131514114,0.2463937559616295,-0.14241874680921315,15,0.0,-0.7697965794396459,2025.0,1.0,2.3850230230283613,0.06234004215237196,tucker fisk,2800.0,0.034482758620689655,0.027857283531682306
00-0034419,Braxton Berrios,WR,HOU,LA,-0.9750148675287627,-0.9596901866619648,-1.05413489522588,0.0,-0.2988004127960586,0.006097407168504843,-1.037944261743371,-0.4102425406932491,-0.34015410146041075,3.5422766854521284e-06,-0.6843115473609951,-0.7078898695701995,0.0,-0.884134642525808,0.03626491589620798,-1.049110426545588,-1.4224815263018435,-1.1998092706464272,-1.172076772794423,1.1900657402020724e-05,-0.9079632272750296,0.0,0.0,0.00397254715008819,0.06334275998954472,-0.8872921080885888,-1.09243989369813,-1.0602612632470578,1.551304942321137,0.07454922771299295,0.13162494730462757,0.3180459704727358,0.2242495682641512,-0.4877059797754064,16,0.0,-0.5941355487317819,2025.0,1.0,5.555551125035052,0.061892588245350204,braxton berrios,2000.0,0.047619047619047616,0.014273540626302587
00-0038558,Darnell Washington,TE,PIT,NYJ,-0.9859290502998239,-0.9788765439970513,-1.076195116208836,0.0,-0.299371720492203,0.0,-1.0637870082686187,-0.6997388574710807,-0.7087698300871328,0.0,-0.32227611888367363,-0.2889823026116358,0.0,-0.8951406048177183,-0.01746822859575793,-1.112757069408774,-0.41588267633939013,-0.8956727768063674,-0.879611835213073,0.0,-1.0033859938005045,0.0,0.0,0.0,0.0,-0.8783500282284048,-1.030372690792773,-1.0983005207426018,0.7162362902342437,0.0015561096450762578,0.8568002272562779,0.126920798152422,0.3650016079818515,-0.372610235453342,24,0.0,-0.7412122262819217,2025.0,1.0,1.328180322359465,0.06186207965177336,darnell washington,1100.0,0.08333333333333333,-0.02147125368155997
00-0039890,Adonai Mitchell,WR,IND,MIA,-0.9007313037527488,-0.9010720521936345,-0.9862976746126308,0.0,-0.36681537264724445,0.15120428041069905,-0.9397053797111998,0.6758729744836671,0.6739893057461598,0.0,-0.6856917621513873,-0.8281993708728189,0.0,-0.8427576344857386,-0.4507648793135185,-0.2706225228958436,-0.3898230500047658,-0.7660304459090076,-1.0239635002631176,0.005390854474042766,-0.24389389473055953,0.0,0.0,-1.0200671202033296,-0.9121773357809942,-0.9115866676019854,-0.47434122129352535,-1.1285368610156197,0.5234581012746189,0.3298893594750515,0.16870950901058976,0.4816706464182251,0.0003972448418665706,0.4906078469621411,19,0.0,0.13601703473714488,2025.0,1.0,2.3850230230283613,0.061469558932053775,adonai mitchell,475.0,0.17391304347826086,-0.11244348454620709
00-0040128,Tyler Warren,TE,IND,MIA,-0.9859290502998239,-0.9788765439970513,-1.076195116208836,0.0,-0.299371720492203,0.0,-1.0637870082686187,-0.9329390563681516,-0.9399691508932457,0.0,-0.6856917621513873,-2.265697219003827,0.0,-0.8951406048177183,-1.029076092407472,-1.298665923935459,-0.5361733664909226,-1.3576183045986783,-1.5084263863347203,0.0,-1.1086117928300876,0.0,0.0,0.0,0.0,-0.9115866676019854,-1.5642471454946631,-1.3931048576235803,0.5234581012746189,0.3298893594750515,0.16870950901058976,0.4816706464182251,0.0003972448418665706,0.4906078469621411,19,0.0,-0.7973479822883568,2025.0,1.0,-0.7855050789783283,0.060864840354475064,tyler warren,265.0,0.273972602739726,-0.21310776238525095
00-0040124,Tetairoa McMillan,WR,CAR,JAX,-0.9859290502998239,-0.9788765439970513,-1.076195116208836,0.0,-0.299371720492203,0.0,-1.0637870082686187,-0.9329390563681516,-0.9399691508932457,0.0,-0.6856917621513873,-2.265697219003827,0.0,-0.8951406048177183,-1.029076092407472,-1.298665923935459,-0.5361733664909226,-1.3576183045986783,-1.5084263863347203,0.0,-1.1086117928300876,0.0,0.0,0.0,0.0,-0.9115866676019854,-1.5642471454946631,-1.3931048576235803,-0.13199898058826626,0.036409165946468286,0.9172326236586155,-0.3704131334600792,0.021548742892345627,-0.19996661897024537,14,0.0,-0.7973479822883568,2025.0,1.0,-0.7855050789783283,0.06037565293068843,tetairoa mcmillan,170.0,0.37037037037037035,-0.30999471743968193
00-0039589,Kameron Johnson,WR,TB,ATL,-0.9859290502998239,-0.9788765439970513,-1.076195116208836,0.0,-0.299371720492203,0.6788990825688073,-1.0637870082686187,-0.2747995838799041,-0.029055962522576976,0.0,0.23964860393119528,-1.537463159790291,0.0,-0.8951406048177183,-1.029076092407472,-1.2682027422538058,-0.8235347003407154,-1.3576183045986783,-1.5084263863347203,0.0,-0.6580275117887879,0.0,0.0,0.5466355058031345,4.944954128440367,-0.9115866676019854,-1.5014013060950033,-1.3931048576235803,1.4121172267466708,0.5790310404124528,0.6192851740867521,0.3732040674294659,0.5816280991826792,0.6057035912842055,1,0.0,-0.3308887946902809,2025.0,1.0,5.555551125035052,0.05977597031331932,kameron johnson,1400.0,0.06666666666666667,-0.006890696353347346
00-0040129,Emeka Egbuka,WR,TB,ATL,-0.9859290502998239,-0.9788765439970513,-1.076195116208836,0.0,-0.299371720492203,0.0,-1.0637870082686187,-0.9329390563681516,-0.9399691508932457,0.0,-0.6856917621513873,-2.265697219003827,0.0,-0.8951406048177183,-1.029076092407472,-1.298665923935459,-0.5361733664909226,-1.3576183045986783,-1.5084263863347203,0.0,-1.1086117928300876,0.0,0.0,0.0,0.0,-0.9115866676019854,-1.5642471454946631,-1.3931048576235803,1.4121172267466708,0.5790310404124528,0.6192851740867521,0.3732040674294659,0.5816280991826792,0.6057035912842055,1,0.0,-0.7973479822883568,2025.0,1.0,1.328180322359465,0.05807848010584532,emeka egbuka,185.0,0.3508771929824561,-0.2927987128766108
00-0040237,Tez Johnson,WR,TB,ATL,-0.9859290502998239,-0.9788765439970513,-1.076195116208836,0.0,-0.299371720492203,0.0,-1.0637870082686187,-0.9329390563681516,-0.9399691508932457,0.0,-0.6856917621513873,-2.265697219003827,0.0,-0.8951406048177183,-1.029076092407472,-1.298665923935459,-0.5361733664909226,-1.3576183045986783,-1.5084263863347203,0.0,-1.1086117928300876,0.0,0.0,0.0,0.0,-0.9115866676019854,-1.5642471454946631,-1.3931048576235803,1.4121172267466708,0.5790310404124528,0.6192851740867521,0.3732040674294659,0.5816280991826792,0.6057035912842055,1,0.0,-0.7973479822883568,2025.0,1.0,2.3850230230283613,0.05807848010584532,tez johnson,650.0,0.13333333333333333,-0.07525485322748801
00-0040736,Mason Taylor,TE,NYJ,PIT,-0.9859290502998239,-0.9788765439970513,-1.076195116208836,0.0,-0.299371720492203,0.0,-1.0637870082686187,-0.9329390563681516,-0.9399691508932457,0.0,-0.6856917621513873,-2.265697219003827,0.0,-0.8951406048177183,-1.029076092407472,-1.298665923935459,-0.5361733664909226,-1.3576183045986783,-1.5084263863347203,0.0,-1.1086117928300876,0.0,0.0,0.0,0.0,-0.9115866676019854,-1.5642471454946631,-1.3931048576235803,0.7885883214722906,0.0056675459404362805,0.45384673220877014,0.902180665446422,0.14206908958213937,-1.0631847013857285,26,0.0,-0.7973479822883568,2025.0,1.0,-0.7855050789783283,0.058076260453358154,mason taylor,550.0,0.15384615384615385,-0.09576989339279571
00-0040241,Dominic Lovett,WR,DET,GB,-0.9859290502998239,-0.9788765439970513,-1.076195116208836,0.0,-0.299371720492203,0.0,-1.0637870082686187,-0.9329390563681516,-0.9399691508932457,0.0,-0.6856917621513873,-2.265697219003827,0.0,-0.8951406048177183,-1.029076092407472,-1.298665923935459,-0.5361733664909226,-1.3576183045986783,-1.5084263863347203,0.0,-1.1086117928300876,0.0,0.0,0.0,0.0,-0.9115866676019854,-1.5642471454946631,-1.3931048576235803,-1.1137899731879868,0.3332333778129337,0.5666896172948152,0.04081755852787734,0.013835495706071843,0.03022486967388346,11,0.0,-0.7973479822883568,2025.0,1.0,3.441865723697258,0.058064355260177405,dominic lovett,1000.0,0.09090909090909091,-0.032844735648913506
00-0040669,Isaac TeSlaa,WR,DET,GB,-0.9859290502998239,-0.9788765439970513,-1.076195116208836,0.0,-0.299371720492203,0.0,-1.0637870082686187,-0.9329390563681516,-0.9399691508932457,0.0,-0.6856917621513873,-2.265697219003827,0.0,-0.8951406048177183,-1.029076092407472,-1.298665923935459,-0.5361733664909226,-1.3576183045986783,-1.5084263863347203,0.0,-1.1086117928300876,0.0,0.0,0.0,0.0,-0.9115866676019854,-1.5642471454946631,-1.3931048576235803,-1.1137899731879868,0.3332333778129337,0.5666896172948152,0.04081755852787734,0.013835495706071843,0.03022486967388346,11,0.0,-0.7973479822883568,2025.0,1.0,2.3850230230283613,0.058064355260177405,isaac teslaa,450.0,0.18181818181818182,-0.12375382655800442
00-0040667,Matthew Golden,WR,GB,DET,-0.9859290502998239,-0.9788765439970513,-1.076195116208836,0.0,-0.299371720492203,0.0,-1.0637870082686187,-0.9329390563681516,-0.9399691508932457,0.0,-0.6856917621513873,-2.265697219003827,0.0,-0.8951406048177183,-1.029076092407472,-1.298665923935459,-0.5361733664909226,-1.3576183045986783,-1.5084263863347203,0.0,-1.1086117928300876,0.0,0.0,0.0,0.0,-0.9115866676019854,-1.5642471454946631,-1.3931048576235803,-0.5196229465939969,0.30820491917044496,0.48479647279645116,-0.17017697487515296,0.6289305862360746,0.6057035912842055,10,0.0,-0.7973479822883568,2025.0,1.0,0.2713376216905684,0.0580179348329571,matthew golden,215.0,0.31746031746031744,-0.25944238262736036
00-0040164,Jaylin Lane,WR,WAS,NYG,-0.9859290502998239,-0.9788765439970513,-1.076195116208836,0.0,-0.299371720492203,0.0,-1.0637870082686187,-0.9329390563681516,-0.9399691508932457,0.0,-0.6856917621513873,-2.265697219003827,0.0,-0.8951406048177183,-1.029076092407472,-1.298665923935459,-0.5361733664909226,-1.3576183045986783,-1.5084263863347203,0.0,-1.1086117928300876,0.0,0.0,0.0,0.0,-0.9115866676019854,-1.5642471454946631,-1.3931048576235803,0.4468427473275951,0.10776837312315056,1.008736765316202,0.641782551742023,0.06545478851764222,0.7783472077673022,23,0.0,-0.7973479822883568,2025.0,1.0,2.3850230230283613,0.05793628905031041,jaylin lane,400.0,0.2,-0.14206371094968961
00-0040172,Jordan Watkins,WR,SF,SEA,-0.9859290502998239,-0.9788765439970513,-1.076195116208836,0.0,-0.299371720492203,0.0,-1.0637870082686187,-0.9329390563681516,-0.9399691508932457,0.0,-0.6856917621513873,-2.265697219003827,0.0,-0.8951406048177183,-1.029076092407472,-1.298665923935459,-0.5361733664909226,-1.3576183045986783,-1.5084263863347203,0.0,-1.1086117928300876,0.0,0.0,0.0,0.0,-0.9115866676019854,-1.5642471454946631,-1.3931048576235803,-0.19003754683732957,0.1276270168870706,0.1657294972078175,0.5478797243968847,0.029123878675916568,0.14532061399594787,27,0.0,-0.7973479822883568,2025.0,1.0,3.441865723697258,0.05791486862913778,jordan watkins,650.0,0.13333333333333333,-0.07541846470419555
00-0040590,Konata Mumpfield,WR,LA,HOU,-0.9859290502998239,-0.9788765439970513,-1.076195116208836,0.0,-0.299371720492203,0.0,-1.0637870082686187,-0.9329390563681516,-0.9399691508932457,0.0,-0.6856917621513873,-2.265697219003827,0.0,-0.8951406048177183,-1.029076092407472,-1.298665923935459,-0.5361733664909226,-1.3576183045986783,-1.5084263863347203,0.0,-1.1086117928300876,0.0,0.0,0.0,0.0,-0.9115866676019854,-1.5642471454946631,-1.3931048576235803,0.881482883121276,0.012711236979052465,0.4541893977403623,-0.28307330594258673,0.3519263898164781,0.20286848615698008,12,0.0,-0.7973479822883568,2025.0,1.0,3.441865723697258,0.05788996524875359,konata mumpfield,1500.0,0.0625,-0.004610034751246411
00-0040737,Terrance Ferguson,TE,LA,HOU,-0.9859290502998239,-0.9788765439970513,-1.076195116208836,0.0,-0.299371720492203,0.0,-1.0637870082686187,-0.9329390563681516,-0.9399691508932457,0.0,-0.6856917621513873,-2.265697219003827,0.0,-0.8951406048177183,-1.029076092407472,-1.298665923935459,-0.5361733664909226,-1.3576183045986783,-1.5084263863347203,0.0,-1.1086117928300876,0.0,0.0,0.0,0.0,-0.9115866676019854,-1.5642471454946631,-1.3931048576235803,0.881482883121276,0.012711236979052465,0.4541893977403623,-0.28307330594258673,0.3519263898164781,0.20286848615698008,12,0.0,-0.7973479822883568,2025.0,1.0,2.3850230230283613,0.05788996524875359,terrance ferguson,800.0,0.1111111111111111,-0.053221145862357516
00-0040134,Pat Bryant,WR,DEN,TEN,-0.9859290502998239,-0.9788765439970513,-1.076195116208836,0.0,-0.299371720492203,0.0,-1.0637870082686187,-0.9329390563681516,-0.9399691508932457,0.0,-0.6856917621513873,-2.265697219003827,0.0,-0.8951406048177183,-1.029076092407472,-1.298665923935459,-0.5361733664909226,-1.3576183045986783,-1.5084263863347203,0.0,-1.1086117928300876,0.0,0.0,0.0,0.0,-0.9115866676019854,-1.5642471454946631,-1.3931048576235803,-0.9207399885266796,0.15842795067472656,1.0774057334976106,0.5440377532317293,0.25171120647521533,0.72079933560627,30,0.0,-0.7973479822883568,2025.0,1.0,2.3850230230283613,0.05780423674266275,pat bryant,550.0,0.15384615384615385,-0.09604191710349111
00-0040009,Savion Williams,WR,GB,DET,-0.9859290502998239,-0.9788765439970513,-1.076195116208836,0.0,-0.299371720492203,0.0,-1.0637870082686187,-0.9329390563681516,-0.9399691508932457,0.0,-0.6856917621513873,-2.265697219003827,0.0,-0.8951406048177183,-1.029076092407472,-1.298665923935459,-0.5361733664909226,-1.3576183045986783,-1.5084263863347203,0.0,-1.1086117928300876,0.0,0.0,0.0,0.0,-0.9115866676019854,-1.5642471454946631,-1.3931048576235803,-0.5196229465939969,0.30820491917044496,0.48479647279645116,-0.17017697487515296,0.6289305862360746,0.6057035912842055,10,0.0,-0.7973479822883568,2025.0,1.0,3.441865723697258,0.05779827490009852,savion williams,850.0,0.10526315789473684,-0.047464882994638316
00-0040506,Myles Price,WR,MIN,CHI,-0.9859290502998239,-0.9788765439970513,-1.076195116208836,0.0,-0.299371720492203,0.0,-1.0637870082686187,-0.9329390563681516,-0.9399691508932457,0.0,-0.6856917621513873,-2.265697219003827,0.0,-0.8951406048177183,-1.029076092407472,-1.298665923935459,-0.5361733664909226,-1.3576183045986783,-1.5084263863347203,0.0,-1.1086117928300876,0.0,0.0,0.0,0.0,-0.9115866676019854,-1.5642471454946631,-1.3931048576235803,-0.4117305953876662,0.0012281423983332494,1.259477734943383,-0.5604903291751261,0.027779075847396043,0.03022486967388346,5,0.0,-0.7973479822883568,2025.0,1.0,3.441865723697258,0.057752331595930635,myles price,1900.0,0.05,0.007752331595930632
00-0040154,Tai Felton,WR,MIN,CHI,-0.9859290502998239,-0.9788765439970513,-1.076195116208836,0.0,-0.299371720492203,0.0,-1.0637870082686187,-0.9329390563681516,-0.9399691508932457,0.0,-0.6856917621513873,-2.265697219003827,0.0,-0.8951406048177183,-1.029076092407472,-1.298665923935459,-0.5361733664909226,-1.3576183045986783,-1.5084263863347203,0.0,-1.1086117928300876,0.0,0.0,0.0,0.0,-0.9115866676019854,-1.5642471454946631,-1.3931048576235803,-0.4117305953876662,0.0012281423983332494,1.259477734943383,-0.5604903291751261,0.027779075847396043,0.03022486967388346,5,0.0,-0.7973479822883568,2025.0,1.0,2.3850230230283613,0.057752331595930635,tai felton,650.0,0.13333333333333333,-0.0755810017374027
00-0040218,Jimmy Horn Jr.,WR,CAR,JAX,-0.9859290502998239,-0.9788765439970513,-1.076195116208836,0.0,-0.299371720492203,0.0,-1.0637870082686187,-0.9329390563681516,-0.9399691508932457,0.0,-0.6856917621513873,-2.265697219003827,0.0,-0.8951406048177183,-1.029076092407472,-1.298665923935459,-0.5361733664909226,-1.3576183045986783,-1.5084263863347203,0.0,-1.1086117928300876,0.0,0.0,0.0,0.0,-0.9115866676019854,-1.5642471454946631,-1.3931048576235803,-0.13199898058826626,0.036409165946468286,0.9172326236586155,-0.3704131334600792,0.021548742892345627,-0.19996661897024537,14,0.0,-0.7973479822883568,2025.0,1.0,4.498708424366155,0.057603392502806,jimmy horn,900.0,0.1,-0.042396607497194004
00-0040187,Mitchell Evans,TE,CAR,JAX,-0.9859290502998239,-0.9788765439970513,-1.076195116208836,0.0,-0.299371720492203,0.0,-1.0637870082686187,-0.9329390563681516,-0.9399691508932457,0.0,-0.6856917621513873,-2.265697219003827,0.0,-0.8951406048177183,-1.029076092407472,-1.298665923935459,-0.5361733664909226,-1.3576183045986783,-1.5084263863347203,0.0,-1.1086117928300876,0.0,0.0,0.0,0.0,-0.9115866676019854,-1.5642471454946631,-1.3931048576235803,-0.13199898058826626,0.036409165946468286,0.9172326236586155,-0.3704131334600792,0.021548742892345627,-0.19996661897024537,14,0.0,-0.7973479822883568,2025.0,1.0,1.328180322359465,0.057603392502806,mitchell evans,1300.0,0.07142857142857142,-0.013825178925765423
00-0038394,Will Mallory,TE,IND,MIA,-0.9544395908608828,-0.9671550687905609,-1.0449270438643916,0.0,-0.3094500566732116,0.0,-1.0233034207672056,-0.9329390563681516,-0.9399691508932457,0.0,-0.6856917621513873,-1.5873840985146899,0.0,-0.8870109423870852,-0.4043373058359328,-0.9153576502626836,-1.290780167910634,-1.1448833416889665,-1.1750770903439314,0.0,-1.1015233868496228,0.0,0.0,0.0,0.0,-0.9115866676019854,-1.1350423323398375,-1.106489529566544,0.5234581012746189,0.3298893594750515,0.16870950901058976,0.4816706464182251,0.0003972448418665706,0.4906078469621411,19,0.0,-0.7939230808580169,2025.0,1.0,2.3850230230283613,0.05759233173110042,will mallory,2200.0,0.043478260869565216,0.014114070861535204
00-0040075,LaJohntay Wester,WR,BAL,BUF,-0.9859290502998239,-0.9788765439970513,-1.076195116208836,0.0,-0.299371720492203,0.0,-1.0637870082686187,-0.9329390563681516,-0.9399691508932457,0.0,-0.6856917621513873,-2.265697219003827,0.0,-0.8951406048177183,-1.029076092407472,-1.298665923935459,-0.5361733664909226,-1.3576183045986783,-1.5084263863347203,0.0,-1.1086117928300876,0.0,0.0,0.0,0.0,-0.9115866676019854,-1.5642471454946631,-1.3931048576235803,0.21733150160748183,0.15983714427798834,0.49691451825600724,0.6356074910050029,0.29080984768337426,0.4906078469621411,3,0.0,-0.7973479822883568,2025.0,1.0,4.498708424366155,0.05758819481005955,lajohntay wester,1400.0,0.06666666666666667,-0.009078471856607116
00-0039739,Roman Wilson,WR,PIT,NYJ,-0.9859290502998239,-0.9788765439970513,-1.076195116208836,0.0,-0.299371720492203,0.0,-1.0637870082686187,-0.9329390563681516,-0.9399691508932457,0.0,-0.6856917621513873,-2.265697219003827,0.0,-0.8951406048177183,-1.029076092407472,-1.298665923935459,-0.5361733664909226,-1.3576183045986783,-1.5084263863347203,0.0,-1.1086117928300876,0.0,0.0,0.0,0.0,-0.9115866676019854,-1.5642471454946631,-1.3931048576235803,0.7162362902342437,0.0015561096450762578,0.8568002272562779,0.126920798152422,0.3650016079818515,-0.372610235453342,24,0.0,-0.7973479822883568,2025.0,1.0,1.328180322359465,0.05742820848145136,roman wilson,500.0,0.16666666666666666,-0.1092384581852153
00-0040131,Kyle Williams,WR,NE,LV,-0.9859290502998239,-0.9788765439970513,-1.076195116208836,0.0,-0.299371720492203,0.0,-1.0637870082686187,-0.9329390563681516,-0.9399691508932457,0.0,-0.6856917621513873,-2.265697219003827,0.0,-0.8951406048177183,-1.029076092407472,-1.298665923935459,-0.5361733664909226,-1.3576183045986783,-1.5084263863347203,0.0,-1.1086117928300876,0.0,0.0,0.0,0.0,-0.9115866676019854,-1.5642471454946631,-1.3931048576235803,0.9065299180982566,0.10150525741412077,0.5819558703581198,-0.1105324446235212,0.019174362034883072,0.20286848615698008,18,0.0,-0.7973479822883568,2025.0,1.0,3.441865723697258,0.057389900085465184,kyle williams,1100.0,0.08333333333333333,-0.025943433247868145
00-0040563,Efton Chism III,WR,NE,LV,-0.9859290502998239,-0.9788765439970513,-1.076195116208836,0.0,-0.299371720492203,0.0,-1.0637870082686187,-0.9329390563681516,-0.9399691508932457,0.0,-0.6856917621513873,-2.265697219003827,0.0,-0.8951406048177183,-1.029076092407472,-1.298665923935459,-0.5361733664909226,-1.3576183045986783,-1.5084263863347203,0.0,-1.1086117928300876,0.0,0.0,0.0,0.0,-0.9115866676019854,-1.5642471454946631,-1.3931048576235803,0.9065299180982566,0.10150525741412077,0.5819558703581198,-0.1105324446235212,0.019174362034883072,0.20286848615698008,18,0.0,-0.7973479822883568,2025.0,1.0,4.498708424366155,0.057389900085465184,efton chism,1100.0,0.08333333333333333,-0.025943433247868145
00-0040663,Harold Fannin Jr.,TE,CLE,CIN,-0.9859290502998239,-0.9788765439970513,-1.076195116208836,0.0,-0.299371720492203,0.0,-1.0637870082686187,-0.9329390563681516,-0.9399691508932457,0.0,-0.6856917621513873,-2.265697219003827,0.0,-0.8951406048177183,-1.029076092407472,-1.298665923935459,-0.5361733664909226,-1.3576183045986783,-1.5084263863347203,0.0,-1.1086117928300876,0.0,0.0,0.0,0.0,-0.9115866676019854,-1.5642471454946631,-1.3931048576235803,0.6658004015783684,0.10482587575321425,0.8486950763038424,0.1907555412108738,0.044345541000162955,-0.3150623632923098,6,0.0,-0.7973479822883568,2025.0,1.0,0.2713376216905684,0.05726211838070188,harold fannin,450.0,0.18181818181818182,-0.12455606343747994
00-0040718,Travis Hunter,WR,JAX,CAR,-0.9859290502998239,-0.9788765439970513,-1.076195116208836,0.0,-0.299371720492203,0.0,-1.0637870082686187,-0.9329390563681516,-0.9399691508932457,0.0,-0.6856917621513873,-2.265697219003827,0.0,-0.8951406048177183,-1.029076092407472,-1.298665923935459,-0.5361733664909226,-1.3576183045986783,-1.5084263863347203,0.0,-1.1086117928300876,0.0,0.0,0.0,0.0,-0.9115866676019854,-1.5642471454946631,-1.3931048576235803,0.20159867703704332,0.16361567172861016,0.8606348756212578,2.222241610826798,0.5666845183212751,0.6057035912842055,4,0.0,-0.7973479822883568,2025.0,1.0,0.2713376216905684,0.05710815109193071,travis hunter,180.0,0.35714285714285715,-0.3000347060509264
00-0040126,Colston Loveland,TE,CHI,MIN,-0.9859290502998239,-0.9788765439970513,-1.076195116208836,0.0,-0.299371720492203,0.0,-1.0637870082686187,-0.9329390563681516,-0.9399691508932457,0.0,-0.6856917621513873,-2.265697219003827,0.0,-0.8951406048177183,-1.029076092407472,-1.298665923935459,-0.5361733664909226,-1.3576183045986783,-1.5084263863347203,0.0,-1.1086117928300876,0.0,0.0,0.0,0.0,-0.9115866676019854,-1.5642471454946631,-1.3931048576235803,-0.7788848746471083,0.2981972770785582,1.4717239714552464,-0.2624113746275903,0.02006744382792995,-0.3150623632923098,20,0.0,-0.7973479822883568,2025.0,1.0,0.2713376216905684,0.057040359649569716,colston loveland,400.0,0.2,-0.1429596403504303
00-0040735,Luther Burden III,WR,CHI,MIN,-0.9859290502998239,-0.9788765439970513,-1.076195116208836,0.0,-0.299371720492203,0.0,-1.0637870082686187,-0.9329390563681516,-0.9399691508932457,0.0,-0.6856917621513873,-2.265697219003827,0.0,-0.8951406048177183,-1.029076092407472,-1.298665923935459,-0.5361733664909226,-1.3576183045986783,-1.5084263863347203,0.0,-1.1086117928300876,0.0,0.0,0.0,0.0,-0.9115866676019854,-1.5642471454946631,-1.3931048576235803,-0.7788848746471083,0.2981972770785582,1.4717239714552464,-0.2624113746275903,0.02006744382792995,-0.3150623632923098,20,0.0,-0.7973479822883568,2025.0,1.0,2.3850230230283613,0.057040359649569716,luther burden,600.0,0.14285714285714285,-0.08581678320757313
00-0038359,Xavier Smith,WR,LA,HOU,-0.9859290502998239,-0.9788765439970513,-1.076195116208836,0.0,-0.299371720492203,1.5412844036697246,-1.0637870082686187,-0.9329390563681516,-0.9399691508932457,0.0,-0.6856917621513873,-1.9147808067846155,0.0,-0.8951406048177183,0.29071833624622956,-1.2914127854398272,-0.5485605667134447,-1.3020587079184316,-1.261762963571581,0.0,-1.1086117928300876,0.0,0.0,1.0415369490964697,12.330275229357799,-0.9115866676019854,-1.4850499196064404,-1.3931048576235803,0.881482883121276,0.012711236979052465,0.4541893977403623,-0.28307330594258673,0.3519263898164781,0.20286848615698008,12,0.0,-0.7973479822883568,2025.0,1.0,4.498708424366155,0.05691868808800787,xavier smith,2000.0,0.047619047619047616,0.00929964046896025
00-0040130,Jayden Higgins,WR,HOU,LA,-0.9859290502998239,-0.9788765439970513,-1.076195116208836,0.0,-0.299371720492203,0.0,-1.0637870082686187,-0.9329390563681516,-0.9399691508932457,0.0,-0.6856917621513873,-2.265697219003827,0.0,-0.8951406048177183,-1.029076092407472,-1.298665923935459,-0.5361733664909226,-1.3576183045986783,-1.5084263863347203,0.0,-1.1086117928300876,0.0,0.0,0.0,0.0,-0.9115866676019854,-1.5642471454946631,-1.3931048576235803,1.551304942321137,0.07454922771299295,0.13162494730462757,0.3180459704727358,0.2242495682641512,-0.4877059797754064,16,0.0,-0.7973479822883568,2025.0,1.0,1.328180322359465,0.056882087671014527,jayden higgins,500.0,0.16666666666666666,-0.10978457899565214
00-0040138,Jaylin Noel,WR,HOU,LA,-0.9859290502998239,-0.9788765439970513,-1.076195116208836,0.0,-0.299371720492203,0.0,-1.0637870082686187,-0.9329390563681516,-0.9399691508932457,0.0,-0.6856917621513873,-2.265697219003827,0.0,-0.8951406048177183,-1.029076092407472,-1.298665923935459,-0.5361733664909226,-1.3576183045986783,-1.5084263863347203,0.0,-1.1086117928300876,0.0,0.0,0.0,0.0,-0.9115866676019854,-1.5642471454946631,-1.3931048576235803,1.551304942321137,0.07454922771299295,0.13162494730462757,0.3180459704727358,0.2242495682641512,-0.4877059797754064,16,0.0,-0.7973479822883568,2025.0,1.0,4.498708424366155,0.056882087671014527,jaylin noel,950.0,0.09523809523809523,-0.038356007567080706
00-0040729,Jack Bech,WR,LV,NE,-0.9859290502998239,-0.9788765439970513,-1.076195116208836,0.0,-0.299371720492203,0.0,-1.0637870082686187,-0.9329390563681516,-0.9399691508932457,0.0,-0.6856917621513873,-2.265697219003827,0.0,-0.8951406048177183,-1.029076092407472,-1.298665923935459,-0.5361733664909226,-1.3576183045986783,-1.5084263863347203,0.0,-1.1086117928300876,0.0,0.0,0.0,0.0,-0.9115866676019854,-1.5642471454946631,-1.3931048576235803,-0.8650390561689161,0.6198820078862533,0.9075319134771587,-0.04453702212033167,0.07598883933407122,-0.4877059797754064,21,0.0,-0.7973479822883568,2025.0,1.0,2.3850230230283613,0.05634359136911153,jack bech,1200.0,0.07692307692307693,-0.020579485553965396
00-0040581,Dont'e Thornton Jr.,WR,LV,NE,-0.9859290502998239,-0.9788765439970513,-1.076195116208836,0.0,-0.299371720492203,0.0,-1.0637870082686187,-0.9329390563681516,-0.9399691508932457,0.0,-0.6856917621513873,-2.265697219003827,0.0,-0.8951406048177183,-1.029076092407472,-1.298665923935459,-0.5361733664909226,-1.3576183045986783,-1.5084263863347203,0.0,-1.1086117928300876,0.0,0.0,0.0,0.0,-0.9115866676019854,-1.5642471454946631,-1.3931048576235803,-0.8650390561689161,0.6198820078862533,0.9075319134771587,-0.04453702212033167,0.07598883933407122,-0.4877059797754064,21,0.0,-0.7973479822883568,2025.0,1.0,1.328180322359465,0.05634359136911153,donte thornton,425.0,0.19047619047619047,-0.13413259910707892
00-0040727,Tre Harris,WR,LAC,KC,-0.9859290502998239,-0.9788765439970513,-1.076195116208836,0.0,-0.299371720492203,0.0,-1.0637870082686187,-0.9329390563681516,-0.9399691508932457,0.0,-0.6856917621513873,-2.265697219003827,0.0,-0.8951406048177183,-1.029076092407472,-1.298665923935459,-0.5361733664909226,-1.3576183045986783,-1.5084263863347203,0.0,-1.1086117928300876,0.0,0.0,0.0,0.0,-0.9115866676019854,-1.5642471454946631,-1.3931048576235803,-0.5358274074031576,0.0009765401404859928,0.5747328711263359,1.45790131514114,0.2463937559616295,-0.14241874680921315,15,0.0,-0.7973479822883568,2025.0,1.0,2.3850230230283613,0.055842724076241364,tre harris,800.0,0.1111111111111111,-0.05526838703486974
00-0040189,Oronde Gadsden II,TE,LAC,KC,-0.9859290502998239,-0.9788765439970513,-1.076195116208836,0.0,-0.299371720492203,0.0,-1.0637870082686187,-0.9329390563681516,-0.9399691508932457,0.0,-0.6856917621513873,-2.265697219003827,0.0,-0.8951406048177183,-1.029076092407472,-1.298665923935459,-0.5361733664909226,-1.3576183045986783,-1.5084263863347203,0.0,-1.1086117928300876,0.0,0.0,0.0,0.0,-0.9115866676019854,-1.5642471454946631,-1.3931048576235803,-0.5358274074031576,0.0009765401404859928,0.5747328711263359,1.45790131514114,0.2463937559616295,-0.14241874680921315,15,0.0,-0.7973479822883568,2025.0,1.0,1.328180322359465,0.055842724076241364,oronde gadsden,2200.0,0.043478260869565216,0.012364463206676148
00-0040184,KeAndre Lambert-Smith,WR,LAC,KC,-0.9859290502998239,-0.9788765439970513,-1.076195116208836,0.0,-0.299371720492203,0.0,-1.0637870082686187,-0.9329390563681516,-0.9399691508932457,0.0,-0.6856917621513873,-2.265697219003827,0.0,-0.8951406048177183,-1.029076092407472,-1.298665923935459,-0.5361733664909226,-1.3576183045986783,-1.5084263863347203,0.0,-1.1086117928300876,0.0,0.0,0.0,0.0,-0.9115866676019854,-1.5642471454946631,-1.3931048576235803,-0.5358274074031576,0.0009765401404859928,0.5747328711263359,1.45790131514114,0.2463937559616295,-0.14241874680921315,15,0.0,-0.7973479822883568,2025.0,1.0,3.441865723697258,0.055842724076241364,keandre lambertsmith,700.0,0.125,-0.06915727592375864
00-0040739,Elijah Arroyo,TE,SEA,SF,-0.9859290502998239,-0.9788765439970513,-1.076195116208836,0.0,-0.299371720492203,0.0,-1.0637870082686187,-0.9329390563681516,-0.9399691508932457,0.0,-0.6856917621513873,-2.265697219003827,0.0,-0.8951406048177183,-1.029076092407472,-1.298665923935459,-0.5361733664909226,-1.3576183045986783,-1.5084263863347203,0.0,-1.1086117928300876,0.0,0.0,0.0,0.0,-0.9115866676019854,-1.5642471454946631,-1.3931048576235803,0.6086292705044926,0.02193734843841352,1.2362649374901893,1.8745955587135352,0.09625695183172493,-0.4301581076143742,28,0.0,-0.7973479822883568,2025.0,1.0,0.2713376216905684,0.05508338302250784,elijah arroyo,600.0,0.14285714285714285,-0.087773759834635
00-0040648,Tory Horton,WR,SEA,SF,-0.9859290502998239,-0.9788765439970513,-1.076195116208836,0.0,-0.299371720492203,0.0,-1.0637870082686187,-0.9329390563681516,-0.9399691508932457,0.0,-0.6856917621513873,-2.265697219003827,0.0,-0.8951406048177183,-1.029076092407472,-1.298665923935459,-0.5361733664909226,-1.3576183045986783,-1.5084263863347203,0.0,-1.1086117928300876,0.0,0.0,0.0,0.0,-0.9115866676019854,-1.5642471454946631,-1.3931048576235803,0.6086292705044926,0.02193734843841352,1.2362649374901893,1.8745955587135352,0.09625695183172493,-0.4301581076143742,28,0.0,-0.7973479822883568,2025.0,1.0,1.328180322359465,0.05458485888764362,tory horton,500.0,0.16666666666666666,-0.11208180777902305
00-0040705,Chimere Dike,WR,TEN,DEN,-0.9859290502998239,-0.9788765439970513,-1.076195116208836,0.0,-0.299371720492203,0.0,-1.0637870082686187,-0.9329390563681516,-0.9399691508932457,0.0,-0.6856917621513873,-2.265697219003827,0.0,-0.8951406048177183,-1.029076092407472,-1.298665923935459,-0.5361733664909226,-1.3576183045986783,-1.5084263863347203,0.0,-1.1086117928300876,0.0,0.0,0.0,0.0,-0.9115866676019854,-1.5642471454946631,-1.3931048576235803,-0.6624067479791415,0.30186054210349794,0.34457457003732633,-0.05722169150615405,0.3096701287682889,-1.2358283178688252,9,0.0,-0.7973479822883568,2025.0,1.0,2.3850230230283613,0.054445543126156556,chimere dike,2000.0,0.047619047619047616,0.00682649550710894
00-0040584,Gunnar Helm,TE,TEN,DEN,-0.9859290502998239,-0.9788765439970513,-1.076195116208836,0.0,-0.299371720492203,0.0,-1.0637870082686187,-0.9329390563681516,-0.9399691508932457,0.0,-0.6856917621513873,-2.265697219003827,0.0,-0.8951406048177183,-1.029076092407472,-1.298665923935459,-0.5361733664909226,-1.3576183045986783,-1.5084263863347203,0.0,-1.1086117928300876,0.0,0.0,0.0,0.0,-0.9115866676019854,-1.5642471454946631,-1.3931048576235803,-0.6624067479791415,0.30186054210349794,0.34457457003732633,-0.05722169150615405,0.3096701287682889,-1.2358283178688252,9,0.0,-0.7973479822883568,2025.0,1.0,0.2713376216905684,0.05438319459858793,gunnar helm,950.0,0.09523809523809523,-0.0408549006395073
00-0040170,Elic Ayomanor,WR,TEN,DEN,-0.9859290502998239,-0.9788765439970513,-1.076195116208836,0.0,-0.299371720492203,0.0,-1.0637870082686187,-0.9329390563681516,-0.9399691508932457,0.0,-0.6856917621513873,-2.265697219003827,0.0,-0.8951406048177183,-1.029076092407472,-1.298665923935459,-0.5361733664909226,-1.3576183045986783,-1.5084263863347203,0.0,-1.1086117928300876,0.0,0.0,0.0,0.0,-0.9115866676019854,-1.5642471454946631,-1.3931048576235803,-0.6624067479791415,0.30186054210349794,0.34457457003732633,-0.05722169150615405,0.3096701287682889,-1.2358283178688252,9,0.0,-0.7973479822883568,2025.0,1.0,0.2713376216905684,0.05438319459858793,elic ayomanor,600.0,0.14285714285714285,-0.08847394825855492
00-0038496,Xavier Gipson,WR,NYJ,PIT,-0.7328468903345338,-0.8375655714776795,-0.9078700952715024,0.0,-0.34656432723961406,0.333845568214625,-0.965667489181854,-0.6724137365709475,-0.7235875277310406,0.0,-0.3639244332246068,-1.1542349261594127,0.0,-0.7634941105575759,-0.4488541335392152,-0.8879636437337326,-0.6829783671486503,-1.1599812444948108,-1.1110652822945066,0.007181081447618465,-0.7795011334664982,0.0,0.0,0.15118684002579463,1.8959413439824349,-0.5279909664730559,-1.0287741153047696,-1.3931048576235803,0.7885883214722906,0.0056675459404362805,0.45384673220877014,0.902180665446422,0.14206908958213937,-1.0631847013857285,26,0.0,-0.38577233282547546,2025.0,1.0,5.555551125035052,0.054273983721775075,xavier gipson,2200.0,0.043478260869565216,0.010795722852209859
00-0040582,Arian Smith,WR,NYJ,PIT,-0.9859290502998239,-0.9788765439970513,-1.076195116208836,0.0,-0.299371720492203,0.0,-1.0637870082686187,-0.9329390563681516,-0.9399691508932457,0.0,-0.6856917621513873,-2.265697219003827,0.0,-0.8951406048177183,-1.029076092407472,-1.298665923935459,-0.5361733664909226,-1.3576183045986783,-1.5084263863347203,0.0,-1.1086117928300876,0.0,0.0,0.0,0.0,-0.9115866676019854,-1.5642471454946631,-1.3931048576235803,0.7885883214722906,0.0056675459404362805,0.45384673220877014,0.902180665446422,0.14206908958213937,-1.0631847013857285,26,0.0,-0.7973479822883568,2025.0,1.0,2.3850230230283613,0.054264418544096076,arian smith,1900.0,0.05,0.004264418544096073
