player_id,player_display_name,position,team,opponent_team,avg_avg_expected_yac,avg_avg_intended_air_yards,avg_avg_separation,avg_avg_time_to_los,avg_avg_yac_above_expectation,avg_carries,avg_catch_percentage,avg_endzone_target_share,avg_endzone_targets,avg_inside_5_carry_share,avg_inside_5_target_share,avg_offense_snap_share,avg_percent_attempts_gte_eight_defenders,avg_percent_share_of_intended_air_yards,avg_racr,avg_receiving_air_yards,avg_receiving_epa,avg_receiving_yards,avg_receptions,avg_redzone_carry_share,avg_redzone_target_share,avg_rush_pct_over_expected,avg_rush_yards_over_expected_per_att,avg_rushing_epa,avg_rushing_yards,avg_scored_touchdown,avg_wopr,target_share,rushing_tds_allowed_to_QB,passing_tds_allowed_to_TE,rushing_tds_allowed_to_RB,passing_tds_allowed_to_WR,passing_tds_allowed_to_RB,implied_total,opponent_encoded,rush_matchup_value,pass_matchup_value,season,week,depth_chart_rank,predicted_touchdown_probability,merge_name,price,market_implied_prob,model_edge
00-0032764,Derrick Henry,RB,BAL,CLE,0.0,0.0,0.0,1.623874405146191,0.0,20.17277096798247,0.0,-0.3368507586400777,-0.3300074638160398,1.35133052964463,-0.34309600323927236,1.100905217687124,2.401036506608011,0.0,0.9630312696239566,2.6853294217863533,0.601654471634641,16.056552528114175,1.4197408585166833,0.7150005793424539,0.022865714067402662,2.013197838275746,4.5015115982749005,2.78908105702387,137.9863331789031,1.829909695403133,0.12046721160671353,0.0526315789473684,0.2039944349708976,0.7933440799528539,0.5764223173706894,0.820015937588493,-0.9281321462057268,1.4242181084270582,7,0.9898857069908161,-0.4489571910355662,2025.0,1.0,-1.0476569772685318,0.6130660531008794,derrick henry,-205.0,0.6721311475409836,-0.059065094440104216
00-0034844,Saquon Barkley,RB,PHI,KC,0.0,0.0,0.0,1.7891705607017798,0.0,23.353312985613876,0.0,-0.1116441420833235,-0.1723958745786063,1.1537774048950904,-0.34315684260825907,1.780610042854476,2.100163544361871,0.0,0.28482546432234385,3.8711553502353744,0.39733524776995244,13.147310385235444,2.202136937828735,1.2881069187147738,4.241005961860835,1.965359346330226,2.018615093115566,1.342493065370725,115.59533488033763,1.2295250575675365,1.5599064745815376,0.25,0.17599553997256578,0.15688783798774497,-0.6922259053368796,1.977903317213997,-0.9322418662872579,0.3756779520827666,15,0.20521461055280996,-0.44197611475562515,2025.0,1.0,-1.0476569772685318,0.5910933952715088,saquon barkley,-150.0,0.6,-0.008906604728491141
00-0035700,Josh Jacobs,RB,GB,WAS,0.0,0.0,0.0,1.1113974395646944,0.0,15.966605479777469,0.0,-0.31895466528540445,-0.30305147804890886,1.7767281180481396,-0.2682040781878598,1.20893990733842,1.6455493639979466,0.0,0.23398573439183715,-1.748911365936494,0.3142511188113951,13.184351795301295,1.5438164253507194,1.2714625399566684,-0.7588307990439762,1.5599447263510664,0.4084805608177214,0.16567240058117816,65.87831086707547,2.7834727394199024,-0.1859326856748567,0.0454545454545455,0.040939318976922434,0.3138651021617542,0.3685787275298787,0.3070360828672106,-0.5533476159247023,0.8416957993468962,31,1.316813447646334,-0.44084540249546383,2025.0,1.0,-1.0476569772685318,0.58437651380337,josh jacobs,-200.0,0.6666666666666666,-0.08229015286329666
00-0037248,James Cook,RB,BUF,NYJ,0.0,0.0,0.0,1.2122417234438447,0.0,12.239265746700699,0.0,-0.3199904886230782,-0.3171762034275045,1.107957426956327,1.357877695608824,0.21966320871382178,1.312998967337663,0.0,-0.9544264677256346,-1.4471705487066822,1.4142948541033933,23.562641691379625,2.2504167692792083,0.8937928718222357,-0.18368108377421183,1.3838280140250918,1.15641198869719,0.37717936496160837,54.478964347072356,2.5978673530602183,-0.20049107371230598,0.111111111111111,0.2607154342727115,0.6905793882853771,-0.1739083785899661,1.2809942195805868,0.5314948144720231,1.0164524920709448,24,0.4935080608370461,0.09985195835938283,2025.0,1.0,-1.0476569772685318,0.5738314729847779,james cook,-140.0,0.5833333333333334,-0.009501860348555491
00-0033553,James Conner,RB,ARI,CAR,0.0,0.0,0.0,1.0240623525780774,0.0,12.101813466773413,0.0,-0.32781335762731545,-0.3215624104350532,1.2944749187024338,2.6230693730428096,0.6851209172302516,1.3138474324108058,0.0,-0.9316626690896354,-8.364444005715875,1.1428712877682325,20.471018152893222,3.6017199663484267,1.0457169113388567,1.8059363255849354,0.8826320445268347,1.0792739031142027,-0.45102827055352734,57.42141696578677,1.5591014420916416,0.6184647203414724,0.137931034482759,0.4047746559437065,0.5886529225527634,-0.1668619571828575,1.3568967221084152,-0.3379507921651699,0.7251913375308637,4,0.6012575784125939,0.4866958785800456,2025.0,1.0,-1.0476569772685318,0.5671280508550766,james conner,-155.0,0.6078431372549019,-0.04071508639982535
00-0037840,Kyren Williams,RB,LA,TEN,0.0,0.0,0.0,1.5581569944455054,0.0,19.46185276042113,0.0,-0.22672043523091842,-0.22458706623868993,2.273416122810866,-0.28997732761932715,2.2376574483757947,1.0848952124380582,0.0,0.09308120807894467,-2.5692761836899844,-0.4628426082610395,7.926666908991873,1.6574897679060399,1.8419460978350517,-0.20137724532323018,2.258985251378713,0.23361741008409379,0.2983707360853969,81.5610427297627,2.2431451453474742,-0.11120968020473883,0.0714285714285714,0.1797937189108486,0.08065404161557142,0.9664955146292447,1.1241445759122863,-0.35690697009879147,0.2591734902667342,30,2.6014360934889473,-0.24091217728746,2025.0,1.0,-1.0476569772685318,0.56703222598768,kyren williams,-175.0,0.6363636363636364,-0.06933141037595636
00-0039139,Jahmyr Gibbs,RB,DET,CHI,0.0,0.0,0.0,0.6539427567331436,0.0,15.49057719750675,0.0,0.28240548628579615,0.3007426208103828,1.1211109946158198,-0.08995681229388888,1.1505566677741417,0.10581422892509842,0.0,1.1084682219841724,-1.139943836598618,2.14632093551972,37.34345889322265,5.837249857267333,1.6869636985323169,1.3015399664424252,0.6979818553796054,0.9691667751043785,0.796794893697767,77.83070231885068,1.5379746709078306,1.9930129056804022,0.263157894736842,0.3055564827482153,0.18146581117327829,0.5660383232356424,0.7829102668390547,0.5302964066505705,0.8416957993468962,5,1.9311097550725,1.407011846947365,2025.0,1.0,-1.0476569772685318,0.5598142840227303,jahmyr gibbs,-170.0,0.6296296296296297,-0.06981534560689939
00-0038597,Chase Brown,RB,CIN,JAX,0.0,0.0,0.0,1.623104493949561,0.0,19.24813093417571,0.0,1.438318224999442,1.6510603070570202,2.6884698552237785,-0.26438519862806287,2.057454486604275,1.4847351431583808,0.0,1.3854624246243394,4.313299597369341,1.0417645193039928,22.56284634097934,3.3720913009411944,2.789548648668309,1.2456085887879509,1.8115423287379195,0.26361441839400074,-0.9587665326394146,66.16734734886062,1.2975145093472016,1.0450694687379871,0.130434782608696,0.01539195920881597,0.23686800898980356,-0.062859830936622,0.5559186714604935,0.6588495295614164,0.8999480302549123,14,1.9419860525004453,1.5165258718820838,2025.0,1.0,-1.0476569772685318,0.5595592035797934,chase brown,-150.0,0.6,-0.04044079642020659
00-0038542,Bijan Robinson,RB,ATL,MIN,0.0,0.0,0.0,1.7638414694146676,0.0,19.185260787717812,0.0,-0.3261907914122227,-0.31988783433115586,1.8591439531699128,-0.37276609539803657,2.0903656771764076,0.9314445486923183,0.0,-0.9771982310034651,6.102318685687224,1.7466786567299244,37.03321004769721,3.5903804230128324,1.6450579621783412,0.2204586059220182,2.1037207925159245,0.6142865066289565,0.8718400203465744,89.38020282291728,2.399539523606476,1.4652686047516061,0.166666666666667,0.3000481741629133,0.10874913228338078,0.9560548989909081,0.8749991577640015,0.15381675491595165,-0.5563577424454926,20,2.3631009169749966,0.22204388678387102,2025.0,1.0,-1.0476569772685318,0.5439444963348332,bijan robinson,-155.0,0.6078431372549019,-0.0638986409200687
00-0036555,Chuba Hubbard,RB,CAR,ARI,0.0,0.0,0.0,1.5548808603255162,0.0,18.131109493288058,0.0,-0.33685074865912545,-0.33000745424400635,0.8508444025241821,-0.385975636664035,2.0421944171244713,1.0566375066470357,0.0,-0.3715847339987072,-8.600386531254541,-0.5618533463169991,17.314269816812978,3.107449056435773,1.731040527936698,0.7309205212886928,2.068690392474685,1.0842477682411562,0.9275101449979475,80.411878594357,1.8815487692462156,1.1567069481683927,0.147058823529412,0.3874449549143641,0.04345606300835222,0.2522694967154261,0.5977972001182874,0.3567517516268366,-0.7893666660775573,0,1.582308511634967,0.7439491552289695,2025.0,1.0,-1.0476569772685318,0.5331926393996363,chuba hubbard,100.0,0.5,0.03319263939963635
00-0039361,Bucky Irving,RB,TB,HOU,0.0,0.0,0.0,1.5359744527249461,0.0,15.76158476877218,0.0,-0.3368507586400777,-0.3300074638160398,0.4110218150669829,-0.34386435759886697,1.0722584977263467,0.7473745496274967,0.0,-0.5811890185907365,-11.257585881351291,0.5805453493787285,19.925505491074677,3.1493015053603575,1.5302649207150778,4.9197826136361416,2.0245675635559297,1.4367883617731894,0.4720792004381655,72.72193455993741,1.6930825350046828,0.5904204580663259,0.133333333333333,0.2513759927260177,0.7233072743850615,-0.1787059514672532,0.5829015487383274,-0.8893627293871077,-0.5563577424454926,12,0.9110030662322393,-0.2929599859865,2025.0,1.0,-1.0476569772685318,0.5230259762429789,bucky irving,-110.0,0.5238095238095238,-0.0007835475665449732
00-0036358,CeeDee Lamb,WR,DAL,NYG,1.4104543893569488,1.33533842367306,1.4458025831742718,0.0,3.550264181296288,0.3036105360928574,1.7082695650198894,1.2020050804954894,1.0760173040726513,0.0004780786184097155,-0.3751083460299259,0.8809387806810904,0.0,2.0397601115365718,0.0006521333895710708,2.0252678254858556,1.3093009355640477,2.513620626296574,2.290910474203763,0.005528638589724461,1.1761639521814407,0.0,0.0,-0.11720749002022299,1.177336082009457,0.38641869954829056,2.2836598465106674,2.671621582718917,0.04675342036973735,0.9701831083407785,1.006240546654429,-0.16153951753004217,0.0769774093736673,0.6057035912842055,23,0.0,1.0705631663692667,2025.0,1.0,-0.7855050789783283,0.5177161306461721,ceedee lamb,100.0,0.5,0.017716130646172057
00-0039040,De'Von Achane,RB,MIA,NE,0.0,0.0,0.0,0.9107315998243488,0.0,10.52396673986415,0.0,-0.071036213986314,-0.0350104994020775,1.0397304850141391,-0.2708697180685304,1.4218087035436024,1.6499268659940143,0.0,-0.7206115011921339,-0.20157603554411488,1.667242718404225,24.745501150181827,3.3137814872652416,0.44625511957818115,0.712720630705791,0.3332185690103852,1.0659622055112412,1.361188056304907,66.34339519944308,1.9181872589665754,0.8831686256392348,0.129032258064516,0.054277742381471206,0.09168588038453629,0.6543410722999078,0.942309537035285,1.3292679660335796,0.14266902845070178,21,0.7811547465554303,1.6196218210936333,2025.0,1.0,-1.0476569772685318,0.5119854107282243,devon achane,-155.0,0.6078431372549019,-0.09585772652667757
00-0039064,Zay Flowers,WR,BAL,CLE,2.7110244363665386,1.3691834752480208,1.6833979707105196,0.0,0.19352538291827479,0.9525299243475669,0.9985204943966391,1.0819000458725998,0.29598670360077245,0.0,-0.35396487869945276,0.5154426629948642,0.0,1.7897826366006218,0.5385751167465193,0.9588001742530774,1.5945557916806175,1.653298573535257,0.7460850295597826,0.027283838865755087,-0.6178636719339196,0.0,0.0,0.10686262388970788,4.47801418583046,0.6395334814239155,1.9087749430131133,3.4944407001971567,0.2039944349708976,1.5332284286176041,0.9036633454839689,-0.2739320184637409,0.0015008883795919214,1.4113738015386563,7,0.0,-0.4185916500779232,2025.0,1.0,-0.7855050789783283,0.5033767396428733,zay flowers,135.0,0.425531914893617,0.0778448247492563
00-0036158,J.K. Dobbins,RB,DEN,IND,0.0,0.0,0.0,1.352656678323954,0.0,15.333674509963366,0.0,-0.3368507586400777,-0.3300074638160398,0.5202325644816265,-0.383367899718423,0.9166510186218225,1.890095857950576,0.0,-0.5065199077492489,-4.050211353149961,-1.0157494987957796,9.439066312400714,2.219966142985323,1.1221257731888918,-0.08995112210188962,1.0258201121982589,0.26072044071324907,-0.05181853430262479,62.134534404190354,1.3117572173966106,-0.02095256571603767,0.0540540540540541,0.1707737633777302,0.25907362992185967,-0.07507566105038616,1.1232882050890116,0.668950852416104,0.026164566634669394,13,0.743312192206592,0.24194970809042557,2025.0,1.0,-1.0476569772685318,0.4965732369150259,jk dobbins,130.0,0.43478260869565216,0.061790628219373755
00-0038120,Breece Hall,RB,NYJ,BUF,0.0,0.0,0.0,1.5562322438804153,0.0,13.96881099821857,0.0,0.5648051551152107,0.7308168252604086,0.6378843976766809,0.4840963352192294,1.1963347527611157,0.5857085535525476,0.0,-0.14266869450874142,-9.309737163518935,0.23681570192564966,25.295853505663484,2.591045776703997,1.1857847176798813,0.10588923574500561,1.7928251091307936,0.35662517795547344,0.24815761524367644,68.43243112028473,0.28248119263457566,0.7723078712556118,0.19047619047619,0.4934356054882013,0.3060545987566863,0.6348309024351025,1.4381485327529986,-0.3517577100655715,-0.6146099733535088,3,1.5114700709473925,-0.13125964054805167,2025.0,1.0,-1.0476569772685318,0.49608975321979426,breece hall,135.0,0.425531914893617,0.07055783832617724
00-0037744,Trey McBride,TE,ARI,CAR,2.209427911241076,0.21242036682417842,1.4934466807143145,0.0,-0.2696508681885052,0.013828652412478798,1.4919646430448144,0.5603414618447966,0.6932046886573064,0.006914326206239399,2.861789215614651,1.4408861764300915,0.0,1.1337075590128098,0.3321784937055801,0.43882496735563614,0.9916767700020845,1.5758942006499506,2.457415070344625,0.0015365169193546971,1.3930612081888922,0.0,0.0,0.008311799169621563,0.027657304824957596,0.8059667186464464,1.6745166756520207,1.8090801630175921,0.4047746559437065,0.7950087724189823,0.6147391968722338,0.9673598103874828,0.11686833694898953,0.72079933560627,4,0.0,0.5886698240240205,2025.0,1.0,-0.7855050789783283,0.495436084488651,trey mcbride,150.0,0.4,0.09543608448865099
00-0036322,Justin Jefferson,WR,MIN,ATL,1.5323292657499048,1.571085438803821,1.785359954177496,0.0,1.5897111914072275,0.2914333314721848,1.3745086127641768,3.5835030208271497,3.4980868975261408,1.457647449899351e-07,-0.2687121283820391,1.579770072036488,0.0,2.0321129900922443,-0.12016959878333112,1.3489584331778972,-0.4921385538401016,1.6675100688921551,1.500277234044277,0.0003347177738673405,2.132795408796153,0.0,0.0,-0.021654660116249877,1.1500039265607154,1.5840620689233516,2.122628095749403,2.2182482489884072,0.41544864227327927,0.6292349162325928,0.4423465529190415,0.9677865294559627,0.6993078860089404,0.4906078469621411,1,0.0,3.342824342037604,2025.0,1.0,-0.7855050789783283,0.4951090676192833,justin jefferson,100.0,0.5,-0.004890932380716695
00-0036223,Jonathan Taylor,RB,IND,DEN,0.0,0.0,0.0,1.5323186885443003,0.0,25.06791544967846,0.0,-0.3368507586400777,-0.3300074638160398,0.9664869523762697,-0.3857002490573847,1.8280597464405828,0.800608488757524,0.0,-1.0442910556655542,1.4640321705926487,0.38282175342921015,11.542662143898111,1.6400074384257488,1.7196618288551166,-0.26067999802118597,1.4032050062999997,0.06292576758986868,0.4641814940973543,119.51256341919729,1.0775262976249724,0.053886591883170486,0.103448275862069,0.22119294912017282,0.1318181880266351,-1.1151570910561173,0.65267643344506,0.16720249846491847,-0.5563577424454926,9,-0.12853127927416308,-0.0883589831855202,2025.0,1.0,-1.0476569772685318,0.4910695346278935,jonathan taylor,-145.0,0.5918367346938775,-0.10076720006598405
00-0040666,Omarion Hampton,RB,LAC,LV,0.0,0.0,0.0,1.653163817611474,0.0,15.0,0.0,-0.3368507586400777,-0.3300074638160398,-0.9192014638748908,-0.38597628525234445,1.9788793888697005,1.1934058415222584,0.0,-0.9226104025193351,-4.0,0.761976488030672,13.0,2.0,3.128718639617955,-0.8108874057161387,1.6848054479345307,-3.7666804005241254,0.026220966504573708,48.0,-1.0277304802571594,-0.3271903945056945,0.0588235294117647,0.01369597288205726,0.44255367496101533,-0.6789531638581088,0.9219208273604723,-0.5649051817803509,0.6086868757148314,18,1.0503374928079559,-0.45280142731106665,2025.0,1.0,-1.0476569772685318,0.48996857160136537,omarion hampton,-135.0,0.574468085106383,-0.08449951350501766
00-0030279,Keenan Allen,WR,LAC,LV,1.0134996672545418,0.7558899449806258,1.342688620558782,0.0,-0.7449817357125419,5.8086552851259204e-05,1.0093415408462327,1.6929862895452539,1.6027287511219974,0.0,-0.031316602132524615,1.0062395265368482,0.0,1.1272586620318683,-0.2070541135593009,0.9949210582985226,1.511513903014768,1.0045082977327537,1.5058154477035939,1.9282605871582076e-06,1.0469124131605048,0.0,0.0,1.0505948547497088e-05,0.0002332775477703826,1.6080762177413692,1.5739562307776522,1.6416456521343972,0.01369597288205726,0.268101124340923,0.41568276454145103,-0.03832346132930554,0.07250375529578955,0.6057035912842055,18,0.0,1.0730132591996047,2025.0,1.0,1.328180322359465,0.489626884712612,keenan allen,195.0,0.3389830508474576,0.1506438338651544
00-0031381,Davante Adams,WR,LA,TEN,1.520208497935596,1.0854230122459654,1.5469332727881184,0.0,1.3629981478249957,3.383282383560939e-07,1.2573188695620674,2.5789092843327315,2.9471332843691234,0.0,2.360507176378654,1.3138148355306756,0.0,2.11225439681154,0.19372321751824936,1.3007425236923973,0.2874946250614149,1.679001143274834,1.5599333335128054,0.0,1.423895215709056,0.0,0.0,-5.671077491204011e-07,-1.2150675773824353e-07,1.4190811998551225,2.030784512031602,1.5549384947127387,0.1797937189108486,-1.0370916661052494,1.0552898096411443,0.42922667999581504,0.11316282191050671,0.2604163583180123,30,0.0,1.8821398479743177,2025.0,1.0,0.2713376216905684,0.48956834111332903,davante adams,145.0,0.40816326530612246,0.08140507580720657
00-0033293,Aaron Jones,RB,MIN,ATL,0.0,0.0,0.0,0.7929978083826961,0.0,11.88509514293142,0.0,0.09765625167572538,0.049922989371407246,-0.47168028700523357,0.5798759459318807,0.9906242494723201,-0.26442942130635244,0.0,-0.037693632348769365,6.720060786926053,1.6824140470457771,29.901294476801354,3.377229143384235,0.5687387083679663,0.8723929019901884,0.9696187122931128,-0.02538476427573681,-0.4014185256304709,47.91750926439806,0.8766932191839835,1.742460969025893,0.15,0.41544864227327927,0.542687684151771,-0.6103580855432127,1.3570812856920385,2.641615506418598,0.49218241389879896,1,-0.05347479794889944,3.163370529120182,2025.0,1.0,-1.0476569772685318,0.4875117596042791,aaron jones,150.0,0.4,0.0875117596042791
00-0037740,Garrett Wilson,WR,NYJ,BUF,1.6931472049497016,1.1201442358568043,2.327817763563854,0.0,0.5102795770400619,0.2064110773430471,2.0396405052078688,0.31027700921100543,0.27586224940696924,0.0,0.6313269978004827,1.5947428970747421,0.0,1.9150290842552709,0.40254974752357736,0.7542115922272434,1.0548529287858786,1.4671547284067747,1.6060400392943304,1.8592442431394106e-08,1.3299646656724087,0.0,0.0,-0.10417708033520374,0.00401151881472224,1.584231500818385,1.6838359438976305,3.0289601708808984,0.4934356054882013,-0.2241834588666987,0.9263675130401681,1.1552175462956036,0.11416938876997434,-0.6028017240974708,3,0.0,2.503451048447957,2025.0,1.0,-0.7855050789783283,0.4790017625701987,garrett wilson,205.0,0.32786885245901637,0.15113291011118235
00-0034960,Jakobi Meyers,WR,LV,LAC,0.9572946612384706,1.6434218672594907,1.1549980725467937,0.0,1.420871693249905,0.02286515286617125,1.7909819890671266,1.5980919283871535,1.7630619651036816,0.0013118475991136381,0.47267720461476337,1.3962640470371257,0.0,1.6145134078793213,-0.17169482523230994,1.7779175445935478,1.2193039884889982,2.0654865622634904,2.081258281651276,0.0002029979531822155,0.5591503912465942,0.0,0.0,0.034360650606554514,0.401271904275098,0.8091029609619695,1.6292161614950185,1.7336077887937245,0.320426504326425,0.5379950873625273,0.17258718809061602,-0.15398663965997433,0.1794531590390648,-0.19996661897024537,17,0.0,0.5712534721828503,2025.0,1.0,-0.7855050789783283,0.4751483899064476,jakobi meyers,175.0,0.36363636363636365,0.11151202627008394
00-0034857,Josh Allen,QB,BUF,NYJ,0.0,0.0,0.0,0.0,0.0,2.2112935276534023,0.0,0.0,0.0,2.6065971041023177,8.710875125128809e-11,0.5426080502971451,0.0,0.0,0.0,-1.5678311329135413e-11,7.195478670740671e-12,3.762794718992501e-11,3.135662265827083e-12,2.1543154235674047,3.217191361208312e-11,0.0,0.0,1.83571458948939,1.2167074165122391,3.1890369701550525,6.842069790794785e-14,0.0,0.2520126068643288,0.6905793882853771,0.6120001623258199,1.2809942195805868,0.2868257926037341,0.9823172384225424,24,1.704779736638849,0.0,2025.0,1.0,-0.5346699743522593,0.47257621805078537,josh allen,-125.0,0.5555555555555556,-0.08297933750477021
00-0039075,Puka Nacua,WR,LA,TEN,1.8318072398360437,0.5607711049290207,1.736361447926448,0.0,2.022744320513267,0.9655641509301957,2.2159346237486632,0.16589437836839752,0.0935405466014827,0.018594518860488234,0.1268464528606086,0.7878984817101149,0.0,1.66702122480221,2.7216022342939272,1.0517766034397236,2.8564548049221994,3.0577366873563303,3.2557952339424943,0.018863448115025487,1.5622123696831145,0.0,0.0,-0.09935663656140907,3.2501338249355323,-0.1406662481569126,2.7524762437599457,2.660454751838856,0.1797937189108486,-1.0370916661052494,1.0552898096411443,0.42922667999581504,0.11316282191050671,0.2604163583180123,30,0.0,2.0284846081429566,2025.0,1.0,-0.7855050789783283,0.4718804336959615,puka nacua,125.0,0.4444444444444444,0.02743598925151708
00-0039915,Ladd McConkey,WR,LAC,LV,1.6484675202286536,1.3648615160417399,2.164921098661211,0.0,0.4303119348335703,0.0,1.8893474218939559,0.5913058123255847,0.7346921848617287,0.0,0.19938674138065446,0.8417190757665267,0.0,1.2601382856785024,0.08013515198467168,1.3143275838934363,2.1052638124072325,2.0565288448176675,1.7417158771254002,0.0,-0.2209986734238316,0.0,0.0,0.0,0.0,0.19783841703336197,1.3260337427619169,1.3381706011585934,0.01369597288205726,0.268101124340923,0.41568276454145103,-0.03832346132930554,0.07250375529578955,0.6057035912842055,18,0.0,-0.02716077151159561,2025.0,1.0,-0.7855050789783283,0.47021066400259953,ladd mcconkey,150.0,0.4,0.07021066400259951
00-0039337,Malik Nabers,WR,NYG,DAL,1.7247395098424851,1.2969757321278408,1.5136422323287795,0.0,2.621977404622234,0.06986570517659291,1.3526851986841775,1.59093208447951,1.5824298129110521,0.0,1.6714583926281597,1.2152647535723444,0.0,3.344341431840883,-0.05560064481068474,1.6761862162260235,0.34279563970267946,2.0528457692178086,1.806255226834773,0.0032415674965521825,3.0801017875305083,0.0,0.0,-0.0228168235259822,0.10779842041256583,1.123544689332241,2.7769625236515276,2.476202042317835,1.0990607488613864,-0.3741589417175053,0.5225983861961978,0.41055056573862686,0.05570249285921378,-0.660349596258503,8,0.0,3.602623150751871,2025.0,1.0,-0.7855050789783283,0.4564134638333207,malik nabers,130.0,0.43478260869565216,0.021630855137668548
00-0036389,Jalen Hurts,QB,PHI,KC,0.0,0.0,0.0,0.0,0.0,2.7195544190847687,0.0,1.4518125208623774e-11,3.4843500500697145e-10,2.215334462659853,1.7421750250348572e-10,0.09116268979854177,0.0,0.0,0.0,1.0084296267745945e-09,-9.781525348323048e-10,1.8437694123159503e-11,6.145898041053163e-12,1.5889946391876966,8.710875125174286e-11,0.0,0.0,1.5581251767444757,2.0399185930069397,2.849016082553008,2.410748684285676e-11,0.0,-0.1519343827182773,0.15688783798774497,0.4105234793758919,1.977903317213997,0.0006975286717756033,0.35684641819835894,15,0.6935711510537917,0.0,2025.0,1.0,-0.5346699743522593,0.44687653214033474,jalen hurts,-110.0,0.5238095238095238,-0.0769329916691891
00-0033906,Alvin Kamara,RB,NO,SF,0.0,0.0,0.0,0.9419012446022564,0.0,13.376796052947714,0.0,-0.3368418718386553,-0.3299982685591036,1.1201893154859233,-0.3854822260444919,1.5093063956580022,1.0573271805391904,0.0,0.07996133097241215,8.56407149639262,-0.5005222751256833,31.31062645898816,3.8419547884018064,0.851089048106835,-0.4033226755038217,0.8766074938977362,-0.1154301433995553,-1.254790378810384,51.895160567431994,1.0019675505870567,1.9143556407732998,0.0487804878048781,0.0687549655940788,0.3835530124170316,1.25840986744249,1.2494945090869056,-0.8556500820333379,-0.7893666660775573,28,1.7218323392962793,-0.43318242595959294,2025.0,1.0,-1.0476569772685318,0.44313581485260195,alvin kamara,100.0,0.5,-0.05686418514739805
00-0039901,Keon Coleman,WR,BUF,NYJ,0.27322456517204263,1.615118647567108,0.5725636626021673,0.0,0.2838060707254755,0.20593489732939074,0.418787473404624,1.9926265216526686,2.1731746502349045,0.0,1.4228846103675368,1.0718424617848166,0.0,1.8781193831500849,-0.4527223150010436,2.1380600760042987,0.6932515411497869,1.0048856766130196,0.5447846891497914,0.0,0.9244563861848784,0.0,0.0,0.16102069027957466,1.8534140759645166,1.4171768383130428,1.4250650576236623,1.1291100104863747,0.2607154342727115,1.1626070675597837,0.6120001623258199,0.7918699085438146,0.2868257926037341,1.008538696411431,24,0.0,1.653848228830624,2025.0,1.0,-0.7855050789783283,0.4402278579151528,keon coleman,230.0,0.30303030303030304,0.13719755488484975
00-0035710,Daniel Jones,QB,IND,DEN,0.0,0.0,0.0,0.0,0.0,1.302353930993501,0.0,0.0,0.0,2.9897559099639968,0.0,0.6174332041130133,0.0,0.0,1.3783873651334477e-06,1.455921600184897e-05,1.0985317437587696e-06,1.791903507919875e-05,1.119939692449922e-06,1.2852867684589158,0.0,0.0,0.0,1.7458094940176727,0.8041026112901754,2.4141494260664005,9.897922865710611e-08,0.0,0.06356821573194059,0.1318181880266351,0.24612469288376718,0.65267643344506,0.21561467293103723,-0.5529293203095443,9,0.833986962836701,0.0,2025.0,1.0,-0.5346699743522593,0.4328256421889655,daniel jones,205.0,0.32786885245901637,0.10495678972994915
00-0033280,Christian McCaffrey,RB,SF,NO,0.0,0.0,0.0,1.1113228945770959,0.0,15.174819496180971,0.0,0.7223252400080478,0.5102918686258167,0.3085861410851749,0.5645581276682785,1.487500195004483,0.7885063185789593,0.0,0.4328788147066938,13.43240292659494,0.05442273166367743,43.34637659561542,5.084542218131145,1.5582637267539887,4.328445950444501,0.5282687329410687,-0.6173197060244769,-0.4879676439122352,63.632429979349226,-0.6033862131327741,3.3142462530921963,0.294117647058824,0.0010079464191690844,0.21012726124712083,0.09348277807829192,1.2111524529917945,0.5554716485386004,0.2591734902667342,22,1.2496428844766017,4.14964271525686,2025.0,1.0,-1.0476569772685318,0.4326264056489496,christian mccaffrey,-180.0,0.6428571428571429,-0.2102307372081933
00-0036900,Ja'Marr Chase,WR,CIN,JAX,1.2260074890997548,1.5973988107335635,1.073115316771536,0.0,3.004347499217174,0.16437377846898796,1.4553359350477517,2.0724382505361922,2.7741414891643803,0.0,0.6272232351701758,1.4615049290680346,0.0,2.389454760638138,-0.1783415720035182,1.6907485408182863,0.8151587921261664,1.9539269553755205,2.209686257293926,2.5524518224793426e-08,0.9473013993378203,0.0,0.0,0.09672464230398858,1.5499668891449885,1.3055929749521977,2.0277870503738518,0.8499716061105725,0.01539195920881597,-0.4737052318636237,0.6551661597560544,-0.8845364355314341,0.31172083281901036,0.8934429520893665,14,0.0,0.27836150206199867,2025.0,1.0,-0.7855050789783283,0.4296680554746387,jamarr chase,-130.0,0.5652173913043478,-0.13554933582970907
00-0039065,Sam LaPorta,TE,DET,CHI,1.4788095489889026,0.545899706382241,1.958411119626,0.0,1.4001846079559517,0.00024392026189754484,1.8328567557257314,0.6722129771951659,0.644324268154467,0.0,-0.41337302858484976,1.4400035078510627,0.0,1.0561995578136523,0.42619241555504117,0.2310914799278249,0.9040468877707305,1.2345725381109247,1.5122883299083036,0.0,1.1228304473556487,0.0,0.0,3.248770116832276e-05,0.0009756810475901794,0.6123228615232315,0.9849483828021792,1.0506679212867882,0.3055564827482153,-0.6735135281488507,0.8996269535308904,-0.35972195029471044,0.2865915302846011,0.8358950799283343,5,0.0,-0.41623001112947006,2025.0,1.0,-0.7855050789783283,0.42899976294311243,sam laporta,190.0,0.3448275862068966,0.08417217673621585
00-0035719,Deebo Samuel Sr.,WR,WAS,GB,1.6577523974065058,-0.07666050717029116,1.1752064296396065,0.0,0.8641405522696097,2.458226458641929,0.7995188757790345,-0.8766014681682877,-0.8929794634411354,0.0029773570948128858,-0.07199527464435836,0.8916057564584733,0.0,0.08909235815035207,0.4427854184701431,-0.12008212977916478,0.49597498888244956,0.5474618492823955,0.8118116417536025,0.10657706385716191,-0.2250965973186975,0.0,0.0,0.366482166983732,14.474001033059649,2.1537205111383146,0.5542175702784246,2.1648784986443927,0.00988249693290696,-1.1749845122918892,0.40477829806766363,0.06978368377882008,0.23802384129491655,0.03022486967388346,11,0.0,0.008165681950541587,2025.0,1.0,0.2713376216905684,0.42875214454183125,deebo samuel,165.0,0.37735849056603776,0.051393653975793485
00-0038544,Quentin Johnston,WR,LAC,LV,1.5007463664402894,1.5695147127371132,1.6584640304887142,0.0,0.9173559555826398,0.02401764171704132,1.5138974251756692,2.089454167524859,2.098245526615011,0.0,2.255218670809763,0.7065891368861138,0.0,1.3992372915227758,-0.20888480966993753,1.4032023791260513,2.2419971630065976,1.8268938968964068,1.7207247469527611,0.0,1.9895070543217377,0.0,0.0,-0.007397765394117762,0.048581697069616236,1.267756231619959,1.3273877038440665,0.7312204992069957,0.01369597288205726,0.268101124340923,0.41568276454145103,-0.03832346132930554,0.07250375529578955,0.6057035912842055,18,0.0,1.8909082651394808,2025.0,1.0,0.2713376216905684,0.4274524150011777,quentin johnston,250.0,0.2857142857142857,0.141738129286892
00-0036973,Travis Etienne,RB,JAX,CIN,0.0,0.0,0.0,1.0176921611862146,0.0,12.959939806366783,0.0,-0.2786552704027565,-0.26822710425516894,-0.18023758093338935,-0.38597621937907045,0.7444630458507828,0.7331163275037544,0.0,-0.25269743719930216,-5.8390685235013535,0.5976070106627751,20.384996774714896,2.6653601892940686,0.311310301081223,0.42438997422074054,0.7799278724790918,1.6149638568348321,-0.7063568848842795,67.24793097839513,-1.0038198757166565,0.6386103230106005,0.103448275862069,0.0316753864286811,0.3948760311448736,0.5462244708480528,1.0150011204882208,-0.5527714854170231,0.200921259358718,6,0.5740428248532234,-0.16866353286838046,2025.0,1.0,-1.0476569772685318,0.4254844126693772,travis etienne,110.0,0.47619047619047616,-0.050706063521098965
00-0038543,Jaxon Smith-Njigba,WR,SEA,PIT,1.7310396250303366,0.8489081978122799,2.2808271661308814,0.0,-0.4639688813091205,0.4186381601428867,1.746535914760536,-0.48158019355218973,-0.49843650785859994,0.0,0.18684565009059165,1.2207024690522668,0.0,2.6447383918304985,-0.24274931553448612,1.5407596001646715,0.6179413742312327,1.6072419252179901,1.9567185279208021,0.0,0.6055533394169065,0.0,0.0,-0.10263240330132,1.8940638246558734,0.041736453600720896,2.717035435062787,4.703984802890166,0.6729064925588149,0.18385712675102558,0.6098905230063066,0.6850430458634245,0.00404824710031119,-0.8329932127415997,26,0.0,1.1948138696551012,2025.0,1.0,-0.7855050789783283,0.42493675114618024,jaxon smithnjigba,165.0,0.37735849056603776,0.04757826058014247
00-0039849,Marvin Harrison Jr.,WR,ARI,CAR,0.9884231759087576,2.1925962109126576,1.2023273399717442,0.0,-0.37549262266431344,0.0,1.682028038229094,2.777728896259456,2.796619655445065,0.0,0.5859035380387305,1.027933392768834,0.0,2.669067715126433,-0.3290406949944324,1.619825221610333,1.2871260263854738,1.193039608290641,0.9777711005617536,0.0,1.2697955246012869,0.0,0.0,0.0,0.0,1.743125216660367,1.6174683348246774,0.7416851561372014,0.4047746559437065,0.7950087724189823,0.6147391968722338,0.9673598103874828,0.11686833694898953,0.72079933560627,4,0.0,2.2401219624414166,2025.0,1.0,-0.7855050789783283,0.42458541909321973,marvin harrison,135.0,0.425531914893617,-0.0009464958003972956
00-0037238,Drake London,WR,ATL,MIN,0.461275511749124,1.2944921424376323,0.6947712758250324,0.0,0.7969292331002354,0.03794580380423585,0.9948493698017613,3.63502403833084,4.091595881631607,0.0,3.241510635757893,1.3693515712011697,0.0,2.0568369326722884,-0.30713635825376234,2.9723232767384635,0.5109541658172435,2.377167235134851,2.343095982650442,0.0,2.924272910698548,0.0,0.0,-0.08992161708436716,-0.11383741141270756,0.5529038820740932,2.582771597034695,2.2919493327968135,0.3000481741629133,-0.9357665847627264,1.0512314081821592,-0.14680841133219555,0.2129980550560807,-0.5452538519364386,20,0.0,2.5239084212930893,2025.0,1.0,-0.7855050789783283,0.42291619867046165,drake london,160.0,0.38461538461538464,0.038300814055077015
00-0036275,D'Andre Swift,RB,CHI,DET,0.0,0.0,0.0,1.4789053224228943,0.0,15.617476069999839,0.0,-0.33683692995680364,-0.32999121035211726,0.8359890470368891,-0.3703505817668841,1.7046325630810608,0.6809641882323915,0.0,-0.5494895261749518,1.1676158137275596,-1.5727744345827535,15.294364926281373,2.2062120759529513,1.2642344398870247,-0.8047050109650209,0.6265772253601795,-2.2912508031702026,-1.7378453158528762,53.20786063987862,-0.07839717082299147,1.2780810916693217,0.147058823529412,0.4492361330256993,0.4458114954562155,-0.12246341542305782,0.9034941704066157,0.1903851521407871,-0.4398532806294602,10,0.7938617399772926,-0.4486203088965958,2025.0,1.0,-1.0476569772685318,0.42081513245701296,dandre swift,145.0,0.40816326530612246,0.012651867150890506
00-0039893,Brian Thomas Jr.,WR,JAX,CIN,1.4013100967912475,1.6959930232012836,1.4321054901978174,0.0,0.36074111211879284,0.5144239932367929,0.9135486481300149,0.34690952024971533,0.2467167666412339,0.0,0.16279379457608137,1.1883761547766323,0.0,2.9185906097817145,-0.388681380641818,2.2590585835637778,0.4330959810440219,1.534483370564805,1.3607327153739948,0.031820573827459515,0.9284690575434728,0.0,0.0,1.000925476515909,5.782237805391472,2.258648998593684,2.625609196734714,1.0974834917640017,0.0316753864286811,0.09615146968379933,0.8919250545027676,0.1768822428380849,0.07487562553799428,0.20286848615698008,6,0.0,1.1487009293565993,2025.0,1.0,-0.7855050789783283,0.4174992995088198,brian thomas,145.0,0.40816326530612246,0.009336034202697352
00-0040122,Ashton Jeanty,RB,LV,LAC,0.0,0.0,0.0,1.8508216882115152,0.0,19.0,0.0,-0.3368507586400777,-0.3300074638160398,3.746705800873964,-0.38597628525234445,2.262783063208621,1.3013421381983736,0.0,-0.1795945476009364,-4.0,-1.2829077510550122,2.0,2.0,3.128718639617955,-0.8108874057161387,0.8649784151031524,-2.5034262315114555,-3.9550424847377195,38.0,2.8892347689324556,-0.28905929160566496,0.0606060606060606,0.320426504326425,0.517388999653759,-1.3043391693465272,0.8718944463927459,-0.017787734894388365,-0.2068443569973954,17,-0.09975782646372336,-0.45280142731106665,2025.0,1.0,-1.0476569772685318,0.4078397440735922,ashton jeanty,-125.0,0.5555555555555556,-0.1477158114819634
00-0034348,Courtland Sutton,WR,DEN,IND,0.10265595378545964,2.2649284980722277,0.8117923122876926,0.0,0.04989266039503419,5.4205370166598914e-08,1.6302798901989024,2.8658219902652053,2.720256093742184,0.0,-0.35755112971329867,1.1873470504523211,0.0,3.3896208088485458,-0.37727476012601074,2.1208282966465615,1.2567486523690319,1.444641947468031,1.3914707772012955,0.0,2.845901618742813,0.0,0.0,9.26232959379992e-09,2.710268508329945e-07,2.754429148744777,2.209705035218806,1.1167158342303083,0.1707737633777302,-0.39362055181025796,0.6504177096192277,0.42724671323960484,0.3136954188287896,0.03022486967388346,13,0.0,3.3834888179135474,2025.0,1.0,-0.7855050789783283,0.4056467611814821,courtland sutton,150.0,0.4,0.005646761181482052
00-0039384,Tyrone Tracy Jr.,RB,NYG,DAL,0.0,0.0,0.0,1.2076109193720066,0.0,12.549919512352117,0.0,0.6129812781678139,0.7148684928262979,-0.2903838753162753,1.3596577697199839,1.3861530749825801,0.3204305907546221,0.0,-1.6229587227114095,1.4126555652475896,-1.5755123986448394,16.003725261281655,2.3325258180465838,0.11756861213987317,-0.17349205065115442,0.7866279442499321,-0.9162628136322091,-2.0895431570201963,42.62394271315965,-0.12679194709687144,1.1028250025523132,0.15625,1.0990607488613864,0.26446988219082257,-0.40390277204443464,1.1160668244592196,-0.650854831680464,-0.672862204261525,8,-0.1530374004510089,-0.3437308200015167,2025.0,1.0,-1.0476569772685318,0.4042542597674747,tyrone tracy,130.0,0.43478260869565216,-0.030528348928177462
00-0035662,Marquise Brown,WR,KC,PHI,1.9566406360635389,0.8931259851127082,1.4185393842855076,0.0,-2.0061537996377075,0.05563053447686153,0.9570151071747839,-0.49276207046141035,-0.44202462716256447,0.0,-0.22700772920496332,0.45942565298823457,0.0,1.4959621224180597,-0.3914307009593433,1.2327892677378656,-0.029830196940609403,0.9277543893388059,1.4052638172369252,0.0,0.8284259501211227,0.0,0.0,-0.06640873268614776,-0.2648102129126612,-0.7570409577751295,1.543551581199735,2.951380082661514,0.022508549051636805,-0.5240711068224438,0.6833722184349974,0.018051586350960602,0.0009573318179038651,0.03022486967388346,25,0.0,0.9278849507698865,2025.0,1.0,0.2713376216905684,0.3948340122694873,marquise brown,170.0,0.37037037037037035,0.024463641899116928
00-0036139,Rico Dowdle,RB,CAR,ARI,0.0,0.0,0.0,0.7533881288787916,0.0,14.936346893502579,0.0,1.9137396311286745,1.8692128156131296,-0.18883935716019548,0.5273166017306904,0.9498162244962155,0.41421291269093924,0.0,-0.4453190677140012,-3.680486808237148,-1.593649370377152,9.423954151882423,1.8858716700583182,0.34401156835437724,0.1420138279121557,0.7417156536269205,-0.17101172969154008,-0.7463577114984018,63.34945209119488,-0.004765035251168125,-0.05864505349580719,0.0882352941176471,0.3874449549143641,0.04345606300835222,0.2522694967154261,0.5977972001182874,0.3567517516268366,-0.7893666660775573,0,0.4107404040750149,0.28684005881303926,2025.0,1.0,-0.059268924376765696,0.3941750451581054,rico dowdle,550.0,0.15384615384615385,0.24032889131195156
00-0034837,Calvin Ridley,WR,TEN,LA,1.323890303608872,2.4941639229692973,1.711063275142836,0.0,1.1278609960058874,0.6436901792424123,1.3649465971651973,-0.68469616473704,-0.7165028380452795,0.0,-0.44151104185541207,1.0275760806716805,0.0,1.7845755794914593,-0.4133429607005755,1.5551616166669937,0.6308985342247772,1.0070536214942731,0.5933847072083956,0.0006510888087704562,-0.3698016700969435,0.0,0.0,-0.24967657190402376,1.9116704263252116,-0.34469459609391523,1.4360256259942084,1.9087036969930942,0.16017826304580493,0.728654713071571,0.09401781950329521,-0.3927799327222781,0.05324944836641776,-1.0056368292246962,16,0.0,-0.26288329145834277,2025.0,1.0,-0.7855050789783283,0.38137079891698494,calvin ridley,230.0,0.30303030303030304,0.0783404958866819
00-0040128,Tyler Warren,TE,IND,DEN,1.8400932585580194,0.413370831663222,1.5703727259406655,0.0,0.9330276056021577,1.0,2.116485664915044,2.388882143195686,1.8968747786039801,0.0,-0.6856917621513873,0.6520059074624902,0.0,1.134771281765237,0.5217291624814973,0.18764721658939013,0.109527171164298,1.7107530213957471,2.2556574450307876,0.0,3.8027566249516584,0.0,0.0,0.476472890004516,3.0,-0.9115866676019854,1.6250670403408847,1.8090801630175921,0.22119294912017282,-0.8525679228570484,0.24612469288376718,-0.6608282627072356,0.21561467293103723,-0.5452538519364386,9,0.0,-0.1880120144229156,2025.0,1.0,-0.7855050789783283,0.38007517119305506,tyler warren,235.0,0.29850746268656714,0.08156770850648792
00-0038134,Kenneth Walker III,RB,SEA,PIT,0.0,0.0,0.0,1.1454517375049673,0.0,12.427348463679712,0.0,-0.3368507586400777,-0.3300074638160398,0.99538921696097,-0.38597628525234445,0.8447468459241575,0.5929968359119417,0.0,-0.5983115052057055,-10.61196697874602,-0.6608800297179311,17.533114161519144,4.05055000268061,0.7344462470275382,0.2365583243874056,0.6392790731857896,-1.8216773323071491,-1.2903444277131881,37.67143914103892,-0.46234550717582,1.0309349181012675,0.136363636363636,0.6729064925588149,0.4191947719219354,-0.17933562217174523,1.2347897022297165,-0.9151007093692195,-0.8476188969855736,26,0.3830915074396564,-0.43977507711055613,2025.0,1.0,-1.0476569772685318,0.3797212112737082,kenneth walker,175.0,0.36363636363636365,0.01608484763734458
00-0034796,Lamar Jackson,QB,BAL,CLE,0.0,0.0,0.0,0.0,0.0,1.423316231891848,0.0,0.0,0.0,-0.7001890072501169,0.0,-0.14853869928023955,0.0,0.0,0.0,0.0,0.0,0.0,0.0,1.1836089367519533,0.0,0.0,0.0,3.290376152392554,3.0492772231798706,1.664309886496317,0.0,0.0,-0.018434814055617078,0.7933440799528539,0.9036633454839689,0.820015937588493,0.0015008883795919214,1.38034412401975,7,0.6681233151622252,0.0,2025.0,1.0,-0.5346699743522593,0.3795939009323841,lamar jackson,180.0,0.35714285714285715,0.022451043789526948
00-0036963,Amon-Ra St. Brown,WR,DET,CHI,0.9587886122514706,1.1197121120043785,1.7464543784741096,0.0,-0.5738118678071032,0.07306652219864068,2.0614588520805217,1.3048329295902203,1.4343084812739322,4.858824931256641e-08,0.4175684973067818,1.2165670336526637,0.0,1.8481997682163807,0.04900935487210061,0.6830275857381176,2.283198730655587,1.5334398231261739,1.8865951866854365,0.004833960162737454,1.9091596115457807,0.0,0.0,0.008257235423774654,0.45952114162043134,0.9214084884472579,1.3106828098827585,0.23607699498332876,0.3055564827482153,-0.6735135281488507,0.8996269535308904,-0.35972195029471044,0.2865915302846011,0.8358950799283343,5,0.0,1.426357623702471,2025.0,1.0,-0.7855050789783283,0.3774380276650266,amonra st brown,130.0,0.43478260869565216,-0.05734458103062556
00-0040162,Dylan Sampson,RB,CLE,BAL,0.0,0.0,0.0,2.0837427647850713,0.0,12.0,0.0,-0.3368507586400777,-0.3300074638160398,-0.9192014638748908,-0.38597628525234445,0.22814006377968768,-0.8573837953239367,0.0,-0.7361809698307187,-25.0,5.489276079490632,64.0,8.0,0.22487109324339902,4.099711556585397,1.2376270663901423,-2.1501326989762424,-1.2163910250171868,29.0,-1.0277304802571594,1.537115482766361,0.19047619047619,0.6643675657351072,0.6766129411731504,-0.5044594638411883,0.581792831983949,-0.30960807643569593,-1.255384513341687,2,-0.15377188817983975,1.393790811397344,2025.0,1.0,-1.0476569772685318,0.37691834984955247,dylan sampson,205.0,0.32786885245901637,0.0490494973905361
00-0039165,Zach Charbonnet,RB,SEA,PIT,0.0,0.0,0.0,0.985606261232077,0.0,10.948065433655923,0.0,-0.3368507586400777,-0.3300074638160398,2.0200626070762464,-0.38597628525234445,1.0736850528261794,0.5027653068660523,0.0,-0.10291379947051306,-2.745795854393392,-0.22146884196319547,9.68140852736795,1.3188475349301572,0.8944399200565359,-0.7623239598323028,1.147213529415003,0.12574240783287424,0.16459280120992448,47.23561025909211,0.7946395932691875,-0.5366828567155536,0.0,0.6729064925588149,0.4191947719219354,-0.17933562217174523,1.2347897022297165,-0.9151007093692195,-0.8476188969855736,26,0.4890769940639727,-0.4521974776888138,2025.0,1.0,-0.059268924376765696,0.3757039176467145,zach charbonnet,195.0,0.3389830508474576,0.0367208667992569
00-0039338,Brock Bowers,TE,LV,LAC,2.5001902832940117,1.1186161598512072,1.51014264940466,0.0,1.31451944511246,0.25938146839961207,1.634675296748874,0.27655502586366404,0.3673357118321402,0.0,-0.5197885146216061,0.9441786506997643,0.0,0.9484318756204141,0.15269131339650113,0.9400193964573554,0.296312828507432,1.7996485689076107,1.630662405236762,0.0,0.17849565113186433,0.0,0.0,-0.12693512595730097,0.06241193142356877,0.4038159831147175,1.1738638081646222,1.1082652595102593,0.320426504326425,0.5379950873625273,0.17258718809061602,-0.15398663965997433,0.1794531590390648,-0.19996661897024537,17,0.0,-0.1705740055342389,2025.0,1.0,-0.7855050789783283,0.37260915631153896,brock bowers,160.0,0.38461538461538464,-0.012006228303845679
00-0036252,Michael Pittman,WR,IND,DEN,1.0468997908621354,0.9393716025488538,1.4211539512306661,0.0,0.12995593740896902,7.459400164382083e-06,1.507849210135112,-0.01879767935403904,0.1088420486178681,0.0,0.6202959509644137,1.2875785806610998,0.0,0.8768081209532699,-0.05056750566146084,1.089152379135035,1.3493936734624599,1.436038319805328,1.5598335688893965,4.311371620495548e-10,0.22110711333385227,0.0,0.0,1.1173638317518125e-06,4.724148555824169e-05,1.1779770748560758,1.4011032583918126,1.453281827390792,0.22119294912017282,-0.8525679228570484,0.24612469288376718,-0.6608282627072356,0.21561467293103723,-0.5452538519364386,9,0.0,0.019491533118657797,2025.0,1.0,-0.7855050789783283,0.37225245726690837,michael pittman,245.0,0.2898550724637681,0.08239738480314024
00-0037228,Jaylen Warren,RB,PIT,SEA,0.0,0.0,0.0,0.5415371878982569,0.0,9.062332224823487,0.0,-0.21164087714825416,-0.23111801621982725,0.9218364086202403,1.9959209176632415,0.4487434329326741,-0.2685044849410959,0.0,1.5479466859545665,0.0662734724607363,0.7002534837331508,22.36494599207618,2.420557191833293,1.1519824499234974,1.3656069147117935,0.7639175388665633,-0.20782787313402154,-0.11312943919604439,38.0112835933926,0.20220752761256505,0.7356289156354254,0.0689655172413793,0.020802770482795295,0.7968017619632698,-1.4437968070860532,0.8396172336508811,-0.46945503799542787,-0.14859212608937922,27,-0.6103856757929212,0.15673031375109334,2025.0,1.0,-1.0476569772685318,0.36861431127006566,jaylen warren,120.0,0.45454545454545453,-0.08593114327538887
00-0034351,Dallas Goedert,TE,PHI,KC,1.1083933997347857,0.09973646691086414,1.2469906153814647,0.0,-0.9780235923296658,0.0025712212958230517,1.5488670918105867,0.8028371581080187,0.1360008093697284,0.0,0.24575176734351842,0.26106144041807794,0.0,0.6202266999765982,0.13412840953624153,-0.2163195825781331,0.6979466196881527,0.3960405752635335,1.0226175769843386,0.00023374738819189448,1.1263858875139428,0.0,0.0,-0.0011816256487520388,0.0025712212958230517,0.05325471920211947,0.9928380367749273,2.2182482489884072,0.17599553997256578,-0.7621541081599309,0.4105234793758919,2.4031541885687995,0.0006975286717756033,0.37551210264007673,15,0.0,-0.46732413821437296,2025.0,1.0,-0.7855050789783283,0.3627382894773587,dallas goedert,330.0,0.23255813953488372,0.13018014994247498
00-0036550,Rashod Bateman,WR,BAL,CLE,0.22448652071613237,0.3926577366843468,0.32933625195199195,0.0,0.22404424327147712,6.34937657125606e-05,-0.18665607270119855,1.0498269731447554,0.6134754812155585,0.0,-0.4513073035499527,0.4832031644162342,0.0,0.17916970173975608,-0.3901476711556797,0.43629515767531546,0.23571751314840825,0.08261988884407173,-0.11194597817802,0.0,0.16856958802159244,0.0,0.0,0.0001600835665797568,0.0011428877828260913,1.3498860691006656,0.6890427704537522,0.779137612518972,0.2039944349708976,1.5332284286176041,0.9036633454839689,-0.2739320184637409,0.0015008883795919214,1.4113738015386563,7,0.0,0.1883726242326994,2025.0,1.0,0.2713376216905684,0.3601700272132489,rashod bateman,210.0,0.3225806451612903,0.03758938205195861
00-0031408,Mike Evans,WR,TB,HOU,0.38999696396377664,1.9897433147340498,0.8484321099671338,0.0,-0.15936692031467328,5.142165671144639e-09,1.7082112544068477,2.064184470173083,1.9878649080172655,0.0,0.15869219393913506,0.8237344036886883,0.0,2.3365716344280054,-0.3508713629589138,2.2968951793328194,1.4070990751046528,1.8265782263657875,1.9790554096296216,0.0,0.6445547966598372,0.0,0.0,3.2784223391595233e-09,5.1421656711446397e-08,0.4985550205645612,2.159651548877307,1.3584022712236516,0.2513759927260177,1.280640348193361,0.6101352841003179,-0.8221508444475203,0.009079454985036099,-0.5452538519364386,12,0.0,0.16447989086991163,2025.0,1.0,-0.7855050789783283,0.35743864399885344,mike evans,140.0,0.4166666666666667,-0.05922802266781324
00-0039146,Jayden Reed,WR,GB,WAS,0.3531632848209567,0.04862398265228742,0.9910045607708925,0.0,0.48411445317497365,1.0373246285867685,0.06727405944772438,0.5775166039388896,0.05174557174273023,0.00024392026189754484,1.2821459662960604,-0.006405122340135841,0.0,-0.14231606462965515,0.8264045432138175,0.30442529993521017,0.3581550956498668,0.23242937495488358,-0.15312192095832933,0.08092598928484658,1.1647512194458935,0.0,0.0,-1.7756638252291121,4.121135833991584,0.7496255552125443,0.3781340781035258,0.9519296271893958,0.040939318976922434,-0.19601484029194813,0.8228718713535192,-1.4599638534458836,0.07476300472024246,0.8358950799283343,31,0.0,-0.1403906409402601,2025.0,1.0,-0.7855050789783283,0.35685267223699274,jayden reed,200.0,0.3333333333333333,0.023519338903659426
00-0035261,Tony Pollard,RB,TEN,LA,0.0,0.0,0.0,1.0436513084469203,0.0,16.864021764052794,0.0,-0.33506873726742387,-0.3280315373103735,-0.1594257112677583,-0.3859762825412192,1.4720089957106437,0.5825675282808778,0.0,-2.272511070304667,-1.0932081462141356,0.0883254616221435,14.359314616626724,1.319922201801186,1.4157738854092177,-0.6445655278207314,0.7444369492870142,-0.9207593565791975,-2.647766306906373,59.16208704839519,-0.42705577006906226,-0.21527630881537607,0.04,0.16017826304580493,0.5702544836979172,-1.5064661857733743,0.7686121017115329,-0.6634037884116101,-1.0223755897096223,16,-0.6463951115121009,-0.4255939235211603,2025.0,1.0,-1.0476569772685318,0.35322780896027106,tony pollard,-135.0,0.574468085106383,-0.22124027614611197
00-0036410,Tee Higgins,WR,CIN,JAX,-0.27169933312610856,0.8714970207834228,0.29833906433563223,0.0,0.21375169624290571,1.2142256090021982e-09,1.0561894388465085,1.4991102099606883,2.0304506075152453,0.0,0.6659416749858686,0.7688013006562846,0.0,0.9758672512182209,-0.1806677489205217,0.9604727151390261,1.9315140993466364,1.2538860276596464,1.3860812514863492,0.0,0.5806703348117291,0.0,0.0,1.140628402406217e-10,5.367437358020237e-09,1.0803967714763385,1.0948198706435435,0.4013563133637441,0.01539195920881597,-0.4737052318636237,0.6551661597560544,-0.8845364355314341,0.31172083281901036,0.8934429520893665,14,0.0,0.08653019572541606,2025.0,1.0,0.2713376216905684,0.3513197585801145,tee higgins,130.0,0.43478260869565216,-0.08346285011553767
00-0040124,Tetairoa McMillan,WR,CAR,ARI,0.4653219368928941,2.8151833895552985,0.9400268943666245,0.0,-0.2062717594300006,0.0,1.2078363297197117,-0.9329390563681516,-0.9399691508932457,0.0,-0.6856917621513873,1.0516912672523966,0.0,2.8487900062100437,-0.4020045343830335,1.9901971955237814,0.39327881200733655,1.3877665660279128,1.1802049217834993,0.0,-1.1086117928300876,0.0,0.0,0.0,0.0,-0.9115866676019854,1.7978650165755021,1.3381706011585934,0.3874449549143641,-1.1712463571407348,0.7776609787795629,-0.7877114477015661,0.2526673747248363,-0.7754453405805675,0,0.0,-0.7973479822883568,2025.0,1.0,-0.7855050789783283,0.3498799867806727,tetairoa mcmillan,165.0,0.37735849056603776,-0.027478503785365038
00-0035685,David Montgomery,RB,DET,CHI,0.0,0.0,0.0,0.7425050865168231,0.0,11.486765289115857,0.0,-0.3368507586400777,-0.3300074638160398,0.2107007742975521,-0.38597606973946935,0.038511789309119075,0.6733278777509879,0.0,0.22831956471723733,-2.076650172946427,1.2491140177903672,26.466149884350962,3.6178288474964626,0.42666663646406244,-0.10102986735975454,0.39914692178363403,-0.6971456022810895,-0.9484434543919066,37.897310236150716,0.39752540019584015,0.5349507739037702,0.105263157894737,0.3055564827482153,0.18146581117327829,0.5660383232356424,0.7829102668390547,0.5302964066505705,0.8416957993468962,5,0.6996305375672722,0.17216797521971985,2025.0,1.0,-0.059268924376765696,0.3494800555826719,david montgomery,-105.0,0.5121951219512195,-0.1627150663685476
00-0036040,Juwan Johnson,TE,NO,SF,1.5087594319024582,0.4869578486304877,1.1856640323144862,0.0,-0.6064858543676543,0.0,1.177508802078856,-0.23506666486151573,-0.04496971133191237,0.0,-0.10610395698410471,0.965344410728798,0.0,0.577167317850699,-0.06788540028157898,0.6599791530724343,0.8230257044904141,1.0015937032729414,1.3963310589322988,0.0,0.8331460005765521,0.0,0.0,0.0,0.0,-0.5150326256638184,0.6797118994161412,1.3751797537166166,0.0687549655940788,0.05531494748826672,1.168760669635824,0.7190412017351904,0.015669534598864422,-0.7754453405805675,28,0.0,-0.0963780030886052,2025.0,1.0,-0.7855050789783283,0.34788874388875685,juwan johnson,310.0,0.24390243902439024,0.10398630486436661
00-0038996,Tucker Kraft,TE,GB,WAS,0.21819928162083907,-0.5946332693734946,-0.012680743192160141,0.0,-0.32337220640162545,0.4087389091446074,-0.2632702810030698,0.8847971064855057,0.23130710392283768,0.0,-0.12880750899831628,1.2395560017849903,0.0,-0.49684687579488823,1.0871353966285822,-0.22556137554090938,0.3796984777447854,0.12681687508697942,-0.03248147344120484,0.0,-0.12083732440141792,0.0,0.0,-0.0994890217886178,1.103215245003923,0.9212792130895557,0.30576153655677085,0.48292273022680465,0.040939318976922434,-0.19601484029194813,0.8228718713535192,-1.4599638534458836,0.07476300472024246,0.8358950799283343,31,0.0,-0.5055516757049534,2025.0,1.0,-0.7855050789783283,0.34187152970859663,tucker kraft,215.0,0.31746031746031744,0.02441121224827919
00-0039916,Ricky Pearsall,WR,SF,NO,0.6119966948447743,1.4497314137986688,0.13025771768127908,0.0,-0.03029454313033745,0.3131056690236114,0.8302694549722989,1.092736681516326,1.202445010376333,0.0,-0.2257861085566154,0.7840437478864943,0.0,1.250509551254117,-0.25660659289378895,1.538265435091195,0.8564850729842889,1.6620646038134628,0.8292082716181792,0.018682930811413215,0.4236931384043267,0.0,0.0,-0.06852318906239538,1.4497529445468342,0.8702187646754888,0.9188156121564415,0.7312204992069957,0.0010079464191690844,-0.5701458688497751,0.7159385408595069,0.6303926929702979,0.2915127352732966,0.2604163583180123,22,0.0,0.9493707429008122,2025.0,1.0,0.2713376216905684,0.3406490334169054,ricky pearsall,205.0,0.32786885245901637,0.01278018095788902
00-0035644,Noah Fant,TE,CIN,JAX,1.7164168158423898,-0.19583484081453179,2.2283074476829356,0.0,1.8409794474104906,0.0,1.4730390608697743,0.6141308576833838,0.2017917238290662,0.0,0.6313830630278122,0.08670313972362922,0.0,-0.17842666623935088,3.2214063212529735,-0.6738328768396361,-0.20825158388815093,0.1993978357132691,0.5882640766999041,0.0,0.36434641405706675,0.0,0.0,0.0,0.0,1.3938518631130996,0.21979513678005988,0.8499716061105725,0.01539195920881597,-0.4737052318636237,0.6551661597560544,-0.8845364355314341,0.31172083281901036,0.8934429520893665,14,0.0,-0.46896866337188603,2025.0,1.0,-0.7855050789783283,0.3398258926068942,noah fant,425.0,0.19047619047619047,0.14934970213070375
00-0039919,Rome Odunze,WR,CHI,DET,0.4582234695173315,0.75907614908991,0.7001270908614825,0.0,-0.2132363726350507,0.015984895076835617,0.4672762878647619,1.4614023877839122,1.3941632620650612,0.0,2.0397027817542073,1.2738045102122837,0.0,0.7056662849169948,-0.3521128778859662,0.671994799724259,-0.4245999024243696,0.0632196013891313,0.39463619939464434,0.0,1.2922253148176417,0.0,0.0,0.0070585492991265455,0.09561777204336,0.6956559719088254,0.9151428234852867,1.3381706011585934,0.4492361330256993,0.27985046982546047,0.6319974805689496,-0.08092669722332181,0.22014637083599872,-0.4301581076143742,10,0.0,1.244234889036247,2025.0,1.0,0.2713376216905684,0.3371064789648963,rome odunze,215.0,0.31746031746031744,0.019646161504578874
00-0035640,DK Metcalf,WR,PIT,SEA,1.1986469864778335,1.2915358096565797,0.5890435191326568,0.0,4.105284897048808,1.4110102601607807e-08,0.7491700130872588,0.41358298615103817,0.31096303973284184,0.0,-0.4610917984769639,1.3093603487173768,0.0,1.2158463192698983,0.3173010888518105,0.7551340092836515,1.102503579944462,1.0859407872630085,0.3983253886097132,0.0,-0.5553623032896796,0.0,0.0,3.1386727302681763e-09,8.466061560964685e-08,0.6398519299891173,1.1174756484080814,1.0974834917640017,0.020802770482795295,1.5456985756302772,0.11837821229128537,-0.22861296563361821,0.09116215491932625,-0.14241874680921315,27,0.0,-0.36014679796997967,2025.0,1.0,-0.7855050789783283,0.33618902794982,dk metcalf,155.0,0.39215686274509803,-0.05596783479527806
00-0040242,Jacory Croskey-Merritt,RB,WAS,GB,0.0,0.0,0.0,1.7115278754723575,0.0,10.0,0.0,-0.3368507586400777,-0.3300074638160398,-0.9192014638748908,-0.38597628525234445,-0.24503272678518048,0.16801102309916083,0.0,-0.04450075579759117,-5.0,-0.8367921483667858,0.0,0.0,0.22487109324339902,-0.8108874057161387,2.3555730202511125,8.332615159970047,2.582837685377089,82.0,2.8892347689324556,-0.871898810757454,0.0344827586206897,0.00988249693290696,0.042419559444668964,-0.7070059191965158,0.9686790896230817,0.2818403230152423,0.026164566634669394,11,-0.27793399651710454,-0.45280142731106665,2025.0,1.0,-0.059268924376765696,0.3324751003013273,jacory croskeymerritt,215.0,0.31746031746031744,0.015014782841009877
00-0037261,Khalil Shakir,WR,BUF,NYJ,2.5176184025009376,1.1292991592204313,2.3050710247692363,0.0,-0.053961953462629296,0.017336913142572435,1.3944979201178118,-0.06228486672294538,-0.12338637123099383,0.0,-0.3854945292359317,0.4033293670378988,0.0,0.6740814981249179,-0.009587216758319384,0.675338835102331,-0.18864734451541043,0.6057021010658038,1.0155150816219056,6.246898194248854e-05,0.08350221994674852,0.0,0.0,-0.008003223736950706,0.042170103743429624,-0.04499234020571769,0.8571813823090071,0.6705254890118413,0.2607154342727115,1.1626070675597837,0.6120001623258199,0.7918699085438146,0.2868257926037341,1.008538696411431,24,0.0,0.6399404379928572,2025.0,1.0,0.2713376216905684,0.33039957857272295,khalil shakir,230.0,0.30303030303030304,0.027369275542419913
00-0036912,DeVonta Smith,WR,PHI,KC,0.5232266929070197,0.5364150610655238,0.7373433944890453,0.0,0.04196254166732848,0.10412328201212334,1.0519982103190026,1.2118419344767046,0.49447708706491966,0.0,0.3242171090775337,1.1828980268679707,0.0,0.9897035187709097,0.8503414106928615,0.11164146890488946,2.272271436655022,1.0275016413386497,1.2377560006538322,0.006507705125757709,0.6157952451968972,0.0,0.0,-0.04938997327373337,0.10412328201212334,1.194288449625188,1.366933367297023,0.15461790235298578,0.17599553997256578,-0.7621541081599309,0.4105234793758919,2.4031541885687995,0.0006975286717756033,0.37551210264007673,15,0.0,2.4127908058170573,2025.0,1.0,0.2713376216905684,0.3278978289495336,devonta smith,225.0,0.3076923076923077,0.02020552125722591
00-0036997,Javonte Williams,RB,DAL,NYG,0.0,0.0,0.0,-0.2265247668331474,0.0,7.559611450408766,0.0,-0.3368328069232785,-0.32999176665921337,0.6445568189884066,-0.37231997743749246,0.6753293023649442,0.02192321417406532,0.0,0.6627717010821654,-1.4520264245995536,-0.6318256283829632,19.174530999224768,2.779798714999095,-0.00719398756955514,-0.06190518555838824,0.22969256534103916,-0.10763663200480225,1.008072812271022,28.680421991389924,0.4382394505916744,0.8302818412218388,0.0909090909090909,0.04675342036973735,0.6372246955549405,0.840311718530361,0.8686276924336725,-0.5420194609472101,0.6086868757148314,23,0.4169487846167809,-0.275684934156773,2025.0,1.0,-1.0476569772685318,0.3274208662814712,javonte williams,100.0,0.5,-0.1725791337185288
00-0037816,Romeo Doubs,WR,GB,WAS,0.14649587350386092,0.4325129230433193,0.19724330537174944,0.0,-0.04733086372366301,1.4873959101206487e-07,0.15911990419463007,1.2196226684714444,0.5838018102875446,0.0,0.25140291061981085,0.6942285314442873,0.0,0.4181022149965737,-0.4041613804371682,1.0825671553671319,0.960941168238491,0.6636905658061846,0.3241909738861508,0.0,1.2563602834293235,0.0,0.0,7.708945110183602e-08,1.6361355011327119e-06,-0.3473792610414845,1.1423830298489066,0.48292273022680465,0.040939318976922434,-0.19601484029194813,0.8228718713535192,-1.4599638534458836,0.07476300472024246,0.8358950799283343,31,0.0,-0.11391741744143608,2025.0,1.0,1.328180322359465,0.325968753265783,romeo doubs,230.0,0.30303030303030304,0.022938450235479968
00-0038117,Wan'Dale Robinson,WR,NYG,DAL,1.266435059385412,0.13608997430331385,2.0632028692130633,0.0,1.1809231645078426,0.03271227455229751,1.7916159823640112,0.9790704160709041,0.9439555654345625,0.0,0.5168669794777565,0.8066943121806827,0.0,0.5681095369182655,0.8858334317259776,-0.1916015580873641,-0.4431430165030965,0.6645524008996365,1.8637141563947863,3.2394841611142403e-06,1.220856610740034,0.0,0.0,-0.09420048984618146,0.04606463258169802,-0.19988123831794896,1.1672640948972952,1.1864330756706964,1.0990607488613864,-0.3741589417175053,0.5225983861961978,0.41055056573862686,0.05570249285921378,-0.660349596258503,8,0.0,1.6496070396769975,2025.0,1.0,0.2713376216905684,0.32411683115430945,wandale robinson,370.0,0.2127659574468085,0.11135087370750094
00-0037525,Jordan Mason,RB,MIN,ATL,0.0,0.0,0.0,0.5756766257291686,0.0,9.882125110119114,0.0,-0.3368507586400777,-0.3300074638160398,-0.6667554719082994,-0.38597628525234445,0.01510272843884181,0.029447895432937996,0.0,-0.10380304337923323,-0.3284028244333742,-0.14726708745424866,4.2938625657979586,0.6186288599254327,0.44918561273578694,-0.6740007797228774,0.7132262323356076,1.2438092329712906,0.23289067488568488,49.29333496342646,-0.9160635507370342,-0.7980768784411996,0.05,0.41544864227327927,0.542687684151771,-0.6103580855432127,1.3570812856920385,2.641615506418598,0.49218241389879896,1,-0.11091489667384478,-0.15872944425446622,2025.0,1.0,-0.059268924376765696,0.3222701119061718,jordan mason,100.0,0.5,-0.17772988809382823
00-0036875,Rhamondre Stevenson,RB,NE,MIA,0.0,0.0,0.0,0.16600655582299806,0.0,9.448587119312823,0.0,-0.1354339007438726,-0.11042672893391346,1.0248579212776754,0.6843756252953851,0.9453415915449638,-0.015159865969144391,0.0,0.32128093894231813,-0.966052540739748,0.3335398567796593,10.494184432470053,1.4542061884627955,0.6004880360478039,0.3000892214485385,0.404518424818296,0.461582865089442,-1.3628842255862181,34.11388578522709,-0.27539534729313886,-0.24723081039307013,0.0666666666666667,0.5717123177444071,0.366684450851966,-1.4383208372025538,1.1048768026963869,0.2696211219502932,-0.2068443569973954,19,-0.6770699904346544,0.351408444244181,2025.0,1.0,-1.0476569772685318,0.3191297320738096,rhamondre stevenson,155.0,0.39215686274509803,-0.07302713067128841
00-0037239,Chris Olave,WR,NO,SF,0.37937807277047153,0.4480677656701134,0.46834806208313645,0.0,-0.8249986592415077,0.027104183336525346,0.3988105729858314,0.6834957305303895,1.0113074695720992,0.0,0.6085588839007087,0.09830216250073047,0.0,1.074830863284292,0.15339948148979096,0.8685633659031677,-1.26331744636247,0.5970889041188706,0.9920379187727748,0.0,0.7141229293421323,0.0,0.0,0.023983389331220805,0.18972928335567735,-0.6273774941834909,0.908449677584408,1.878504228505743,0.0687549655940788,0.05531494748826672,1.168760669635824,0.7190412017351904,0.015669534598864422,-0.7754453405805675,28,0.0,1.3462176350628978,2025.0,1.0,-0.7855050789783283,0.30844981280699285,chris olave,185.0,0.3508771929824561,-0.04242738017546327
00-0040129,Emeka Egbuka,WR,TB,HOU,3.2106399120545155,2.1014398021716203,1.234844083767575,0.0,-3.7249102316945173,1.0,1.6621609973173772,2.0774614057365812,1.8968747786039801,0.0,-0.6856917621513873,1.4513766270423034,0.0,1.0263139903971688,-0.12405649499357667,0.9466156287722918,2.7370788167802025,1.3473932591069335,0.6424786601598554,0.0,-1.1086117928300876,0.0,0.0,0.889877673471347,9.0,3.7951794783133708,0.7117069108379153,0.6705254890118413,0.2513759927260177,1.280640348193361,0.6101352841003179,-0.8221508444475203,0.009079454985036099,-0.5452538519364386,12,0.0,-0.7973479822883568,2025.0,1.0,1.328180322359465,0.30767330164140405,emeka egbuka,155.0,0.39215686274509803,-0.08448356110369398
00-0036554,Nico Collins,WR,HOU,TB,1.4693525377516001,1.3115316900794476,1.2715491508947834,0.0,-0.35519486800829453,0.002571221359009291,1.7156664640261823,0.6423458972109866,0.4231882153547348,0.0,0.3882222934395941,0.3318775269679298,0.0,1.096843754889097,-0.12404605903046186,0.686371347450173,0.6422652384517936,0.6444271156812164,0.8981168796828293,0.0,1.3627680679562915,0.0,0.0,0.0008883753507291363,0.017998549513065024,0.8025975395158543,0.9396556730915057,0.51766398185366,0.3833797721242485,-1.1306048597141816,0.15478636779183097,-0.14895468128456027,0.3235987313450722,0.03022486967388346,29,0.0,1.2357818261810634,2025.0,1.0,-0.7855050789783283,0.30497219941184456,nico collins,115.0,0.46511627906976744,-0.16014407965792288
00-0037240,Jameson Williams,WR,DET,CHI,1.4866854603801627,0.9217138004960471,2.107974696853366,0.0,0.07086740233410926,0.8209583279667713,1.7819766980225271,-0.36750478952430987,-0.2845525628745062,0.07288708134230765,-0.18764827155927308,1.1213675791427011,0.0,1.1581089923969952,0.20527201543988724,0.3098168655323643,0.7075042159090665,0.8268808628792099,0.9803363902261996,0.020867567470592555,-0.26381096296504675,0.0,0.0,0.1762921490158417,2.2564345883701873,0.7740583369158122,0.8042242342479065,-0.035453313784487836,0.3055564827482153,-0.6735135281488507,0.8996269535308904,-0.35972195029471044,0.2865915302846011,0.8358950799283343,5,0.0,-0.17483948525886683,2025.0,1.0,0.2713376216905684,0.3030498840037732,jameson williams,195.0,0.3389830508474576,-0.035933166843684416
00-0038608,Kayshon Boutte,WR,NE,MIA,0.3693367039919508,2.3273751307529547,0.939007386911936,0.0,0.9723434273738982,0.0,1.828630231874258,-0.12898127504007728,0.0640710047568753,0.0,-0.463912873781813,0.989022778489469,0.0,1.7764182605188126,-0.29194489044292543,1.7589591229823485,2.0262810480781654,1.6476029219018264,1.1156630373314902,0.0,-0.9726971642364801,0.0,0.0,0.0,0.0,0.5652531388454136,1.2388256682556127,0.4412332282745745,0.5717123177444071,-0.0055216019616339896,0.12050679215040297,0.384678746557592,0.23563525676785815,-0.19996661897024537,19,0.0,-0.6560099561532163,2025.0,1.0,0.2713376216905684,0.302308051174085,kayshon boutte,310.0,0.24390243902439024,0.05840561214969475
00-0030061,Zach Ertz,TE,WAS,GB,0.3026669356921256,0.48863929449790877,0.9227028967145614,0.0,0.5119652229242279,7.588751826324844e-08,1.420917033846816,0.650758202786468,0.694602761959895,3.794375913162422e-08,1.8642154337198857,0.4781079054573309,0.0,0.17099426338683965,-0.017897489283441852,-0.1285710941446429,0.5946281241187709,0.13495620255005486,0.5366775729825735,1.5636625587858325e-08,2.1626424070758765,0.0,0.0,3.455103547861494e-08,3.0355007305299376e-07,2.671341136163524,0.16697957452329867,0.385886820510401,0.00988249693290696,-1.1749845122918892,0.40477829806766363,0.06978368377882008,0.23802384129491655,0.03022486967388346,11,0.0,-0.666743100428551,2025.0,1.0,-0.7855050789783283,0.30166528805478526,zach ertz,270.0,0.2702702702702703,0.03139501778451498
00-0034791,Nick Chubb,RB,HOU,TB,0.0,0.0,0.0,0.7669556385786055,0.0,12.0997122455594,0.0,-0.2504991216358628,-0.2593721485248614,-0.532135277355459,0.021058230454193624,0.21589657635813558,0.46112021111345336,0.0,0.07509346864121974,1.362130387762298,-2.3455446461551146,3.3394603188929555,0.4347026322004904,-0.5350759021677187,-0.5844765530502907,1.0552167854089844,0.6835114562469138,-1.0874215807597587,49.072953162806165,-0.21588727591477289,-0.616326911435446,0.037037037037037,0.3833797721242485,0.05472500589934953,-1.3501334370317142,0.8740708578517371,0.7196128932501842,0.026164566634669394,29,-0.7999385260715004,-0.22772591052814042,2025.0,1.0,-1.0476569772685318,0.29987123221831025,nick chubb,115.0,0.46511627906976744,-0.1652450468514572
00-0033040,Tyreek Hill,WR,MIA,NE,0.15032313742439748,1.3889716515648614,1.1892602682109683,0.0,-0.46617894705951785,0.09587572283337158,1.0824968313028815,0.8932071545351165,1.062138673809852,1.0975408949289626e-06,0.672544331446819,0.5319275122362459,0.0,2.037833468683808,-0.4053268939560494,1.1933854095775889,0.042423145956110145,0.6838017505208858,0.9363591153789504,1.7874780891601076e-05,1.0655525446590524,0.0,0.0,0.015443316920627021,0.5605692237890596,0.17340412382121312,1.3365701539174117,0.603956768152632,0.054277742381471206,-0.9973052858497227,0.9339513667694092,0.008816126172965582,0.442772862775828,0.14532061399594787,21,0.0,1.1309090241074775,2025.0,1.0,-0.7855050789783283,0.29951289080586674,tyreek hill,150.0,0.4,-0.10048710919413328
00-0035229,T.J. Hockenson,TE,MIN,ATL,0.5373730530678837,0.552118841657095,0.9211465936307899,0.0,-0.6008011550793569,1.3385479152837197e-09,0.46945857712577105,-0.22905051863845835,-0.167877625932835,0.0,-0.3716294381000575,0.6242407324793832,0.0,0.19451952092724187,-0.2062720298828947,0.16364225300530455,-1.0077872094186757,-0.05284722438914822,0.32136823844500223,0.0,-0.5588020920420897,0.0,0.0,-6.683225532980063e-09,0.0,-0.8895981751349561,0.4831494910373753,0.6705254890118413,0.41544864227327927,0.6292349162325928,0.4423465529190415,0.9677865294559627,0.6993078860089404,0.4906078469621411,1,0.0,-0.5165193869897629,2025.0,1.0,-0.7855050789783283,0.29937494590667324,tj hockenson,235.0,0.29850746268656714,0.0008674832201061022
00-0038465,Malik Heath,WR,GB,WAS,-0.33687509386823783,-0.32911988881513937,-0.3740945390607985,0.0,0.5377521350420731,0.0,-0.3605225100806737,0.6796085540366384,0.40101534503179065,0.0,1.4637846035692852,-0.576031287023149,0.0,-0.3708879884817237,0.006908379851867801,-0.6039162176550408,0.4368637270635433,-0.4496437245684636,-0.402873665309056,0.0,-0.199552628245979,0.0,0.0,0.0,0.0,0.8058159914763874,-0.406012591940892,0.6705255197623293,0.040939318976922434,-0.19601484029194813,0.8228718713535192,-1.4599638534458836,0.07476300472024246,0.8358950799283343,31,0.0,-0.5346477057956038,2025.0,1.0,4.498708424366155,0.2954805578711483,malik heath,1000.0,0.09090909090909091,0.20457146696205739
00-0040718,Travis Hunter,WR,JAX,CIN,1.9495573609184693,0.7066458004039985,1.6988463367408912,0.0,-1.5601097642676325,0.0,2.0029044980156274,-0.9329390563681516,-0.9399691508932457,0.0,-0.6856917621513873,0.2922890836515745,0.0,1.1498640341262576,-0.4926579500495776,0.5671314226808409,-3.3696622498524205,-0.02529917620636192,1.7179311834071433,0.0,2.165633884509322,0.0,0.0,0.0,0.0,-0.9115866676019854,1.4519514415245922,1.453281827390792,0.0316753864286811,0.09615146968379933,0.8919250545027676,0.1768822428380849,0.07487562553799428,0.20286848615698008,6,0.0,2.330580020999333,2025.0,1.0,0.2713376216905684,0.29481746983606244,travis hunter,235.0,0.29850746268656714,-0.0036899928505046975
00-0033858,Jonnu Smith,TE,PIT,SEA,1.762336587344335,-0.4681303304902494,1.5665127773879524,0.0,-0.7067515025915393,0.03076870301799561,1.5903572282709335,0.0058235265239523605,0.18968121840124852,2.1164611086970687e-05,1.6599434846031162,0.16619388019409986,0.0,-0.17537616631965816,1.368334950418799,-0.5791777868613607,0.7081547381280137,0.360896494124072,1.7642976778360482,0.009047800296951786,1.929092015541836,0.0,0.0,-0.018453046632147738,-0.003593148522170881,2.925963070384845,0.46517836940831886,0.7416851561372014,0.020802770482795295,1.5456985756302772,0.11837821229128537,-0.22861296563361821,0.09116215491932625,-0.14241874680921315,27,0.0,1.4807619372769039,2025.0,1.0,-0.7855050789783283,0.2936937010978876,jonnu smith,310.0,0.24390243902439024,0.04979126207349738
00-0035208,Olamide Zaccheaus,WR,CHI,DET,1.2494373356265591,1.0775004788652705,1.570336039423912,0.0,1.0238091811464114,0.145776807750344,0.7944659581988112,0.35088170230220567,0.3502482608538499,0.0,0.21455908986814057,-0.04407428477074475,0.0,0.5629553806159219,0.7659770806246005,0.4429549492584093,0.8052596781119613,0.5733302150083766,0.5569604709612437,0.0,0.9699756624403382,0.0,0.0,0.08564654895765467,1.1662140284725935,0.26720681832989324,0.5090435923893817,0.7312204992069957,0.4492361330256993,0.27985046982546047,0.6319974805689496,-0.08092669722332181,0.22014637083599872,-0.4301581076143742,10,0.0,0.9702057312528597,2025.0,1.0,1.328180322359465,0.2926394942176413,olamide zaccheaus,400.0,0.2,0.09263949421764128
00-0037837,Calvin Austin III,WR,PIT,SEA,0.6491715689686903,1.034624775062843,0.5795330595556395,0.0,-0.4297553616493872,0.0021391091524671185,0.8697116947592523,0.2561959325499332,0.12755566860938805,0.0,-0.6259151899030065,0.4904229093990814,0.0,1.44842687534765,-0.397037082096635,0.38465032370870245,0.6283148440322206,0.29893402016635673,0.015751592404513667,9.756709355771645e-05,0.1522211281948789,0.0,0.0,0.002118440303043175,0.01741637789245308,0.7972737836590038,0.6698241885930385,0.7416851561372014,0.020802770482795295,1.5456985756302772,0.11837821229128537,-0.22861296563361821,0.09116215491932625,-0.14241874680921315,27,0.0,0.19901560542617502,2025.0,1.0,0.2713376216905684,0.29129117030441426,calvin austin,285.0,0.2597402597402597,0.031550910564154544
00-0037256,Rachaad White,RB,TB,HOU,0.0,0.0,0.0,-0.2221458660236957,0.0,6.886466962454409,0.0,-0.33576281564949784,-0.3291175305290231,-0.21979465859170028,0.8933091799722952,0.22349681468321075,-0.09287044000241439,0.0,-0.6197094561613753,-4.29268400091415,-0.4045323483449474,15.419499471281737,2.3878904855164316,-0.06751095752690868,0.6425427389282948,0.015033554323791705,0.31120519938568025,0.3276406932825387,33.60087406955562,0.10284074625976854,-0.00799730086263793,0.0333333333333333,0.2513759927260177,0.7233072743850615,-0.1787059514672532,0.5829015487383274,-0.8893627293871077,-0.5563577424454926,12,-0.1478451411325359,-0.4122619496583649,2025.0,1.0,-0.059268924376765696,0.2879536254657331,rachaad white,425.0,0.19047619047619047,0.09747743498954264
00-0033090,Hunter Henry,TE,NE,MIA,0.6588193125305368,0.670469955890465,0.42648726238467316,0.0,-0.24893331902100785,0.0,0.4736092280841057,0.7009047082820792,0.720545954634724,0.0,-0.014610907438481882,0.9471092154425118,0.0,0.554577772450957,-0.26563092267242105,0.6529998337876038,0.3062619706953174,0.3103938397171838,0.39569403767779626,0.0,-0.10852410856901033,0.0,0.0,0.0,0.0,-0.18335299872783525,0.6119744509127608,0.4412332282745745,0.5717123177444071,-0.0055216019616339896,0.12050679215040297,0.384678746557592,0.23563525676785815,-0.19996661897024537,19,0.0,-0.45219666358868604,2025.0,1.0,-0.7855050789783283,0.2836203917317445,hunter henry,255.0,0.28169014084507044,0.0019302508866740897
00-0038559,Michael Wilson,WR,ARI,CAR,0.06710585153274808,0.29475083519894846,0.13820289852937634,0.0,0.3096125534947814,0.20409006562771453,-0.027088931013679256,-0.24216266104635675,-0.11004856966131969,0.0,-0.6756808749177784,0.8667612526028692,0.0,0.06416798611645973,-0.5304799096294931,0.4476343799591688,-0.3295060690810263,-0.3578654631287419,-0.25063016107985053,0.0,-0.7211519860013619,0.0,0.0,-0.16622638999454373,1.4286304593940016,-0.4536730165485843,0.400726308679301,0.03008848488361095,0.4047746559437065,0.7950087724189823,0.6147391968722338,0.9673598103874828,0.11686833694898953,0.72079933560627,4,0.0,-0.3025220921190984,2025.0,1.0,0.2713376216905684,0.2782676937607236,michael wilson,390.0,0.20408163265306123,0.07418606110766235
00-0031588,Stefon Diggs,WR,NE,MIA,3.3072083906720606,1.4239570388546354,1.7264680033412414,0.0,-4.295662527859028,0.2864666023826208,1.9578619061909328,-0.19686442359971332,-0.24238253724401107,0.0,-0.5094872807090997,0.2989379283474817,0.0,1.419454400725962,-0.1845084977294471,1.0992571479622306,0.23761732442665487,1.1339738847202385,1.5356818117783106,0.006561187272412593,-0.5162512598931439,0.0,0.0,-0.1991620667341003,-0.3321025687418941,-0.058941177734381574,1.2693396376355361,0.2119409675373077,0.5717123177444071,-0.0055216019616339896,0.12050679215040297,0.384678746557592,0.23563525676785815,-0.19996661897024537,19,0.0,-0.18135050393005386,2025.0,1.0,-0.7855050789783283,0.2779097239310499,stefon diggs,215.0,0.31746031746031744,-0.03955059352926754
00-0036893,Najee Harris,RB,LAC,LV,0.0,0.0,0.0,0.402595246920105,0.0,9.155223596798203,0.0,-0.33682833999541134,-0.3299902220232299,0.47734429405110396,-0.38570061522824584,-0.10053476299565307,0.27773385219629093,0.0,-0.3735590156808345,-2.635930961752937,-0.29322634018774957,10.61290256057973,1.8979346857589587,0.11224373487168503,-0.17548732614030035,0.5181951978119197,-0.28113888754518634,0.02838757913304934,36.76841079149485,0.23648178764123828,0.11629413016088914,0.0294117647058824,0.01369597288205726,0.44255367496101533,-0.6789531638581088,0.9219208273604723,-0.5649051817803509,0.6086868757148314,18,-0.3115882809690012,-0.31127681577205996,2025.0,1.0,-0.059268924376765696,0.2766482163162623,najee harris,195.0,0.3389830508474576,-0.062334834531195316
00-0037291,Jalen Nailor,WR,MIN,ATL,-0.6994879126383349,-0.41936771801376616,-0.46923416743156143,0.0,-0.3584959035194622,0.028011607785296832,-0.44004824866557374,-0.2334316746784506,-0.17434496297228547,0.0016805966252751514,-0.4889766373149183,0.18371097803811012,0.0,-0.6115291248849899,-0.02180141383086235,-0.2880700981288981,0.31490900889039736,0.02510843203717256,-0.42656929359570794,0.003141323168104198,-0.407001094009365,0.0,0.0,-0.039628814833788197,-0.12477594196508122,0.05858335565882875,-0.29575967250219265,0.15461790235298578,0.41544864227327927,0.6292349162325928,0.4423465529190415,0.9677865294559627,0.6993078860089404,0.4906078469621411,1,0.0,0.09880267605879424,2025.0,1.0,0.2713376216905684,0.2761521752156456,jalen nailor,425.0,0.19047619047619047,0.08567598473945515
00-0036259,Jauan Jennings,WR,SF,NO,1.127358529919526,1.3398964385191807,1.3758816057928014,0.0,0.39333310409321043,0.0,1.2825405039628366,0.7591074454632959,0.7694013212179536,0.0,-0.5416786964513348,0.5782847930182029,0.0,1.3208558879932963,-0.40878603192741797,0.8890406579208628,-1.087498568171553,0.47279136350491113,0.970459066655891,0.0,0.10972138697878567,0.0,0.0,0.0,0.0,-0.5503118614407657,1.0615707459529529,0.12427039725540845,0.0010079464191690844,-0.5701458688497751,0.7159385408595069,0.6303926929702979,0.2915127352732966,0.2604163583180123,22,0.0,0.5914652593273646,2025.0,1.0,-0.7855050789783283,0.273934456084822,jauan jennings,220.0,0.3125,-0.038565543915178024
00-0038041,Jake Ferguson,TE,DAL,NYG,0.3555190575566046,-0.25458239228249724,0.80424450539734,0.0,-0.02884676859810749,0.0,0.9244467517622311,-0.343199864804428,-0.3492351846422213,0.0,-0.241084574628397,0.3759573984888243,0.0,-0.4123024390218265,0.14634900298008383,-0.5714378365774325,-1.316369424028084,-0.4069971793774124,0.5023483650680659,0.0,-0.8331243179132704,0.0,0.0,0.0,0.0,-0.9086151373906913,0.013988220879387616,0.48292273022680465,0.04675342036973735,0.9701831083407785,1.006240546654429,-0.16153951753004217,0.0769774093736673,0.6057035912842055,23,0.0,-0.6321238725366414,2025.0,1.0,-0.7855050789783283,0.27309885371173037,jake ferguson,205.0,0.32786885245901637,-0.054769998747286
00-0037545,Rashid Shaheed,WR,NO,SF,1.31670575080245,2.2734368899662982,0.8189356615894325,0.0,-0.8701605834233335,0.5912223082719311,0.5646826379335227,0.3891555902384321,0.6158007996362322,0.0,0.2197938717023692,0.8900820967027177,0.0,1.9326799775511718,-0.5722705412610852,2.331471095032587,-2.035370141736666,0.46009045848926367,0.6188458349202707,0.08280662432519097,0.008918598871085336,0.0,0.0,0.05290508751517865,2.6471789400764636,0.4156483973591598,1.5574017338115167,0.8718552789274898,0.0687549655940788,0.05531494748826672,1.168760669635824,0.7190412017351904,0.015669534598864422,-0.7754453405805675,28,0.0,0.5168858965401043,2025.0,1.0,0.2713376216905684,0.2713031121475126,rashid shaheed,295.0,0.25316455696202533,0.018138555185487293
00-0036613,Jaylen Waddle,WR,MIA,NE,0.6380045246672427,0.4384004005604826,0.9469612902030978,0.0,-0.5126557534466307,0.2371147732415247,0.9048791116337107,-0.25801412759833753,-0.15459940628789906,1.7997579860178183e-09,0.07882856153863632,0.6428288215872634,0.0,0.6938095788582077,-0.21109963940965273,0.6181557650555397,-0.5692456737444531,0.4320375606604301,0.6339375461619943,0.014470366357446425,0.6521390448871454,0.0,0.0,0.12192918449490968,1.2179560867377384,-0.5648558700769093,0.5832198263715371,0.27111316385659656,0.054277742381471206,-0.9973052858497227,0.9339513667694092,0.008816126172965582,0.442772862775828,0.14532061399594787,21,0.0,0.7642543680043328,2025.0,1.0,0.2713376216905684,0.26751891530205546,jaylen waddle,205.0,0.32786885245901637,-0.06034993715696091
00-0034829,Mike Gesicki,TE,CIN,JAX,-0.005661507546386971,-0.3090939708081571,0.13927637929211337,0.0,-0.4888741195345922,0.0,0.3894374069413692,0.7725604224576096,0.5568670703901868,0.0,1.6171648783946033,-0.45045364124173154,0.0,-0.09515257500608094,0.047559819050191444,-0.10371337309504029,0.3621731369077564,0.30133315123320276,0.8715677479937434,0.0,0.766207939717498,0.0,0.0,0.0,0.0,-0.843926904716201,0.17910560766252298,-0.047258979383084314,0.01539195920881597,-0.4737052318636237,0.6551661597560544,-0.8845364355314341,0.31172083281901036,0.8934429520893665,14,0.0,-0.3793781960537484,2025.0,1.0,0.2713376216905684,0.2670268619692467,mike gesicki,350.0,0.2222222222222222,0.04480463974702448
00-0033282,Curtis Samuel,WR,BUF,NYJ,0.6616068962036261,-0.8036517624458667,0.708195723127569,0.0,0.4424689076405291,0.2860972497778719,0.3282441123806175,-0.7712004632587155,-0.8152617621066377,1.5117911258113924e-05,-0.08949583220925472,-0.2509472816145678,0.0,-0.7388742583317993,6.867999755247852,-1.0385603826860108,-0.9136562275885249,-0.3543330812813843,0.2295488294858798,0.0008657437581352284,-0.31040425166768504,0.0,0.0,-0.07736927829085613,0.9743656552483058,-0.55614548525501,-0.434162886312502,1.2696438973886057,0.2607154342727115,1.1626070675597837,0.6120001623258199,0.7918699085438146,0.2868257926037341,1.008538696411431,24,0.0,0.16502176053642445,2025.0,1.0,4.498708424366155,0.2603218287875355,curtis samuel,1000.0,0.09090909090909091,0.1694127378784446
00-0038621,DeMario Douglas,WR,NE,MIA,0.4839654363796057,-0.029280719810581113,0.8979525167495006,0.0,-0.717770994178846,0.4328776687481598,0.41584315039035324,2.1075774391567323,2.1925699405113526,0.0,2.607957918537465,0.4785470178132616,0.0,-0.20242883171932874,-0.22876284814012282,-0.3934469445017623,-0.37656116746845253,-0.3488652962722632,0.21853064870361477,0.0,1.6054440520103042,0.0,0.0,0.015771135393546493,1.8318988398279887,1.4931722936033784,0.054412903041285314,0.2119409675373077,0.5717123177444071,-0.0055216019616339896,0.12050679215040297,0.384678746557592,0.23563525676785815,-0.19996661897024537,19,0.0,2.0250067553849953,2025.0,1.0,1.328180322359465,0.2593558515001828,demario douglas,400.0,0.2,0.0593558515001828
00-0039910,Jayden Daniels,QB,WAS,GB,0.0,0.0,0.0,0.0,0.0,2.3964334194862076,0.0,0.0,0.0,0.17138653973823312,0.0,0.29728082690723817,0.0,0.0,0.0,0.0,0.0,0.0,0.0,0.7780541214709819,0.0,0.0,0.0,3.056479781941169,2.9694231120423145,-0.24274373581906358,0.0,0.0,-0.9439663395636326,0.042419559444668964,0.40477829806766363,0.9686790896230817,0.23802384129491655,0.015680516257895214,11,-0.5201532808522799,0.0,2025.0,1.0,-0.5346699743522593,0.25870732451591116,jayden daniels,175.0,0.36363636363636365,-0.10492903912045248
00-0033699,Austin Ekeler,RB,WAS,GB,0.0,0.0,0.0,-0.690063377107396,0.0,6.269002925922347,0.0,-0.3127437241393502,-0.30414655775162774,-0.49881029715105124,-0.37002576162905476,0.7968149428719481,-0.5109191871957682,0.0,-2.0011416034204164,-5.37846264962816,1.2800736285288983,27.969537417820757,2.970725973476385,-0.41541968491752895,-0.44875944876679585,-0.6860365622589799,-0.29152097920911535,0.24949521634128585,24.180528593820377,-0.4833796887394261,0.6613786864342119,0.103448275862069,0.00988249693290696,0.042419559444668964,-0.7070059191965158,0.9686790896230817,0.2818403230152423,0.026164566634669394,11,-0.5594390343281368,-0.18800829347921347,2025.0,1.0,-1.0476569772685318,0.25830351538296836,austin ekeler,225.0,0.3076923076923077,-0.04938879230933935
00-0033923,Kareem Hunt,RB,KC,PHI,0.0,0.0,0.0,-0.07854355776946807,0.0,9.20457362400903,0.0,0.027154913591966305,0.04988711328809771,1.0995027074765051,0.011064563320727134,0.215492864558175,0.03084978652662004,0.0,0.10121503209746725,-2.341099545814705,0.20314230602378666,10.114635976070808,1.4555359983190264,0.2766563359392697,-0.39964937768081854,-0.23082768202037748,-0.6691776681209738,0.9603178204230529,31.745430453557145,0.49977102206911067,-0.33331914227941517,0.0789473684210526,0.022508549051636805,0.22290272216463763,0.009702881332079619,0.946304037756645,-0.9309128001211311,0.026164566634669394,25,0.19984999268334927,-0.45159199945644146,2025.0,1.0,-0.059268924376765696,0.25782983410306076,kareem hunt,240.0,0.29411764705882354,-0.03628781295576278
00-0036567,Elijah Mitchell,RB,KC,PHI,0.0,0.0,0.0,0.2817673473306579,0.0,9.994756036127352,0.0,-0.3368507586400777,-0.3300074638160398,0.843011677586926,-0.38597628525234445,-0.3442329292592209,1.4461375602569233,0.0,0.16687667898331207,0.7399120371826767,-0.07985967434856861,4.091174651150485,0.7375685736997646,0.38819450852213655,-0.6619625727238159,0.8253356054648784,0.5631849206786197,0.026383422001247846,42.32141135196365,0.9281529054872402,-0.7711505811442376,0.0799999982118606,0.022508549051636805,0.22290272216463763,0.009702881332079619,0.946304037756645,-0.9309128001211311,0.026164566634669394,25,0.2826389758356408,-0.45236344777370036,2025.0,1.0,1.9175071814067663,0.2550533125237665,elijah mitchell,800.0,0.1111111111111111,0.1439422014126554
00-0035659,Terry McLaurin,WR,WAS,GB,0.0014911998282429125,0.9953257248211577,0.5536163005284983,0.0,-0.07885069400487424,0.008641800248548227,0.658814552420954,1.1157411625376672,0.9471676428315599,0.0,0.8094605989046489,1.0859025384704803,0.0,1.0986189234862123,-0.4958139422670179,1.5628788974009797,0.4053991795364087,0.5133961358557859,0.8249109723344827,5.311840220454147e-14,0.6935274215923256,0.0,0.0,-0.023035156195187072,0.007220522403681228,1.43091119469021,1.3517620993857469,0.03008848488361095,0.00988249693290696,-1.1749845122918892,0.40477829806766363,0.06978368377882008,0.23802384129491655,0.03022486967388346,11,0.0,0.8456885715286665,2025.0,1.0,-0.7855050789783283,0.25492642722620007,terry mclaurin,155.0,0.39215686274509803,-0.13723043551889796
00-0034827,DJ Moore,WR,CHI,DET,1.7004890359891596,1.102355216770931,2.121983426522441,0.0,2.2564735759554106,1.7577803999251436,1.96273499992427,0.4342830456768955,0.5196984356480652,0.0,0.06958698503561256,1.4030637159279797,0.0,1.166781741013764,1.668053056359551,0.6500723674651332,0.3261327391488582,1.3686741634888417,1.7293632601329847,2.908975991999841e-05,1.9762910887867577,0.0,0.0,-0.09666270956697486,7.0112091796634495,0.38782938338494705,1.480032611672974,0.12427039725540845,0.4492361330256993,0.27985046982546047,0.6319974805689496,-0.08092669722332181,0.22014637083599872,-0.4301581076143742,10,0.0,1.8259390631953514,2025.0,1.0,-0.7855050789783283,0.253069758230528,dj moore,185.0,0.3508771929824561,-0.0978074347519281
00-0037197,Isiah Pacheco,RB,KC,PHI,0.0,0.0,0.0,-0.26863963543514136,0.0,8.910718559945954,0.0,-0.0999013943814232,-0.1361837723018026,-0.6465274311202905,0.14970763745716809,0.3221743164247236,-0.5098603776573541,0.0,0.26233039975970746,-5.327177084516647,-0.8866253742530972,5.8835413224790996,1.556713074186436,0.16143564368127922,-0.5020645268114106,-0.07008403451123017,-0.21990386795445702,-0.7846334534698397,34.50473937559013,-0.7084895523157811,-0.3918254181849366,0.0789473684210526,0.022508549051636805,0.22290272216463763,0.009702881332079619,0.946304037756645,-0.9309128001211311,0.026164566634669394,25,0.11432766674551692,-0.45189319663581196,2025.0,1.0,-1.0476569772685318,0.25275514841052266,isiah pacheco,160.0,0.38461538461538464,-0.13186023620486198
00-0031610,Darren Waller,TE,MIA,NE,1.2682049837081384,0.6534875512836013,1.6892780905529579,0.0,-0.18924973936836315,0.0,1.616250521408554,-0.5970152497217417,-0.6205964667580269,0.0,-0.329766767038435,0.08876465817522858,0.0,0.33474105089337136,-0.04735505738183404,0.09518084217390284,0.3923618092153136,0.42310230563021606,0.7736012045796643,0.0,-0.7400711001629129,0.0,0.0,0.0,0.0,-0.6325171585198761,0.7211796558965783,0.5415485923471274,0.054277742381471206,-0.9973052858497227,0.9339513667694092,0.008816126172965582,0.442772862775828,0.14532061399594787,21,0.0,-0.7655450715020311,2025.0,1.0,-0.7855050789783283,0.2502643841143665,darren waller,450.0,0.18181818181818182,0.0684462022961847
00-0039150,Bryce Young,QB,CAR,ARI,0.0,0.0,0.0,0.0,0.0,0.3269225824689029,0.0,0.0,0.0,0.15711918626366364,0.0,0.6552484592665934,0.0,0.0,0.0,0.0,0.0,0.0,0.0,0.46356449614078,0.0,0.0,0.0,1.0935369435207256,0.8469244884545248,1.3569268233817462,0.0,0.0,0.856262751146606,0.04345606300835222,0.7776609787795629,0.5977972001182874,0.2526673747248363,-0.7803732549365201,0,1.0172473054521405,0.0,2025.0,1.0,-0.5346699743522593,0.2498116782461523,bryce young,500.0,0.16666666666666666,0.08314501157948564
00-0035228,Kyler Murray,QB,ARI,CAR,0.0,0.0,0.0,0.0,0.0,0.702285850408608,0.0,0.0,0.0,0.017813623352475882,0.0,0.6013096234032376,0.0,0.0,0.0,0.0,0.0,0.0,0.0,0.8602149510415348,0.0,0.0,0.0,0.9690373762815533,1.0250254826439127,-0.0574602946193465,0.0,0.0,0.9388912839014847,0.5886529225527634,0.6147391968722338,1.3568967221084152,0.11686833694898953,0.6980123201388226,4,1.5276157900710676,0.0,2025.0,1.0,-0.5346699743522593,0.24917547748155894,kyler murray,220.0,0.3125,-0.06332452251844106
00-0039918,Caleb Williams,QB,CHI,DET,0.0,0.0,0.0,0.0,0.0,0.5957601761243316,0.0,0.0,0.0,-0.7160252363669268,0.0,0.6665591979674954,0.0,0.0,0.0,0.0,0.0,0.0,0.0,0.8451334965292655,0.0,0.0,0.0,0.8875526491932324,1.1476449895683463,0.6869914823234831,0.0,0.0,1.1508849362547093,0.4458114954562155,0.6319974805689496,0.9034941704066157,0.22014637083599872,-0.4392073529960564,10,1.739384302438622,0.0,2025.0,1.0,-0.5346699743522593,0.24760420579915376,caleb williams,475.0,0.17391304347826086,0.0736911623208929
00-0034383,Dalton Schultz,TE,HOU,TB,0.8557218419554129,-0.011462452856985812,1.597289392844239,0.0,-0.014774420982648095,0.0,0.42540182575807073,-0.40200918095928095,-0.33347159388675446,0.0,-0.6851550327544704,0.3671908870693035,0.0,-0.13016065783349906,-0.09205690524952836,-0.22744257756880204,-0.08330070972585753,-0.13388647411942473,0.16649356909187885,0.0,-0.21718368991401268,0.0,0.0,0.0,0.0,-0.17021733767061528,0.22116125147966273,0.51766398185366,0.3833797721242485,-1.1306048597141816,0.15478636779183097,-0.14895468128456027,0.3235987313450722,0.03022486967388346,29,0.0,-0.7514333508920157,2025.0,1.0,-0.7855050789783283,0.24642210938566744,dalton schultz,230.0,0.30303030303030304,-0.056608193644635596
00-0036407,Jerry Jeudy,WR,CLE,BAL,1.1480231317668592,1.1527404243612855,1.2027794500541984,0.0,0.7598386153201018,9.262023740865941e-06,1.2178459809956588,0.6335704611811291,0.7629132443794371,0.0,0.07534647332108095,1.4074518239674043,0.0,2.057295712683549,-0.30339907188451987,1.7893489591406666,-0.9119056263366602,1.6921705457647969,1.9951925931593333,0.0,0.5456475030641408,0.0,0.0,6.739973092974442e-06,0.00011989805451074967,-0.3840995561817451,1.7955501775798028,0.5722573772672923,0.6643675657351072,1.1122370080200272,0.4835107079562128,-0.8247142460208342,0.12240871327035403,-1.2358283178688252,2,0.0,0.1084908065847357,2025.0,1.0,-0.7855050789783283,0.24521809214183637,jerry jeudy,245.0,0.2898550724637681,-0.04463698032193175
00-0039732,Bo Nix,QB,DEN,IND,0.0,0.0,0.0,0.0,0.0,1.1457502156554107,0.0,0.00040767988399931275,0.013861116055976666,-0.681651285755676,0.0023101860555331632,0.6053216604735934,0.0,0.0,0.013861116055976666,0.02772223211195333,0.05377966788028378,0.02772223211195333,0.013861116055976666,0.5957996616685773,0.001540123990818389,0.0,0.0,-0.09142356950455383,0.6340170250886206,-0.5685457326315064,0.0007067525460796568,0.0,-0.17683196968036488,0.25907362992185967,0.6504177096192277,1.1232882050890116,0.3136954188287896,0.015680516257895214,13,0.19190471992430122,0.0,2025.0,1.0,-0.5346699743522593,0.24521775357077266,bo nix,360.0,0.21739130434782608,0.02782644922294658
00-0039342,Xavier Legette,WR,CAR,ARI,0.2976672590428359,1.3997925952627235,1.0065642460699447,0.0,-1.0714797256843973,0.15510119578540063,0.6629341095342665,0.8950428838622273,1.002277693196219,0.0,2.432777989242682,0.44596259434584457,0.0,0.8816200904738589,-0.6451414112397512,1.0277786167789964,-2.304589672290017,-0.36526811013772675,0.22760321974135359,0.0,2.601925128000461,0.0,0.0,-0.04719195906816717,0.4216056926418673,-0.7042718534927809,0.9258403947705912,0.7312204992069957,0.3874449549143641,-1.1712463571407348,0.7776609787795629,-0.7877114477015661,0.2526673747248363,-0.7754453405805675,0,0.0,1.2903592589891788,2025.0,1.0,0.2713376216905684,0.2423510780490177,xavier legette,310.0,0.24390243902439024,-0.0015513609753725344
00-0040170,Elic Ayomanor,WR,TEN,LA,-0.7483684105560149,3.5714231855720158,0.3897115895316564,0.0,-0.7631452956439216,0.0,0.10447642269680824,-0.9329390563681516,-0.9399691508932457,0.0,-0.6856917621513873,0.8918171233364343,0.0,2.8516983958926745,-0.935334302662996,2.907284026911454,-2.155862196129564,-0.8327653146259475,-0.4329738630874324,0.0,-1.1086117928300876,0.0,0.0,0.0,0.0,-0.9115866676019854,2.145188393273638,1.49597762766601,0.16017826304580493,0.728654713071571,0.09401781950329521,-0.3927799327222781,0.05324944836641776,-1.0056368292246962,16,0.0,-0.7973479822883568,2025.0,1.0,0.2713376216905684,0.24051543736486683,elic ayomanor,400.0,0.2,0.04051543736486682
00-0038794,Jaleel McLaughlin,RB,DEN,IND,0.0,0.0,0.0,0.7056002077116851,0.0,10.429160447596281,0.0,-0.3368507586400777,-0.3300074638160398,-0.790968112334337,-0.268337338540562,-0.3939837676091577,0.07514453252706922,0.0,-0.3407078720668645,-7.96605619322522,-0.656858337034295,6.608880345353975,1.6889106048607836,0.40417190402668834,-0.7225910043719317,0.6223595809267513,-0.2582105929806292,-0.2128651293070236,44.087771789550956,-0.9099716331269511,-0.5514743730886714,0.0689655169844627,0.1707737633777302,0.25907362992185967,-0.07507566105038616,1.1232882050890116,0.668950852416104,0.026164566634669394,13,0.2361106066486351,-0.3677120421878496,2025.0,1.0,1.9175071814067663,0.24009891958601468,jaleel mclaughlin,1200.0,0.07692307692307693,0.16317584266293775
00-0035243,Miles Sanders,RB,DAL,NYG,0.0,0.0,0.0,-0.528011609112128,0.0,5.915597620108794,0.0,-0.33685075751334037,-0.33000746254477503,-0.37163610658595736,-0.38597628525234445,-0.4076483481613134,-0.6085444856868806,0.0,0.054610784470173764,7.142164085670806,-0.591765206580334,13.119213748563386,1.90464377802575,-0.20019263975206494,-0.3986744267314089,-0.508854564213023,-0.6661770957141613,-0.5618550915589373,32.87874700450896,-0.17387098415240984,0.11991035994999644,0.0303030303030303,0.04675342036973735,0.6372246955549405,0.840311718530361,0.8686276924336725,-0.5420194609472101,0.6086868757148314,23,0.20601419912011723,-0.3553228553162834,2025.0,1.0,-0.059268924376765696,0.2368507985131671,miles sanders,370.0,0.2127659574468085,0.02408484106635858
00-0037247,George Pickens,WR,DAL,NYG,0.8703170205745857,1.4796629174907958,0.4897731821091253,0.0,0.7319515627244981,0.042561200024745796,0.19855309463623788,0.9314426890505851,0.8263620656659274,1.360471074505664e-07,-0.5011175650160327,1.3079482095481951,0.0,1.5992733073254963,-0.5366291693194162,1.4252556210311786,-0.6263169822362202,0.35154852395413994,0.16827069083940993,5.1017664273609125e-08,-0.07150111223517351,0.0,0.0,-0.005623490246413348,0.13193439149239133,-0.14681148226463292,1.2234938564561337,-0.1424197990566604,0.04675342036973735,0.9701831083407785,1.006240546654429,-0.16153951753004217,0.0769774093736673,0.6057035912842055,23,0.0,0.05053855839503135,2025.0,1.0,0.2713376216905684,0.23010981932648902,george pickens,160.0,0.38461538461538464,-0.1545055652888956
00-0037267,Jerome Ford,RB,CLE,BAL,0.0,0.0,0.0,-0.36364650693755474,0.0,7.172656366536491,0.0,0.30728315144718243,0.41487581382488753,0.00014736127246918322,-0.38577944379081697,0.589298811104011,-0.8431468012448885,0.0,-0.11600954008311963,-1.7091858032537013,0.015181159190572287,11.173064546844168,1.7935998650477516,0.2968489264568999,-0.08887390279994742,-0.25584327330222234,1.1826133584577778,-0.1723232014330317,36.09183385236878,-0.02769743240040722,-0.3882600299964425,0.0238095238095238,0.6643675657351072,0.6766129411731504,-0.5044594638411883,0.581792831983949,-0.30960807643569593,-1.255384513341687,2,-0.11597147302038896,-0.18129391041483314,2025.0,1.0,-0.059268924376765696,0.224210249165067,jerome ford,300.0,0.25,-0.025789750834933012
00-0037741,Jahan Dotson,WR,PHI,KC,-0.4974081116096983,-0.452993525859682,-0.524054888799601,0.0,-0.5486031128984773,0.009878556093673762,-0.5299030679335387,-0.4410938987215221,-0.4847831834088227,0.0,-0.6787344940008032,0.0689983185995957,0.0,-0.20273719525228356,-0.047260741695567834,0.07408104457495222,0.11796883874075216,0.2327881878896364,-0.08295546691172283,0.0,-1.0939874285050044,0.0,0.0,0.007428658397190424,0.1284098086349859,-0.909289778824674,0.2877587895359293,0.15461790235298578,0.17599553997256578,-0.7621541081599309,0.4105234793758919,2.4031541885687995,0.0006975286717756033,0.37551210264007673,15,0.0,-0.7701234128357474,2025.0,1.0,1.328180322359465,0.2220152911233438,jahan dotson,900.0,0.1,0.1220152911233438
00-0036970,Kyle Pitts,TE,ATL,MIN,0.9086164149578659,0.006301691312304981,0.4511286764336626,0.0,-0.09308160304582697,6.023304436612488e-06,0.6088109227035245,0.10438921857063657,0.05557766760503834,0.0,-0.6818869839706354,0.03342337444562893,0.0,-0.3148474934331939,0.8183031832756286,-0.3262054466175476,0.006716122241805305,-0.0007511816042001332,0.48629397022498455,0.0,0.37897286014355785,0.0,0.0,-9.945702882546783e-06,-2.409321774644995e-05,-0.17205636274370192,-0.11078039326871363,0.5722573772672923,0.3000481741629133,-0.9357665847627264,1.0512314081821592,-0.14680841133219555,0.2129980550560807,-0.5452538519364386,20,0.0,-0.6450877621884261,2025.0,1.0,-0.7855050789783283,0.2216955503581004,kyle pitts,290.0,0.2564102564102564,-0.034714706052155986
00-0039792,Devontez Walker,WR,BAL,CLE,-0.9859290502998239,-0.9788765439970513,-1.076195116208836,0.0,-0.299371720492203,0.0,-1.0637870082686187,0.6726078567543724,0.2420491530639316,0.0,-0.6856917621513873,-1.3664051594765374,0.0,-0.8951406048177183,-0.6294716681762123,0.14021169082795876,-0.41397379738305845,-1.0043518690401094,-1.2843737773248687,0.0,-1.1086117928300876,0.0,0.0,0.0,0.0,1.0495658931960794,-0.06847884701632988,-0.10333589097644184,0.2039944349708976,1.5332284286176041,0.9036633454839689,-0.2739320184637409,0.0015008883795919214,1.4113738015386563,7,0.0,-0.7973479822883568,2025.0,1.0,3.441865723697258,0.22167699432305862,devontez walker,1200.0,0.07692307692307693,0.1447539173999817
00-0037746,Brian Robinson,RB,SF,NO,0.0,0.0,0.0,0.14144620124299515,0.0,10.495731480159439,0.0,-0.3133806796026076,-0.31145502905928657,-0.0018108901183177854,-0.35535434100759317,0.21825234308958333,-0.3331281475633936,0.0,-0.04922952921337402,-0.31818155470865056,-0.2073966129246833,8.667208211073541,1.4064564762887857,-0.3127528317260275,-0.5107782627382074,-0.05040104127143338,-0.6183648424456681,-1.5977401390380435,39.379250179279936,-0.5524997805163694,-0.2948513733099549,0.0588235294117647,0.0010079464191690844,0.21012726124712083,0.09348277807829192,1.2111524529917945,0.5554716485386004,0.2591734902667342,22,-0.20529709484514455,-0.18404369717197366,2025.0,1.0,-0.059268924376765696,0.21855496674407637,brian robinson,275.0,0.26666666666666666,-0.04811169992259029
00-0032385,Sterling Shepard,WR,TB,HOU,0.23734063584185536,0.3593961773836801,-0.01952141026013407,0.0,-0.4586652712396894,0.24240464479533333,0.07095262462434905,-0.6021378404384679,-0.6373183042230801,0.0,-0.47969125690847403,-0.07305292952163908,0.0,0.042877798431151894,-0.36827117941924337,0.15427361350792285,-0.1096386243777593,-0.24906854523824573,-0.31628575325252073,0.016132603174206422,-0.7102037537367998,0.0,0.0,0.15165213292344387,2.7628601616032693,-0.8844569766706254,-0.01561634245009077,0.6705254890118413,0.2513759927260177,1.280640348193361,0.6101352841003179,-0.8221508444475203,0.009079454985036099,-0.5452538519364386,12,0.0,-0.5787720869983699,2025.0,1.0,3.441865723697258,0.21800553752315852,sterling shepard,475.0,0.17391304347826086,0.04409249404489765
00-0038979,Cedric Tillman,WR,CLE,BAL,0.25884414017637375,0.9925009275260558,0.4113393474499033,0.0,0.31279904433805583,0.038916059561733315,0.5391850250430559,0.8195151163412288,1.4005636810180708,0.0,3.171402301703014,0.8153111552986277,0.0,0.7651862321970994,-0.3205717735579239,0.9701451788348185,-1.120784098358081,0.5816970131319943,0.6344570989694011,0.0,0.36748472586829434,0.0,0.0,-0.0912679634528185,-0.18238844749140798,1.2752144522502007,0.4784125683172114,0.5722573772672923,0.6643675657351072,1.1122370080200272,0.4835107079562128,-0.8247142460208342,0.12240871327035403,-1.2358283178688252,2,0.0,0.01093248866087437,2025.0,1.0,0.2713376216905684,0.21322523477831606,cedric tillman,340.0,0.22727272727272727,-0.014047492494411201
00-0040663,Harold Fannin Jr.,TE,CLE,BAL,1.9544164252731069,0.46072431171336375,1.6996397639884502,0.0,-0.6087961515284127,1.0,2.116485664915044,-0.9329390563681516,-0.9399691508932457,0.0,-0.6856917621513873,0.6120373714834995,0.0,1.0098354107886538,-0.09953472404183421,0.7568735257265663,-0.2924043717088931,1.1859000314230166,2.2556574450307876,0.0,0.528511045839617,0.0,0.0,-0.290209224622231,3.0,-0.9115866676019854,0.9156088861045992,0.8179276566286541,0.6643675657351072,1.1122370080200272,0.4835107079562128,-0.8247142460208342,0.12240871327035403,-1.2358283178688252,2,0.0,0.24521075157015648,2025.0,1.0,0.2713376216905684,0.2128246128311012,harold fannin,400.0,0.2,0.012824612831101201
00-0038935,Brenton Strange,TE,JAX,CIN,-0.8206912918905381,-0.8674951533456072,-0.8533279486690515,0.0,-0.27699390078385727,0.0,-0.7169176679073113,-0.7804972134176544,-0.7639118433722213,0.0,-0.49587135691537876,0.4434805915236166,0.0,-0.7638230716104931,0.2012847681244697,-0.45746885072822174,1.2664361568320326,0.281314585886084,0.25978286979309556,0.0,-0.9404092722486951,0.0,0.0,0.0,0.0,-0.8569597206219979,-0.28235752382911317,0.03008848488361095,0.0316753864286811,0.09615146968379933,0.8919250545027676,0.1768822428380849,0.07487562553799428,0.20286848615698008,6,0.0,-0.7348347095118823,2025.0,1.0,-0.7855050789783283,0.21275871790627401,brenton strange,380.0,0.20833333333333334,0.0044253845729406716
00-0038976,Marvin Mims Jr.,WR,DEN,IND,2.129075761099024,-0.5998232840880919,1.478093286815813,0.0,2.3234267981218917,0.598298084906982,0.7153633416858257,0.2240616454555285,0.18272665158624884,0.0,-0.2138076717560616,-0.6563686354412944,0.0,-0.4098190349784482,-0.24691179853299075,-0.5100365952303583,2.026175630969409,0.5004628278082989,0.7011273225403707,2.4140004810064225e-05,-0.305432420768422,0.0,0.0,-0.2815158145441418,0.8114184697098938,1.1128093060488606,-0.04452019005743276,-0.2776289945774076,0.1707737633777302,-0.39362055181025796,0.6504177096192277,0.42724671323960484,0.3136954188287896,0.03022486967388346,13,0.0,0.051798682899673355,2025.0,1.0,1.328180322359465,0.21144156514881532,marvin mims,310.0,0.24390243902439024,-0.03246087387557492
00-0033885,David Njoku,TE,CLE,BAL,1.3724215901769574,0.4316538199106034,1.2894333704352425,0.0,1.7130313543608138,6.86197947381105e-06,1.3699519708034706,1.4258659683321366,2.062214162146041,0.0,0.7673060224364809,0.9775561769745039,0.0,0.8089922302779755,-0.05453139723119358,0.5188555678838679,-1.4201160511947986,0.5445614355839723,1.5755151633828568,0.0,2.2722457947502233,0.0,0.0,-9.405245330857733e-06,-1.6807632265194004e-05,0.5239172726198864,0.9632568348231303,0.08091681854457929,0.6643675657351072,1.1122370080200272,0.4835107079562128,-0.8247142460208342,0.12240871327035403,-1.2358283178688252,2,0.0,1.3556624837606148,2025.0,1.0,-0.7855050789783283,0.21114687995456996,david njoku,320.0,0.23809523809523808,-0.02694835814066812
00-0030564,DeAndre Hopkins,WR,BAL,CLE,-0.346814486062063,-0.05206918133634716,-0.48265749844490297,0.0,-0.3797733976956832,0.00021958219563799497,-0.2040415351267512,0.20512639143235778,0.3609076963846869,0.0,-0.12857455244723742,-0.45051859892999224,0.0,-0.0915232053654373,-0.3138343841329553,0.33641126436605273,0.20210397495033733,-0.018581612817177903,0.18120422497360059,3.810835218005893e-05,-0.5151478405421878,0.0,0.0,4.4267473411124695e-05,0.0009236735994489131,1.0460150807477948,0.18159597005057218,-0.30698362255230416,0.2039944349708976,1.5332284286176041,0.9036633454839689,-0.2739320184637409,0.0015008883795919214,1.4113738015386563,7,0.0,-0.3393162134510165,2025.0,1.0,1.328180322359465,0.21030340648969487,deandre hopkins,360.0,0.21739130434782608,-0.007087897858131215
00-0039868,Troy Franklin,WR,DEN,IND,-0.012516138397497892,0.007444657073207031,-0.09302907541996444,0.0,1.6566732322377706,0.014966281160585135,-0.04603049853971342,-0.6088493143779393,-0.6249815533290808,0.0,-0.663835625345334,-0.5066458973274253,0.0,-0.1555161135719771,-0.5887610301323054,-0.2789844858671075,-1.1128843273322904,-0.45393646856392844,-0.2185068207448608,0.0,-0.5456927916100887,0.0,0.0,-0.0020485493228092,0.05501119561728589,-0.7597957918696535,-0.2229151588435866,0.2801089369456788,0.1707737633777302,-0.39362055181025796,0.6504177096192277,0.42724671323960484,0.3136954188287896,0.03022486967388346,13,0.0,-0.20221218910934657,2025.0,1.0,0.2713376216905684,0.21018466765414767,troy franklin,330.0,0.23255813953488372,-0.022373471880736046
00-0033908,Cooper Kupp,WR,SEA,PIT,-0.4173011277848842,-0.3890212073060248,-0.3614358155472101,0.0,-0.10556611941890998,0.012928276783042796,-0.3702730698628481,-0.2013446731504273,-0.3320476272337426,0.0,-0.36664209154767574,1.113693564993752,0.0,-0.29482788675862803,-0.21881507385672092,-0.13858885723216408,-0.8217306526923831,-0.08119963630595854,-0.04889170729833087,0.0012664491367123693,-0.6640772138969366,0.0,0.0,-0.0013812036930603226,0.04374232147271077,-0.14781156927585512,0.4098389473301943,0.013915833264203278,0.6729064925588149,0.18385712675102558,0.6098905230063066,0.6850430458634245,0.00404824710031119,-0.8329932127415997,26,0.0,-0.28072049211212613,2025.0,1.0,0.2713376216905684,0.20539509332635605,cooper kupp,330.0,0.23255813953488372,-0.027163046208527664
00-0036626,Dyami Brown,WR,JAX,CIN,-0.14739848549919035,-0.2881505971222963,-0.309453294920368,0.0,-0.2889184087768189,0.9030286368547211,-0.343657927106385,-0.8234281130120699,-0.834963900556551,0.0,-0.4488280804258543,0.002548282952398405,0.0,-0.44774923859709076,0.40332559091969167,-0.14207624410734385,-0.06004842584508301,0.023668138439543095,0.06944895684416455,0.0,-1.0285198708642525,0.0,0.0,0.673218674581063,4.3881759606098445,-0.8875002840901767,-0.08728255677994355,0.03008848488361095,0.0316753864286811,0.09615146968379933,0.8919250545027676,0.1768822428380849,0.07487562553799428,0.20286848615698008,6,0.0,-0.720835163690811,2025.0,1.0,1.328180322359465,0.2049675400599616,dyami brown,360.0,0.21739130434782608,-0.012423764287864486
00-0029263,Russell Wilson,QB,NYG,DAL,0.0,0.0,0.0,0.0,0.0,0.7979508192432684,0.0,0.0,0.0,0.0620920343676566,0.0,0.670888132026506,0.0,0.0,0.0,-7.999569205138554e-07,-3.0769374379424733e-07,7.999569205138554e-07,7.999569205138554e-07,1.6232405574725701,0.0,0.0,0.0,0.3716663669080927,0.8617806769937226,0.0657527240778627,4.602569140219664e-08,0.0,4.24926813764933,0.26446988219082257,0.5225983861961978,1.1160668244592196,0.05570249285921378,-0.6666512876230322,8,7.4191850260425625,0.0,2025.0,1.0,-0.5346699743522593,0.20459138627803253,russell wilson,500.0,0.16666666666666666,0.03792471961136587
00-0036309,Darnell Mooney,WR,ATL,MIN,1.6734627132410178,1.8134540165603008,1.6051206708537302,0.0,-1.670264914978317,0.00021982974957069184,0.9245323979379831,-0.8966011450534935,-0.9070372331739511,0.0,-0.6434383001615627,1.4144702069206476,0.0,1.139953268610581,-0.35774096782703924,0.8324193276767228,0.34252433950240835,0.8760625578393884,0.19824151123170936,2.6435159542125513e-05,-0.8807812847661812,0.0,0.0,-8.317727851638508e-05,0.0005642100152281431,-0.6474169648568115,0.681311767503606,0.08091688443848173,0.3000481741629133,-0.9357665847627264,1.0512314081821592,-0.14680841133219555,0.2129980550560807,-0.5452538519364386,20,0.0,-0.6097196245581218,2025.0,1.0,0.2713376216905684,0.20252370963256786,darnell mooney,225.0,0.3076923076923077,-0.10516859805973985
00-0033873,Patrick Mahomes,QB,KC,PHI,0.0,0.0,0.0,0.0,0.0,0.13198003012758378,0.0,2.409192032081857e-13,1.2045960160409296e-11,-0.7283170987555156,6.022980080204648e-12,0.6539050238784981,0.0,0.0,0.0,-0.0013395045069828524,-0.0005276793390117381,0.002642133885224507,0.0013149207136006493,0.9882033292262936,1.3384400044388548e-12,0.0,0.0,1.711115859631576,0.8984616840362961,1.4325765196063258,6.719107201842366e-05,0.0,-0.88376494547779,0.22290272216463763,0.6833722184349974,0.946304037756645,0.0009573318179038651,0.015680516257895214,25,-0.44464353523988165,0.0,2025.0,1.0,-0.5346699743522593,0.2023896767615158,patrick mahomes,390.0,0.20408163265306123,-0.0016919558915454158
00-0039923,J.J. McCarthy,QB,MIN,ATL,0.0,0.0,0.0,0.0,0.0,-0.5518398678259089,0.0,0.0,0.0,-0.74288097669803,0.0,0.6918730754502598,0.0,0.0,0.0,0.0,0.0,0.0,0.0,0.990209481642074,0.0,0.0,0.0,2.0740671318893944,0.5956415326468724,4.18366494499678,0.0,0.0,0.9897851699278438,0.542687684151771,0.4423465529190415,1.3570812856920385,0.6993078860089404,0.4705683855118468,1,1.7307138910059066,0.0,2025.0,1.0,-0.5346699743522593,0.2016958603311044,jj mccarthy,425.0,0.19047619047619047,0.011219669854913933
00-0039880,Malik Washington,WR,MIA,NE,1.3104035716452131,0.18537623555889246,1.3328164033171974,0.0,3.500787881585065,0.5080583971108377,0.8251623244639711,-0.6341603708384979,-0.6408186581552876,0.0,-0.6856917621513873,0.23160183442500093,0.0,0.06502298218524764,-0.05458227594393106,-0.26422430052814394,-0.1342760181862837,-0.16562553599341603,0.04317932227205783,0.007002547594213012,-1.0439171430956653,0.0,0.0,0.05553083998737931,1.5145549428495217,-0.8456679596987797,0.047776861714213546,0.27111316385659656,0.054277742381471206,-0.9973052858497227,0.9339513667694092,0.008816126172965582,0.442772862775828,0.14532061399594787,21,0.0,-0.7399705754954595,2025.0,1.0,1.328180322359465,0.20122902427729966,malik washington,600.0,0.14285714285714285,0.05837188142015681
00-0034115,Jeff Wilson,RB,MIA,NE,0.0,0.0,0.0,-0.8913615265957725,0.0,5.479253046875818,0.0,1.1568554703809963,0.7654407589639217,0.08145661810779539,-0.38597628525234445,-0.19731383750598022,-0.8573837953239367,0.0,0.13436516304171772,6.4943122328516605,-0.014038792667272676,6.215374848680283,1.2704069704125065,0.6951180063624943,-0.27357359830480255,-0.896138425563915,-0.2109353155635493,0.3295375328120484,26.659139851421656,-1.0277304802571594,-0.14949244469310743,0.0,0.054277742381471206,0.09168588038453629,0.6543410722999078,0.942309537035285,1.3292679660335796,0.14266902845070178,21,1.0336051685710983,0.27805690340708905,2025.0,1.0,1.9175071814067663,0.19966540253446305,jeff wilson,1000.0,0.09090909090909091,0.10875631162537214
00-0038129,Cade Otton,TE,TB,HOU,-0.3204771636993901,-0.7533741155028806,-0.3832549778489379,0.0,-0.21172407173714472,0.0035997107680184213,-0.34844701789696453,0.2880951581444345,0.24679039800116506,0.0,0.029277141457805748,1.3665874875208535,0.0,-0.5842134243809262,-0.09089221677692579,-0.24214062190715988,-0.46787161671054467,-0.15672839790619522,-0.1878703730242337,0.0,0.260082675232188,0.0,0.0,-0.0047365361583955315,-0.014398843072073685,-0.5373239100650916,0.0460526849736609,-0.36128968430586944,0.2513759927260177,1.280640348193361,0.6101352841003179,-0.8221508444475203,0.009079454985036099,-0.5452538519364386,12,0.0,0.13442112741006956,2025.0,1.0,-0.7855050789783283,0.19731960034987794,cade otton,360.0,0.21739130434782608,-0.020071703997948137
00-0033857,JuJu Smith-Schuster,WR,KC,PHI,-0.34652405220530436,-0.5344824534707979,-0.16914725649119963,0.0,0.6310499864792486,1.3510309518781748e-06,0.17429824049425668,-0.8711019656180798,-0.8777031398994508,1.0411767508308995e-07,-0.622927350683344,0.4042636597870795,0.0,-0.5969778272641575,0.6646667800111856,-0.7767703702076223,0.03752788172806253,-0.36308995322725074,-0.24381713197411753,1.0411767508308995e-07,-0.8394124932648532,0.0,0.0,-1.214434629649872e-07,4.053092855634524e-06,-0.5104212038062381,-0.6088790760638968,-0.035453313784487836,0.022508549051636805,-0.5240711068224438,0.6833722184349974,0.018051586350960602,0.0009573318179038651,0.03022486967388346,25,0.0,-0.5575841992354976,2025.0,1.0,1.328180322359465,0.19178888850904188,juju smithschuster,310.0,0.24390243902439024,-0.052113550515348356
00-0038797,Emanuel Wilson,RB,GB,WAS,0.0,0.0,0.0,-0.18948794085818566,0.0,6.045784193946458,0.0,-0.3368507586400777,-0.3300074638160398,-0.3200047617459633,-0.38597628525234445,-0.8043445739136477,-0.1252223875580749,0.0,-0.060008177660168464,-2.1005989954803805,-0.30670289233302667,0.1421939017429862,0.3577273234226815,-0.7277617899361039,-0.7803907331618004,-0.1864145621595999,0.2566158450855839,1.116000124140666,30.062572434444768,0.8126454240488783,-1.2054126187736052,0.0,0.040939318976922434,0.3138651021617542,0.3685787275298787,0.3070360828672106,-0.5533476159247023,0.8416957993468962,31,-0.4700256624545191,-0.44579714875427845,2025.0,1.0,0.9291191285150003,0.18882433013094607,emanuel wilson,800.0,0.1111111111111111,0.07771321901983497
00-0034983,Hunter Renfrow,WR,CAR,ARI,-0.17003042930232098,-0.09439188737561852,-0.06859296163102192,0.0,0.4002052706589356,0.00010912957100830914,-0.18653363785574045,-0.9252999590940434,-0.9319225366272701,0.0,-0.6846828341325404,-0.4490493959864933,0.0,-0.2831303242774307,-0.1593145116064266,-0.43323425629782997,-1.0252936700789435,-0.7411194099857954,-0.604710022433135,0.0,-0.21426151470899227,0.0,0.0,-0.00010917436448588541,-0.00028979058739776194,-0.8922126339555576,-0.28594435103310695,0.4277454482312021,0.3874449549143641,-1.1712463571407348,0.7776609787795629,-0.7877114477015661,0.2526673747248363,-0.7754453405805675,0,0.0,-0.2941481511830362,2025.0,1.0,1.328180322359465,0.18735284155546805,hunter renfrow,425.0,0.19047619047619047,-0.003123348920722413
00-0039875,Ray Davis,RB,BUF,NYJ,0.0,0.0,0.0,-0.2497094747376333,0.0,6.554279776318913,0.0,-0.3368507586400777,-0.3300074638160398,-0.619180512543132,1.7356885642131548,-0.5627323374537118,0.015111408673690372,0.0,0.6701560184479465,-3.7054660213990562,0.8260652252426398,5.384723120049743,1.230203047425608,-0.7810776934963182,1.2324253907734195,-0.10846244194323211,0.4137825194979507,-0.30277890089939313,23.357213691139307,0.400332982829651,-0.5935361325656711,0.0222222222222222,0.2607154342727115,0.6905793882853771,-0.1739083785899661,1.2809942195805868,0.5314948144720231,1.0164524920709448,24,-0.6198234265038401,1.3476328085355953,2025.0,1.0,-0.059268924376765696,0.18704832765744026,ray davis,500.0,0.16666666666666666,0.020381660990773598
00-0030506,Travis Kelce,TE,KC,PHI,0.9762373594055507,0.13906271361930306,1.241544826123791,0.0,-1.0341093770008551,0.0018368073667185613,0.8726036608234061,-0.1878895441632092,-0.06955069141483096,0.00036733470867632284,1.2280186029169515,1.1843539638138592,0.0,0.38972971028923736,0.20907133668235214,0.18425866650167655,0.6925596130532955,0.7364995503486188,1.1547722100145976,0.0002296054003649647,1.3329405648101431,0.0,0.0,-0.00016934664413567315,0.001837236384046908,1.5323964636166167,0.555758923172072,-0.30698362255230416,0.022508549051636805,-0.5240711068224438,0.6833722184349974,0.018051586350960602,0.0009573318179038651,0.03022486967388346,25,0.0,-0.2851234461342463,2025.0,1.0,-0.7855050789783283,0.1860527023761204,travis kelce,165.0,0.37735849056603776,-0.19130578818991736
00-0033881,Evan Engram,TE,DEN,IND,0.5208017202074708,-0.16086569200060283,1.2830914998143814,0.0,-0.27514668460443004,2.3432628263370807e-05,1.024727843071356,-0.7752211515051657,-0.775710060848535,4.546148194500152e-10,0.15393768812621028,0.23049446925190897,0.0,-0.0676254974373914,0.51501538838284,-0.37182085253002495,-0.16978989585683193,0.0039987602875291494,1.0169019696272121,2.271081963942265e-08,-0.21975024534951462,0.0,0.0,2.3309945216510927e-05,0.00030080773277382404,-0.6656708231070457,0.3982572711600023,-0.2776289945774076,0.1707737633777302,-0.39362055181025796,0.6504177096192277,0.42724671323960484,0.3136954188287896,0.03022486967388346,13,0.0,-0.5806093678771275,2025.0,1.0,-0.7855050789783283,0.18600782412911773,evan engram,265.0,0.273972602739726,-0.08796477861060828
00-0034407,Ray-Ray McCloud,WR,ATL,MIN,0.10798868908416802,0.8199048373248038,0.25142168880709215,0.0,2.277548236090135,0.39335282304970093,0.5104917248533615,-0.8730418980694774,-0.8969867411134747,4.780528270793503e-10,-0.6856907238154664,0.8717755236091099,0.0,0.07843570997708153,0.6996376988339079,-0.011759201022390614,-0.03590056905933692,0.45286616780559297,0.1889125097547925,0.018221580074502933,-0.6445002986524613,0.0,0.0,0.19633657761634407,3.406024878866581,-0.8462647537401901,-0.020563169697517977,-0.16475346081678227,0.3000481741629133,-0.9357665847627264,1.0512314081821592,-0.14680841133219555,0.2129980550560807,-0.5452538519364386,20,0.0,-0.4151319296785479,2025.0,1.0,1.328180322359465,0.18313791066093377,rayray mccloud,245.0,0.2898550724637681,-0.10671716180283436
00-0031236,Brandin Cooks,WR,NO,SF,-0.15700059412321926,0.6030551625623247,0.0015213489778287102,0.0,-0.8042321222062193,0.2390035553070151,-0.14293712398952196,1.3216666066297904,1.348314713246537,0.0,0.9002901701647688,0.5588770710448006,0.0,0.5589502251097795,-0.23155069989490704,0.4051171322539799,-1.2815714872009674,-0.19662519753888458,0.0992340625990135,0.006466711254069879,0.0007286158517045591,0.0,0.0,-0.25409639789633787,-0.954969328912431,-0.34753501268363496,0.488608423576053,-0.38645590804532587,0.0687549655940788,0.05531494748826672,1.168760669635824,0.7190412017351904,0.015669534598864422,-0.7754453405805675,28,0.0,0.5072543435809808,2025.0,1.0,1.328180322359465,0.1831176642405742,brandin cooks,700.0,0.125,0.05811766424057421
00-0036355,Justin Herbert,QB,LAC,LV,0.0,0.0,0.0,0.0,0.0,0.6134347194431009,0.0,0.0,0.0,-0.39961274169637545,4.0126400166938546e-07,0.6180772519318459,0.0,0.0,0.0,-0.00032540074724849566,7.943131141947623e-05,0.00044959472578935737,4.644417396550233e-05,-0.5091324304134143,2.6768074530167457e-07,0.0,0.0,0.49244753124036766,0.6575119466825945,-0.5154950393540177,9.98292292167659e-07,0.0,-0.9257835721955873,0.44255367496101533,0.41568276454145103,0.9219208273604723,0.07250375529578955,0.5842903528253347,18,-0.5495056815715844,0.0,2025.0,1.0,-0.5346699743522593,0.18077694246366727,justin herbert,475.0,0.17391304347826086,0.0068638989854064025
00-0036265,AJ Dillon,RB,PHI,KC,0.0,0.0,0.0,-0.2711815330615979,0.0,8.448856326543341,0.0,-0.31960570186063847,-0.3168739266371994,-0.14782108250415682,-0.3640968148712266,-0.3794372073876034,-0.2521466331832831,0.0,-0.7873876940982913,0.04434264921338957,0.12854866334906295,8.231981994048486,0.740564487088176,0.0011430734043408322,-0.6637569627469725,-0.25030589572431483,-0.5286636559554211,-0.3582393588062788,28.955479283903504,-0.4186039599262787,-0.8803480418042559,0.0,0.17599553997256578,0.15688783798774497,-0.6922259053368796,1.977903317213997,-0.9322418662872579,0.3756779520827666,15,-0.3686323054505892,-0.45248615283560284,2025.0,1.0,1.9175071814067663,0.1795770367534109,aj dillon,750.0,0.11764705882352941,0.0619299779298815
00-0038393,Dontayvion Wicks,WR,GB,WAS,-0.34671979541518655,0.3944264776077551,0.15164614637852197,0.0,0.10313731863950988,3.239526464130074e-05,0.6157289908989011,-0.5082630263913896,-0.5399409562822802,0.0,0.40031527215776247,0.13989614064638287,0.0,0.218335020533228,0.020888865131359898,0.006551848408418387,0.2519264126463673,-0.04244005427731497,0.1620541530238401,0.0,0.9895385788128992,0.0,0.0,-1.2175901879219273e-05,3.239526464130074e-05,-0.36456934976006744,0.28740546775737863,-0.4550910636983888,0.040939318976922434,-0.19601484029194813,0.8228718713535192,-1.4599638534458836,0.07476300472024246,0.8358950799283343,31,0.0,-0.1910236590457107,2025.0,1.0,2.3850230230283613,0.17913384892581793,dontayvion wicks,450.0,0.18181818181818182,-0.0026843328923638887
00-0034975,Justice Hill,RB,BAL,CLE,0.0,0.0,0.0,-1.037968706469327,0.0,2.417824502777267,0.0,-0.24270799378918664,-0.2795536657306338,-0.7915506759040644,-0.38597628525234445,-0.07377508843978013,-0.8573727903420018,0.0,-0.3983536875048822,-2.653660003372582,0.20744817511224106,16.153423756813478,2.0925822541862504,-0.7425713637779826,-0.3891169592494971,-0.9975577656065411,-0.1579985591412645,0.20123004197379743,9.53471039880318,-0.0877245441814671,0.9060622867989256,0.105263157894737,0.2039944349708976,0.7933440799528539,0.5764223173706894,0.820015937588493,-0.9281321462057268,1.4242181084270582,7,-0.4407477296615844,-0.4508567446325034,2025.0,1.0,-0.059268924376765696,0.17767726641456255,justice hill,380.0,0.20833333333333334,-0.03065606691877079
00-0037263,Tyler Allgeier,RB,ATL,MIN,0.0,0.0,0.0,0.24160353027915724,0.0,8.579793988460523,0.0,-0.3368507586400777,-0.3300074638160398,-0.5657693510259727,-0.38577944590108065,-0.7448561471764855,0.429154535723662,0.0,0.08447982218745714,-0.07642977972802852,0.2460044922253027,4.851611804638852,0.6100179652065355,-0.6469078722211286,-0.8014961862888711,0.3563627613077883,-0.49006704512081356,0.009765181604190652,32.609026680662275,-0.7423290171708998,-1.0677531888420717,0.0,0.3000481741629133,0.10874913228338078,0.9560548989909081,0.8749991577640015,0.15381675491595165,-0.5563577424454926,20,-0.25386563553076713,-0.4466564281036111,2025.0,1.0,-0.059268924376765696,0.17613041436024207,tyler allgeier,330.0,0.23255813953488372,-0.056427725174641646
00-0040179,DJ Giddens,RB,IND,DEN,0.0,0.0,0.0,1.5137079906869968,0.0,12.0,0.0,-0.3368507586400777,-0.3300074638160398,0.01397998907488026,-0.38597628525234445,-0.6235709592370752,0.8516075687145589,0.0,-0.04450075579759117,0.0,-0.007553852139574016,0.0,0.0,-0.6462831793805105,-0.8108874057161387,1.2376270663901423,-0.5259800414179907,1.1204643598010198,41.0,-1.0277304802571594,-1.3940893505330474,0.0,0.22119294912017282,0.1318181880266351,-1.1151570910561173,0.65267643344506,0.16720249846491847,-0.5563577424454926,9,-0.7610181834669841,-0.45280142731106665,2025.0,1.0,-0.059268924376765696,0.17595772944222876,dj giddens,700.0,0.125,0.05095772944222876
00-0039917,Michael Penix Jr.,QB,ATL,MIN,0.0,0.0,0.0,0.0,0.0,-0.14266250369231273,0.0,0.0,0.0,0.9602286492131451,0.0,0.287479949892223,0.0,0.0,0.0,0.0,0.0,0.0,0.0,-0.005648430472840428,0.0,0.0,0.0,1.3493581814103839,-0.3748483944305236,2.0512494354280335,0.0,0.0,0.43955228691153797,0.10874913228338078,1.0512314081821592,0.8749991577640015,0.2129980550560807,-0.5529293203095443,20,0.2740943758126239,0.0,2025.0,1.0,-0.5346699743522593,0.17266376770094422,michael penix,650.0,0.13333333333333333,0.039330434367610884
00-0039376,Spencer Rattler,QB,NO,SF,0.0,0.0,0.0,0.0,0.0,-0.2367067163875732,0.0,0.0,0.0,-0.74288097669803,0.0,0.510206075728309,0.0,0.0,0.0,0.0,0.0,0.0,0.0,-0.20592024551336957,0.0,0.0,0.0,1.29215964198751,0.522144746265094,-0.7162800988825386,0.0,0.0,-0.6632606483982957,0.3835530124170316,1.168760669635824,1.2494945090869056,0.015669534598864422,-0.7803732549365201,28,-0.4135880250417685,0.0,2025.0,1.0,-0.5346699743522593,0.17058643676508947,spencer rattler,475.0,0.17391304347826086,-0.0033266067131713928
00-0038454,Keaton Mitchell,RB,BAL,CLE,0.0,0.0,0.0,-0.47605320491541936,0.0,7.449507743158017,0.0,0.278505464495744,0.0692083608122261,-0.9192014638748908,-0.38597628525234445,-0.46473241817495664,-0.657467572456873,0.0,-0.035814815124319326,-1.9595991008654527,0.48490906930842775,12.923803664756083,0.9310971669574357,-0.849217237725953,-0.5171663069560839,-0.8674885617271649,-1.052026203584607,0.30371650908663095,36.513648969302,-0.7599725448457565,-0.6036901097827807,0.0,0.2039944349708976,0.7933440799528539,0.5764223173706894,0.820015937588493,-0.9281321462057268,1.4242181084270582,7,-0.5454225993111417,-0.451447149556728,2025.0,1.0,1.9175071814067663,0.16942316220685333,keaton mitchell,600.0,0.14285714285714285,0.02656601934971048
00-0039793,AJ Barner,TE,SEA,PIT,-0.5035645099239996,-0.9094312978282947,-0.3798809032033831,0.0,0.36519670763519657,0.2875627544081852,-0.17838632487247968,0.12859780385288522,0.058933690974952394,0.0,1.3430920276500773,0.020542446044897102,0.0,-0.8452280700234557,0.652082259930017,-1.0479660521742056,-0.32515077519386903,-0.8081299272791855,-0.32186544061538386,0.04108039554090327,0.42777645405815773,0.0,0.0,0.0669261689980612,0.5751255088163704,1.0144619269272699,-0.6530536650341161,-0.4550910636983888,0.6729064925588149,0.18385712675102558,0.6098905230063066,0.6850430458634245,0.00404824710031119,-0.8329932127415997,26,0.0,-0.1911760859489149,2025.0,1.0,-0.7855050789783283,0.1653327250361552,aj barner,450.0,0.18181818181818182,-0.01648545678202662
00-0038563,Tre Tucker,WR,LV,LAC,-0.6915083770705672,0.052860889223097146,-0.5386231126597486,0.0,-0.2777764164330369,0.33545167651732616,-0.677122129198009,0.6851793683694094,0.704649278058628,0.0025712971839812644,-0.6856917621513873,1.2777514874147107,0.0,-0.15202294192286234,-0.4731233467134403,0.9627830092614157,0.5551291412976795,0.0887925779655725,-0.2522823667100886,0.0039665756912950255,-0.8284906943515175,0.0,0.0,-0.13786503790054885,0.6417092111853444,1.3198836366906277,0.21288541593559426,-0.4550910636983888,0.320426504326425,0.5379950873625273,0.17258718809061602,-0.15398663965997433,0.1794531590390648,-0.19996661897024537,17,0.0,-0.567474594783717,2025.0,1.0,0.2713376216905684,0.16531392191135247,tre tucker,255.0,0.28169014084507044,-0.11637621893371797
00-0037348,Tanner Conner,WR,MIA,NE,-0.9859290502998239,-0.9788765439970513,-1.076195116208836,0.0,-0.299371720492203,0.0,-1.0637870082686187,0.1577102464805668,0.05568386397634034,0.0,-0.6856917621513873,-1.2413435461307862,0.0,-0.8951406048177183,-0.414329511301712,-0.6442022070591576,-1.3041164066110027,-0.915170297017065,-0.7650734765006609,0.0,0.004540789792269355,0.0,0.0,0.0,0.0,-0.9115866676019854,-0.5557583601902648,-0.061730440439438844,0.054277742381471206,-0.9973052858497227,0.9339513667694092,0.008816126172965582,0.442772862775828,0.14532061399594787,21,0.0,0.18990225892755105,2025.0,1.0,1.328180322359465,0.1639278450649624,tanner conner,850.0,0.10526315789473684,0.05866468717022558
00-0036919,Kenneth Gainwell,RB,PIT,SEA,0.0,0.0,0.0,-0.43911322427465965,0.0,6.465393309835448,0.0,-0.3368507586400777,-0.3300074638160398,-0.906995459691287,-0.3859761754635577,0.01727224622242203,-0.09078278886889297,0.0,-0.16300742861480033,-0.050320557533832896,-0.8940795830020108,8.19152112827873,1.924108378056492,-0.38769681635683323,-0.28914386906293943,-0.7311254196530397,-1.3595340805175222,-1.259241730294188,16.01930060504746,-0.8787190761393217,0.28622319276657077,0.137931034482759,0.020802770482795295,0.7968017619632698,-1.4437968070860532,0.8396172336508811,-0.46945503799542787,-0.14859212608937922,27,-0.8083531048420453,-0.3066860695546421,2025.0,1.0,-0.059268924376765696,0.16340071323863029,kenneth gainwell,255.0,0.28169014084507044,-0.11828942760644015
00-0037112,Jake Tonges,TE,SF,NO,-0.9859290502998239,-0.9788765439970513,-1.076195116208836,0.0,-0.299371720492203,0.0,-1.0637870082686187,0.6726078567543684,0.7148564746468025,0.0,1.8358606849926011,-1.189877458902662,0.0,-0.8951406048177183,-0.09666576920119752,-0.9613466296319472,0.42256437700954763,-1.0043518690401094,-0.5674054284933435,0.0,0.03737417131898653,0.0,0.0,0.0,0.0,1.8340269175153054,-0.7740963429959113,-0.48267970469618793,0.0010079464191690844,-0.5701458688497751,0.7159385408595069,0.6303926929702979,0.2915127352732966,0.2604163583180123,22,0.0,-0.570705842290852,2025.0,1.0,1.328180322359465,0.1628151853964958,jake tonges,450.0,0.18181818181818182,-0.019002996421686014
00-0039794,Braelon Allen,RB,NYJ,BUF,0.0,0.0,0.0,-0.8707007161849672,0.0,5.009767320252097,0.0,-0.3368507586400777,-0.3300074638160398,-0.08481076471538485,-0.38597628525234445,-0.5496462527374313,-0.7856779149338737,0.0,0.6693551382388679,0.6362520133766675,-0.13065373387916376,5.088001392754369,0.844309467453683,-0.08028590996525824,-0.804430321989862,-0.7906687582690206,-0.19284857484278137,-0.3282959786335579,14.531452614366414,0.1379618734929702,-0.7415635368357756,0.0,0.4934356054882013,0.3060545987566863,0.6348309024351025,1.4381485327529986,-0.3517577100655715,-0.6146099733535088,3,0.23757706216703867,-0.4505367292976919,2025.0,1.0,-0.059268924376765696,0.1613439026614835,braelon allen,220.0,0.3125,-0.1511560973385165
00-0037258,Dameon Pierce,RB,HOU,TB,0.0,0.0,0.0,-0.469786779450408,0.0,6.147103652195675,0.0,-0.3368507586400777,-0.3300074638160398,-0.8986242078090942,-0.38570070865801315,-0.7069899001462432,-0.07168280702185813,0.0,-0.05725475320158823,-1.593281587820966,-0.5317334713642434,0.25417961738382183,0.1198967643829183,-0.3707642368271372,-0.3808548018538777,0.02508009442915512,2.569781616628135,0.7606695814362546,42.26971264798067,-0.14047745561921743,-0.8983369951470787,0.037037037037037,0.3833797721242485,0.05472500589934953,-1.3501334370317142,0.8740708578517371,0.7196128932501842,0.026164566634669394,29,-0.7723141288013616,-0.025305088649887245,2025.0,1.0,-0.059268924376765696,0.16119874810505724,dameon pierce,700.0,0.125,0.036198748105057243
00-0039363,Isaac Guerendo,RB,SF,NO,0.0,0.0,0.0,-0.45642825757792066,0.0,5.423289396867205,0.0,-0.3368507586400777,-0.3300074638160398,-0.33648825542722255,-0.38597628525234445,-0.5701767910486771,-0.12927297691037037,0.0,-0.01648262682578094,5.229085445773875,0.7400715456983523,15.606774629984592,1.3139523308881709,-0.7203297990546511,-0.8108874057161387,-0.47419056605639476,0.129933485562949,0.21466365886754243,22.95344840524917,-0.41666047182327054,-0.3726844605586947,0.0,0.0010079464191690844,0.21012726124712083,0.09348277807829192,1.2111524529917945,0.5554716485386004,0.2591734902667342,22,-0.522237114285096,-0.45280142731106665,2025.0,1.0,0.9291191285150003,0.15981561048395757,isaac guerendo,475.0,0.17391304347826086,-0.0140974329943033
00-0036894,Pat Freiermuth,TE,PIT,SEA,0.023064369591216174,-0.18453310004619725,0.480839975931981,0.0,-0.20668626699704676,0.0,0.3645793213749839,0.09862630115505643,-0.10374818539130552,0.0,-0.6246599415719651,0.2781907670240167,0.0,0.2093237552989605,0.19002473919431656,-0.080884616371485,0.4055680297577938,0.48712078968667294,1.0254082942723146,0.0,1.8404530146996665,0.0,0.0,0.0,0.0,0.9221680955572619,0.6475872393248931,-0.3257098507431894,0.020802770482795295,1.5456985756302772,0.11837821229128537,-0.22861296563361821,0.09116215491932625,-0.14241874680921315,27,0.0,1.4142875869724465,2025.0,1.0,0.2713376216905684,0.15950624806513825,pat freiermuth,360.0,0.21739130434782608,-0.057885056282687836
00-0039394,Casey Washington,WR,ATL,MIN,-0.47741544090491284,0.7810422649072479,-0.4469773413480862,0.0,-1.1725256636842358,0.0,-0.1447173825320557,-0.9329390563681516,-0.9399691508932457,0.0,-0.6856917621513873,-0.42861129923554125,0.0,0.19707005987500975,0.1411415993695309,0.4655874837419971,0.21487996576830268,-0.629046793465043,-0.6599042120295208,0.0,-1.1086117928300876,0.0,0.0,0.0,0.0,-0.9115866676019854,-0.2352224466724668,0.08091681854457929,0.3000481741629133,-0.9357665847627264,1.0512314081821592,-0.14680841133219555,0.2129980550560807,-0.5452538519364386,20,0.0,-0.7973479822883568,2025.0,1.0,2.3850230230283613,0.15849138205391528,casey washington,800.0,0.1111111111111111,0.04738027094280417
00-0036415,Van Jefferson,WR,TEN,LA,-0.9505328174634451,-0.9028598923263477,-1.0326786454646755,0.0,-0.30885490477704214,4.570970872015328e-05,-0.997460320841105,-0.5374995951969316,-0.6271906068362694,0.0,-0.6429841328427652,0.28672140477034125,0.0,-0.8517013251083271,-0.42904105201409326,-0.5932378699932205,-0.6963898054331379,-0.7513135556591644,-0.6573907589318958,0.0,-0.6628799952985653,0.0,0.0,-7.742839870236654e-06,0.00018498045281611683,-0.51499758857847,-0.4739979533583884,0.03008847958179775,0.16017826304580493,0.728654713071571,0.09401781950329521,-0.3927799327222781,0.05324944836641776,-1.0056368292246962,16,0.0,-0.4748998998507552,2025.0,1.0,3.441865723697258,0.15826608913591445,van jefferson,1400.0,0.06666666666666667,0.09159942246924778
00-0037617,Hassan Haskins,RB,LAC,LV,0.0,0.0,0.0,-0.5176242715520392,0.0,4.029888075589529,0.0,-0.3368507586400777,-0.3300074638160398,-0.18535066418868007,-0.38597628525234445,-0.8653257624305187,0.19685334960400164,0.0,0.4205750509589195,0.9116601280480141,0.60248080770751,5.704265428718095,0.3836735646283634,-0.5677003272948947,-0.8108874057161387,-0.7609352386626784,-0.5043497596622915,0.3280471972057,11.793118228667918,0.28786480521341407,-1.1238417174918012,0.0,0.01369597288205726,0.44255367496101533,-0.6789531638581088,0.9219208273604723,-0.5649051817803509,0.6086868757148314,18,-0.6185801745644691,-0.45280142731106665,2025.0,1.0,0.9291191285150003,0.15824608743427818,hassan haskins,800.0,0.1111111111111111,0.04713497632316707
00-0038611,Chris Rodriguez Jr.,RB,WAS,GB,0.0,0.0,0.0,-0.44567700183287035,0.0,5.3019642423711835,0.0,-0.3368507586400777,-0.3300074638160398,-0.2547011889542476,-0.38597628525234445,-0.9779225883779552,-0.5075584370386743,0.0,0.8513663252670006,0.16189156883547767,0.3600584954261221,3.7775755034633267,0.33656654665474806,-0.5576031578184745,-0.8108874057161387,-0.16462589392828958,0.7218221047919794,0.9730652860910703,23.73038630359092,0.6630983475899042,-1.196278422762479,0.0285714287310838,0.00988249693290696,0.042419559444668964,-0.7070059191965158,0.9686790896230817,0.2818403230152423,0.026164566634669394,11,-0.6219502640385619,-0.45280142731106665,2025.0,1.0,1.9175071814067663,0.1582023846222929,chris rodriguez,425.0,0.19047619047619047,-0.03227380585389755
00-0040198,Ollie Gordon II,RB,MIA,NE,0.0,0.0,0.0,-1.0402204016532295,0.0,2.0,0.0,-0.3368507586400777,-0.3300074638160398,-0.9192014638748908,-0.38597628525234445,-0.6235709592370752,-0.8573837953239367,0.0,0.009536760923746926,-5.0,-3.743330555677388,-1.0,1.0,3.128718639617955,-0.8108874057161387,-0.9982648413317979,-0.1542034303783317,0.5517236407119973,4.0,-1.0277304802571594,-0.9519964366192067,0.032258064516129,0.054277742381471206,0.09168588038453629,0.6543410722999078,0.942309537035285,1.3292679660335796,0.14266902845070178,21,3.5022878830627966,-0.45280142731106665,2025.0,1.0,0.9291191285150003,0.1567479429104452,ollie gordon,330.0,0.23255813953488372,-0.07581019662443853
00-0039921,Trey Benson,RB,ARI,CAR,0.0,0.0,0.0,-0.8760334089637909,0.0,5.472129706683944,0.0,-0.3368507586400777,-0.3300074638160398,-0.829546099649173,-0.38597628525234445,-0.7901615854908065,-0.7955546991094434,0.0,-0.3136341661822358,-1.6568671282827598,0.22290839623949982,4.439016713342667,0.5952758256099611,-0.697074106883641,-0.8108874057161387,-0.7817331257214248,0.01231535292980478,0.6517754123910632,36.65226197754353,-0.8772015793813395,-1.0810865348845455,0.0344827586206897,0.4047746559437065,0.5886529225527634,-0.1668619571828575,1.3568967221084152,-0.3379507921651699,0.7251913375308637,4,-0.5624072898308703,-0.45280142731106665,2025.0,1.0,-0.059268924376765696,0.15645217180459353,trey benson,265.0,0.273972602739726,-0.11752043093513248
00-0039847,Theo Johnson,TE,NYG,DAL,0.9777249006881772,-0.16764401350284272,1.5879158868020529,0.0,0.364433081234014,0.0,0.6579453970373614,-0.8939138733318949,-0.8997461761536342,0.0,-0.6550467386453672,1.0529041101852332,0.0,-0.19678442985676087,0.1321191074676065,-0.6072984527468323,-0.5731919604199797,-0.09289459068120336,0.05454372917379966,0.0,-0.7656711091924858,0.0,0.0,0.0,0.0,-0.5526634584197869,-0.10429879677764353,-0.42577813263822645,1.0990607488613864,-0.3741589417175053,0.5225983861961978,0.41055056573862686,0.05570249285921378,-0.660349596258503,8,0.0,-0.7119840928386004,2025.0,1.0,-0.7855050789783283,0.15607432369371924,theo johnson,425.0,0.19047619047619047,-0.03440186678247123
00-0039066,Michael Mayer,TE,LV,LAC,-0.8833793880792226,-0.8779679916381946,-0.8224476081558159,0.0,-0.23817909852497973,0.0,-0.8679019218821058,-0.9282570822411951,-0.9362464858018659,0.0,-0.6849384039492987,0.483472445662597,0.0,-0.7868642523958518,0.46018908637392864,-0.7664649927989167,0.28671052573029654,-0.43213952785502774,-0.03108444166745626,0.0,2.2092644617393176,0.0,0.0,0.0,0.0,-0.8816826148129544,-0.630024233807557,-0.1424197990566604,0.320426504326425,0.5379950873625273,0.17258718809061602,-0.15398663965997433,0.1794531590390648,-0.19996661897024537,17,0.0,0.8183356999171187,2025.0,1.0,0.2713376216905684,0.15379162241115066,michael mayer,245.0,0.2898550724637681,-0.13606345005261747
00-0036328,Antonio Gibson,RB,NE,MIA,0.0,0.0,0.0,0.3070657179707397,0.0,7.078620062769024,0.0,-0.3368462792846943,-0.3300032943275926,-0.3053738655125493,-0.3855902276426943,-0.06907351097228488,-0.3174009593576961,0.0,-0.7390111658506,12.137952423889487,-0.4728446073050119,8.417642390428583,1.2993321761846666,-0.6700156006024492,0.23239839953381283,0.2536220635098374,-0.17682678689370016,-0.7242411579157602,29.874940654910056,-0.8178639682217238,0.48816817186846984,0.0222222222222222,0.5717123177444071,0.366684450851966,-1.4383208372025538,1.1048768026963869,0.2696211219502932,-0.2068443569973954,19,-0.8433649717937405,0.30240864904917236,2025.0,1.0,0.9291191285150003,0.15178014807072124,antonio gibson,1100.0,0.08333333333333333,0.06844681473738791
00-0040734,TreVeyon Henderson,RB,NE,MIA,0.0,0.0,0.0,-1.0402204016532295,0.0,5.0,0.0,-0.3368507586400777,-0.3300074638160398,-0.9192014638748908,-0.38597628525234445,-0.15039816867220698,-0.8573837953239367,0.0,-0.3857903350902523,-19.0,-3.2461167225638454,24.0,6.0,0.9508329580581814,-0.8108874057161387,-0.9982648413317979,-0.1542034303783317,0.6509379117517177,27.0,-1.0277304802571594,0.7693855206895792,0.133333333333333,0.5717123177444071,0.366684450851966,-1.4383208372025538,1.1048768026963869,0.2696211219502932,-0.2068443569973954,19,-0.6312136854274739,-0.45280142731106665,2025.0,1.0,-0.059268924376765696,0.15029461582531767,treveyon henderson,155.0,0.39215686274509803,-0.24186224691978037
00-0038933,Dalton Kincaid,TE,BUF,NYJ,0.3966331051384592,0.1352307155783055,0.5012492244578071,0.0,0.3465054514702424,0.0,0.026072349690949653,-0.045117873373336254,0.1749529435753226,0.0,0.1384236318437006,-0.3454054271433841,0.0,0.04074487415933144,-0.340650504274063,-0.025373626316985053,0.0795395515460743,0.06693794531777039,0.3319461204292948,0.0,0.62431956252097,0.0,0.0,0.0,0.0,0.6468121457809958,0.10829858517162534,-0.47593581467450385,0.2607154342727115,1.1626070675597837,0.6120001623258199,0.7918699085438146,0.2868257926037341,1.008538696411431,24,0.0,0.3290035010762967,2025.0,1.0,-0.7855050789783283,0.1502717251200125,dalton kincaid,270.0,0.2702702702702703,-0.11999854515025779
00-0040581,Dont'e Thornton Jr.,WR,LV,LAC,-0.9859290502998239,-0.9788765439970513,-1.076195116208836,0.0,-0.299371720492203,0.0,-1.0637870082686187,-0.9329390563681516,-0.9399691508932457,0.0,-0.6856917621513873,0.13241493973561178,0.0,-0.8951406048177183,-0.5975033142377115,1.8637024601599645,0.8148999023085638,0.45918050684538947,-0.4329738630874324,0.0,-1.1086117928300876,0.0,0.0,0.0,0.0,-0.9115866676019854,0.3583726730360072,-0.1424197990566604,0.320426504326425,0.5379950873625273,0.17258718809061602,-0.15398663965997433,0.1794531590390648,-0.19996661897024537,17,0.0,-0.7973479822883568,2025.0,1.0,1.328180322359465,0.14895371882750905,donte thornton,275.0,0.26666666666666666,-0.11771294783915762
00-0033591,Noah Brown,WR,WAS,GB,-0.5215760622459017,0.034559776692054685,-0.39465907395902744,0.0,-0.1800321978972204,0.00024397184592582296,-0.255388949285188,0.11963749541047257,0.01968415281180291,0.0,-0.6574562387581236,0.11003734360218517,0.0,0.028631949548091784,-0.3642233110556705,0.39712762031972415,-0.327938900084063,0.08409838925357141,0.1116786059268527,0.00012195882027758543,0.18419243265658727,0.0,0.0,-0.0002705801142754,-0.0002437008190725625,-0.7174230423769167,0.5552906475381106,-0.3257098507431894,0.00988249693290696,-1.1749845122918892,0.40477829806766363,0.06978368377882008,0.23802384129491655,0.03022486967388346,11,0.0,0.381320448210502,2025.0,1.0,1.328180322359465,0.14822646050143534,noah brown,500.0,0.16666666666666666,-0.018440206165231315
00-0036427,Tyler Johnson,WR,NYJ,BUF,-0.41864271556741556,-0.510483011200118,-0.30752089127655086,0.0,1.4488369146684066,0.0,-0.3490589317693071,0.3158609313879529,0.1935792216346681,0.0,0.22497093929568895,-0.46927801447105866,0.0,-0.4273116551605864,0.0383855831531869,-0.6449562157362349,-0.19609947736747718,-0.37965975368831584,-0.3403505169474574,0.0,0.11690236438866518,0.0,0.0,0.0,0.0,0.07271850861617266,-0.4280550269362363,-0.4104237401781418,0.4934356054882013,-0.2241834588666987,0.9263675130401681,1.1552175462956036,0.11416938876997434,-0.6028017240974708,3,0.0,0.8614788009347492,2025.0,1.0,1.328180322359465,0.14566540325318775,tyler johnson,750.0,0.11764705882352941,0.028018344429658337
00-0040130,Jayden Higgins,WR,HOU,TB,-0.9859290502998239,-0.9788765439970513,-1.076195116208836,0.0,-0.299371720492203,0.0,-1.0637870082686187,-0.9329390563681516,-0.9399691508932457,0.0,-0.6856917621513873,-0.5470501719072292,0.0,-0.8951406048177183,-0.43889109661976566,0.3457656357941613,-2.0176140663685143,-0.0656724831273412,-0.4329738630874324,0.0,-1.1086117928300876,0.0,0.0,0.0,0.0,-0.9115866676019854,0.34062978065384886,-0.2466435539372362,0.3833797721242485,-1.1306048597141816,0.15478636779183097,-0.14895468128456027,0.3235987313450722,0.03022486967388346,29,0.0,-0.7973479822883568,2025.0,1.0,1.328180322359465,0.14447992943915577,jayden higgins,340.0,0.22727272727272727,-0.08279279783357149
00-0037664,Alec Pierce,WR,IND,DEN,-0.559978948003597,0.3459436994012482,-0.6148424780745857,0.0,-0.3120257649032589,0.0,-0.4782054944918137,1.8443645570944003,1.7793468198109232,0.0,-0.026398167297208532,0.8579148241810093,0.0,0.02793187841594903,-0.4409707627788396,1.538999951167369,0.8945637929266582,0.6707703732543303,-0.3667513123578158,0.0,0.07170998608947936,0.0,0.0,0.0,0.0,1.2552418854966458,0.4824558400021526,-0.3257098507431894,0.22119294912017282,-0.8525679228570484,0.24612469288376718,-0.6608282627072356,0.21561467293103723,-0.5452538519364386,9,0.0,-0.07228235717936311,2025.0,1.0,0.2713376216905684,0.144479497748674,alec pierce,550.0,0.15384615384615385,-0.009366656097479859
00-0038551,Kendre Miller,RB,NO,SF,0.0,0.0,0.0,-0.6941365505974576,0.0,5.8828905661976325,0.0,-0.3368507586400777,-0.3300074638160398,-0.8872979995208286,-0.38597628525234445,-0.6943545069692242,-0.7345214930908153,0.0,-0.11208347555385456,-0.03172435371181102,0.3715363122316984,7.114428687077124,0.6847118624412004,-0.5662379319180285,-0.8108874057161387,-0.6028664325502924,-0.057993291741376754,-0.2967982724052048,21.742884705920847,-0.6266354396581971,-0.8013070825105243,0.0,0.0687549655940788,0.3835530124170316,1.25840986744249,1.2494945090869056,-0.8556500820333379,-0.7893666660775573,28,-0.07740040978483492,-0.45280142731106665,2025.0,1.0,-0.059268924376765696,0.1442709192407909,kendre miller,700.0,0.125,0.019270919240790912
00-0039163,C.J. Stroud,QB,HOU,TB,0.0,0.0,0.0,0.0,0.0,-0.18800532337543774,0.0,0.0004460920468364126,0.013828853451928807,-0.7206341029904416,0.0,0.07706999252822311,0.0,0.0,0.0,0.13828251112415485,-0.010047026272198917,0.0,6.023395133222161e-06,0.45341070177593495,0.0013828853451928803,0.0,0.0,0.6800341560734313,0.039029087420532786,-0.7147685859597425,0.0009349849938260017,0.0,0.8368798380335122,0.05472500589934953,0.15478636779183097,0.8740708578517371,0.3235987313450722,0.015680516257895214,29,0.9899487452653944,0.0,2025.0,1.0,-0.5346699743522593,0.14411195360112547,cj stroud,390.0,0.20408163265306123,-0.05996967905193576
00-0033943,Josh Reynolds,WR,NYJ,BUF,-0.8274750336826985,-0.813893360985488,-0.9083331300462287,0.0,-0.18653711992726332,2.765580111634418e-08,-0.8833363265270063,0.04695046403485468,-0.05288627598156077,0.0,-0.6220332824094074,0.2878779796446087,0.0,-0.7848227451833044,-0.5906962979299178,-0.5017103511605301,-0.5145712143388632,-0.7837369237700796,-0.8346673041209379,4.609300278243369e-09,-0.20667889958650043,0.0,0.0,3.729988796426927e-09,1.3827900558172093e-07,-0.5340623482374771,-0.4422975968535175,0.08091681854457929,0.4934356054882013,-0.2241834588666987,0.9263675130401681,1.1552175462956036,0.11416938876997434,-0.6028017240974708,3,0.0,0.4234869066188529,2025.0,1.0,0.2713376216905684,0.14272794788825544,josh reynolds,500.0,0.16666666666666666,-0.023938718778411222
00-0035567,Craig Reynolds,RB,DET,CHI,0.0,0.0,0.0,-0.9597115732861596,0.0,4.054808825591906,0.0,-0.3368507586400777,-0.3300074638160398,-0.813277946005568,-0.38597628525234445,-1.004242123681101,-0.7444352017564623,0.0,0.5299804578239952,-1.8724733888159781,-0.9181750226767205,6.401159247817877,0.464947988132848,-1.0793603616466103,-0.8108874057161387,-0.9005509033844716,-0.1168571107197459,-0.14169153149836752,19.01425395733687,-1.0000902138446373,-0.9564466961777021,0.0,0.3055564827482153,0.18146581117327829,0.5660383232356424,0.7829102668390547,0.5302964066505705,0.8416957993468962,5,-0.7719597763317821,-0.45280142731106665,2025.0,1.0,0.9291191285150003,0.13776558090501415,craig reynolds,1700.0,0.05555555555555555,0.0822100253494586
00-0035537,Ty Johnson,RB,BUF,NYJ,0.0,0.0,0.0,-1.0402202912888299,0.0,2.75494633220521,0.0,-0.1368241305830824,-0.14209575590185047,-0.9029172391583403,-0.26833910977768893,-0.3317944698553523,-0.8573836554523495,0.0,0.9651005929117727,14.743472947065149,0.8775149493901474,13.812768377029487,0.9400963985811362,-1.0127601404922544,0.21866260044048796,-0.9982647375037048,-0.15420340990260806,0.6872788013149391,17.821721095800697,-0.7741839483524087,0.17194820238449357,0.0444444444444444,0.2607154342727115,0.6905793882853771,-0.1739083785899661,1.2809942195805868,0.5314948144720231,1.0164524920709448,24,-0.7738289769301816,0.45437102410464825,2025.0,1.0,0.9291191285150003,0.13760330136759122,ty johnson,550.0,0.15384615384615385,-0.016242852478562636
00-0039021,Roschon Johnson,RB,CHI,DET,0.0,0.0,0.0,-0.8189145120079453,0.0,3.1720066672793776,0.0,-0.3368507586400777,-0.3300074638160398,-0.052194821243344486,-0.38597628525234445,-0.38341554345346013,-0.4173805563480542,0.0,-0.11033336118582987,-1.7079023192068314,0.3518759187617908,7.762637706482642,1.8374656740163375,-0.590755117665965,-0.5354890002928401,-0.62731590351316,-0.10204690685147128,-0.18131734661869964,6.816130203347457,-0.11516012173572723,-0.24950430920793373,0.2083333283662796,0.4492361330256993,0.4458114954562155,-0.12246341542305782,0.9034941704066157,0.1903851521407871,-0.4398532806294602,10,-0.4794903943583598,-0.26655105175504823,2025.0,1.0,0.9291191285150003,0.13725160205003709,roschon johnson,390.0,0.20408163265306123,-0.06683003060302414
00-0040466,Raheim Sanders,RB,CLE,BAL,0.0,0.0,0.0,-1.0402204016532295,0.0,3.0,0.0,-0.3368507586400777,-0.3300074638160398,1.4137521684995364,-0.38597628525234445,-1.6172338194232987,-0.8573837953239367,0.0,-0.04450075579759117,0.0,-0.007553852139574016,0.0,0.0,0.22487109324339902,-0.8108874057161387,-0.9982648413317979,-0.1542034303783317,2.925558509493961,3.0,2.8892347689324556,-1.3940893505330474,0.0,0.6643675657351072,0.6766129411731504,-0.5044594638411883,0.581792831983949,-0.30960807643569593,-1.255384513341687,2,-0.15377188817983975,-0.45280142731106665,2025.0,1.0,1.9175071814067663,0.1372255116727769,raheim sanders,1500.0,0.0625,0.07472551167277691
00-0033526,Samaje Perine,RB,CIN,JAX,0.0,0.0,0.0,-1.040217267723944,0.0,0.7012924125356204,0.0,-0.22441144702230692,-0.19507959712364228,-0.9058769698911481,-0.27836795013611243,-0.5601900693865767,-0.8573814141043979,0.0,1.3504463935326856,1.7086980106533838,1.7112434602690842,17.331307452805966,1.7421223883143646,-1.16397518806558,-0.7413113273062173,-0.9982609385598482,-0.1542036200628383,0.21488581864926112,3.0843346915539342,-0.978614695471145,-0.003283760713582219,0.0869565217391304,0.01539195920881597,0.23686800898980356,-0.062859830936622,0.5559186714604935,0.6588495295614164,0.8999480302549123,14,-0.8713882966137011,-0.3861744701228994,2025.0,1.0,-0.059268924376765696,0.13586671030420622,samaje perine,650.0,0.13333333333333333,0.002533376970872886
00-0034855,Baker Mayfield,QB,TB,HOU,0.0,0.0,0.0,0.0,0.0,0.42001952470145726,0.0,0.0,0.0,-0.7333473380127421,0.0,0.606834195492106,0.0,0.0,5.553091486937502e-11,2.3137880276156167e-10,8.19353192251121e-11,2.776545633138742e-10,4.627576055231234e-11,-0.6950577825105173,0.0,0.0,0.0,1.1656293646720952,1.1563281191139747,-0.5635904841856026,2.9478548064213245e-12,0.0,0.20748187027247267,0.7233072743850615,0.6101352841003179,0.5829015487383274,0.009079454985036099,-0.5529293203095443,12,-0.33698719394227805,0.0,2025.0,1.0,-0.5346699743522593,0.13572848178472785,baker mayfield,600.0,0.14285714285714285,-0.007128661072414999
00-0039746,Will Shipley,RB,PHI,KC,0.0,0.0,0.0,-0.3994871196654875,0.0,5.25211714890614,0.0,-0.3368507586400777,-0.3300074638160398,-0.9192014638748908,-0.38597628525234445,-0.9320385829207363,-0.6160706769367084,0.0,0.27342462854318345,1.647357484513448,0.5868618709057425,8.23678742256724,0.9413471340076843,-0.7830626205208612,0.05584600059112952,-0.524695992492668,-0.5773925098713896,-0.08903702357100035,21.51340860973888,-1.0277304802571594,-0.8781481282766677,0.0,0.17599553997256578,0.15688783798774497,-0.6922259053368796,1.977903317213997,-0.9322418662872579,0.3756779520827666,15,-0.7183033708896758,-0.4509441711611771,2025.0,1.0,-0.059268924376765696,0.1354553316464619,will shipley,400.0,0.2,-0.06454466835353811
00-0038040,Zamir White,RB,LV,LAC,0.0,0.0,0.0,-0.6393664623273644,0.0,5.770022501373745,0.0,-0.3368507586400777,-0.3300074638160398,-0.411513256518247,-0.38597628525234445,-0.7246695397128515,-0.5890842623461401,0.0,-0.14726499938699045,-1.1612443158954733,-0.038979094190736197,2.04051685676397,0.2771396712053219,-0.607324033963506,-0.8002265420246693,-0.6654500914801539,-0.2596535047405291,-1.4390823428512833,15.57023640111275,-0.4369954833502331,-1.2059862849848328,0.0,0.320426504326425,0.517388999653759,-1.3043391693465272,0.8718944463927459,-0.017787734894388365,-0.2068443569973954,17,-0.8001029121861576,-0.4469242647433236,2025.0,1.0,-0.059268924376765696,0.13270259188701033,zamir white,450.0,0.18181818181818182,-0.04911558993117149
00-0040667,Matthew Golden,WR,GB,WAS,-0.9859290502998239,-0.9788765439970513,-1.076195116208836,0.0,-0.299371720492203,0.0,-1.0637870082686187,-0.9329390563681516,-0.9399691508932457,0.0,-0.6856917621513873,-0.34720749201227596,0.0,-0.8951406048177183,0.5054048966405653,-0.9824290855259166,0.5992354498250457,-0.7116453938630097,-0.4329738630874324,0.0,-1.1086117928300876,0.0,0.0,0.0,0.0,-0.9115866676019854,-0.7382769336000157,-0.4550910636983888,0.040939318976922434,-0.19601484029194813,0.8228718713535192,-1.4599638534458836,0.07476300472024246,0.8358950799283343,31,0.0,-0.7973479822883568,2025.0,1.0,0.2713376216905684,0.1319741692979827,matthew golden,240.0,0.29411764705882354,-0.16214347776084084
00-0031687,Raheem Mostert,RB,LV,LAC,0.0,0.0,0.0,-0.8453442866348045,0.0,6.136229842276699,0.0,-0.3366454382960778,-0.32977580688978236,-0.5383580011888908,0.07760025608218986,-0.1833821571878113,-0.7858588070974275,0.0,0.15158903508373142,0.812716948161729,0.16949470640057215,13.561413892250807,1.9033448860846793,-0.5527343961834674,0.13951577057947406,-0.785992079008679,-0.1475800562563064,-1.674376335762922,15.095413139468635,-0.8886183647735985,-0.035518220633652064,0.0833333358168602,0.320426504326425,0.517388999653759,-1.3043391693465272,0.8718944463927459,-0.017787734894388365,-0.2068443569973954,17,-0.7898697355629452,0.07114054715186598,2025.0,1.0,1.9175071814067663,0.13189027741100104,raheem mostert,1000.0,0.09090909090909091,0.04098118650191013
00-0026498,Matthew Stafford,QB,LA,TEN,0.0,0.0,0.0,0.0,0.0,0.11007635051420094,0.0,0.0,0.0,0.7712881550786417,4.4445633804511646e-05,0.6917474704007132,0.0,0.0,0.0,2.6665944260998013e-09,-8.322663541278967e-11,0.0,0.0,0.38385278429918845,1.2698788705104727e-05,0.0,0.0,-1.1680599952972783,-0.6352972181944178,-0.7162650407903464,1.2005446292096183e-11,0.0,-0.13382455195550724,0.08065404161557142,1.0552898096411443,1.1241445759122863,0.11316282191050671,0.24312445088487103,30,0.12780823819128176,0.0,2025.0,1.0,-0.5346699743522593,0.13168356677470952,matthew stafford,1700.0,0.05555555555555555,0.07612801121915397
00-0039796,Rasheen Ali,RB,BAL,CLE,0.0,0.0,0.0,-1.0402204016532295,0.0,1.3888320420991083,0.0,-0.3368507586400777,-0.3300074638160398,-0.9192014638748908,-0.38597628525234445,-1.4581976847433098,-0.8573837953239367,0.0,-0.04450075579759117,-1.2534717146615992,-0.22679144650823607,0.0,0.0,-0.5151781492709911,-0.8108874057161387,-0.9982648413317979,-0.1542034303783317,0.19787000354316134,4.397017979827511,-1.0277304802571594,-1.1020254098514553,0.0,0.2039944349708976,0.7933440799528539,0.5764223173706894,0.820015937588493,-0.9281321462057268,1.4242181084270582,7,-0.2175571437855133,-0.45280142731106665,2025.0,1.0,0.9291191285150003,0.13056924559348917,rasheen ali,1400.0,0.06666666666666667,0.06390257892682251
00-0039851,Drake Maye,QB,NE,MIA,0.0,0.0,0.0,0.0,0.0,0.15688835932336812,0.0,0.0,0.0,-0.5528827311067995,0.0,-0.08226911662741135,0.0,0.0,0.0,-2.306470850089176,-0.38325824647386086,0.576617712522294,0.288308856261147,-0.7895383338854951,0.0,0.0,0.0,-0.5991620303636926,0.2686753848413118,-0.2997041021265141,0.005036556979066303,0.0222222222222222,1.7348550476598192,0.366684450851966,0.12050679215040297,1.1048768026963869,0.23563525676785815,-0.21176341836908058,19,-0.18900291127348956,0.0,2025.0,1.0,-0.5346699743522593,0.12997169447936607,drake maye,400.0,0.2,-0.07002830552063394
00-0036290,Cole Kmet,TE,CHI,DET,-0.7583203296485297,-0.8334746048988849,-0.7933514345797344,0.0,-0.29526902709596475,0.0003073991894533024,-0.811051750048946,-0.5209880983975262,-0.4778569009945258,0.00012195931263613518,1.0442967817366802,1.4387887924738236,0.0,-0.7588883314008693,-0.16531426162392376,-0.42964809537337395,-0.36387746169604596,-0.44891373797043715,-0.3861237958780137,6.097973342266932e-05,-0.4493441865864551,0.0,0.0,0.0002202761105239841,0.00029646979932841866,-0.13081102240721082,-0.45519135600316846,-0.17920465372039546,0.4492361330256993,0.27985046982546047,0.6319974805689496,-0.08092669722332181,0.22014637083599872,-0.4301581076143742,10,0.0,-0.5207226406942502,2025.0,1.0,-0.7855050789783283,0.12861051990432346,cole kmet,550.0,0.15384615384615385,-0.0252356339418304
00-0040719,Bhayshul Tuten,RB,JAX,CIN,0.0,0.0,0.0,-1.0402204016532295,0.0,3.0,0.0,-0.3368507586400777,-0.3300074638160398,-0.9192014638748908,-0.38597628525234445,-1.522599261310325,-0.8573837953239367,0.0,-0.04450075579759117,0.0,-0.007553852139574016,0.0,0.0,-0.2591035413767405,-0.8108874057161387,-0.9982648413317979,-0.1542034303783317,-0.31220102935547644,11.0,-1.0277304802571594,-1.3940893505330474,0.0,0.0316753864286811,0.3948760311448736,0.5462244708480528,1.0150011204882208,-0.5527714854170231,0.200921259358718,6,0.021443787276271185,-0.45280142731106665,2025.0,1.0,-0.059268924376765696,0.1284020890885626,bhayshul tuten,255.0,0.28169014084507044,-0.15328805175650784
00-0037666,Jalen Tolbert,WR,DAL,NYG,0.6764988693559315,-0.38385929953236153,0.042941174824305095,0.0,0.20140498105644347,0.0,-0.38644439759846727,1.0390785541588754,0.9551126913479593,0.0,0.6284951671148012,0.06541360196665055,0.0,-0.48586842906440614,-0.22357980577540862,-0.3595823167811524,0.6046727085363001,-0.09178286628196523,-0.3501507819667226,0.0,3.330741897235704,0.0,0.0,0.0,0.0,0.8177163486961805,-0.29088555279494765,-0.7677623283401191,0.04675342036973735,0.9701831083407785,1.006240546654429,-0.16153951753004217,0.0769774093736673,0.6057035912842055,23,0.0,2.8320315174780024,2025.0,1.0,1.328180322359465,0.1276351567446472,jalen tolbert,550.0,0.15384615384615385,-0.02621099710150665
00-0039798,Isaiah Davis,RB,NYJ,BUF,0.0,0.0,0.0,-0.8957368349925844,0.0,3.2517633774450148,0.0,0.16393516470186975,0.2208890636199639,-0.9192014638748908,0.2693607341330611,-0.9502867767676111,-0.6881122004869139,0.0,-0.07665087512361422,0.23169516012386887,0.32025122102945036,4.229007150844079,0.5390977694281888,-0.8222451112386988,-0.5117230573146765,-0.850624934321025,-0.09871437409747044,0.8847635948513612,25.1067157497896,-0.6582388225831977,-1.0108794316457224,0.0,0.4934356054882013,0.3060545987566863,0.6348309024351025,1.4381485327529986,-0.3517577100655715,-0.6146099733535088,3,-0.508966312794986,-0.34787528197703294,2025.0,1.0,0.9291191285150003,0.12718504470420303,isaiah davis,1200.0,0.07692307692307693,0.0502619677811261
00-0037086,Grant Calcaterra,TE,PHI,KC,-0.887372657395766,-0.9643609953133547,-0.8909456669977256,0.0,-0.286965713362452,0.0,-0.9084439159320299,-0.4506437134062976,-0.6405082290071015,0.0,-0.23506348751190295,0.3936416934386422,0.0,-0.8843920832420893,-0.02415705158619105,-0.7222031635221853,-0.07427191675323247,-0.5882012195385358,-0.6333350410023332,0.0,-0.18487278824358416,0.0,0.0,0.0,0.0,-0.4209162815509263,-0.5030757981018547,-0.38645594554592194,0.17599553997256578,-0.7621541081599309,0.4105234793758919,2.4031541885687995,0.0006975286717756033,0.37551210264007673,15,0.0,-0.6609469918552091,2025.0,1.0,0.2713376216905684,0.12714403675267658,grant calcaterra,475.0,0.17391304347826086,-0.04676900672558429
00-0038951,Sean Tucker,RB,TB,HOU,0.0,0.0,0.0,-1.0042068579870895,0.0,3.574630262239114,0.0,-0.3368507586400777,-0.3300074638160398,-0.7312373306412278,-0.38597628525234445,-1.334795613845857,-0.8268018821271281,0.0,0.13448913646416846,0.5293025528782235,0.0506685378445713,2.7816092257472436,0.34201121684873176,-1.064942834664989,-0.8108874057161387,-0.928246206985877,-0.034962408133608444,0.46117789997855824,18.130963598955482,-0.7637821380626687,-1.0649134238141,0.0,0.2513759927260177,0.7233072743850615,-0.1787059514672532,0.5829015487383274,-0.8893627293871077,-0.5563577424454926,12,-0.8088445775730114,-0.45280142731106665,2025.0,1.0,0.9291191285150003,0.12649996650801104,sean tucker,1000.0,0.09090909090909091,0.03559087559892013
00-0040730,RJ Harvey,RB,DEN,IND,0.0,0.0,0.0,-1.0402204016532295,0.0,6.0,0.0,-0.3368507586400777,-0.3300074638160398,-0.9192014638748908,-0.38597628525234445,-0.43430184301112795,-0.8573837953239367,0.0,0.09059303600575407,-2.0,-0.8822434002742701,-1.0,1.0,-1.2270527235015927,-0.8108874057161387,-0.9982648413317979,-0.1542034303783317,2.4529271883350527,70.0,-1.0277304802571594,-0.9413596544001841,0.027027027027027,0.1707737633777302,0.25907362992185967,-0.07507566105038616,1.1232882050890116,0.668950852416104,0.026164566634669394,13,-0.9162750173037733,-0.45280142731106665,2025.0,1.0,-0.059268924376765696,0.12529149012805726,rj harvey,200.0,0.3333333333333333,-0.20804184320527605
00-0038997,Josh Downs,WR,IND,DEN,0.592932233099806,-0.21888037407285799,0.14533268556331194,0.0,-0.2534149388685442,0.007055579974019957,0.15782468154264806,-0.1888923135942781,-0.1512072055573536,0.0,-0.5668322897001418,0.19683437622439406,0.0,-0.19802038114723486,-0.1884252233172344,-0.10204638382212608,0.28342070881443093,0.46948562262934945,0.8888182475747411,0.0,0.025322496220917878,0.0,0.0,-0.006155415714859764,-0.007055579974019957,-0.12713240203098833,0.4743271926544655,-0.3257098507431894,0.22119294912017282,-0.8525679228570484,0.24612469288376718,-0.6608282627072356,0.21561467293103723,-0.5452538519364386,9,0.0,-0.10077795468462411,2025.0,1.0,1.328180322359465,0.12512955664249217,josh downs,390.0,0.20408163265306123,-0.07895207601056906
00-0036971,Trevor Lawrence,QB,JAX,CIN,0.0,0.0,0.0,0.0,0.0,-0.08414234180562646,0.0,0.0,0.0,0.1322343374989237,0.0,0.16925470427137365,0.0,0.0,0.0,0.0,0.0,0.0,0.0,0.2957540636972338,0.0,0.0,0.0,0.28596686243931135,-0.2968316986881788,0.5283462636541484,0.0,0.0,-0.840057190728573,0.3948760311448736,0.8919250545027676,1.0150011204882208,0.07487562553799428,0.18626346722812706,6,-0.4539772456276874,0.0,2025.0,1.0,-0.5346699743522593,0.12314749180854292,trevor lawrence,450.0,0.18181818181818182,-0.0586706900096389
00-0036182,Nick Westbrook-Ikhine,WR,MIA,NE,-0.1913108156470577,0.2860160308449863,-0.10239294358810379,0.0,0.6814520437765696,0.0,-0.12285370683148164,0.2699016845030241,0.23519193144206751,0.0,-0.6091870787257229,0.9266256700948351,0.0,0.058302642970309466,-0.4524421125504333,0.12627124290512345,-0.5723795513431101,-0.2086027361016916,-0.27728333283807377,0.0,-0.40507883613314055,0.0,0.0,0.0,0.0,0.09807508793498813,0.1563904846203633,-0.7274176490315084,0.054277742381471206,-0.9973052858497227,0.9339513667694092,0.008816126172965582,0.442772862775828,0.14532061399594787,21,0.0,-0.1733876267671442,2025.0,1.0,2.3850230230283613,0.12237592385493357,nick westbrookikhine,750.0,0.11764705882352941,0.004728865031404156
00-0037276,Ty Chandler,RB,MIN,ATL,0.0,0.0,0.0,-0.8356909083613179,0.0,3.0160700451756535,0.0,-0.3368507586400777,-0.3300074638160398,-0.8872784390119315,-0.38597628525234445,-1.301813796516833,-0.7211601099005093,0.0,-0.11374411122946934,-0.44996874316294005,-0.0038379650209840435,1.1938728136225925,0.18137681658042087,-0.7806277194438174,-0.7408560923287384,-0.8675617529982131,-0.24295187600017537,-0.03110766024960023,7.876115780995327,-1.0009315380703052,-1.273250627357511,0.0,0.41544864227327927,0.542687684151771,-0.6103580855432127,1.3570812856920385,2.641615506418598,0.49218241389879896,1,-0.7017870848017503,-0.30235395258913955,2025.0,1.0,1.9175071814067663,0.12202835036574476,ty chandler,900.0,0.1,0.022028350365744756
00-0040586,Jaydon Blue,RB,DAL,NYG,0.0,0.0,0.0,-1.0402204016532295,0.0,0.0,0.0,-0.3368507586400777,-0.3300074638160398,-0.9192014638748908,-0.38597628525234445,-1.806502935649246,-0.8573837953239367,0.0,-0.04450075579759117,0.0,-0.007553852139574016,0.0,0.0,-1.2270527235015927,-0.8108874057161387,-0.9982648413317979,-0.1542034303783317,0.38141538762703187,0.0,-1.0277304802571594,-1.3940893505330474,0.0,0.04675342036973735,0.6372246955549405,0.840311718530361,0.8686276924336725,-0.5420194609472101,0.6086868757148314,23,-0.9162750173037733,-0.45280142731106665,2025.0,1.0,0.9291191285150003,0.12158299613587234,jaydon blue,400.0,0.2,-0.07841700386412767
00-0038738,Hunter Luepke,RB,DAL,NYG,0.0,0.0,0.0,-1.0402204016532295,0.0,0.0,0.0,-0.3368507586400777,-0.3300074638160398,-0.9192014638748908,-0.38597628525234445,-1.806502935649246,-0.8573837953239367,0.0,-0.04450075579759117,0.0,-0.007553852139574016,0.0,0.0,-1.2270527235015927,-0.8108874057161387,-0.9982648413317979,-0.1542034303783317,0.38141538762703187,0.0,-1.0277304802571594,-1.3940893505330474,0.0,0.04675342036973735,0.6372246955549405,0.840311718530361,0.8686276924336725,-0.5420194609472101,0.6086868757148314,23,-0.9162750173037733,-0.45280142731106665,0.0,0.0,1.9175071814067663,0.12151180719430957,hunter luepke,950.0,0.09523809523809523,0.026273711956214335
00-0040208,Tahj Brooks,RB,CIN,JAX,0.0,0.0,0.0,-1.0402204016532295,0.0,0.0,0.0,-0.3368507586400777,-0.3300074638160398,-0.9192014638748908,-0.38597628525234445,-1.806502935649246,-0.8573837953239367,0.0,-0.04450075579759117,0.0,-0.007553852139574016,0.0,0.0,-1.2270527235015927,-0.8108874057161387,-0.9982648413317979,-0.1542034303783317,0.38141538762703187,0.0,-1.0277304802571594,-1.3940893505330474,0.0,0.01539195920881597,0.23686800898980356,-0.062859830936622,0.5559186714604935,0.6588495295614164,0.8999480302549123,14,-0.9162750173037733,-0.45280142731106665,2025.0,1.0,0.9291191285150003,0.12006671600730563,tahj brooks,1000.0,0.09090909090909091,0.02915762509821472
00-0040202,Devin Neal,RB,NO,SF,0.0,0.0,0.0,-1.0402204016532295,0.0,2.0,0.0,-0.3368507586400777,-0.3300074638160398,-0.9192014638748908,-0.38597628525234445,-1.3806474241408642,-0.8573837953239367,0.0,-0.04450075579759117,0.0,-0.007553852139574016,0.0,0.0,-1.2270527235015927,-0.8108874057161387,-0.9982648413317979,-0.1542034303783317,0.2622580678440943,9.0,-1.0277304802571594,-1.3940893505330474,0.0,0.0687549655940788,0.3835530124170316,1.25840986744249,1.2494945090869056,-0.8556500820333379,-0.7893666660775573,28,-0.9162750173037733,-0.45280142731106665,2025.0,1.0,0.9291191285150003,0.11995347657432263,devin neal,1000.0,0.09090909090909091,0.029044385665231723
00-0036187,Reggie Gilliam,RB,BUF,NYJ,0.0,0.0,0.0,-1.0402204016532295,0.0,0.0,0.0,-0.3368507586400777,-0.3300074638160398,-0.9192014638748908,-0.38597628525234445,-1.806502935649246,-0.8573837953239367,0.0,-0.04450075579759117,0.0,-0.007553852139574016,0.0,0.0,-1.2270527235015927,-0.8108874057161387,-0.9982648413317979,-0.1542034303783317,0.38141538762703187,0.0,-1.0277304802571594,-1.3940893505330474,0.0,0.2607154342727115,0.6905793882853771,-0.1739083785899661,1.2809942195805868,0.5314948144720231,1.0164524920709448,24,-0.9162750173037733,-0.45280142731106665,0.0,0.0,1.9175071814067663,0.11984261810405676,reggie gilliam,2500.0,0.038461538461538464,0.0813810796425183
00-0034521,Allen Lazard,WR,NYJ,BUF,-0.524652426034247,-0.4972176972902096,-0.39370214116194835,0.0,-0.19952927093634082,0.0001274512688295972,-0.5624093027054264,-0.602600202183899,-0.5495178563180216,0.0,-0.5726650160802389,1.036970047744507,0.0,-0.5134893147919007,-0.17068516411934942,0.19064517603277875,0.3698613790690487,0.15345822964766556,-0.32748165572893334,0.0,-0.28440211020582995,0.0,0.0,-0.00025383872897570303,4.940833403812421e-06,0.8391715277175865,0.038965262348748524,-0.5086918277615878,0.4934356054882013,-0.2241834588666987,0.9263675130401681,1.1552175462956036,0.11416938876997434,-0.6028017240974708,3,0.0,0.3182826193456373,2025.0,1.0,3.441865723697258,0.1198138182484138,allen lazard,850.0,0.10526315789473684,0.01455066035367697
00-0040142,Kaleb Johnson,RB,PIT,SEA,0.0,0.0,0.0,-1.0402204016532295,0.0,1.0,0.0,-0.3368507586400777,-0.3300074638160398,-0.9192014638748908,-0.38597628525234445,-1.6172338194232987,-0.8573837953239367,0.0,-0.04450075579759117,0.0,-0.007553852139574016,0.0,0.0,-1.2270527235015927,-0.8108874057161387,-0.9982648413317979,-0.1542034303783317,0.9645912234474417,-2.0,-1.0277304802571594,-1.3940893505330474,0.0,0.020802770482795295,0.7968017619632698,-1.4437968070860532,0.8396172336508811,-0.46945503799542787,-0.14859212608937922,27,-0.9162750173037733,-0.45280142731106665,2025.0,1.0,0.9291191285150003,0.11857945521365637,kaleb johnson,1100.0,0.08333333333333333,0.03524612188032304
00-0039738,Blake Corum,RB,LA,TEN,0.0,0.0,0.0,-1.0402204016532295,0.0,2.865258888426116,0.0,-0.3368507586400777,-0.3300074638160398,-0.6950943720749203,-0.38597628525234445,-1.0860252775274366,-0.8573837953239367,0.0,-0.19096939702103619,-0.42762980830423786,0.2922322862225852,7.940244296532687,0.6868021543991415,-1.06525908052024,-0.8108874057161387,-0.9982648413317979,-0.1542034303783317,-0.3888388982424887,8.23538653872025,-1.0277304802571594,-0.9044189483723626,0.0357142857142857,0.1797937189108486,0.08065404161557142,0.9664955146292447,1.1241445759122863,-0.35690697009879147,0.2591734902667342,30,-0.7308258435816227,-0.45280142731106665,2025.0,1.0,-0.059268924376765696,0.11829073767730947,blake corum,500.0,0.16666666666666666,-0.04837592898935719
00-0039074,Davis Allen,TE,LA,TEN,-0.6005559583459664,-0.9072598044812422,-0.6175162429997342,0.0,-0.3610207490796141,0.0,-0.6536298665733598,0.37409381889538224,0.3237372353206552,0.0,-0.35605917970935247,-0.7084738311881189,0.0,-0.8526533453819072,-0.5898822317101639,-0.7445272124290111,-0.5196893748638021,-0.9715764753887447,-0.9164661666721058,0.0,0.8714284536583286,0.0,0.0,0.0,0.0,0.5339889158526429,-0.8151267042238185,-0.6560940195395015,0.1797937189108486,-1.0370916661052494,1.0552898096411443,0.42922667999581504,0.11316282191050671,0.2604163583180123,30,0.0,-0.647041013511144,2025.0,1.0,1.328180322359465,0.11777354913706789,davis allen,800.0,0.1111111111111111,0.006662438025956785
00-0040236,Kyle Monangai,RB,CHI,DET,0.0,0.0,0.0,-1.0402204016532295,0.0,0.0,0.0,-0.3368507586400777,-0.3300074638160398,-0.9192014638748908,-0.38597628525234445,-1.191378307914917,-0.8573837953239367,0.0,0.549911928137128,5.0,1.1659337309678184,11.0,1.0,-1.2270527235015927,-0.8108874057161387,-0.9982648413317979,-0.1542034303783317,0.38141538762703187,0.0,-1.0277304802571594,-0.6287082728850707,0.0294117647058824,0.4492361330256993,0.4458114954562155,-0.12246341542305782,0.9034941704066157,0.1903851521407871,-0.4398532806294602,10,-0.9162750173037733,-0.45280142731106665,2025.0,1.0,-0.059268924376765696,0.11742403238269462,kyle monangai,370.0,0.2127659574468085,-0.09534192506411389
00-0038685,Chris Brooks,RB,GB,WAS,0.0,0.0,0.0,-1.0402204016532295,0.0,3.9391891891891886,0.0,-0.3368507586400777,-0.3300074638160398,-0.9192014638748908,-0.38597628525234445,-1.0987685883201264,-0.8573837953239367,0.0,0.05986224102346155,0.7725225225225224,-0.22858481943402628,0.7725225225225224,0.3862612612612612,-1.0709798277506466,0.13749966864727725,-0.9982648413317979,-0.1542034303783317,-0.5369296049213248,18.505630630630627,-1.0277304802571594,-1.0145896759019206,0.0454545454545455,0.040939318976922434,0.3138651021617542,0.3685787275298787,0.3070360828672106,-0.5533476159247023,0.8416957993468962,31,-0.7767823400765803,-0.23498201646672767,2025.0,1.0,-0.059268924376765696,0.11731511162189447,chris brooks,600.0,0.14285714285714285,-0.025542031235248383
00-0040692,Jarquez Hunter,RB,LA,TEN,0.0,0.0,0.0,-1.0402204016532295,0.0,0.0,0.0,-0.3368507586400777,-0.3300074638160398,-0.9192014638748908,-0.38597628525234445,-1.806502935649246,-0.8573837953239367,0.0,-0.04450075579759117,0.0,-0.007553852139574016,0.0,0.0,-1.2270527235015927,-0.8108874057161387,-0.9982648413317979,-0.1542034303783317,0.38141538762703187,0.0,-1.0277304802571594,-1.3940893505330474,0.0,0.1797937189108486,0.08065404161557142,0.9664955146292447,1.1241445759122863,-0.35690697009879147,0.2591734902667342,30,-0.9162750173037733,-0.45280142731106665,2025.0,1.0,0.9291191285150003,0.11716471030529924,jarquez hunter,650.0,0.13333333333333333,-0.016168623028034096
00-0038619,Andrei Iosivas,WR,CIN,JAX,-0.9107483214455055,-0.8514328070323006,-0.8205226124906282,0.0,-0.18847488975490778,0.0,-0.8061624537537763,-0.22803682195665345,-0.26975689439129574,0.0,-0.3537388876275738,0.8784294154574985,0.0,-0.8161124331297315,-0.18878888643271685,-0.2025582554926399,-0.0454681451140033,-0.05926160396143471,-0.20625760202760743,0.0,-0.3551014310806961,0.0,0.0,0.0,0.0,0.14202545350190154,-0.42382698213426623,-0.7201819251882234,0.01539195920881597,-0.4737052318636237,0.6551661597560544,-0.8845364355314341,0.31172083281901036,0.8934429520893665,14,0.0,-0.4030909456693278,2025.0,1.0,1.328180322359465,0.11712811855632245,andrei iosivas,380.0,0.20833333333333334,-0.09120521477701089
00-0040078,Brashard Smith,RB,KC,PHI,0.0,0.0,0.0,-1.0402204016532295,0.0,0.0,0.0,-0.3368507586400777,-0.3300074638160398,-0.9192014638748908,-0.38597628525234445,-1.191378307914917,-0.8573837953239367,0.0,-0.04450075579759117,0.0,-0.007553852139574016,0.0,0.0,-1.2270527235015927,-0.8108874057161387,-0.9982648413317979,-0.1542034303783317,0.38141538762703187,0.0,-1.0277304802571594,-1.3940893505330474,0.0,0.022508549051636805,0.22290272216463763,0.009702881332079619,0.946304037756645,-0.9309128001211311,0.026164566634669394,25,-0.9162750173037733,-0.45280142731106665,2025.0,1.0,0.9291191285150003,0.11668548199186805,brashard smith,700.0,0.125,-0.008314518008131946
00-0038618,Xavier Hutchinson,WR,HOU,TB,-0.9859290502998239,-0.9788765439970513,-1.076195116208836,0.0,-0.299371720492203,0.2870962078320931,-1.0637870082686187,-0.06221381448965486,-0.20712462628934505,3.1116882982630695e-05,-0.09748119229512622,0.2420706012323277,0.0,-0.8951406048177183,-0.2666308827476155,-0.5607129838692392,-0.8943292791706025,-0.7323503277758171,-0.7672825175437175,0.00010807765210745618,-0.7934132347983749,0.0,0.0,0.12848482760777857,1.4402506349840432,-0.9115866676019854,-0.6558737986413757,-0.6287973218326832,0.3833797721242485,-1.1306048597141816,0.15478636779183097,-0.14895468128456027,0.3235987313450722,0.03022486967388346,29,0.0,-0.5380436179172148,2025.0,1.0,2.3850230230283613,0.115507099309807,xavier hutchinson,400.0,0.2,-0.08449290069019301
00-0033854,Dare Ogunbowale,RB,HOU,TB,0.0,0.0,0.0,-1.0204341968527015,0.0,1.5935964519143504,0.0,0.01819368189966287,-0.008201026175057705,-0.9189381907822245,0.11256946592335976,-0.6376224482754151,-0.8475630988926044,0.0,0.35470075290388553,3.7492242837733434,-1.5845952103151177,12.428647302242446,1.257372724154301,-1.092280353133675,0.12532542214941778,-0.9885772740625995,-0.17022610713592543,-0.10960187301437109,7.230211743868865,-1.0078792952447586,0.027016894287265707,0.0740740740740741,0.3833797721242485,0.05472500589934953,-1.3501334370317142,0.8740708578517371,0.7196128932501842,0.026164566634669394,29,-0.8936168238494945,0.47788976336978417,2025.0,1.0,0.9291191285150003,0.11545038352710843,dare ogunbowale,600.0,0.14285714285714285,-0.02740675933003442
00-0034753,Mark Andrews,TE,BAL,CLE,-0.4519159200210099,0.3750585302827292,-0.23615221029225575,0.0,-0.46308799008247886,0.3994073198033627,0.1067336513353734,2.0538515939750206,1.1784536287274656,0.0,0.6091616893643893,0.5360379565467993,0.0,0.26424956055673166,0.2411653317837907,0.19304364611229483,0.8416002165338189,0.13084266794186633,-0.008863344876708805,0.03402253243480483,1.1534848498694454,0.0,0.0,0.0039802198812579235,0.28627630335855164,2.2008603372498503,0.24782542083897424,-0.8500442400879433,0.2039944349708976,1.5332284286176041,0.9036633454839689,-0.2739320184637409,0.0015008883795919214,1.4113738015386563,7,0.0,0.8917377917035666,2025.0,1.0,-0.7855050789783283,0.11507918397394887,mark andrews,175.0,0.36363636363636365,-0.24855717966241478
00-0040649,Robbie Ouzts,RB,SEA,PIT,0.0,0.0,0.0,-1.0402204016532295,0.0,0.0,0.0,-0.3368507586400777,-0.3300074638160398,-0.9192014638748908,-0.38597628525234445,-1.806502935649246,-0.8573837953239367,0.0,-0.04450075579759117,0.0,-0.007553852139574016,0.0,0.0,-1.2270527235015927,-0.8108874057161387,-0.9982648413317979,-0.1542034303783317,0.38141538762703187,0.0,-1.0277304802571594,-1.3940893505330474,0.0,0.6729064925588149,0.4191947719219354,-0.17933562217174523,1.2347897022297165,-0.9151007093692195,-0.8476188969855736,26,-0.9162750173037733,-0.45280142731106665,0.0,0.0,1.9175071814067663,0.11448658098880185,robbie ouzts,2200.0,0.043478260869565216,0.07100832011923663
00-0040715,Cam Skattebo,RB,NYG,DAL,0.0,0.0,0.0,-1.0402204016532295,0.0,2.0,0.0,-0.3368507586400777,-0.3300074638160398,3.746705800873964,-0.38597628525234445,-1.2386955869714038,-0.8573837953239367,0.0,3.1977502474826944,1.0,-0.12504744474468227,12.0,2.0,0.22487109324339902,-0.8108874057161387,-0.9982648413317979,-0.1542034303783317,-1.2722270868810592,-3.0,-1.0277304802571594,-0.10328726447059572,0.0625,1.0990607488613864,0.26446988219082257,-0.40390277204443464,1.1160668244592196,-0.650854831680464,-0.672862204261525,8,-0.0921300745079962,-0.45280142731106665,2025.0,1.0,0.9291191285150003,0.11396075127924522,cam skattebo,350.0,0.2222222222222222,-0.10826147094297699
00-0040238,LeQuint Allen Jr.,RB,JAX,CIN,0.0,0.0,0.0,-1.0402204016532295,0.0,1.0,0.0,-0.3368507586400777,-0.3300074638160398,-0.9192014638748908,-0.38597628525234445,-1.14406102885843,-0.8573837953239367,0.0,-0.31468833940428165,-4.0,-0.79710675646809,4.0,1.0,-1.2270527235015927,-0.8108874057161387,-0.9982648413317979,-0.1542034303783317,1.2791713732577497,7.0,-1.0277304802571594,-0.87204876574405,0.0344827586206897,0.0316753864286811,0.3948760311448736,0.5462244708480528,1.0150011204882208,-0.5527714854170231,0.200921259358718,6,-0.9162750173037733,-0.45280142731106665,2025.0,1.0,0.9291191285150003,0.1137686986304101,lequint allen,600.0,0.14285714285714285,-0.02908844422673275
00-0038705,Emari Demercado,RB,ARI,CAR,0.0,0.0,0.0,-1.0364896781742683,0.0,1.1805332954852372,0.0,-0.3341447152362352,-0.32756494424865173,-0.9180631138208262,-0.38597628525234445,-1.1971100034355593,-0.8528451414995348,0.0,-0.167442623071877,-1.3761838465955147,-0.7611620462195756,5.586555952177428,1.2169306587648043,-1.226255709284632,-0.30149146365856067,-0.9942530886941136,-0.1541009936539756,0.6679591506155184,9.573043976405579,-0.8135036491949115,-0.6601713732476898,0.0,0.4047746559437065,0.5886529225527634,-0.1668619571828575,1.3568967221084152,-0.3379507921651699,0.7251913375308637,4,-0.915742849399492,-0.26991707424193057,2025.0,1.0,0.9291191285150003,0.11356211142793295,emari demercado,650.0,0.13333333333333333,-0.019771221905400385
00-0033955,Jeremy McNichols,RB,WAS,GB,0.0,0.0,0.0,-1.040199724080168,0.0,3.021950697172044,0.0,-0.3305661153023896,-0.32522118807413053,-0.19177683835261994,-0.38597628525234445,-0.6545106781609914,-0.8573557213839633,0.0,0.26586294092707763,2.571091832721776,0.042325506740756275,3.316599887382718,1.143443366292522,-0.8324721247596754,-0.4010893264282263,-0.9982558630243227,-0.15422252256960828,0.3245193189711196,14.382359973522155,-0.8874590435867014,-0.4431269208460736,0.0,0.00988249693290696,0.042419559444668964,-0.7070059191965158,0.9686790896230817,0.2818403230152423,0.026164566634669394,11,-0.7427969192943314,-0.15315121922702193,2025.0,1.0,0.9291191285150003,0.11285131046581671,jeremy mcnichols,1000.0,0.09090909090909091,0.021942219556725803
00-0039686,Colson Yankoff,RB,WAS,GB,0.0,0.0,0.0,-1.0402204016532295,0.0,0.0,0.0,-0.3368507586400777,-0.3300074638160398,-0.9192014638748908,-0.38597628525234445,-1.522599261310325,-0.8573837953239367,0.0,-0.04450075579759117,0.0,-0.007553852139574016,0.0,0.0,-1.2270527235015927,-0.8108874057161387,-0.9982648413317979,-0.1542034303783317,0.38141538762703187,0.0,-1.0277304802571594,-1.3940893505330474,0.0,0.00988249693290696,0.042419559444668964,-0.7070059191965158,0.9686790896230817,0.2818403230152423,0.026164566634669394,11,-0.9162750173037733,-0.45280142731106665,2025.0,1.0,1.9175071814067663,0.1125714473145784,colson yankoff,2200.0,0.043478260869565216,0.06909318644501318
00-0029892,Kyle Juszczyk,RB,SF,NO,0.0,0.0,0.0,-1.0402204016532295,0.0,0.0,0.0,-0.3368507586400777,-0.3300074638160398,-0.9192014638748908,-0.38597628525234445,-1.806502935649246,-0.8573837953239367,0.0,-0.04450075579759117,0.0,-0.007553852139574016,0.0,0.0,-1.2270527235015927,-0.8108874057161387,-0.9982648413317979,-0.1542034303783317,0.38141538762703187,0.0,-1.0277304802571594,-1.3940893505330474,0.0,0.0010079464191690844,0.21012726124712083,0.09348277807829192,1.2111524529917945,0.5554716485386004,0.2591734902667342,22,-0.9162750173037733,-0.45280142731106665,0.0,0.0,1.9175071814067663,0.1123678430257812,kyle juszczyk,700.0,0.125,-0.012632156974218794
00-0039305,Jack Westover,RB,NE,MIA,0.0,0.0,0.0,-1.0402204016532295,0.0,0.0,0.0,-0.3368507586400777,-0.3300074638160398,-0.9192014638748908,-0.38597628525234445,-1.806502935649246,-0.8573837953239367,0.0,-0.04450075579759117,0.0,-0.007553852139574016,0.0,0.0,-1.2270527235015927,-0.8108874057161387,-0.9982648413317979,-0.1542034303783317,0.38141538762703187,0.0,-1.0277304802571594,-1.3940893505330474,0.0,0.5717123177444071,0.366684450851966,-1.4383208372025538,1.1048768026963869,0.2696211219502932,-0.2068443569973954,19,-0.9162750173037733,-0.45280142731106665,2025.0,1.0,0.9291191285150003,0.11232232045059393,jack westover,1200.0,0.07692307692307693,0.035399243527517
00-0036442,Joe Burrow,QB,CIN,JAX,0.0,0.0,0.0,0.0,0.0,-0.5575834832992164,0.0,0.0,0.0,-0.17911103421092925,0.0,0.6816258804408113,0.0,0.0,0.0,0.0,0.0,0.0,0.0,-0.8752448364287763,0.0,0.0,0.0,-0.055610359518723874,-0.4308988433760832,0.022744047465302016,0.0,0.0,-0.917697058670909,0.23686800898980356,0.6551661597560544,0.5559186714604935,0.31172083281901036,0.8685952711090545,14,-0.5624991918576865,0.0,2025.0,1.0,-0.5346699743522593,0.112171350543026,joe burrow,700.0,0.125,-0.012828649456973998
00-0034959,Andrew Beck,RB,NYJ,BUF,0.0,0.0,0.0,-1.0402204016532295,0.0,0.0,0.0,-0.3368507586400777,-0.3300074638160398,-0.9192014638748908,-0.38597628525234445,-1.806502935649246,-0.8573837953239367,0.0,-0.04450075579759117,0.0,-0.007553852139574016,0.0,0.0,-1.2270527235015927,-0.8108874057161387,-0.9982648413317979,-0.1542034303783317,0.38141538762703187,0.0,-1.0277304802571594,-1.3940893505330474,0.0,0.4934356054882013,0.3060545987566863,0.6348309024351025,1.4381485327529986,-0.3517577100655715,-0.6146099733535088,3,-0.9162750173037733,-0.45280142731106665,0.0,0.0,1.9175071814067663,0.11177315827554403,andrew beck,3000.0,0.03225806451612903,0.079515093759415
00-0040644,Trevor Etienne,RB,CAR,ARI,0.0,0.0,0.0,-1.0402204016532295,0.0,1.0,0.0,-0.3368507586400777,-0.3300074638160398,-0.9192014638748908,-0.38597628525234445,-1.6645510984797856,-0.8573837953239367,0.0,-0.04450075579759117,0.0,-0.007553852139574016,0.0,0.0,-1.2270527235015927,-0.8108874057161387,-0.9982648413317979,-0.1542034303783317,0.3246176350570972,4.0,-1.0277304802571594,-1.3940893505330474,0.0,0.3874449549143641,0.04345606300835222,0.2522694967154261,0.5977972001182874,0.3567517516268366,-0.7893666660775573,0,-0.9162750173037733,-0.45280142731106665,2025.0,1.0,0.9291191285150003,0.11173530529092061,trevor etienne,1100.0,0.08333333333333333,0.028401971957587285
00-0039356,Ja'Tavion Sanders,TE,CAR,ARI,0.07573711361521651,-0.5284526956289778,-0.16902576439636333,0.0,-0.018516957240416583,0.0,-0.3685462948167798,-0.7860475705824267,-0.8318262972182238,0.0,-0.46598048320960445,-0.06699285063239191,0.0,-0.5798542451959162,-0.13548753590183854,-0.40548210703888976,-0.028882190284017478,-0.44445867912902187,-0.5019830661484949,0.0,-0.6324627870593912,0.0,0.0,0.0,0.0,-0.7321608213974384,-0.5141926922849439,-0.48267970469618793,0.3874449549143641,-1.1712463571407348,0.7776609787795629,-0.7877114477015661,0.2526673747248363,-0.7754453405805675,0,0.0,-0.7778732173925315,2025.0,1.0,-0.7855050789783283,0.1117252798056052,jatavion sanders,270.0,0.2702702702702703,-0.15854499046466508
00-0040583,Woody Marks,RB,HOU,TB,0.0,0.0,0.0,-1.0402204016532295,0.0,3.0,0.0,-0.3368507586400777,-0.3300074638160398,-0.9192014638748908,-0.38597628525234445,-1.2860128660278909,-0.8573837953239367,0.0,-0.04450075579759117,0.0,-0.007553852139574016,0.0,0.0,-1.2270527235015927,-0.8108874057161387,-0.9982648413317979,-0.1542034303783317,-0.8087424812800501,3.0,-1.0277304802571594,-1.3940893505330474,0.0,0.3833797721242485,0.05472500589934953,-1.3501334370317142,0.8740708578517371,0.7196128932501842,0.026164566634669394,29,-0.9162750173037733,-0.45280142731106665,2025.0,1.0,1.9175071814067663,0.11135872206125662,woody marks,700.0,0.125,-0.013641277938743382
00-0034270,Tyler Conklin,TE,LAC,LV,0.6299286019954208,-0.5397928311563308,0.4770663879187605,0.0,-0.6656015251973587,0.32413936258183607,0.2290205300487417,-0.3080678415509849,-0.2681300890967103,1.0841074573034233e-08,0.5082279103475583,0.06771947231555307,0.0,-0.4928464877582254,0.6279058584595282,-0.49822714581805827,0.313939635350348,0.1770150688592328,0.2950175579499309,6.898865223453505e-09,-0.2054567059769789,0.0,0.0,0.02804187245954643,0.5714308872017383,0.8466759061344266,-0.2950689457472258,-0.7861547556719859,0.01369597288205726,0.268101124340923,0.41568276454145103,-0.03832346132930554,0.07250375529578955,0.6057035912842055,18,0.0,-0.4211579816965393,2025.0,1.0,0.2713376216905684,0.11104439604866564,tyler conklin,310.0,0.24390243902439024,-0.1328580429757246
00-0036727,Adam Prentice,RB,DEN,IND,0.0,0.0,0.0,-1.0402204016532295,0.0,0.0,0.0,-0.3368507586400777,-0.3300074638160398,-0.9192014638748908,-0.38597628525234445,-0.8601573545195093,-0.8573837953239367,0.0,-0.04450075579759117,0.0,-1.236175618755512,4.0,1.0,-1.2270527235015927,-0.8108874057161387,-0.9982648413317979,-0.1542034303783317,0.38141538762703187,0.0,-1.0277304802571594,-0.8537563736393242,0.027027027027027,0.1707737633777302,0.25907362992185967,-0.07507566105038616,1.1232882050890116,0.668950852416104,0.026164566634669394,13,-0.9162750173037733,-0.45280142731106665,0.0,0.0,1.9175071814067663,0.11082316072914564,adam prentice,1200.0,0.07692307692307693,0.03390008380606871
00-0035250,Devin Singletary,RB,NYG,DAL,0.0,0.0,0.0,-0.9948229742986529,0.0,5.026404069273764,0.0,-0.3368507586400777,-0.3300074638160398,-0.6076170365488524,-0.3859751221034796,-0.6476931094758753,-0.800896275420627,0.0,0.2060799564092845,-2.0942418605402993,-0.5797527427410235,2.218348081761017,0.7127035987439383,-0.9448083553814598,-0.8047561813575873,-0.9595348602462807,-0.16733918111753576,0.2145259168129528,17.05700763757766,-0.5987413152735681,-1.0148738102080854,0.0,1.0990607488613864,0.26446988219082257,-0.40390277204443464,1.1160668244592196,-0.650854831680464,-0.672862204261525,8,-0.756066702007812,-0.4517522568723048,2025.0,1.0,-0.059268924376765696,0.11076509229795813,devin singletary,500.0,0.16666666666666666,-0.05590157436870853
00-0039407,Dylan Laube,RB,LV,LAC,0.0,0.0,0.0,-1.0402204016532295,0.0,0.41666666666666663,0.0,-0.3368507586400777,-0.3300074638160398,-0.9192014638748908,-0.38597628525234445,-1.76707186976884,-0.8573837953239367,0.0,-0.04450075579759117,0.0,-0.007553852139574016,0.0,0.0,-1.2270527235015927,-0.8108874057161387,-0.9982648413317979,-0.1542034303783317,-1.0807589130013109,0.0,-1.0277304802571594,-1.3940893505330474,0.0,0.320426504326425,0.517388999653759,-1.3043391693465272,0.8718944463927459,-0.017787734894388365,-0.2068443569973954,17,-0.9162750173037733,-0.45280142731106665,2025.0,1.0,0.9291191285150003,0.11062367148205172,dylan laube,1100.0,0.08333333333333333,0.027290338148718396
00-0033375,Tim Patrick,WR,JAX,CIN,-0.7155980868921534,-0.5562926728338058,-0.45283138534660866,0.0,-0.31525697319735396,0.0,-0.580291866238968,-0.250147916148605,-0.06126208380906973,0.0,0.41031159677440115,0.254407354371308,0.0,-0.5949059120434174,-0.191140226200489,-0.5683997231343657,-0.26755698363682584,-0.6496851109264592,-0.4900778541624368,0.0,-0.3109799312918036,0.0,0.0,0.0,0.0,-0.06575079151621979,-0.6838480882055977,-0.7482203743000111,0.0316753864286811,0.09615146968379933,0.8919250545027676,0.1768822428380849,0.07487562553799428,0.20286848615698008,6,0.0,-0.0353602507973512,2025.0,1.0,3.441865723697258,0.1103792567491061,tim patrick,1100.0,0.08333333333333333,0.027045923415772777
00-0036842,Kene Nwangwu,RB,NYJ,BUF,0.0,0.0,0.0,-1.0402204016532295,0.0,1.0269318482574183,0.0,-0.3368507586400777,-0.3300074638160398,-0.875573930141351,-0.38597628525234445,-1.6285972359746375,-0.8573837953239367,0.0,-0.10443027351740426,-0.16932885864838826,0.029785340051901896,1.0927052034214715,0.12310427008215241,-1.1914728599384403,-0.8013525831638915,-0.9982648413317979,-0.1542034303783317,0.14269181021548888,2.448968124359208,-1.0277304802571594,-1.3198141021063434,0.0,0.4934356054882013,0.3060545987566863,0.6348309024351025,1.4381485327529986,-0.3517577100655715,-0.6146099733535088,3,-0.8804753245719691,-0.4494572715578926,2025.0,1.0,1.9175071814067663,0.11031634016825034,kene nwangwu,1500.0,0.0625,0.04781634016825034
00-0040205,Kalel Mullings,RB,TEN,LA,0.0,0.0,0.0,-1.0402204016532295,0.0,0.0,0.0,-0.3368507586400777,-0.3300074638160398,-0.9192014638748908,-0.38597628525234445,-1.806502935649246,-0.8573837953239367,0.0,-0.04450075579759117,0.0,-0.007553852139574016,0.0,0.0,-1.2270527235015927,-0.8108874057161387,-0.9982648413317979,-0.1542034303783317,0.38141538762703187,0.0,-1.0277304802571594,-1.3940893505330474,0.0,0.16017826304580493,0.5702544836979172,-1.5064661857733743,0.7686121017115329,-0.6634037884116101,-1.0223755897096223,16,-0.9162750173037733,-0.45280142731106665,2025.0,1.0,0.9291191285150003,0.10982768660229794,kalel mullings,800.0,0.1111111111111111,-0.0012834245088131635
00-0037120,Tyler Goodson,RB,IND,DEN,0.0,0.0,0.0,-0.8980205196717148,0.0,2.2316376481727787,0.0,1.5561481681420222,1.4685737621693071,-0.8598024441699507,1.3613320643160405,-1.1891331862802044,-0.7162593828338242,0.0,-0.08067468387550676,2.5560740867645593,-0.05224243338497566,3.9787579791008256,0.7772898281625473,-1.0456267074799441,-0.40465881823063804,-0.8065705744876541,-0.09413510340373932,0.6480687811260282,10.829194571175536,-0.4078129951142124,-0.6085655848551034,0.0512820519506931,0.22119294912017282,0.1318181880266351,-1.1151570910561173,0.65267643344506,0.16720249846491847,-0.5563577424454926,9,-0.8677744905315374,-0.1837266434634367,2025.0,1.0,0.9291191285150003,0.10873691585876064,tyler goodson,1200.0,0.07692307692307693,0.03181383893568371
00-0037745,Velus Jones Jr.,RB,NO,SF,0.0,0.0,0.0,-1.0402204016532295,0.0,0.8237807674634764,0.0,-0.12984344111530582,-0.12292434471749943,-0.9192014638748908,-0.38597628525234445,-1.419615348828564,-0.8573837953239367,0.0,-0.06577020968450142,3.92036446426157,0.033813880934412156,1.919814129557578,0.2365772244402105,-1.2268401039440304,-0.8089841678048446,-0.9982648413317979,-0.1542034303783317,0.3669311246755054,3.7450533886556565,-1.0126659388353705,-0.9963636189564893,0.0,0.0687549655940788,0.3835530124170316,1.25840986744249,1.2494945090869056,-0.8556500820333379,-0.7893666660775573,28,-0.9160051063541812,-0.45270981087719514,2025.0,1.0,1.9175071814067663,0.10840607709026154,velus jones,1500.0,0.0625,0.04590607709026154
00-0037805,Jeremy Ruckert,TE,NYJ,BUF,-0.9859290502998239,-0.9788765439970513,-1.076195116208836,0.0,-0.299371720492203,0.0,-1.0637870082686187,-0.9187851160469104,-0.9274648387019908,0.0,-0.6856917621513873,-0.5861658279884733,0.0,-0.8951406048177183,0.7261939235695108,-0.9713595617639891,-0.1914933651803384,-0.9505294498961809,-0.7349822129975475,0.0,-0.9748789956281322,0.0,0.0,0.0,0.0,-0.9115866676019854,-0.8619084501862312,-0.4104237401781418,0.4934356054882013,-0.2241834588666987,0.9263675130401681,1.1552175462956036,0.11416938876997434,-0.6028017240974708,3,0.0,-0.758825363609639,2025.0,1.0,0.2713376216905684,0.10834973428518907,jeremy ruckert,550.0,0.15384615384615385,-0.045496419560964785
00-0037801,KaVontae Turpin,WR,DAL,NYG,0.5319334695675598,-0.12415414002054359,-0.10695282810005201,0.0,0.42787583008966307,1.7041581324922346,-0.40599642487852144,-0.32317451161023975,-0.3868382657202154,0.0,-0.5149649120890133,-0.635235583098204,0.0,-0.3916455267044997,0.31506193424131357,-0.46742911731168846,-0.08537764403752358,-0.34572503232406393,-0.5178255297235317,0.03471619916607183,-0.22799219543096125,0.0,0.0,0.39449363061660203,10.403677118394487,-0.8005203252248513,-0.48207218143946196,-0.7677623283401191,0.04675342036973735,0.9701831083407785,1.006240546654429,-0.16153951753004217,0.0769774093736673,0.6057035912842055,23,0.0,-0.07740022929786962,2025.0,1.0,2.3850230230283613,0.10833499794004511,kavontae turpin,475.0,0.17391304347826086,-0.06557804553821575
00-0035676,A.J. Brown,WR,PHI,KC,-0.10554551614061781,0.8259666070984764,-0.06677739027716605,0.0,0.7133576903551501,8.15513759337143e-09,0.6045188860524878,3.3833828297317634,2.0543002835332453,0.0,0.4004672319738567,1.3533019232012262,0.0,1.5327488499727113,-0.16661481116108345,0.7744728823903265,0.95606623400292,0.797665226343564,0.7068379956679085,1.0284331856548435e-09,0.9030573773129235,0.0,0.0,5.79535043969234e-09,5.3261540538643534e-08,1.4812929116380162,1.7693768803499417,-0.8771972709647249,0.17599553997256578,-0.7621541081599309,0.4105234793758919,2.4031541885687995,0.0006975286717756033,0.37551210264007673,15,0.0,2.9475551000492453,2025.0,1.0,-0.7855050789783283,0.10809748605299721,aj brown,185.0,0.3508771929824561,-0.2427797069294589
00-0037594,Julius Chestnut,RB,TEN,LA,0.0,0.0,0.0,-1.0402204016532295,0.0,2.5966626261798025,0.0,-0.3368507586400777,-0.3300074638160398,0.6292028022358518,-0.38597628525234445,-0.9784857146042996,-0.8573837953239367,0.0,-0.15686957217780978,0.49814863284491084,-0.7841779990393826,1.3321679238040298,0.1938740046325509,-0.22062807729123343,-0.8108874057161387,-0.9982648413317979,-0.1542034303783317,-0.19696293871370044,9.92044507443873,-1.0277304802571594,-1.1474523608944025,0.0,0.16017826304580493,0.5702544836979172,-1.5064661857733743,0.7686121017115329,-0.6634037884116101,-1.0223755897096223,16,-0.8135010450008346,-0.45280142731106665,2025.0,1.0,-0.059268924376765696,0.10802829198835179,julius chestnut,750.0,0.11764705882352941,-0.009618766835177622
00-0036264,Jordan Love,QB,GB,WAS,0.0,0.0,0.0,0.0,0.0,-0.7111530916996257,0.0,0.0,0.0,-0.3819890347179329,0.0,0.18935376329803652,0.0,0.0,0.0,0.0,0.0,0.0,0.0,-0.08994606341671693,0.0,0.0,0.0,0.02686232528622848,-0.6580739791897926,-0.613406772602993,0.0,0.0,-0.7958864832994447,0.3138651021617542,0.8228718713535192,0.3070360828672106,0.07476300472024246,0.8117342874523106,31,-0.46351706238358426,0.0,2025.0,1.0,-0.5346699743522593,0.10755960944894342,jordan love,550.0,0.15384615384615385,-0.04628654439721043
00-0034386,Justin Watson,WR,HOU,TB,-0.9813141547173662,-0.9759215641498266,-1.0741840509181118,0.0,-0.3070675951107437,0.0,-1.0615763013895863,-0.17380423494876776,-0.037084440753314164,0.0,-0.6827773598714425,0.18929941269318618,0.0,-0.8923670307989341,-0.1770259930165864,-0.22500017511321674,0.12603937094071838,-0.5275867281568906,-0.7792013526628391,0.0,-0.9065090191387296,0.0,0.0,0.0,0.0,0.029693726803100156,-0.32297397176895404,-0.6287973218326832,0.3833797721242485,-1.1306048597141816,0.15478636779183097,-0.14895468128456027,0.3235987313450722,0.03022486967388346,29,0.0,-0.6310841148489326,2025.0,1.0,3.441865723697258,0.10725903191023552,justin watson,500.0,0.16666666666666666,-0.05940763475643114
00-0039874,Jaylen Wright,RB,MIA,NE,0.0,0.0,0.0,-1.0045044761899937,0.0,4.317322138610806,0.0,-0.3368507586400777,-0.3300074638160398,-0.9192014638748908,-0.38597628525234445,-1.1274480090365222,-0.8242435983137807,0.0,-0.05833962338547437,-0.8927864234937724,-0.33359719494357715,1.0364412208917166,0.3705879946793057,-1.1213048297134567,-0.5692325563707527,-0.9555640972426925,-0.09605526733709949,-1.5482815160396095,7.4107126981162,-1.0277304802571594,-1.1203013210857802,0.0,0.054277742381471206,0.09168588038453629,0.6543410722999078,0.942309537035285,1.3292679660335796,0.14266902845070178,21,-0.8090026925347522,-0.12410066182467032,2025.0,1.0,-0.059268924376765696,0.1067968999776613,jaylen wright,500.0,0.16666666666666666,-0.05986976668900536
00-0040138,Jaylin Noel,WR,HOU,TB,-0.9859290502998239,-0.9788765439970513,-1.076195116208836,0.0,-0.299371720492203,0.0,-1.0637870082686187,-0.9329390563681516,-0.9399691508932457,0.0,-0.6856917621513873,-1.1865467475710794,0.0,-0.8951406048177183,2.3276010711351094,-1.2354185562535505,-0.9395495780595582,-1.0750051561518232,-0.9707001247110764,0.0,-1.1086117928300876,0.0,0.0,0.0,0.0,-0.9115866676019854,-0.9637685243078206,-0.6287973218326832,0.3833797721242485,-1.1306048597141816,0.15478636779183097,-0.14895468128456027,0.3235987313450722,0.03022486967388346,29,0.0,-0.7973479822883568,2025.0,1.0,4.498708424366155,0.1057558391162418,jaylin noel,600.0,0.14285714285714285,-0.03710130374090105
00-0037085,Tyler Badie,RB,DEN,IND,0.0,0.0,0.0,-1.0402204016532295,0.0,2.081567022365151,0.0,2.7774287288640567,3.183742803337375,-0.9192014638748908,-0.38597628525234445,-1.160910157901202,-0.8573837953239367,0.0,0.02358387137767891,3.928226867417044,-2.4122737345418863,7.061248355503581,1.4225990352287676,-1.2270527235015927,-0.43403250092926277,-0.9982648413317979,-0.1542034303783317,0.5189666108581777,14.581201578716561,-0.6698729622417362,0.4976346641187116,0.162162162162162,0.1707737633777302,0.25907362992185967,-0.07507566105038616,1.1232882050890116,0.668950852416104,0.026164566634669394,13,-0.9162750173037733,-0.08963428073643899,2025.0,1.0,0.9291191285150003,0.1053468001033802,tyler badie,900.0,0.1,0.005346800103380192
00-0033246,Johnny Mundt,TE,JAX,CIN,-0.9448568325296824,-0.9673230938229579,-0.987784097810078,0.0,-0.31401328458954497,0.0,-0.9874047900776857,-0.4771047190554227,-0.513156926212249,0.0,-0.2152213458346064,-0.8133722129282984,0.0,-0.8873640853828046,2.115177274261557,-1.2541745001962428,-0.4720412443982524,-1.1017695167866537,-1.1097226672196019,0.0,-0.8109756259438899,0.0,0.0,0.0,0.0,-0.37957122320708564,-1.2308973970264805,-1.037306521996783,0.0316753864286811,0.09615146968379933,0.8919250545027676,0.1768822428380849,0.07487562553799428,0.20286848615698008,6,0.0,-0.6867300746351973,2025.0,1.0,0.2713376216905684,0.10304225382576085,johnny mundt,1400.0,0.06666666666666667,0.03637558715909418
00-0038046,Charlie Kolar,TE,BAL,CLE,-0.9760356130978459,-0.9716312608320696,-1.0692254846318576,0.0,-0.2947347682896492,0.07504916083432607,-1.0538852780980223,-0.6673075509289009,-0.6613415118580219,0.0,-0.36127965616641977,-0.744382830010731,0.0,-0.8913046001897174,2.058647094817045,-1.040128854798792,-0.07813880015641178,-0.8097348169564781,-0.857449212686211,0.0,-0.9178397844096885,0.0,0.0,0.12900248306697146,0.15009832166865214,-0.4663968472896401,-1.0463931192151614,-0.9017642897489297,0.2039944349708976,1.5332284286176041,0.9036633454839689,-0.2739320184637409,0.0015008883795919214,1.4113738015386563,7,0.0,-0.6549003611671735,2025.0,1.0,1.328180322359465,0.10074372730116757,charlie kolar,650.0,0.13333333333333333,-0.03258960603216576
00-0039810,Jermaine Burton,WR,CIN,JAX,-0.6941226495546567,0.25671054125456544,-0.8224716351183962,0.0,0.004522778141664302,0.0,-0.8381595551035615,0.7989611150104245,1.4975442705103388,0.0,-0.6856917621513873,-0.9837784428578447,0.0,-0.49549478546263226,-0.7504619712438748,1.0554466848735933,-1.7372399592980659,-0.5170078635378833,-0.9707001247110764,0.0,-0.08459993934667906,0.0,0.0,0.0,0.0,-0.9115866676019854,-0.2478614611989782,-0.4958742554176975,0.01539195920881597,-0.4737052318636237,0.6551661597560544,-0.8845364355314341,0.31172083281901036,0.8934429520893665,14,0.0,-0.2615572363192898,2025.0,1.0,4.498708424366155,0.10050408820679005,jermaine burton,850.0,0.10526315789473684,-0.0047590696879467875
00-0030565,Geno Smith,QB,LV,LAC,0.0,0.0,0.0,0.0,0.0,-0.5137114050619219,0.0,0.0,0.0,-0.7077619244269631,0.0,0.590288013388505,0.0,0.0,0.0,-0.00013222358009147388,-2.3825368464714198e-05,-3.305589502286847e-05,1.6527947511434235e-05,-0.6901218340349176,0.0,0.0,0.0,0.16730319052305295,-0.23326426540262934,-0.6156297228841621,2.3043773138441795e-07,0.0,0.5367167745477887,0.517388999653759,0.17258718809061602,0.8718944463927459,0.1794531590390648,-0.21176341836908058,17,-0.26889326246760425,0.0,2025.0,1.0,-0.5346699743522593,0.10037442840402518,geno smith,550.0,0.15384615384615385,-0.05347172544212868
00-0037004,Hunter Long,TE,JAX,CIN,-0.9859290502998239,-0.9788765439970513,-1.076195116208836,0.0,-0.299371720492203,0.0,-1.0637870082686187,-0.022599068099788566,-0.10892038800648139,0.0,-0.6856917621513873,-1.2903062122822144,0.0,-0.8951406048177183,0.2512383447407911,-1.1524478443050348,-0.14603459857075135,-1.0607532827198431,-0.9971357202799709,0.0,-0.14942690738504832,0.0,0.0,0.0,0.0,0.4672527327923483,-1.15966472087878,-1.037306521996783,0.0316753864286811,0.09615146968379933,0.8919250545027676,0.1768822428380849,0.07487562553799428,0.20286848615698008,6,0.0,-0.44086232333604747,2025.0,1.0,1.328180322359465,0.09987436219266001,hunter long,950.0,0.09523809523809523,0.0046362669545647744
00-0031484,Chris Manhertz,TE,NYG,DAL,-0.9859290502998239,-0.9788765439970513,-1.076195116208836,0.0,-0.299371720492203,0.0,-1.0637870082686187,-0.3240895764019608,-0.4495164506412266,0.0,-0.2655837451055098,-0.7209563687759795,0.0,-0.8951406048177183,2.32598283771919,-1.1917351048830132,-0.17506813693545745,-1.004533607884963,-1.0761961583841761,0.0,-0.7074369961482749,0.0,0.0,0.0,0.0,-0.22428133122527164,-1.2151057011275619,-1.0245994221080648,1.0990607488613864,-0.3741589417175053,0.5225983861961978,0.41055056573862686,0.05570249285921378,-0.660349596258503,8,0.0,-0.6974886111845083,0.0,0.0,2.3850230230283613,0.09885747516636485,chris manhertz,1700.0,0.05555555555555555,0.0433019196108093
00-0039424,Devaughn Vele,WR,NO,SF,-0.7959390630012658,-0.8084839646407922,-0.8899969946755772,0.0,-0.3066568534034015,0.0,-0.8412278629412334,0.8182297180171397,0.967680831726411,0.0,2.3409434218459655,-0.4779264897823755,0.0,-0.7101827939222934,-0.13142314954815085,-0.40787679423466455,0.7919843079900782,-0.23426923294256752,-0.3245666812791476,0.0,0.27499367944631814,0.0,0.0,0.0,0.0,0.6441860955206362,-0.4008954980233953,-0.8897803828344526,0.0687549655940788,0.05531494748826672,1.168760669635824,0.7190412017351904,0.015669534598864422,-0.7754453405805675,28,0.0,0.8297945098545682,2025.0,1.0,2.3850230230283613,0.09871379502231069,devaughn vele,850.0,0.10526315789473684,-0.006549362872426148
00-0035631,Drew Sample,TE,CIN,JAX,-0.985927031655624,-0.9788757275044975,-1.0761920375566048,0.0,-0.29937086393401563,0.027104145301281118,-1.0637840144723703,-0.885117880125153,-0.8850471457721123,0.00903471528112134,-0.6522166542031058,0.3699086767309879,0.0,-0.8951398841278803,0.07039487618032264,-1.2665498796960963,-0.49443729763223876,-1.0710028196797228,-0.7050720706295476,0.00451735764056067,-0.8991541434200379,0.0,0.0,-0.04009925650437294,-0.10841658120512447,-0.8161595661856613,-1.1787685398980006,-0.9444895648767496,0.01539195920881597,-0.4737052318636237,0.6551661597560544,-0.8845364355314341,0.31172083281901036,0.8934429520893665,14,0.0,-0.7506517760188828,2025.0,1.0,1.328180322359465,0.09687338021887715,drew sample,1100.0,0.08333333333333333,0.013540046885543819
00-0034869,Sam Darnold,QB,SEA,PIT,0.0,0.0,0.0,0.0,0.0,-0.17567378445069895,0.0,0.0,0.0,-0.26477609997898016,0.0,0.6790635224980351,0.0,0.0,0.0,0.0,0.0,0.0,0.0,-0.8125615610878723,0.0,0.0,0.0,-0.12660807790612277,-0.3615753525383774,-0.6180559374966157,0.0,0.0,2.2173518993999384,0.4191947719219354,0.6098905230063066,1.2347897022297165,0.00404824710031119,-0.8372342385932641,26,-0.16412166789334445,0.0,2025.0,1.0,-0.5346699743522593,0.09673041389635689,sam darnold,800.0,0.1111111111111111,-0.014380697214754212
00-0036244,Colby Parkinson,TE,LA,TEN,-0.7202379060521997,-0.8117853142315609,-0.7988208482532195,0.0,-0.1325574466580231,0.0,-0.8998148076261981,-0.5476904275895563,-0.6156143965685342,0.0,0.004538789788774222,-0.5261129105975224,0.0,-0.741883062770187,-0.5074946102851877,-1.1216200998865304,-1.5519738871600892,-1.1902231014236049,-0.8579852760289106,0.0,0.9938357001594307,0.0,0.0,0.0,0.0,-0.8156652193524833,-0.9949927840840571,-0.6560940195395015,0.1797937189108486,-1.0370916661052494,1.0552898096411443,0.42922667999581504,0.11316282191050671,0.2604163583180123,30,0.0,-0.6377489487611595,2025.0,1.0,0.2713376216905684,0.09583221885100898,colby parkinson,800.0,0.1111111111111111,-0.015278892260102123
00-0038104,Tyquan Thornton,WR,KC,PHI,-0.9253796541637119,-0.9339390412270817,-1.0038300808023621,0.0,-0.2742148770509686,0.04423267603815584,-1.0141720616838583,0.4427011207467851,0.3851936118467722,1.5875240606292234e-05,-0.6796544553380435,-0.5713899582475497,0.0,-0.8526403049015102,-0.7202508339756851,0.33626385976263173,-1.2040373874032484,-0.5856281165145838,-0.7964504103810998,0.003540815831974935,-0.8490331581657024,0.0,0.0,0.04586791611602903,0.6514198997999984,-0.9051125233921993,-0.14576851812886266,-0.30698362255230416,0.022508549051636805,-0.5240711068224438,0.6833722184349974,0.018051586350960602,0.0009573318179038651,0.03022486967388346,25,0.0,-0.5661528954239232,2025.0,1.0,3.441865723697258,0.09370412460529015,tyquan thornton,360.0,0.21739130434782608,-0.12368717974253593
00-0039410,Ryan Flournoy,WR,DAL,NYG,-0.9859290502998239,-0.9788765439970513,-1.076195116208836,0.0,-0.299371720492203,0.0,-1.0637870082686187,-0.9329390563681516,-0.9399691508932457,0.0,-0.6856917621513873,-1.3181986595759825,0.0,-0.8951406048177183,-0.15175038970855173,-0.7548513959989918,-0.4831422648767819,-0.7586737377438616,-0.6242476566457795,0.0,-1.1086117928300876,0.0,0.0,0.0,0.0,-0.9115866676019854,-0.8664729447169788,-0.7677623097034602,0.04675342036973735,0.9701831083407785,1.006240546654429,-0.16153951753004217,0.0769774093736673,0.6057035912842055,23,0.0,-0.7973479822883568,2025.0,1.0,3.441865723697258,0.09257579835041156,ryan flournoy,1300.0,0.07142857142857142,0.021147226921840137
00-0040164,Jaylin Lane,WR,WAS,GB,-0.9859290502998239,-0.9788765439970513,-1.076195116208836,0.0,-0.299371720492203,0.0,-1.0637870082686187,-0.9329390563681516,-0.9399691508932457,0.0,-0.6856917621513873,-1.0666411396341076,0.0,-0.8951406048177183,-0.5015982524222091,-0.6661922471163743,-0.21255071012897975,-0.9135119284679061,-0.9707001247110764,0.0,-1.1086117928300876,0.0,0.0,0.0,0.0,-0.9115866676019854,-0.7906662478844484,-0.6815081863699868,0.00988249693290696,-1.1749845122918892,0.40477829806766363,0.06978368377882008,0.23802384129491655,0.03022486967388346,11,0.0,-0.7973479822883568,2025.0,1.0,2.3850230230283613,0.09245972907067597,jaylin lane,850.0,0.10526315789473684,-0.012803428824060867
00-0033077,Dak Prescott,QB,DAL,NYG,0.0,0.0,0.0,0.0,0.0,-0.7114743972356855,0.0,0.0,0.0,-0.1403752328534872,0.0,0.3270926290943448,0.0,0.0,4.0402731245499185e-09,3.672975488163051e-08,9.801105459138643e-09,4.0402730369793595e-08,3.6729754881630538e-09,-0.5673137550119901,7.345950976326113e-10,0.0,0.0,0.016551636464516465,-0.4148152687660018,-0.524072034422435,2.754379527740711e-10,0.0,-0.7681646739870411,0.6372246955549405,1.006240546654429,0.8686276924336725,0.0769774093736673,0.5842903528253347,23,-0.5096019152912362,0.0,2025.0,1.0,-0.5346699743522593,0.09175379359492504,dak prescott,700.0,0.125,-0.03324620640507496
00-0036754,Brock Wright,TE,DET,CHI,-0.9352534427628899,-0.9562425270500049,-0.9956454658593779,0.0,-0.29773027453228706,0.0,-1.0004535091759592,0.042500033875884025,0.16607704997325395,0.0,0.3386525992520889,-0.05993234762034241,0.0,-0.8738710272928542,0.2575841059651909,-1.0189701391252635,-0.2732977141998871,-1.0126038795386327,-1.0111558638475793,0.0,-0.6094997346261242,0.0,0.0,0.0,0.0,-0.15087857099483043,-1.0939930549969723,-1.1351510604503419,0.3055564827482153,-0.6735135281488507,0.8996269535308904,-0.35972195029471044,0.2865915302846011,0.8358950799283343,5,0.0,-0.7121024081130658,2025.0,1.0,0.2713376216905684,0.09101539878694939,brock wright,1000.0,0.09090909090909091,0.00010630787785848028
00-0033757,Robert Tonyan,TE,KC,PHI,-0.9834635801333128,-0.9779906217290779,-1.0737042429498465,0.0,-0.3006165488795584,0.0,-1.0616605138760422,0.8120681233699013,-0.10951809111272852,0.0,-0.6856329676444752,-0.6994574508393506,0.0,-0.8943241564277159,-0.25590404766388597,-0.6697044935252633,-0.33511427496955315,-0.8535545069899144,-0.9704778604561332,0.0,0.026344532528511398,0.0,0.0,0.0,0.0,-0.8873374322140063,-0.7675344313720726,-0.7482203743000111,0.022508549051636805,-0.5240711068224438,0.6833722184349974,0.018051586350960602,0.0009573318179038651,0.03022486967388346,25,0.0,-0.5592402573023314,2025.0,1.0,1.328180322359465,0.08983578009008786,robert tonyan,2500.0,0.038461538461538464,0.051374241628549394
00-0039052,Trey Palmer,WR,NO,SF,-0.9090117064635258,-0.8986608934851645,-1.016264034194525,0.0,-0.361379042919206,0.005345448008389999,-1.0027491148480998,-0.21549763363416619,-0.03127782574120015,0.0,-0.6853330910880877,-1.1142939726013732,0.0,-0.8403208938637304,-0.5523652246696151,0.13070599326065388,-0.24849094325311746,-0.6264586916504844,-0.8646195339901782,0.0,-0.8998880304933617,0.0,0.0,0.0014427171289860322,0.037215713763882136,-0.7499879990319209,-0.5277535969029673,-0.4332767929966974,0.0687549655940788,0.05531494748826672,1.168760669635824,0.7190412017351904,0.015669534598864422,-0.7754453405805675,28,0.0,-0.5518854500686371,2025.0,1.0,4.498708424366155,0.0894722419184935,trey palmer,1400.0,0.06666666666666667,0.022805575251826832
00-0036534,Shane Zylstra,TE,DET,CHI,-0.9256862260856596,-0.731994020735744,-0.793267341181881,0.0,-0.3314290918320961,0.0,-0.6862068061443062,-0.09977165161341917,0.053654718971777454,0.0,0.33826211871689527,-0.9394653366726083,0.0,-0.7560708331401524,0.2181932039009144,-1.011498635165467,-0.34837295649783595,-0.8676088533205593,-0.833797128738695,0.0,-0.8182385391908593,0.0,0.0,0.0,0.0,-0.3156635184624952,-1.0388564428849834,-1.0602612632470578,0.3055564827482153,-0.6735135281488507,0.8996269535308904,-0.35972195029471044,0.2865915302846011,0.8358950799283343,5,0.0,-0.7477538394004924,2025.0,1.0,1.328180322359465,0.08850369659947556,shane zylstra,2800.0,0.034482758620689655,0.054020937978785905
00-0040584,Gunnar Helm,TE,TEN,LA,-0.9859290502998239,-0.9788765439970513,-1.076195116208836,0.0,-0.299371720492203,0.0,-1.0637870082686187,-0.9329390563681516,-0.9399691508932457,0.0,-0.6856917621513873,-0.666955779844201,0.0,-0.8951406048177183,-0.5495507833299603,-0.2867080410249234,-0.15617589378883176,-0.7116453938630097,-0.9707001247110764,0.0,-1.1086117928300876,0.0,0.0,0.0,0.0,-0.9115866676019854,-0.5763431752473859,-0.5676527189694116,0.16017826304580493,0.728654713071571,0.09401781950329521,-0.3927799327222781,0.05324944836641776,-1.0056368292246962,16,0.0,-0.7973479822883568,2025.0,1.0,0.2713376216905684,0.08817618279082219,gunnar helm,1100.0,0.08333333333333333,0.0048428494574888625
00-0040126,Colston Loveland,TE,CHI,DET,-0.9859290502998239,-0.9788765439970513,-1.076195116208836,0.0,-0.299371720492203,0.0,-1.0637870082686187,-0.9329390563681516,-0.9399691508932457,0.0,-0.6856917621513873,0.012509331798639728,0.0,-0.8951406048177183,1.2726453911645839,-1.1405475047306877,-0.8532281647573577,-0.8731386215469268,-0.4329738630874324,0.0,-1.1086117928300876,0.0,0.0,0.0,0.0,-0.9115866676019854,-1.0529327823638943,-0.7861547556719859,0.4492361330256993,0.27985046982546047,0.6319974805689496,-0.08092669722332181,0.22014637083599872,-0.4301581076143742,10,0.0,-0.7973479822883568,2025.0,1.0,0.2713376216905684,0.08689699249418265,colston loveland,500.0,0.16666666666666666,-0.07976967417248401
00-0033106,Jared Goff,QB,DET,CHI,0.0,0.0,0.0,0.0,0.0,-0.7723018829418424,0.0,0.0,0.0,-0.5314959818336731,0.0,0.6742813306632786,0.0,0.0,0.0035997097506135682,0.012855802921056644,0.004433076089067719,0.017998928497172387,0.0025712971817441178,-0.8472093276852235,0.0005142442588451803,0.0,0.0,-0.2710012257689023,-0.8571579186794945,-0.7035938946073573,0.00031690829417622745,0.0,0.46581606697294603,0.18146581117327829,0.8996269535308904,0.7829102668390547,0.2865915302846011,0.8117342874523106,5,-0.41419255019943935,0.0,2025.0,1.0,-0.5346699743522593,0.08563041340175229,jared goff,1600.0,0.058823529411764705,0.02680688398998758
00-0033555,Mack Hollins,WR,NE,MIA,-0.8118522364517826,-0.687479931533219,-0.8516437760310174,0.0,-0.28678550767428834,3.849014457444767e-05,-0.8528278620569414,-0.4233756162254329,-0.5366532908044013,0.0,0.22652333893078427,0.45778519982175564,0.0,-0.7418443510289772,-0.3527316444096118,-0.3991940403745449,0.25705113345651026,-0.5356395353428371,-0.45679156777829666,0.0,0.1792883135334456,0.0,0.0,3.5902590930893393e-05,0.0004722270675689776,-0.37835711610340517,-0.5495243529193135,-0.9345203361490426,0.5717123177444071,-0.0055216019616339896,0.12050679215040297,0.384678746557592,0.23563525676785815,-0.19996661897024537,19,0.0,0.541943165222609,2025.0,1.0,2.3850230230283613,0.08552413177490413,mack hollins,600.0,0.14285714285714285,-0.05733301108223872
00-0030035,Adam Thielen,WR,MIN,ATL,0.3003821057668945,0.898792783420081,0.5554440432288994,0.0,-0.6415325432054175,0.00011203766647408229,1.1021947226116804,0.7424296937218509,0.5324452083331276,0.0,0.5514564974124521,0.5276115927577719,0.0,0.5914855618937447,-0.4232869908088176,0.4509325154969113,1.113994876518527,0.5232517314656049,0.49594186058811573,1.1111411456115679e-05,1.815503708604202,0.0,0.0,1.7924744404518492e-05,0.0006259188644378012,0.5364539701984166,0.5281025803278696,-0.8771972709647249,0.41544864227327927,0.6292349162325928,0.4423465529190415,0.9677865294559627,0.6993078860089404,0.4906078469621411,1,0.0,2.9375551999150153,2025.0,1.0,1.328180322359465,0.08546512445673134,adam thielen,425.0,0.19047619047619047,-0.10501106601945913
00-0035689,Dawson Knox,TE,BUF,NYJ,-0.8817359536987593,-0.8800151288981942,-0.9527075956593788,0.0,-0.3668725349113494,0.0,-0.9580443850364488,-0.8747316054552705,-0.8897862766661003,0.0,-0.6710224719591706,0.10864328612209279,0.0,-0.8182792795793371,1.341873158920838,-0.7325192490074591,-0.13698540734954587,-0.5012356764258442,-0.5668302796673395,0.0,-0.3937728552827465,0.0,0.0,0.0,0.0,-0.8683478987528979,-0.7075057858527298,-0.9345203361490426,0.2607154342727115,1.1626070675597837,0.6120001623258199,0.7918699085438146,0.2868257926037341,1.008538696411431,24,0.0,-0.3327249057960101,2025.0,1.0,0.2713376216905684,0.08526835979754255,dawson knox,600.0,0.14285714285714285,-0.0575887830596003
00-0033217,Mo Alie-Cox,TE,IND,DEN,-0.9859244235693163,-0.9788739705320926,-1.0761880624085425,0.0,-0.29936239095031386,0.0,-1.063779868692162,-0.3497298931809759,-0.2617540408228194,0.0,-0.19111069853488633,-0.5074348734939089,0.0,-0.8951385668084498,2.076391924309402,-0.8857076793362068,-0.4153527906807501,-0.9164274278284096,-1.0918712049036963,0.0,-0.3695751882100163,0.0,0.0,0.0,0.0,-0.8351067795688748,-0.963135375087802,-1.037306521996783,0.22119294912017282,-0.8525679228570484,0.24612469288376718,-0.6608282627072356,0.21561467293103723,-0.5452538519364386,9,0.0,-0.7056583458249714,2025.0,1.0,0.2713376216905684,0.0852306870773323,mo aliecox,850.0,0.10526315789473684,-0.02003247081740453
00-0037306,John FitzPatrick,TE,GB,WAS,-0.9859290502998239,-0.9788765439970513,-1.076195116208836,0.0,-0.299371720492203,0.0,-1.0637870082686187,-0.9329390563681516,-0.9399691508932457,0.0,-0.6856917621513873,-1.3181862376303237,0.0,-0.8951406048177183,1.0298032162923023,-1.2354185562535505,-0.6913861620436603,-1.1842723629563086,-0.9707001247110764,0.0,-1.1086117928300876,0.0,0.0,0.0,0.0,-0.9115866676019854,-1.2201584304533788,-0.924097960660984,0.040939318976922434,-0.19601484029194813,0.8228718713535192,-1.4599638534458836,0.07476300472024246,0.8358950799283343,31,0.0,-0.7973479822883568,2025.0,1.0,1.328180322359465,0.0836846978064999,john fitzpatrick,2800.0,0.034482758620689655,0.04920193918581024
00-0039041,Elijah Higgins,TE,ARI,CAR,-0.9859290502998239,-0.9788765439970513,-1.076195116208836,0.0,-0.299371720492203,0.0,-1.0637870082686187,-0.8830395096601795,-0.8998248981368383,0.0,-0.6002701143585478,-1.014741822838386,0.0,-0.8951406048177183,0.3710326834967476,-1.0512736023956868,-0.5863435659407122,-0.9483151366103658,-0.8455652624327183,0.0,-0.3216970087268101,0.0,0.0,0.0,0.0,-0.8449810965791146,-0.9859566643460708,-0.6815081863699868,0.4047746559437065,0.7950087724189823,0.6147391968722338,0.9673598103874828,0.11686833694898953,0.72079933560627,4,0.0,-0.36136857875586137,2025.0,1.0,1.328180322359465,0.08238438937834996,elijah higgins,600.0,0.14285714285714285,-0.060472753478792884
00-0036620,Dee Eskridge,WR,MIA,NE,-0.9859290502998239,-0.9788765439970513,-1.076195116208836,0.0,-0.299371720492203,0.08606187690486292,-1.0637870082686187,-0.6881284456896817,-0.7417508978231733,0.0,-0.6856917621513873,-1.558767175346876,0.0,-0.8951406048177183,-0.2926724295750604,-1.1345445874484048,-0.42705429762860964,-0.9515742001804729,-1.0270439373955296,0.0,-0.8721752566281442,0.0,0.0,0.047701877741947445,0.5913114533592335,-0.9029277951119106,-1.1453213268552007,-0.9631818559284973,0.054277742381471206,-0.9973052858497227,0.9339513667694092,0.008816126172965582,0.442772862775828,0.14532061399594787,21,0.0,-0.5876534345312755,2025.0,1.0,3.441865723697258,0.08227580486531594,dee eskridge,1100.0,0.08333333333333333,-0.0010575284680173908
00-0038752,Jake Bobo,WR,SEA,PIT,-0.9854981999201287,-0.9776771417098581,-1.0755997152068295,0.0,-0.29907037926457164,0.0004781848372390401,-1.0626697165514416,0.08838646187980473,-0.12794008046629635,0.0004781848372390401,0.16230933401265882,-1.0584538369052043,0.0,-0.8943138867170987,-0.012202209354926188,-1.05779215995617,-0.18990247500540244,-1.0959857315447155,-0.9951393010662362,9.563696744780803e-05,-0.6042836907461712,0.0,0.0,0.00037088224811827745,0.0014345545117171203,0.4379468033562566,-1.1855151954595209,-1.010951086880865,0.6729064925588149,0.18385712675102558,0.6098905230063066,0.6850430458634245,0.00404824710031119,-0.8329932127415997,26,0.0,-0.2112298849510132,2025.0,1.0,2.3850230230283613,0.08097645902855256,jake bobo,600.0,0.14285714285714285,-0.061880683828590285
00-0039824,Jared Wiley,TE,KC,PHI,-0.9859290502998239,-0.9788765439970513,-1.076195116208836,0.0,-0.299371720492203,0.0,-1.0637870082686187,-0.9329390563681516,-0.9399691508932457,0.0,-0.6856917621513873,-1.5462635713819952,0.0,-0.8951406048177183,0.6492624893638187,-1.172171188571642,-0.6149691828105828,-1.0750051561518232,-0.9707001247110764,0.0,-1.1086117928300876,0.0,0.0,0.0,0.0,-0.9115866676019854,-1.0756310381839727,-0.9444895565206388,0.022508549051636805,-0.5240711068224438,0.6833722184349974,0.018051586350960602,0.0009573318179038651,0.03022486967388346,25,0.0,-0.7973479822883568,2025.0,1.0,2.3850230230283613,0.0808352476748534,jared wiley,1700.0,0.05555555555555555,0.025279692119297842
00-0036212,Tua Tagovailoa,QB,MIA,NE,0.0,0.0,0.0,0.0,0.0,-0.8434427881028834,0.0,0.0,0.0,-0.7377094374293506,0.0,0.49512472120523365,0.0,0.0,0.0,0.0,0.0,0.0,0.0,-0.9139733808380185,0.0,0.0,0.0,-0.3648354567599822,-0.7346332131676215,-0.7162799037085387,0.0,0.0,-0.732288481619261,0.09168588038453629,0.9339513667694092,0.942309537035285,0.442772862775828,0.12940248357138312,21,-0.5515192702266837,0.0,2025.0,1.0,-0.5346699743522593,0.08033613081635635,tua tagovailoa,1100.0,0.08333333333333333,-0.0029972025169769795
00-0036849,Tutu Atwell,WR,LA,TEN,-0.6466540468670581,-0.4924339613788965,-0.544768857576992,0.0,-0.5761878749884692,0.05991143067484172,-0.49143603210202397,-0.9315901413373517,-0.9387099581452594,0.001259899352413919,-0.672923389993624,-0.7045834993239317,0.0,-0.27431669500222033,-0.2635366364844575,-0.33544844722490696,-0.29312838850262,-0.5476258418592127,-0.3364019437332919,0.0011691186510446284,-0.9007739524439708,0.0,0.0,-0.05724748281061364,0.03240695910031394,-0.9104887574445388,-0.22377306399533323,-1.024599438581541,0.1797937189108486,-1.0370916661052494,1.0552898096411443,0.42922667999581504,0.11316282191050671,0.2604163583180123,30,0.0,-0.5774477166208123,2025.0,1.0,1.328180322359465,0.07976210037126129,tutu atwell,475.0,0.17391304347826086,-0.09415094310699958
00-0040705,Chimere Dike,WR,TEN,LA,-0.9859290502998239,-0.9788765439970513,-1.076195116208836,0.0,-0.299371720492203,1.0,-1.0637870082686187,-0.9329390563681516,-0.9399691508932457,0.0,-0.6856917621513873,-1.5462635713819952,0.0,-0.8951406048177183,-1.029076092407472,-0.6661922471163743,-0.8983123245662642,-1.3576183045986783,-1.5084263863347203,0.0,-1.1086117928300876,0.0,0.0,0.712710098130629,9.0,-0.9115866676019854,-1.02233865696096,-0.9803787882964958,0.16017826304580493,0.728654713071571,0.09401781950329521,-0.3927799327222781,0.05324944836641776,-1.0056368292246962,16,0.0,-0.7973479822883568,2025.0,1.0,2.3850230230283613,0.07973678560491015,chimere dike,1400.0,0.06666666666666667,0.013070118938243488
00-0035298,Scott Miller,WR,PIT,SEA,-0.9835777562373355,-0.975842828629098,-1.0727548411204417,0.0,-0.3014426631855481,0.0003316189609729767,-1.0604842065141091,-0.8038013252919939,-0.8438835876869681,0.0,-0.6020045698947962,-0.9806680375804535,0.0,-0.8927722950985847,-0.0973367447150319,-0.5117176158956476,-0.030816040075737777,-0.6436717821089808,-0.8962643792519712,2.1248510744227245e-08,-0.3026879581232002,0.0,0.0,0.00037798545576310006,0.005050962931396062,-0.7549380316349801,-0.5670987788568964,-0.9017642897489297,0.020802770482795295,1.5456985756302772,0.11837821229128537,-0.22861296563361821,0.09116215491932625,-0.14241874680921315,27,0.0,-0.16047282620468478,2025.0,1.0,3.441865723697258,0.07967581205930292,scott miller,900.0,0.1,-0.020324187940697083
00-0035249,Josh Oliver,TE,MIN,ATL,-0.7578854454677119,-0.7523388369079436,-0.7900360953457579,0.0,-0.24095717152294033,0.0,-0.7637519155307715,-0.5790283368672275,-0.593926926907781,0.0,0.8128033869574125,-0.24177796970531568,0.0,-0.7644291220294286,-0.07071757581131619,-0.9411617316509509,-0.24901970295033293,-0.6905461449126026,-0.6661000512312689,0.0,-0.42277049622549007,0.0,0.0,0.0,0.0,-0.5346458028448562,-0.9119103050024551,-0.8771972709647249,0.41544864227327927,0.6292349162325928,0.4423465529190415,0.9677865294559627,0.6993078860089404,0.4906078469621411,1,0.0,-0.4470379611170462,2025.0,1.0,0.2713376216905684,0.07931864689771323,josh oliver,650.0,0.13333333333333333,-0.0540146864356201
00-0039890,Adonai Mitchell,WR,IND,DEN,-0.9251306746521519,-0.9233541045963024,-1.0120429684649899,0.0,-0.34750051104075885,0.10790161726714358,-0.975240517665836,0.21513307185623992,0.2117755431085008,0.0,-0.6856917621513873,-0.9995031194851144,0.0,-0.857759340208509,-0.34172676109321815,-0.3748512705621199,-0.3182420314291189,-0.6926437923922852,-0.8547128341414991,0.003846993713544844,-0.4915362746545981,0.0,0.0,-0.7279350273154621,-0.6509432768560635,-0.9115866676019854,-0.5291386209919354,-0.6815081863699868,0.22119294912017282,-0.8525679228570484,0.24612469288376718,-0.6608282627072356,0.21561467293103723,-0.5452538519364386,9,0.0,-0.4182816511265923,2025.0,1.0,2.3850230230283613,0.07834058720055759,adonai mitchell,900.0,0.1,-0.021659412799442418
00-0032398,Chris Moore,WR,WAS,GB,-0.9827840603819347,-0.968206059047266,-1.0689962893652551,0.0,-0.29810676141139725,0.04796413297659023,-1.0566934885578276,-0.9268920582652121,-0.933563571713841,0.0,-0.6827395108817828,-0.06380246216494707,0.0,-0.8876819951849327,-0.21487673800473592,-0.018675382830120296,0.29809070366447216,-0.17496493267544028,-0.6283053361811809,0.0,-1.0911936312781745,0.0,0.0,0.03405588827600134,0.760666226874972,-0.9110308960942294,-0.20960891002391885,-1.037306521996783,0.00988249693290696,-1.1749845122918892,0.40477829806766363,0.06978368377882008,0.23802384129491655,0.03022486967388346,11,0.0,-0.781467590861851,2025.0,1.0,4.498708424366155,0.07821587392524616,chris moore,1300.0,0.07142857142857142,0.006787302496674738
00-0038359,Xavier Smith,WR,LA,TEN,-0.9859290502998239,-0.9788765439970513,-1.076195116208836,0.0,-0.299371720492203,0.9459459459459458,-1.0637870082686187,-0.9329390563681516,-0.9399691508932457,0.0,-0.6856917621513873,-2.0040113314116517,0.0,-0.8951406048177183,0.15137697701081654,-0.854474247642416,0.021248162888842785,-0.7621120275142338,-1.1493366643270393,0.0,-1.1086117928300876,0.0,0.0,0.6392315734882612,7.567567567567568,-0.9115866676019854,-1.1945694190444318,-1.024599438581541,0.1797937189108486,-1.0370916661052494,1.0552898096411443,0.42922667999581504,0.11316282191050671,0.2604163583180123,30,0.0,-0.7973479822883568,2025.0,1.0,4.498708424366155,0.07703091716918511,xavier smith,1800.0,0.05263157894736842,0.024399338221816697
00-0039144,Luke Musgrave,TE,GB,WAS,-0.9160908205258332,-0.9551791090835255,-1.0067362395905914,0.0,-0.32925614469105835,0.0,-1.0011763060448595,-0.9091107508082895,-0.911900964937332,0.0,-0.6856917621513873,-1.0379437378848118,0.0,-0.8790340322802184,1.1975382296739614,-1.0413078552019308,-0.5985430297569468,-0.9971541682009878,-0.9057824492085862,0.0,-0.8691891886884859,0.0,0.0,0.0,0.0,-0.8783227430441141,-1.0781024926376743,-0.924097960660984,0.040939318976922434,-0.19601484029194813,0.8228718713535192,-1.4599638534458836,0.07476300472024246,0.8358950799283343,31,0.0,-0.7266206717189355,2025.0,1.0,0.2713376216905684,0.07700122570261414,luke musgrave,850.0,0.10526315789473684,-0.028261932192122696
00-0026158,Joe Flacco,QB,CLE,BAL,0.0,0.0,0.0,0.0,0.0,-0.8709529287459232,0.0,0.0,0.0,-0.74288097669803,0.0,0.6583407274105347,0.0,0.0,0.0,0.0,0.0,0.0,0.0,-0.8675828557277468,0.0,0.0,0.0,-0.5135929639683127,-0.7461357160986728,-0.7162800988825386,0.0,0.0,2.176638040946778,0.6766129411731504,0.4835107079562128,0.581792831983949,0.12240871327035403,-1.2352611241904716,2,-0.2693049485310298,0.0,2025.0,1.0,-0.5346699743522593,0.07572905320497525,joe flacco,2200.0,0.043478260869565216,0.03225079233541003
00-0040009,Savion Williams,WR,GB,WAS,-0.9859290502998239,-0.9788765439970513,-1.076195116208836,0.0,-0.299371720492203,0.0,-1.0637870082686187,-0.9329390563681516,-0.9399691508932457,0.0,-0.6856917621513873,-2.0258860031298833,0.0,-0.8951406048177183,-1.029076092407472,-1.3935369754583216,-0.7508051242103568,-1.317244997677699,-0.9707001247110764,0.0,0.528511045839617,0.0,0.0,0.0,0.0,-0.9115866676019854,-1.262718260911437,-0.924097960660984,0.040939318976922434,-0.19601484029194813,0.8228718713535192,-1.4599638534458836,0.07476300472024246,0.8358950799283343,31,0.0,-0.3242515776468738,2025.0,1.0,3.441865723697258,0.07470859587992705,savion williams,1100.0,0.08333333333333333,-0.008624737453406278
00-0040669,Isaac TeSlaa,WR,DET,CHI,-0.9859290502998239,-0.9788765439970513,-1.076195116208836,0.0,-0.299371720492203,0.0,-1.0637870082686187,1.5371331176664969,1.8968747786039801,0.0,-0.6856917621513873,-2.1058230750878644,0.0,-0.8951406048177183,-0.07002547425244866,-0.8875580340030539,1.7746341101616028,-0.8327653146259475,-0.9707001247110764,0.0,-0.12633810927373829,0.0,0.0,0.0,0.0,3.7951794783133708,-1.0843608012727128,-1.1215745488557618,0.3055564827482153,-0.6735135281488507,0.8996269535308904,-0.35972195029471044,0.2865915302846011,0.8358950799283343,5,0.0,-0.07353984573625566,2025.0,1.0,2.3850230230283613,0.07366928579425985,isaac teslaa,475.0,0.17391304347826086,-0.10024375768400101
00-0036980,Elijah Moore,WR,BUF,NYJ,0.2639208479071599,0.49408347172523137,0.8038730420351242,0.0,-0.7584669348194308,0.32385512651828724,0.12675410453405814,-0.29218724701661797,-0.11899434811431778,0.0,-0.6309476869838073,0.17942105478804574,0.0,0.2475107261780587,-0.43665925095866087,0.07735997911478555,-2.26296130860025,-0.5452147125672152,-0.2905572938425655,1.180857037193637e-05,-0.8001613411418228,0.0,0.0,0.13084899770205272,2.3236676501938347,-0.8170118364307459,-0.1261156037710707,-1.1638125968863113,0.2607154342727115,1.1626070675597837,0.6120001623258199,0.7918699085438146,0.2868257926037341,1.008538696411431,24,0.0,-0.42546051373207117,2025.0,1.0,2.3850230230283613,0.07365838350671665,elijah moore,900.0,0.1,-0.026341616493283357
00-0036862,Ben Skowronek,WR,PIT,SEA,-0.9801024661156543,-0.9733205979110133,-1.0700513825776006,0.0,-0.29964687564460574,0.024574112717664524,-1.055432984338788,-0.8329147465019408,-0.8313410530472041,0.0,-0.6545708701925589,-1.2899840203244142,0.0,-0.889935659895597,1.0747530814869037,-0.9459974660923508,0.5106568838291219,-0.6005236439343026,-0.8214870857854906,3.484564461384154e-05,-1.0054145351068684,0.0,0.0,-0.04326795676222099,0.01967733271924068,0.4991227423175128,-0.9742877635150974,-1.037306521996783,0.020802770482795295,1.5456985756302772,0.11837821229128537,-0.22861296563361821,0.09116215491932625,-0.14241874680921315,27,0.0,-0.7157971374200129,2025.0,1.0,2.3850230230283613,0.07364615194201002,ben skowronek,900.0,0.1,-0.026353848057989987
00-0035500,Greg Dortch,WR,ARI,CAR,-0.9557609470567059,-0.9648299710684044,-1.045477513097043,0.0,-0.2634682987966094,0.42183372392220897,-1.0416847121280062,-0.9064218306704594,-0.9194678190063854,8.432638249889292e-06,0.25750315674128915,-1.0951448455552468,0.0,-0.88360529608296,1.6829415545047262,-1.2591147253849562,0.24314656359020778,-0.5847983073683526,-0.37418091366805,0.009430395645691064,-0.17175570599857032,0.0,0.0,0.21742552997567724,2.9413894961590277,0.08440820479410428,-1.049936993987553,-1.037306521996783,0.4047746559437065,0.7950087724189823,0.6147391968722338,0.9673598103874828,0.11686833694898953,0.72079933560627,4,0.0,0.39911327370926636,2025.0,1.0,2.3850230230283613,0.07349570328410192,greg dortch,750.0,0.11764705882352941,-0.04415135553942749
00-0037539,Lucas Krull,TE,DEN,IND,-0.9738935265353199,-0.9740952723428716,-1.0646152582086956,0.0,-0.299853315237072,0.0,-1.0519842130787023,-0.9186729323943359,-0.9260031124352778,0.0,-0.6778933304463474,-0.8483619888810076,0.0,-0.8928078675464401,0.1128829732813327,-1.050890215261095,-0.4858464817611759,-0.9170675538572542,-0.6226309395528573,0.0,-1.1008596177870962,0.0,0.0,0.0,0.0,-0.8946038917281632,-0.9755689142114676,-0.8353669261004929,0.1707737633777302,-0.39362055181025796,0.6504177096192277,0.42724671323960484,0.3136954188287896,0.03022486967388346,13,0.0,-0.79545770400795,2025.0,1.0,2.3850230230283613,0.07304290104083569,lucas krull,950.0,0.09523809523809523,-0.022195194197259543
00-0037277,Teagan Quitoriano,TE,ATL,MIN,-0.9859290502998239,-0.9788765439970513,-1.076195116208836,0.0,-0.299371720492203,0.0,-1.0637870082686187,-0.5903449366552027,-0.6317320214037683,0.0,-0.47690721697905886,-0.5366780040438711,0.0,-0.8951406048177183,1.288997361738969,-0.7936136371275433,-0.06564918528947125,-0.6246900115105,-1.026627025915065,0.0,-0.8563753838644489,0.0,0.0,0.0,0.0,-0.5851709238927564,-1.0381031000880603,-1.0706626159617956,0.3000481741629133,-0.9357665847627264,1.0512314081821592,-0.14680841133219555,0.2129980550560807,-0.5452538519364386,20,0.0,-0.7715305801865319,2025.0,1.0,1.328180322359465,0.07300037940705692,teagan quitoriano,2500.0,0.038461538461538464,0.034538840945518456
00-0039912,Ben Sinnott,TE,WAS,GB,-0.9859290502998239,-0.9788765439970513,-1.076195116208836,0.0,-0.299371720492203,0.0,-1.0637870082686187,-0.9329390563681516,-0.9399691508932457,0.0,0.5312737046169472,-0.5518662004542471,0.0,-0.8951406048177183,0.7992041200067371,-1.219642326589651,-0.468919557684063,-1.0854622063678427,-0.8950066757212617,0.0,-0.8781609427921224,0.0,0.0,0.0,0.0,-0.24903512679182824,-1.1871180432298378,-1.0602612632470578,0.00988249693290696,-1.1749845122918892,0.40477829806766363,0.06978368377882008,0.23802384129491655,0.03022486967388346,11,0.0,-0.7881472280196835,2025.0,1.0,1.328180322359465,0.07284041124965514,ben sinnott,1600.0,0.058823529411764705,0.014016881837890433
00-0040736,Mason Taylor,TE,NYJ,BUF,-0.9859290502998239,-0.9788765439970513,-1.076195116208836,0.0,-0.299371720492203,0.0,-1.0637870082686187,-0.9329390563681516,-0.9399691508932457,0.0,-0.6856917621513873,1.25153394714735,0.0,-0.8951406048177183,0.03653570554255289,-0.7294396147982827,0.2576907098209855,-0.5501521661790926,-0.9707001247110764,0.0,-1.1086117928300876,0.0,0.0,0.0,0.0,-0.9115866676019854,-0.8291505651173505,-0.9017642989008611,0.4934356054882013,-0.2241834588666987,0.9263675130401681,1.1552175462956036,0.11416938876997434,-0.6028017240974708,3,0.0,-0.7973479822883568,2025.0,1.0,-0.7855050789783283,0.0727059998931671,mason taylor,550.0,0.15384615384615385,-0.08114015395298675
00-0034613,Tanner Hudson,TE,CIN,JAX,-0.7658202011110057,-0.9205456099996884,-0.7519986231232277,0.0,-0.2803584344385591,0.05312569141380435,-0.8278886084136946,-0.8415229708823222,-0.7892263638549282,0.0,-0.46698283306383814,-1.7054906556464609,0.0,-0.8591976109702906,1.6717148122859564,-1.0707347699881251,0.1647879196886726,-0.7151813777251588,-0.5592681146805072,0.0,-0.8001753514652025,0.0,0.0,0.09336904508698352,0.05312569141380435,-0.6445929694258341,-1.100415004732429,-1.16879720707211,0.01539195920881597,-0.4737052318636237,0.6551661597560544,-0.8845364355314341,0.31172083281901036,0.8934429520893665,14,0.0,-0.7285855774415365,2025.0,1.0,2.3850230230283613,0.07257562804319244,tanner hudson,1000.0,0.09090909090909091,-0.018333462865898473
00-0037005,Tommy Tremble,TE,CAR,ARI,-0.7599808666740133,-0.8943568035889337,-0.9262893678785514,0.0,-0.19440199408200315,8.376913874231138e-07,-0.9182058382001828,-0.2648395616248743,-0.2515176037076997,1.3827900897984548e-08,-0.03244346286579749,0.19695261470784492,0.0,-0.841953564843041,0.1488935923339326,-0.8953243524261101,0.1969183335062785,-0.5909604339539262,-0.48148825442901017,1.7493913845938138e-07,-0.6121011790273174,0.0,0.0,1.8763388549019195e-07,3.270378277416709e-06,0.40623450630472885,-0.8108024585152053,-1.0896298066477825,0.3874449549143641,-1.1712463571407348,0.7776609787795629,-0.7877114477015661,0.2526673747248363,-0.7754453405805675,0,0.0,-0.7770404160540434,2025.0,1.0,0.2713376216905684,0.07241045498806409,tommy tremble,600.0,0.14285714285714285,-0.07044668786907876
00-0032211,Tyler Lockett,WR,TEN,LA,-0.9297673593434965,-0.905300632826017,-1.0321702037963811,0.0,-0.3405414727177557,1.727767665502734e-08,-1.0070110433828598,-0.6068910239666563,-0.6261507309133283,0.0,-0.6545486253793537,0.2371286612278297,0.0,-0.8410316235988283,-0.4559482220309688,-0.29799062757624567,-0.4826436034951682,-0.7079228862812016,-0.7084316634889686,0.0,0.6472401616846937,0.0,0.0,-2.4832889641502227e-09,7.055051300802839e-08,-0.8192632417560467,-0.31498630829779356,-0.9803787882964958,0.16017826304580493,0.728654713071571,0.09401781950329521,-0.3927799327222781,0.05324944836641776,-1.0056368292246962,16,0.0,0.4728577757775493,2025.0,1.0,1.328180322359465,0.07235217056723199,tyler lockett,750.0,0.11764705882352941,-0.04529488825629742
00-0036637,Noah Gray,TE,KC,PHI,-0.620437628748811,-0.695114772490772,-0.5305265752359863,0.0,-0.2532437175869319,0.20411408259151398,-0.6015846416082139,-0.484485379693475,-0.4273434266682935,1.806845716412095e-08,1.8965105435084206,-0.6041635875480719,0.0,-0.7458221934977779,-0.29338225662697726,-1.019322069539469,-0.35092019334673136,-0.8966315717616963,-0.6828046534399816,6.4849782142170045e-06,-0.19805139470900954,0.0,0.0,-0.302917827499841,-0.8162940854543205,-0.341602851764916,-1.0198719064479997,-1.1215745488557618,0.022508549051636805,-0.5240711068224438,0.6833722184349974,0.018051586350960602,0.0009573318179038651,0.03022486967388346,25,0.0,-0.6063173143985804,2025.0,1.0,0.2713376216905684,0.07188529178411732,noah gray,500.0,0.16666666666666666,-0.09478137488254934
00-0034159,Will Dissly,TE,LAC,LV,-0.23184542215282988,-0.5925908206294228,-0.19074414075227167,0.0,0.10923123680146073,0.0,-0.07975653652208992,-0.2417762423666158,-0.2841295596562833,0.0,0.19648414332560202,-0.0684948070293458,0.0,-0.6187988781509955,1.3489930190652375,-0.8930544109944442,0.19868401181904535,-0.2595127697633373,-0.1323855782177243,0.0,-0.3731938300772218,0.0,0.0,0.0,0.0,0.2337600908227665,-0.6504526077214778,-1.0896298066477825,0.01369597288205726,0.268101124340923,0.41568276454145103,-0.03832346132930554,0.07250375529578955,0.6057035912842055,18,0.0,-0.49102530540769174,2025.0,1.0,-0.7855050789783283,0.07185728085122878,will dissly,350.0,0.2222222222222222,-0.15036494137099343
00-0040194,Jackson Hawes,TE,BUF,NYJ,-0.9859290502998239,-0.9788765439970513,-1.076195116208836,0.0,-0.299371720492203,0.0,-1.0637870082686187,-0.9329390563681516,-0.9399691508932457,0.0,-0.6856917621513873,-1.5062950354030047,0.0,-0.8951406048177183,0.040634212457750826,-0.4764501440706488,0.9930588168296052,-0.18679240389027904,-0.9707001247110764,0.0,-1.1086117928300876,0.0,0.0,0.0,0.0,-0.9115866676019854,-1.1672871885178746,-1.1638125968863113,0.2607154342727115,1.1626070675597837,0.6120001623258199,0.7918699085438146,0.2868257926037341,1.008538696411431,24,0.0,-0.7973479822883568,2025.0,1.0,1.328180322359465,0.07100926188271278,jackson hawes,1900.0,0.05,0.02100926188271278
00-0037475,Stone Smartt,TE,NYJ,BUF,-0.654781678729612,-0.6602285559521323,-0.5079644654784317,0.0,-0.5327243047750704,0.0,-0.5667732898203096,-0.9171045710135416,-0.9224525008957124,0.0,-0.674570461568073,-0.6535582013944304,0.0,-0.6632574829787997,0.3030594762666476,-0.46196025551377207,0.18981010215383792,-0.1139011498003699,-0.14514417698526105,0.0,-0.8113193556389319,0.0,0.0,0.0,0.0,-0.894633337283424,-0.5631677472466778,-0.8771972632771033,0.4934356054882013,-0.2241834588666987,0.9263675130401681,1.1552175462956036,0.11416938876997434,-0.6028017240974708,3,0.0,-0.7117109251595309,2025.0,1.0,1.328180322359465,0.07064565846078098,stone smartt,1600.0,0.058823529411764705,0.011822129049016278
00-0034365,Ian Thomas,TE,LV,LAC,-0.9859206546162436,-0.978868870441616,-1.076177275792355,0.0,-0.2993766087446094,0.0,-1.0637728713291672,-0.8746501582313514,-0.8850399316369912,0.0,-0.6856916505744949,-0.9031031800087514,0.0,-0.8951356791233803,-0.061126415202522606,-1.008242053378318,-1.145202645407589,-1.1900996602725091,-0.9810977202895901,0.0,-0.9043771132144379,0.0,0.0,0.0,0.0,-0.9115864853648327,-0.8486789489369259,-0.9803787975216428,0.320426504326425,0.5379950873625273,0.17258718809061602,-0.15398663965997433,0.1794531590390648,-0.19996661897024537,17,0.0,-0.6978932064385887,2025.0,1.0,1.328180322359465,0.07030103775242288,ian thomas,1100.0,0.08333333333333333,-0.013032295580910444
00-0036630,Tylan Wallace,WR,BAL,CLE,-0.9859290502998239,-0.9788765439970513,-1.076195116208836,0.0,-0.299371720492203,0.0,-1.0637870082686187,-0.9329390563681516,-0.9399691508932457,0.0,-0.6856917621513873,-0.7184027582545833,0.0,-0.8951406048177183,-0.3409674419375109,-1.1442597088207225,-0.4680663020955598,-1.0620383364592703,-1.1620140411425,0.0,-1.0037756069129848,0.0,0.0,0.0,0.0,-0.7838611402042711,-1.2431058804191513,-1.3931048576235803,0.2039944349708976,1.5332284286176041,0.9036633454839689,-0.2739320184637409,0.0015008883795919214,1.4113738015386563,7,0.0,-0.7164360692923737,2025.0,1.0,2.3850230230283613,0.07022771711997189,tylan wallace,1300.0,0.07142857142857142,-0.001200854308599536
00-0036497,Tim Jones,WR,MIN,ATL,-0.938536351877623,-0.7927118407735272,-0.9367182660557469,0.0,-0.27038978572990396,0.0,-0.9328535933323858,-0.9329390563681516,-0.9399691508932457,0.0,-0.5318938715060759,-0.9781781908650679,0.0,-0.825007510526304,-0.14134951716004873,-0.8229141754495473,-0.30567092734943363,-0.8921033101349288,-0.953530674042021,0.0,-1.0430828834956745,0.0,0.0,0.0,0.0,-0.9115866676019854,-0.899213569827466,-0.9017642897489297,0.41544864227327927,0.6292349162325928,0.4423465529190415,0.9677865294559627,0.6993078860089404,0.4906078469621411,1,0.0,-0.7136494649488853,2025.0,1.0,4.498708424366155,0.06941041697687653,tim jones,850.0,0.10526315789473684,-0.03585274091786031
00-0033891,Zay Jones,WR,ARI,CAR,-0.6741401740131089,-0.13738778483935543,-0.2750588290623464,0.0,-0.31632142760966414,0.0007997867169339856,-0.20294620829089247,-0.8382886545108019,-0.8146715704600053,8.263973707487996e-06,-0.6400391614867933,-0.41950714230931135,0.0,-0.2863994951071882,-0.013601352201508848,-0.3840747232899897,-0.5123970907136216,-0.5957785508707928,-0.47398755592642733,1.0341918616103701e-05,-0.9526460849315124,0.0,0.0,-0.0005548361194764428,-0.0009296385705422296,-0.8820637441659024,-0.6053841297505319,-1.037306521996783,0.4047746559437065,0.7950087724189823,0.6147391968722338,0.9673598103874828,0.11686833694898953,0.72079933560627,4,0.0,-0.5981637859236841,2025.0,1.0,1.328180322359465,0.0693214834062454,zay jones,600.0,0.14285714285714285,-0.07353565945089745
00-0034854,KhaDarel Hodge,WR,ATL,MIN,-0.9787598254221572,-0.9598245526272193,-1.0647656703863537,0.0,-0.2831346807502509,0.0009370341771254819,-1.0562359796877197,0.13416538968225777,0.29540792343535416,0.0009370341771254819,-0.6850578381107058,-0.5882981697305462,0.0,-0.8837842641403343,0.12142740216410453,-0.44598055386640745,-0.2833023529068226,-0.8119764851007741,-1.0815357826497731,0.0001874068354250965,-0.3803540353324058,0.0,0.0,-0.0006114601274901655,0.0,-0.6609580476852372,-0.8906926689064558,-1.1474345782622206,0.3000481741629133,-0.9357665847627264,1.0512314081821592,-0.14680841133219555,0.2129980550560807,-0.5452538519364386,20,0.0,-0.19759596397979134,2025.0,1.0,3.441865723697258,0.0689545959967893,khadarel hodge,1100.0,0.08333333333333333,-0.014378737336544031
00-0040237,Tez Johnson,WR,TB,HOU,-0.9859290502998239,-0.9788765439970513,-1.076195116208836,0.0,-0.299371720492203,0.0,-1.0637870082686187,-0.9329390563681516,-0.9399691508932457,0.0,-0.6856917621513873,-1.7061377152979578,0.0,-0.8951406048177183,-1.029076092407472,-1.1405475047306877,-0.9682889092246821,-1.3576183045986783,-1.5084263863347203,0.0,-1.1086117928300876,0.0,0.0,0.0,0.0,-0.9115866676019854,-1.2585794322456667,-1.049166466517677,0.2513759927260177,1.280640348193361,0.6101352841003179,-0.8221508444475203,0.009079454985036099,-0.5452538519364386,12,0.0,-0.7973479822883568,2025.0,1.0,2.3850230230283613,0.0689431560825829,tez johnson,1300.0,0.07142857142857142,-0.0024854153459885203
00-0038679,Tyrell Shavers,WR,BUF,NYJ,-0.9859290502998239,-0.9788765439970513,-1.076195116208836,0.0,-0.299371720492203,0.0,-1.0637870082686187,-0.9329390563681516,-0.9399691508932457,0.0,-0.6856917621513873,-1.7061377152979578,0.0,-0.8951406048177183,-1.029076092407472,-1.3619132916173673,3.316519126513261,1.428139872948892,-0.9707001247110764,0.0,-1.1086117928300876,0.0,0.0,0.0,0.0,3.7951794783133708,-1.3177537325104685,-1.010951086880865,0.2607154342727115,1.1626070675597837,0.6120001623258199,0.7918699085438146,0.2868257926037341,1.008538696411431,24,0.0,-0.7973479822883568,2025.0,1.0,3.441865723697258,0.06862763962160003,tyrell shavers,1200.0,0.07692307692307693,-0.008295437301476902
00-0036876,Kylen Granson,TE,PHI,KC,-0.9838528674737028,-0.9772728068060422,-1.073201935394094,0.0,-0.29807728653093113,0.0003445578143485825,-1.0609076682520069,-0.932846176722417,-0.9398533299207217,0.0,-0.6845585118503137,-0.7347327059649663,0.0,-0.8940954381490167,-0.36643026873378115,-0.444753017230296,-1.1283023921461106,-0.8326340268670975,-0.7637254975011134,0.0,-0.4515862320623613,0.0,0.0,0.0009645231314024098,0.0006829693995749501,-0.9114777571436937,-0.6636531616929569,-0.8771972709647249,0.17599553997256578,-0.7621541081599309,0.4105234793758919,2.4031541885687995,0.0006975286717756033,0.37551210264007673,15,0.0,-0.7003303866432226,2025.0,1.0,1.328180322359465,0.06812968397036684,kylen granson,1300.0,0.07142857142857142,-0.0032988874582045857
00-0036887,Luke Farrell,TE,SF,NO,-0.9688998993028132,-0.9757929305048215,-1.068867777766838,0.0,-0.28557143971744325,0.0,-1.0574787612778793,-0.9264206825107919,-0.9326748435979174,0.0,-0.6801343855532478,-0.4668083522785842,0.0,-0.8935917014215025,-0.1439039722305138,-1.0714841919838975,-0.3786574256773179,-1.1382005133918927,-0.9061824070976581,0.0,-1.035696340774311,0.0,0.0,0.0,0.0,-0.9115866676019854,-1.1246245122700493,-1.0896298066477825,0.0010079464191690844,-0.5701458688497751,0.7159385408595069,0.6303926929702979,0.2915127352732966,0.2604163583180123,22,0.0,-0.7829274617847942,2025.0,1.0,0.2713376216905684,0.0679861938988746,luke farrell,450.0,0.18181818181818182,-0.11383198791930722
00-0039737,Tip Reiman,TE,ARI,CAR,-0.9859290502998239,-0.9788765439970513,-1.076195116208836,0.0,-0.299371720492203,0.0,-1.0637870082686187,-0.9329390563681516,-0.9399691508932457,0.0,-0.6856917621513873,-0.4728609471213225,0.0,-0.8951406048177183,0.2579710187982211,-1.184373199256216,-0.2622744988658244,-0.9941184561472949,-0.8441533558960554,0.0,-1.1086117928300876,0.0,0.0,0.0,0.0,-0.9115866676019854,-1.1396200921674233,-1.037306521996783,0.4047746559437065,0.7950087724189823,0.6147391968722338,0.9673598103874828,0.11686833694898953,0.72079933560627,4,0.0,-0.7973479822883568,2025.0,1.0,0.2713376216905684,0.06786919996755418,tip reiman,600.0,0.14285714285714285,-0.07498794288958867
00-0038547,Luke Schoonmaker,TE,DAL,NYG,-0.8172571726699795,-0.8133498886209725,-0.7711609387183088,0.0,-0.26168521587702437,0.0,-0.676643926198093,-0.7388362365898336,-0.7405706594352498,0.0,-0.6821513512034917,-0.7380056193251741,0.0,-0.7600365598048205,0.3637801449749,-0.7875915542409196,-0.2653056311748098,-0.7780419605306745,-0.6276944412689873,0.0,-1.0850490812852724,0.0,0.0,0.0,0.0,-0.6481329886852194,-0.8886385709281435,-1.0804335929818496,0.04675342036973735,0.9701831083407785,1.006240546654429,-0.16153951753004217,0.0769774093736673,0.6057035912842055,23,0.0,-0.7832162035586557,2025.0,1.0,0.2713376216905684,0.06778985145378869,luke schoonmaker,850.0,0.10526315789473684,-0.03747330644094815
00-0036422,Adam Trautman,TE,DEN,IND,-0.9857894708045776,-0.9787473278619534,-1.0759168323313093,0.0,-0.2994293359266521,0.0,-1.0635110057113641,-0.5813464424864141,-0.5927897326813831,0.0,-0.6806027559228564,-0.18601999357181798,0.0,-0.8950176694049059,0.43699787104353705,-1.0299623095577621,-0.520273009709005,-1.0378819366295475,-0.960079880128515,0.0,-0.6756965574274449,0.0,0.0,0.0,0.0,-0.3513539339470374,-1.0525281123516403,-1.114235891862037,0.1707737633777302,-0.39362055181025796,0.6504177096192277,0.42724671323960484,0.3136954188287896,0.03022486967388346,13,0.0,-0.691786606003564,2025.0,1.0,0.2713376216905684,0.06776224656473949,adam trautman,295.0,0.25316455696202533,-0.18540231039728583
00-0038938,Jalin Hyatt,WR,NYG,DAL,-0.9773546342690811,-0.9547159797569059,-1.0636934836193292,0.0,-0.29698006421462936,0.0,-1.0523934900449887,-0.9276007436248521,-0.9354102179496018,0.0,-0.6856917621513873,-0.9956919842348827,0.0,-0.8758196074091594,-0.63095980545345,-0.24914189341725396,-1.0345349052475805,-1.0964173337787535,-1.0745488978241722,0.0,-1.1086117928300876,0.0,0.0,0.0,0.0,-0.9115866676019854,-0.5107874179192903,-1.0245994221080648,1.0990607488613864,-0.3741589417175053,0.5225983861961978,0.41055056573862686,0.05570249285921378,-0.660349596258503,8,0.0,-0.7973479822883568,2025.0,1.0,2.3850230230283613,0.06770262260174885,jalin hyatt,1200.0,0.07692307692307693,-0.009220454321328078
00-0033110,Tyler Higbee,TE,LA,TEN,0.13827329243034453,-0.786529515483016,0.10147923833729593,0.0,0.4456676858705875,9.56105653888631e-10,0.030338026452908673,-0.4338346600714351,-0.4690421453639792,0.0,0.6193733719192108,-0.13913093340956567,0.0,-0.699567390573682,0.831562808310806,-1.0267842213850142,0.24347646684139032,-0.47168171625477084,-0.20780529587975252,0.0,0.3705077346747184,0.0,0.0,-6.578409459813416e-10,9.56105653888631e-10,0.632166196772769,-0.6246918826741187,-1.3931048576235803,0.1797937189108486,-1.0370916661052494,1.0552898096411443,0.42922667999581504,0.11316282191050671,0.2604163583180123,30,0.0,-0.6850664400153063,2025.0,1.0,-0.7855050789783283,0.06764619776892863,tyler higbee,380.0,0.20833333333333334,-0.1406871355644047
00-0034798,Durham Smythe,TE,CHI,DET,-0.9807180318327223,-0.9759740227554549,-1.0685453382630843,0.0,-0.29683384915716166,9.393898010701392e-06,-1.056053755735591,-0.23100453046329938,-0.10052492644534806,3.073114506495641e-06,0.5786570694046222,-1.0924903334564209,0.0,-0.8937943112359095,-0.44554350747556615,-1.1024941062174611,-0.6459109189969744,-1.1923256205810402,-1.1760158551986881,2.415621800057346e-06,-0.8299828019862396,0.0,0.0,1.1157493585544215e-06,3.5193331137070816e-06,-0.9115325096383782,-1.1958526759647015,-1.1142358851093959,0.4492361330256993,0.27985046982546047,0.6319974805689496,-0.08092669722332181,0.22014637083599872,-0.4301581076143742,10,0.0,-0.6804366718580409,2025.0,1.0,1.328180322359465,0.06759472562079771,durham smythe,2000.0,0.047619047619047616,0.019975678001750097
00-0039650,Bryce Oliver,WR,TEN,LA,-0.9859290502998239,-0.9788765439970513,-1.076195116208836,0.0,-0.299371720492203,0.0,-1.0637870082686187,-0.9329390563681516,-0.9399691508932457,0.0,-0.6856917621513873,-1.6963226551119464,0.0,-0.8951406048177183,0.013110365986523006,-0.8037309707109329,-0.42906196385773854,-0.8056780326262118,-0.937758962483093,0.0,-0.7783758939633232,0.0,0.0,0.0,0.0,-0.9115866676019854,-0.8923757885762856,-0.9803787882964958,0.16017826304580493,0.728654713071571,0.09401781950329521,-0.3927799327222781,0.05324944836641776,-1.0056368292246962,16,0.0,-0.5584511099284364,2025.0,1.0,4.498708424366155,0.06752438821047108,bryce oliver,1600.0,0.058823529411764705,0.00870085879870637
00-0038492,Jason Brownlee,WR,KC,PHI,-0.9859290502998239,-0.9788765439970513,-1.076195116208836,0.0,-0.299371720492203,0.0,-1.0637870082686187,-0.06601268743711951,0.05568386397634034,0.0,-0.6856917621513873,0.17751903237671798,0.0,-0.8951406048177183,-0.5559294955440851,-0.8541083956061608,-0.9582224339482548,-1.040108596610272,-1.1488155623428813,0.0,-0.3876781418564528,0.0,0.0,0.0,0.0,-0.30956643990487437,-0.9329298787312212,-1.1215745488557618,0.022508549051636805,-0.5240711068224438,0.6833722184349974,0.018051586350960602,0.0009573318179038651,0.03022486967388346,25,0.0,-0.15524460472863522,2025.0,1.0,4.498708424366155,0.06745014820476604,jason brownlee,1000.0,0.09090909090909091,-0.023458942704324873
00-0032392,Austin Hooper,TE,NE,MIA,-0.3843416773648868,-0.48791513563926614,-0.4449285983291669,0.0,-0.1618570425411613,0.0,-0.14159395299352928,-0.612395291980718,-0.6063528833504556,0.0,-0.6632601047903148,-0.2683994393318156,0.0,-0.5704149985778838,0.9060746301048894,-0.6602784103191912,-0.34984388095375724,-0.2657895644210952,0.00025146760447657286,0.0,0.5276683369414749,0.0,0.0,0.0,0.0,-0.4708382792129268,-0.37675823461952207,-1.1638125968863113,0.5717123177444071,-0.0055216019616339896,0.12050679215040297,0.384678746557592,0.23563525676785815,-0.19996661897024537,19,0.0,-0.23263325432927412,2025.0,1.0,0.2713376216905684,0.06744806777509021,austin hooper,650.0,0.13333333333333333,-0.06588526555824312
00-0038606,Parker Washington,WR,JAX,CIN,-0.5492670040041727,-0.34849676571556076,-0.3031861818249234,0.0,0.3843061571678927,0.0,-0.3634749186569057,-0.14778725538821244,-0.3555904558930981,0.0,0.8771521297164212,0.36225262719872,0.0,-0.3951776402181105,-0.4871614100811508,-0.1632371357454679,0.09808368111691482,-0.3924156977934702,-0.33120949200281163,0.0,0.1292414537261873,0.0,0.0,0.0,0.0,0.9212885199366264,-0.3190558387895266,-1.3931048576235803,0.0316753864286811,0.09615146968379933,0.8919250545027676,0.1768822428380849,0.07487562553799428,0.20286848615698008,6,0.0,0.38518876523212836,2025.0,1.0,2.3850230230283613,0.06706338436355297,parker washington,700.0,0.125,-0.05793661563644703
00-0038710,Blake Whiteheart,TE,CLE,BAL,-0.9859290502998239,-0.9788765439970513,-1.076195116208836,0.0,-0.299371720492203,0.0,-1.0637870082686187,-0.8067346791720374,-0.8210407472367894,0.0,-0.3232557415259525,-0.9404731591878451,0.0,-0.8951406048177183,-0.3380776786750319,-1.044176082673817,-1.0211539163762773,-1.1813287851368395,-1.1182574775186507,0.0,-0.8340807767117169,0.0,0.0,0.0,0.0,-0.7142659132603207,-1.2280150357591546,-1.0804335836635208,0.6643675657351072,1.1122370080200272,0.4835107079562128,-0.8247142460208342,0.12240871327035403,-1.2358283178688252,2,0.0,-0.6225201063289497,2025.0,1.0,1.328180322359465,0.0668998820333019,blake whiteheart,1800.0,0.05263157894736842,0.014268303085933479
00-0040075,LaJohntay Wester,WR,BAL,CLE,-0.9859290502998239,-0.9788765439970513,-1.076195116208836,0.0,-0.299371720492203,0.0,-1.0637870082686187,-0.9329390563681516,-0.9399691508932457,0.0,-0.6856917621513873,-2.265697219003827,0.0,-0.8951406048177183,-1.029076092407472,-1.298665923935459,-0.5361733664909226,-1.3576183045986783,-1.5084263863347203,0.0,-1.1086117928300876,0.0,0.0,0.0,0.0,-0.9115866676019854,-1.5642471454946631,-1.3931048576235803,0.2039944349708976,1.5332284286176041,0.9036633454839689,-0.2739320184637409,0.0015008883795919214,1.4113738015386563,7,0.0,-0.7973479822883568,2025.0,1.0,4.498708424366155,0.06658939841675533,lajohntay wester,1200.0,0.07692307692307693,-0.010333678506321595
00-0038576,Charlie Jones,WR,CIN,JAX,-0.9859290502998239,-0.9788765439970513,-1.076195116208836,0.0,-0.299371720492203,0.22338308235532295,-1.0637870082686187,-0.9329390563681516,-0.9399691508932457,0.0,-0.6856917621513873,-1.963134749553834,0.0,-0.8951406048177183,-0.6726859214990831,-1.0780076276027852,-0.32750851192309977,-1.075448256338496,-1.1180923296867806,0.0,-1.1086117928300876,0.0,0.0,0.1228545732104961,1.4519900353095994,-0.9115866676019854,-1.194417550051838,-1.3931048576235803,0.01539195920881597,-0.4737052318636237,0.6551661597560544,-0.8845364355314341,0.31172083281901036,0.8934429520893665,14,0.0,-0.7973479822883568,2025.0,1.0,3.441865723697258,0.0665195043688333,charlie jones,1400.0,0.06666666666666667,-0.00014716229783336143
00-0036429,Charlie Woerner,TE,ATL,MIN,-0.9859290502998239,-0.9788765439970513,-1.076195116208836,0.0,-0.299371720492203,0.0,-1.0637870082686187,-0.9329390563681516,-0.9399691508932457,0.0,-0.6856917621513873,-0.11063502162407986,0.0,-0.8951406048177183,-0.1670184301469124,-1.1230819600537008,-0.9660813537543798,-1.134986322983069,-1.036318150270014,0.0,-1.0400252420687857,0.0,0.0,0.0,0.0,-0.9115866676019854,-0.9874529453609453,-1.0983005207426018,0.3000481741629133,-0.9357665847627264,1.0512314081821592,-0.14680841133219555,0.2129980550560807,-0.5452538519364386,20,0.0,-0.7903278753694426,2025.0,1.0,0.2713376216905684,0.06628470382762958,charlie woerner,1300.0,0.07142857142857142,-0.005143867600941848
00-0035602,Alex Bachman,WR,LV,LAC,-0.9859290502998239,-0.9788765439970513,-1.076195116208836,0.0,-0.299371720492203,0.22935779816513763,-1.0637870082686187,-0.9329390563681516,-0.9399691508932457,0.0,2.0903292805759395,-1.274917547304444,0.0,-0.8951406048177183,-0.5744802423896277,-1.0285590463581342,-0.5625977287810874,-0.9557372219448936,-0.9904331985321275,0.0,-0.582930147385687,0.0,0.0,-0.8696918093830074,-0.6880733944954127,-0.9115866676019854,-1.116717046951911,-1.0804335929818496,0.320426504326425,0.5379950873625273,0.17258718809061602,-0.15398663965997433,0.1794531590390648,-0.19996661897024537,17,0.0,-0.3659623378522885,2025.0,1.0,4.498708424366155,0.0662668248352171,alex bachman,1300.0,0.07142857142857142,-0.005161746593354319
00-0038839,Mitchell Tinsley,WR,CIN,JAX,-0.9859290502998239,-0.9788765439970513,-1.076195116208836,0.0,-0.299371720492203,0.0,-1.0637870082686187,-0.9329390563681516,-0.9399691508932457,0.0,-0.6856917621513873,-2.265697219003827,0.0,-0.8951406048177183,-1.029076092407472,-1.298665923935459,-0.5361733664909226,-1.3576183045986783,-1.5084263863347203,0.0,-1.1086117928300876,0.0,0.0,0.0,0.0,-0.9115866676019854,-1.5642471454946631,-1.3931048576235803,0.01539195920881597,-0.4737052318636237,0.6551661597560544,-0.8845364355314341,0.31172083281901036,0.8934429520893665,14,0.0,-0.7973479822883568,2025.0,1.0,2.3850230230283613,0.06574190042448086,mitchell tinsley,1100.0,0.08333333333333333,-0.01759143290885247
00-0036628,John Bates,TE,WAS,GB,-0.9753604521076438,-0.9771650602434793,-1.0556642774500735,0.0,-0.29547236613874567,0.0,-1.0510727314229764,-0.9161301677115524,-0.9223604613605277,0.0,-0.6417642014112829,-0.6943261099314174,0.0,-0.8935894931499685,0.39525808524632683,-0.915305833098136,-0.5442929921882476,-1.0892890119921808,-1.1821351610312165,0.0,-0.8604392764280431,0.0,0.0,0.0,0.0,-0.9111579452968662,-1.139684892705569,-1.0491664485798922,0.00988249693290696,-1.1749845122918892,0.40477829806766363,0.06978368377882008,0.23802384129491655,0.03022486967388346,11,0.0,-0.7874396901762759,2025.0,1.0,0.2713376216905684,0.06541053036552519,john bates,1600.0,0.058823529411764705,0.006587000953760483
00-0040739,Elijah Arroyo,TE,SEA,PIT,-0.9859290502998239,-0.9788765439970513,-1.076195116208836,0.0,-0.299371720492203,0.0,-1.0637870082686187,-0.9329390563681516,-0.9399691508932457,0.0,-0.6856917621513873,-1.0266726036551168,0.0,-0.8951406048177183,0.3135947730095605,-1.1405475047306877,-0.357894273932634,-1.0750051561518232,-0.9707001247110764,0.0,-1.1086117928300876,0.0,0.0,0.0,0.0,-0.9115866676019854,-1.1314601728075262,-0.924097960660984,0.6729064925588149,0.18385712675102558,0.6098905230063066,0.6850430458634245,0.00404824710031119,-0.8329932127415997,26,0.0,-0.7973479822883568,2025.0,1.0,0.2713376216905684,0.06540927037686835,elijah arroyo,800.0,0.1111111111111111,-0.04570184073424276
00-0035535,Darius Slayton,WR,NYG,DAL,-0.8977002434143864,-0.4863040478605738,-0.8774997043575822,0.0,-0.22940817235603791,0.12348339252780796,-0.8618618864121521,-0.39051688344210866,-0.32195477200643113,0.0,-0.6817222911092728,1.202658402831252,0.0,-0.5315431889699788,-0.6287259208254421,-0.3551399038674687,-0.6481319975695321,-0.797187572807108,-1.1064844420296007,0.05593366164593705,-0.828446522489969,0.0,0.0,0.053894429979464475,0.8377007345432194,-0.1913500691918954,-0.5149256035449307,-1.0706626159617956,1.0990607488613864,-0.3741589417175053,0.5225983861961978,0.41055056573862686,0.05570249285921378,-0.660349596258503,8,0.0,-0.5030525910358444,2025.0,1.0,1.328180322359465,0.06497380761024776,darius slayton,390.0,0.20408163265306123,-0.13910782504281347
00-0039623,Mason Tipton,WR,NO,SF,-0.8278745592411109,-0.6470272372914123,-0.6985549295944615,0.0,-0.29790938962274865,0.0,-0.765515959679412,-0.9329390563681516,-0.9399691508932457,0.0,-0.6856917621513873,0.14833476984654695,0.0,-0.5336632762076438,-0.649396424766269,-0.21256646088726983,-1.2855973453559324,-0.9931638380390745,-0.855595689902344,0.0,-1.043330207387671,0.0,0.0,0.0,0.0,-0.9115866676019854,-0.4420398576844013,-1.0245994221080648,0.0687549655940788,0.05531494748826672,1.168760669635824,0.7190412017351904,0.015669534598864422,-0.7754453405805675,28,0.0,-0.7205757782488262,2025.0,1.0,3.441865723697258,0.06488413607480044,mason tipton,950.0,0.09523809523809523,-0.030353959163294794
00-0039530,Brevyn Spann-Ford,TE,DAL,NYG,-0.31825674133939524,-0.8580211403068391,-0.5005470562272236,0.0,-0.3863626931751821,0.0,-0.6874880058635264,-0.7246354106381445,-0.7068694797265914,0.0,-0.6856917621513873,-1.0456719450163336,0.0,-0.8347549017493661,-0.1331309393521664,-0.7792054536588071,-0.4109854758668215,-0.9409047777977326,-0.9034304191915852,0.0,-0.9390888974804833,0.0,0.0,0.0,0.0,-0.9115866676019854,-0.9994240200944443,-1.0804335929818496,0.04675342036973735,0.9701831083407785,1.006240546654429,-0.16153951753004217,0.0769774093736673,0.6057035912842055,23,0.0,-0.6956763201733045,2025.0,1.0,1.328180322359465,0.06482764026446194,brevyn spannford,1100.0,0.08333333333333333,-0.018505693068871384
00-0034487,Trent Sherfield,WR,DEN,IND,-0.9842260332552365,-0.9761580853660642,-1.0743722408208827,0.0,-0.2973771913786025,0.0,-1.062346018434987,-0.8519469486862551,-0.8459890820514876,0.0,-0.6846961975770245,-1.3303784151618463,0.0,-0.8935595395428149,0.15648371658088434,-1.1573083132317128,-0.20796749060429512,-1.0342581320696158,-0.9618467990592666,0.0,0.43908660436646274,0.0,0.0,0.0,0.0,-0.5952161429164767,-1.2572761509915644,-1.114235891862037,0.1707737633777302,-0.39362055181025796,0.6504177096192277,0.42724671323960484,0.3136954188287896,0.03022486967388346,13,0.0,0.83892777180983,2025.0,1.0,3.441865723697258,0.06462016974752142,trent sherfield,850.0,0.10526315789473684,-0.04064298814721541
00-0040241,Dominic Lovett,WR,DET,CHI,-0.9859290502998239,-0.9788765439970513,-1.076195116208836,0.0,-0.299371720492203,0.0,-1.0637870082686187,-0.9329390563681516,-0.9399691508932457,0.0,-0.6856917621513873,-2.265697219003827,0.0,-0.8951406048177183,-1.029076092407472,-1.298665923935459,-0.5361733664909226,-1.3576183045986783,-1.5084263863347203,0.0,-1.1086117928300876,0.0,0.0,0.0,0.0,-0.9115866676019854,-1.5642471454946631,-1.3931048576235803,0.3055564827482153,-0.6735135281488507,0.8996269535308904,-0.35972195029471044,0.2865915302846011,0.8358950799283343,5,0.0,-0.7973479822883568,2025.0,1.0,3.441865723697258,0.06458345045378448,dominic lovett,1400.0,0.06666666666666667,-0.002083216212882183
00-0040184,KeAndre Lambert-Smith,WR,LAC,LV,-0.9859290502998239,-0.9788765439970513,-1.076195116208836,0.0,-0.299371720492203,0.0,-1.0637870082686187,1.900379025612768,1.8968747786039801,0.0,-0.6856917621513873,-1.3863894274660329,0.0,-0.8951406048177183,-1.029076092407472,-0.34995540870683184,-0.8879547393609803,-1.3576183045986783,-1.5084263863347203,0.0,-1.1086117928300876,0.0,0.0,0.0,0.0,-0.9115866676019854,-1.0329024502043878,-1.0896298066477825,0.01369597288205726,0.268101124340923,0.41568276454145103,-0.03832346132930554,0.07250375529578955,0.6057035912842055,18,0.0,-0.7973479822883568,2025.0,1.0,3.441865723697258,0.06457012087297488,keandre lambertsmith,600.0,0.14285714285714285,-0.07828702198416797
00-0038824,Ryan Miller,WR,TB,HOU,-0.9599636986973199,-0.9029666914734344,-1.0277057317182317,0.0,-0.3252619655610434,0.0,-0.993908847155987,0.3652194531000026,0.37448371499194294,0.0,-0.5133221764323077,-0.779044121138113,0.0,-0.8563337667518538,0.10397111790438304,-0.5855972369386142,-0.32304821339357004,-0.8984780250017358,-0.9038243690816434,0.0,-0.47564250319959384,0.0,0.0,0.0,0.0,-0.0028857774419951544,-0.7688935002074649,-1.049166466517677,0.2513759927260177,1.280640348193361,0.6101352841003179,-0.8221508444475203,0.009079454985036099,-0.5452538519364386,12,0.0,-0.4500863419687524,2025.0,1.0,4.498708424366155,0.06453758001389079,ryan miller,1200.0,0.07692307692307693,-0.012385496909186139
00-0040727,Tre Harris,WR,LAC,LV,-0.9859290502998239,-0.9788765439970513,-1.076195116208836,0.0,-0.299371720492203,0.0,-1.0637870082686187,-0.9329390563681516,-0.9399691508932457,0.0,-0.6856917621513873,-1.9459489311719016,0.0,-0.8951406048177183,1.0808352675335793,-1.1405475047306877,-0.1793572524938339,-0.9135119284679061,-0.9707001247110764,0.0,-1.1086117928300876,0.0,0.0,0.0,0.0,-0.9115866676019854,-1.2905634882628332,-1.0896298066477825,0.01369597288205726,0.268101124340923,0.41568276454145103,-0.03832346132930554,0.07250375529578955,0.6057035912842055,18,0.0,-0.7973479822883568,2025.0,1.0,2.3850230230283613,0.06360959083807695,tre harris,550.0,0.15384615384615385,-0.0902365630080769
00-0040729,Jack Bech,WR,LV,LAC,-0.9859290502998239,-0.9788765439970513,-1.076195116208836,0.0,-0.299371720492203,0.0,-1.0637870082686187,-0.9329390563681516,-0.9399691508932457,0.0,-0.6856917621513873,-2.0258860031298833,0.0,-0.8951406048177183,0.6677057704821854,-0.8875580340030539,1.0790317175856166,-0.4290322454161547,-0.9707001247110764,0.0,-1.1086117928300876,0.0,0.0,0.0,0.0,-0.9115866676019854,-1.204442579455352,-1.0804335929818496,0.320426504326425,0.5379950873625273,0.17258718809061602,-0.15398663965997433,0.1794531590390648,-0.19996661897024537,17,0.0,-0.7973479822883568,2025.0,1.0,2.3850230230283613,0.06307813037913372,jack bech,850.0,0.10526315789473684,-0.042185027515603116
00-0040131,Kyle Williams,WR,NE,MIA,-0.9859290502998239,-0.9788765439970513,-1.076195116208836,0.0,-0.299371720492203,0.0,-1.0637870082686187,-0.9329390563681516,-0.9399691508932457,0.0,-0.6856917621513873,-1.8660118592139205,0.0,-0.8951406048177183,-0.07002547425244866,-0.919181717844008,-0.10444668171051257,-0.8731386215469268,-0.9707001247110764,0.0,-1.1086117928300876,0.0,0.0,0.0,0.0,-0.9115866676019854,-1.2765760520929454,-1.1638125968863113,0.5717123177444071,-0.0055216019616339896,0.12050679215040297,0.384678746557592,0.23563525676785815,-0.19996661897024537,19,0.0,-0.7973479822883568,2025.0,1.0,3.441865723697258,0.06305633468598655,kyle williams,1400.0,0.06666666666666667,-0.003610331980680115
00-0038558,Darnell Washington,TE,PIT,SEA,-0.9859290502998239,-0.9788765439970513,-1.076195116208836,0.0,-0.299371720492203,0.0,-1.0637870082686187,-0.6997388574710807,-0.7087698300871328,0.0,-0.32227611888367363,-0.2889823026116358,0.0,-0.8951406048177183,-0.01746822859575793,-1.112757069408774,-0.41588267633939013,-0.8956727768063674,-0.879611835213073,0.0,-1.0033859938005045,0.0,0.0,0.0,0.0,-0.8783500282284048,-1.030372690792773,-1.0983005207426018,0.020802770482795295,1.5456985756302772,0.11837821229128537,-0.22861296563361821,0.09116215491932625,-0.14241874680921315,27,0.0,-0.7184344503295084,2025.0,1.0,1.328180322359465,0.06255509530964733,darnell washington,1200.0,0.07692307692307693,-0.0143679816134296
00-0039379,Jamari Thrash,WR,CLE,BAL,-0.9859290502998239,-0.9788765439970513,-1.076195116208836,0.0,-0.299371720492203,0.0,-1.0637870082686187,-0.9329390563681516,-0.9399691508932457,0.0,-0.6856917621513873,-0.9262273528749925,0.0,-0.8951406048177183,-0.4550860151699736,-0.9760401017086757,-0.7455970316526263,-1.23646946134407,-1.2530248432068003,0.0,-1.1086117928300876,0.0,0.0,0.0,0.0,-0.9115866676019854,-1.220014316838689,-1.1474345782622206,0.6643675657351072,1.1122370080200272,0.4835107079562128,-0.8247142460208342,0.12240871327035403,-1.2358283178688252,2,0.0,-0.7973479822883568,2025.0,1.0,1.328180322359465,0.062407288358820076,jamari thrash,800.0,0.1111111111111111,-0.04870382275229103
00-0038115,Daniel Bellinger,TE,NYG,DAL,-0.8427115863726936,-0.8569252956525167,-0.7993036264746405,0.0,-0.1257230496928906,2.313961412282532e-05,-0.8008949683747434,-0.9328234731894047,-0.9398772500298483,5.78490353070633e-06,-0.6841854827612412,-0.36433914141501783,0.0,-0.8266418496248731,1.8808739391252776,-0.9667596104104698,0.07247576862815586,-0.6780557090240265,-0.5191244662420907,2.892451765353165e-06,-0.7149341604331951,0.0,0.0,2.977075432128229e-05,4.627922824565064e-05,-0.9112855857599753,-0.9237885251988478,-1.0706626159617956,1.0990607488613864,-0.3741589417175053,0.5225983861961978,0.41055056573862686,0.05570249285921378,-0.660349596258503,8,0.0,-0.6993547855223449,2025.0,1.0,0.2713376216905684,0.062373390157486136,daniel bellinger,1100.0,0.08333333333333333,-0.020959943175847193
00-0039751,Jordan Whittington,WR,LA,TEN,-0.3010385462105454,-0.6146815539009403,-0.3043938593110648,0.0,-0.09303051402338387,0.7666007528661771,-0.4825394420536102,-0.6599894516184875,-0.7068694797265914,0.0,-0.6856917621513873,-0.19384783694324734,0.0,-0.5251295818200785,1.5232593775262273,-0.7432713120975185,0.4964537037293163,0.18686820671461135,-0.2202229233689234,0.052609856641052395,-0.7727515621214849,0.0,0.0,0.8445255837245793,4.28394538366393,-0.9115866676019854,-0.6706164509004979,-1.3931048576235803,0.1797937189108486,-1.0370916661052494,1.0552898096411443,0.42922667999581504,0.11316282191050671,0.2604163583180123,30,0.0,-0.44199520426306155,2025.0,1.0,2.3850230230283613,0.062117083162456795,jordan whittington,850.0,0.10526315789473684,-0.04314607473228004
00-0038573,Derius Davis,WR,LAC,LV,-0.9859290502998239,-0.9788765439970513,-1.076195116208836,0.0,-0.299371720492203,0.9907136886004889,-1.0637870082686187,-0.25820068686869346,-0.23094100285707417,0.0,-0.6816406384573162,-1.4904534703268797,0.0,-0.8951406048177183,-0.26829606458950894,-1.1058731902100893,-0.15017872132849672,-0.9621142600672744,-0.9400101450204624,0.023416873644883294,-0.7528960785501457,0.0,0.0,-0.684060042425098,0.8030994421938988,0.26480151821871684,-1.1978697346545655,-1.3931048576235803,0.01369597288205726,0.268101124340923,0.41568276454145103,-0.03832346132930554,0.07250375529578955,0.6057035912842055,18,0.0,-0.4886913301717288,2025.0,1.0,4.498708424366155,0.060894010837690735,derius davis,850.0,0.10526315789473684,-0.0443691470570461
00-0038519,Nikko Remigio,WR,KC,PHI,0.5605924374867558,0.07848949854699412,-0.07998460627314519,0.0,0.9410677512631173,0.0,-0.49588117377153623,-0.9329390563681516,-0.9399691508932457,0.0,-0.6856917621513873,-0.7035936044916092,0.0,0.946276158494575,-0.7293727742340271,-0.4553676881766794,-0.6270171922597053,-0.5501521661790927,-1.060321168315017,0.0,-1.1086117928300876,0.0,0.0,0.0,0.0,-0.9115866676019854,0.32979972048859113,-1.3931048576235803,0.022508549051636805,-0.5240711068224438,0.6833722184349974,0.018051586350960602,0.0009573318179038651,0.03022486967388346,25,0.0,-0.7973479822883568,2025.0,1.0,5.555551125035052,0.060846240679797645,nikko remigio,1700.0,0.05555555555555555,0.005290685124242092
00-0038720,Julian Hill,TE,MIA,NE,-0.9859290502998239,-0.9788765439970513,-1.076195116208836,0.0,-0.299371720492203,0.0,-1.0637870082686187,-0.8807962934939968,-0.8811306571835772,0.0,1.8033049890632735,-0.21032295802148737,0.0,-0.8951406048177183,-0.1684354112279675,-1.1585898628477058,-0.28222045973921567,-1.1342775592867185,-1.1942856943380342,0.0,-0.2732854169439303,0.0,0.0,0.0,0.0,-0.9115866676019854,-1.2854157847644758,-1.3931048576235803,0.054277742381471206,-0.9973052858497227,0.9339513667694092,0.008816126172965582,0.442772862775828,0.14532061399594787,21,0.0,-0.725264191438798,2025.0,1.0,0.2713376216905684,0.05966451103819312,julian hill,650.0,0.13333333333333333,-0.07366882229514021
00-0033572,Jamal Agnew,WR,ATL,MIN,-0.6209660456899347,-0.16623711782643033,-0.5557501542524387,0.0,-0.7825606458833655,0.21003663728546304,-0.6084562121296296,-0.6012829893331734,-0.5111891223334318,0.0,-0.6688062953062407,-1.468841416529849,0.0,-0.45897314284313423,-0.4023912233347473,-0.40185440965722236,-0.20935826006042413,-0.34660664839061245,-0.8051563491443147,0.007101476072695142,-0.17825718112689434,0.0,0.0,-0.10794778100289498,0.20884602611352443,-0.40997615306041085,-0.6859142394555716,-1.3931048576235803,0.3000481741629133,-0.9357665847627264,1.0512314081821592,-0.14680841133219555,0.2129980550560807,-0.5452538519364386,20,0.0,-0.031160392294235718,2025.0,1.0,4.498708424366155,0.05955389412114589,jamal agnew,1500.0,0.0625,-0.002946105878854112
00-0037311,Ko Kieft,TE,TB,HOU,-0.9859290502998239,-0.9788765439970513,-1.076195116208836,0.0,-0.299371720492203,0.0,-1.0637870082686187,-0.9329390563681516,-0.9399691508932457,0.0,0.45085516897080113,-1.5068555521421991,0.0,-0.8951406048177183,-0.7314600444703007,-1.0420769462758956,-0.5260033928684154,-1.2698379513540683,-1.3045939176075279,0.0,-0.3360218670824775,0.0,0.0,0.0,0.0,0.19608853787346853,-1.2329290097578864,-1.3931048576235803,0.2513759927260177,1.280640348193361,0.6101352841003179,-0.8221508444475203,0.009079454985036099,-0.5452538519364386,12,0.0,-0.2713902582866042,2025.0,1.0,1.328180322359465,0.05922427894595968,ko kieft,900.0,0.1,-0.04077572105404033
00-0039050,Payne Durham,TE,TB,HOU,-0.8607650777439091,-0.818485323433265,-0.6336575930763511,0.0,-0.30598477063614765,0.0,-0.7542180962615413,0.13917280017223574,0.07033298340890708,0.0,-0.36497194080653905,-0.20592059497256654,0.0,-0.8078196266817371,-0.1980329264346993,-0.7661838801101617,0.35727215734339574,-0.7216880470481756,-0.7099895742534845,0.0,-0.43583154977926586,0.0,0.0,0.0,0.0,0.7646620091174903,-0.9525408193273052,-1.3931048576235803,0.2513759927260177,1.280640348193361,0.6101352841003179,-0.8221508444475203,0.009079454985036099,-0.5452538519364386,12,0.0,-0.33933791304503447,2025.0,1.0,0.2713376216905684,0.05916165468495482,payne durham,900.0,0.1,-0.04083834531504518
00-0035021,Ashton Dulin,WR,IND,DEN,-0.9808197790135116,-0.9676561328645399,-1.07017542085335,0.0,-0.29695908603031623,0.7647502547204051,-1.0557409219614315,-0.776385414166549,-0.8355013953678199,0.0,-0.44279801534811614,-1.52012584433141,0.0,-0.8873017821274309,-0.9454694311402942,-0.8300525577732268,-0.8703945195846292,-1.286508321068079,-1.4600930511415648,0.028344420964198508,-0.7985333877947701,0.0,0.0,0.68227974758634,8.383721130596019,-0.8105345687944965,-1.2151624643924634,-1.3931048576235803,0.22119294912017282,-0.8525679228570484,0.24612469288376718,-0.6608282627072356,0.21561467293103723,-0.5452538519364386,9,0.0,-0.6068684057905541,2025.0,1.0,3.441865723697258,0.0590238159907283,ashton dulin,2000.0,0.047619047619047616,0.011404768371680682
00-0038090,Skyy Moore,WR,SF,NO,-0.9786504784434742,-0.9695514746831349,-1.0652580618012997,0.0,-0.3037342562584546,0.013596440607939086,-1.052549121853103,-0.860588297587295,-0.8569572670833547,0.0,-0.6856917621513873,-0.9977997177658728,0.0,-0.8884463072638843,-0.8952410379684103,-1.0072727583185002,-0.9371466111280279,-1.1845176995313929,-1.273626591177334,0.0001673344141203428,-0.9916506226512843,0.0,0.0,0.006564756532043584,0.1152329252792529,-0.8994840301812933,-1.1081278871293359,-1.3931048576235803,0.0010079464191690844,-0.5701458688497751,0.7159385408595069,0.6303926929702979,0.2915127352732966,0.2604163583180123,22,0.0,-0.6640205603719036,2025.0,1.0,4.498708424366155,0.058123838835818516,skyy moore,1000.0,0.09090909090909091,-0.032785252073272396
00-0033589,David Moore,WR,CAR,ARI,-0.7375758406807826,-0.5903882955568555,-0.801225019731326,0.0,-0.4124000261601591,0.10423099250922199,-0.7918681743316325,-0.24365307152769386,-0.3323724558425371,0.020824664136796706,-0.5294143972581083,-0.26400683378396056,0.0,-0.631664931697459,-0.5831623073272184,-0.31311288775994184,-0.04326805660809598,-0.7048213209486084,-0.8035304799771321,0.013016181725694931,-0.13483999344092085,0.0,0.0,-0.14024454203189116,0.0004909475966223259,0.6675307860795572,-0.5316712495135864,-1.3931048576235803,0.3874449549143641,-1.1712463571407348,0.7776609787795629,-0.7877114477015661,0.2526673747248363,-0.7754453405805675,0,0.0,-0.24946219640010506,2025.0,1.0,3.441865723697258,0.058006344550343036,david moore,950.0,0.09523809523809523,-0.037231750687752196
00-0037614,John Metchie III,WR,PHI,KC,-0.677255382856594,-0.5447279276717161,-0.6599447809460505,0.0,-0.7405359878854887,0.005040713925303686,-0.5972928151929212,-0.3253615771416892,-0.35977412430776223,0.0,0.4072146183828805,-0.5916205952407135,0.0,-0.5328990519180846,-0.5293169466841708,-0.4206760390496574,-0.678027846866506,-0.5885306953016004,-0.5028781566435581,0.005040713925303686,0.22269241494188657,0.0,0.0,-0.0014810004910320842,0.020162855701214743,-0.7839854407113322,-0.3425293359052366,-1.3931048576235803,0.17599553997256578,-0.7621541081599309,0.4105234793758919,2.4031541885687995,0.0006975286717756033,0.37551210264007673,15,0.0,1.68099453307656,2025.0,1.0,2.3850230230283613,0.05789162896416104,john metchie,1600.0,0.058823529411764705,-0.0009319004476036619
00-0040646,Jalen Royals,WR,KC,PHI,-0.9859290502998239,-0.9788765439970513,-1.076195116208836,0.0,-0.299371720492203,0.0,-1.0637870082686187,-0.9329390563681516,-0.9399691508932457,0.0,-0.6856917621513873,-2.265697219003827,0.0,-0.8951406048177183,-1.029076092407472,-1.298665923935459,-0.5361733664909226,-1.3576183045986783,-1.5084263863347203,0.0,-1.1086117928300876,0.0,0.0,0.0,0.0,-0.9115866676019854,-1.5642471454946631,-1.3931048576235803,0.022508549051636805,-0.5240711068224438,0.6833722184349974,0.018051586350960602,0.0009573318179038651,0.03022486967388346,25,0.0,-0.7973479822883568,2025.0,1.0,2.3850230230283613,0.057808890582391186,jalen royals,400.0,0.2,-0.14219110941760882
00-0039739,Roman Wilson,WR,PIT,SEA,-0.9859290502998239,-0.9788765439970513,-1.076195116208836,0.0,-0.299371720492203,0.0,-1.0637870082686187,-0.9329390563681516,-0.9399691508932457,0.0,-0.6856917621513873,-2.265697219003827,0.0,-0.8951406048177183,-1.029076092407472,-1.298665923935459,-0.5361733664909226,-1.3576183045986783,-1.5084263863347203,0.0,-1.1086117928300876,0.0,0.0,0.0,0.0,-0.9115866676019854,-1.5642471454946631,-1.3931048576235803,0.020802770482795295,1.5456985756302772,0.11837821229128537,-0.22861296563361821,0.09116215491932625,-0.14241874680921315,27,0.0,-0.7973479822883568,2025.0,1.0,1.328180322359465,0.05767720890894684,roman wilson,900.0,0.1,-0.042322791091053164
00-0040590,Konata Mumpfield,WR,LA,TEN,-0.9859290502998239,-0.9788765439970513,-1.076195116208836,0.0,-0.299371720492203,0.0,-1.0637870082686187,-0.9329390563681516,-0.9399691508932457,0.0,-0.6856917621513873,-2.265697219003827,0.0,-0.8951406048177183,-1.029076092407472,-1.298665923935459,-0.5361733664909226,-1.3576183045986783,-1.5084263863347203,0.0,-1.1086117928300876,0.0,0.0,0.0,0.0,-0.9115866676019854,-1.5642471454946631,-1.3931048576235803,0.1797937189108486,-1.0370916661052494,1.0552898096411443,0.42922667999581504,0.11316282191050671,0.2604163583180123,30,0.0,-0.7973479822883568,2025.0,1.0,3.441865723697258,0.0576169882324402,konata mumpfield,1500.0,0.0625,-0.0048830117675598
00-0040737,Terrance Ferguson,TE,LA,TEN,-0.9859290502998239,-0.9788765439970513,-1.076195116208836,0.0,-0.299371720492203,0.0,-1.0637870082686187,-0.9329390563681516,-0.9399691508932457,0.0,-0.6856917621513873,-2.265697219003827,0.0,-0.8951406048177183,-1.029076092407472,-1.298665923935459,-0.5361733664909226,-1.3576183045986783,-1.5084263863347203,0.0,-1.1086117928300876,0.0,0.0,0.0,0.0,-0.9115866676019854,-1.5642471454946631,-1.3931048576235803,0.1797937189108486,-1.0370916661052494,1.0552898096411443,0.42922667999581504,0.11316282191050671,0.2604163583180123,30,0.0,-0.7973479822883568,2025.0,1.0,2.3850230230283613,0.0576169882324402,terrance ferguson,1300.0,0.07142857142857142,-0.013811583196131225
00-0040735,Luther Burden III,WR,CHI,DET,-0.9859290502998239,-0.9788765439970513,-1.076195116208836,0.0,-0.299371720492203,0.0,-1.0637870082686187,-0.9329390563681516,-0.9399691508932457,0.0,-0.6856917621513873,-1.1865467475710794,0.0,-0.8951406048177183,-1.029076092407472,-1.45678434314023,-1.0681178476903226,-1.478738225361616,-0.9707001247110764,0.0,-1.1086117928300876,0.0,0.0,0.0,0.0,-0.9115866676019854,-1.4091071597650087,-1.0896298066477825,0.4492361330256993,0.27985046982546047,0.6319974805689496,-0.08092669722332181,0.22014637083599872,-0.4301581076143742,10,0.0,-0.7973479822883568,2025.0,1.0,2.3850230230283613,0.05719561090189555,luther burden,750.0,0.11764705882352941,-0.06045144792163386
00-0040563,Efton Chism III,WR,NE,MIA,-0.9859290502998239,-0.9788765439970513,-1.076195116208836,0.0,-0.299371720492203,0.0,-1.0637870082686187,-0.9329390563681516,-0.9399691508932457,0.0,-0.6856917621513873,-2.265697219003827,0.0,-0.8951406048177183,-1.029076092407472,-1.298665923935459,-0.5361733664909226,-1.3576183045986783,-1.5084263863347203,0.0,-1.1086117928300876,0.0,0.0,0.0,0.0,-0.9115866676019854,-1.5642471454946631,-1.3931048576235803,0.5717123177444071,-0.0055216019616339896,0.12050679215040297,0.384678746557592,0.23563525676785815,-0.19996661897024537,19,0.0,-0.7973479822883568,2025.0,1.0,4.498708424366155,0.057040595548841354,efton chism,1000.0,0.09090909090909091,-0.03386849536024956
00-0040134,Pat Bryant,WR,DEN,IND,-0.9859290502998239,-0.9788765439970513,-1.076195116208836,0.0,-0.299371720492203,0.0,-1.0637870082686187,-0.9329390563681516,-0.9399691508932457,0.0,-0.6856917621513873,-2.265697219003827,0.0,-0.8951406048177183,-1.029076092407472,-1.298665923935459,-0.5361733664909226,-1.3576183045986783,-1.5084263863347203,0.0,-1.1086117928300876,0.0,0.0,0.0,0.0,-0.9115866676019854,-1.5642471454946631,-1.3931048576235803,0.1707737633777302,-0.39362055181025796,0.6504177096192277,0.42724671323960484,0.3136954188287896,0.03022486967388346,13,0.0,-0.7973479822883568,2025.0,1.0,2.3850230230283613,0.05701208003970498,pat bryant,1200.0,0.07692307692307693,-0.019910996883371945
00-0037304,Connor Heyward,TE,PIT,SEA,-0.9776418071586397,-0.9740179834889263,-1.0644679668059207,0.0,-0.3031600848931159,0.0034436959238606695,-1.0466111031793546,-0.9259027093997635,-0.9326190526034778,0.0,-0.3610750494627576,-1.456717188310658,0.0,-0.8928879419536333,-0.25740782177730753,-1.0647004538632057,-0.5063769236404353,-1.1235973929403948,-1.0217812656978371,0.0,-0.4846998976041021,0.0,0.0,-0.002707096970166935,0.01968208790075889,-0.559841255154457,-1.1504217517620425,-1.3931048576235803,0.020802770482795295,1.5456985756302772,0.11837821229128537,-0.22861296563361821,0.09116215491932625,-0.14241874680921315,27,0.0,-0.3294485532749484,2025.0,1.0,2.3850230230283613,0.056962554865642605,connor heyward,1500.0,0.0625,-0.005537445134357395
00-0035645,Gunner Olszewski,WR,NYG,DAL,-0.9859290502998239,-0.9788765439970513,-1.076195116208836,0.0,-0.299371720492203,0.37276378953682215,-1.0637870082686187,-0.9329390563681516,-0.9399691508932457,0.0,-0.6856917621513873,-1.833040300103727,0.0,-0.8951406048177183,-0.9378518452379417,-1.2560198003238683,-1.0244509379048494,-1.312978045032267,-1.3565342593518512,5.3142988045037504e-05,-1.0746382093700761,0.0,0.0,0.06322102728733242,1.212972333169936,-0.9084350091959768,-1.461362119076053,-1.3931048576235803,1.0990607488613864,-0.3741589417175053,0.5225983861961978,0.41055056573862686,0.05570249285921378,-0.660349596258503,8,0.0,-0.7616609429045098,2025.0,1.0,4.498708424366155,0.056737912839923334,gunner olszewski,1700.0,0.05555555555555555,0.0011823572843677813
00-0040432,Beaux Collins,WR,NYG,DAL,-0.9859290502998239,-0.9788765439970513,-1.076195116208836,0.0,-0.299371720492203,0.0,-1.0637870082686187,-0.9329390563681516,-0.9399691508932457,0.0,-0.6856917621513873,-2.265697219003827,0.0,-0.8951406048177183,-1.029076092407472,-1.298665923935459,-0.5361733664909226,-1.3576183045986783,-1.5084263863347203,0.0,-1.1086117928300876,0.0,0.0,0.0,0.0,-0.9115866676019854,-1.5642471454946631,-1.3931048576235803,1.0990607488613864,-0.3741589417175053,0.5225983861961978,0.41055056573862686,0.05570249285921378,-0.660349596258503,8,0.0,-0.7973479822883568,2025.0,1.0,3.441865723697258,0.05653765304832759,beaux collins,1300.0,0.07142857142857142,-0.014890918380243832
00-0039648,David Martin-Robinson,TE,TEN,LA,-0.9859290502998239,-0.9788765439970513,-1.076195116208836,0.0,-0.299371720492203,0.0,-1.0637870082686187,-0.9329390563681516,-0.9399691508932457,0.0,-0.6856917621513873,-2.117923641026458,0.0,-0.8951406048177183,-1.029076092407472,-1.298665923935459,-0.46186984922303564,-1.2798348692463328,-1.3357619904005227,0.0,-1.1086117928300876,0.0,0.0,0.0,0.0,-0.9115866676019854,-1.4366158241201374,-1.3931048576235803,0.16017826304580493,0.728654713071571,0.09401781950329521,-0.3927799327222781,0.05324944836641776,-1.0056368292246962,16,0.0,-0.7973479822883568,2025.0,1.0,1.328180322359465,0.056526406065716996,david martinrobinson,1600.0,0.058823529411764705,-0.0022971233460477095
00-0040648,Tory Horton,WR,SEA,PIT,-0.9859290502998239,-0.9788765439970513,-1.076195116208836,0.0,-0.299371720492203,0.0,-1.0637870082686187,-0.9329390563681516,-0.9399691508932457,0.0,-0.6856917621513873,-0.10739627613833187,0.0,-0.8951406048177183,-1.029076092407472,-1.298665923935459,-0.5361733664909226,-1.3576183045986783,-1.5084263863347203,0.0,-1.1086117928300876,0.0,0.0,0.0,0.0,-0.9115866676019854,-1.5642471454946631,-1.3931048576235803,0.6729064925588149,0.18385712675102558,0.6098905230063066,0.6850430458634245,0.00404824710031119,-0.8329932127415997,26,0.0,-0.7973479822883568,2025.0,1.0,1.328180322359465,0.0563582181093315,tory horton,550.0,0.15384615384615385,-0.09748793573682235
00-0040187,Mitchell Evans,TE,CAR,ARI,-0.9859290502998239,-0.9788765439970513,-1.076195116208836,0.0,-0.299371720492203,0.0,-1.0637870082686187,-0.9329390563681516,-0.9399691508932457,0.0,-0.6856917621513873,-2.265697219003827,0.0,-0.8951406048177183,-1.029076092407472,-1.298665923935459,-0.5361733664909226,-1.3576183045986783,-1.5084263863347203,0.0,-1.1086117928300876,0.0,0.0,0.0,0.0,-0.9115866676019854,-1.5642471454946631,-1.3931048576235803,0.3874449549143641,-1.1712463571407348,0.7776609787795629,-0.7877114477015661,0.2526673747248363,-0.7754453405805675,0,0.0,-0.7973479822883568,2025.0,1.0,1.328180322359465,0.05624051841209172,mitchell evans,1300.0,0.07142857142857142,-0.015188053016479706
00-0040509,Ben Yurosek,TE,MIN,ATL,-0.9859290502998239,-0.9788765439970513,-1.076195116208836,0.0,-0.299371720492203,0.0,-1.0637870082686187,-0.9329390563681516,-0.9399691508932457,0.0,-0.6856917621513873,-2.265697219003827,0.0,-0.8951406048177183,-1.029076092407472,-1.298665923935459,-0.5361733664909226,-1.3576183045986783,-1.5084263863347203,0.0,-1.1086117928300876,0.0,0.0,0.0,0.0,-0.9115866676019854,-1.5642471454946631,-1.3931048576235803,0.41544864227327927,0.6292349162325928,0.4423465529190415,0.9677865294559627,0.6993078860089404,0.4906078469621411,1,0.0,-0.7973479822883568,0.0,0.0,2.3850230230283613,0.05609897125061488,ben yurosek,1500.0,0.0625,-0.0064010287493851195
00-0040506,Myles Price,WR,MIN,ATL,-0.9859290502998239,-0.9788765439970513,-1.076195116208836,0.0,-0.299371720492203,0.0,-1.0637870082686187,-0.9329390563681516,-0.9399691508932457,0.0,-0.6856917621513873,-2.265697219003827,0.0,-0.8951406048177183,-1.029076092407472,-1.298665923935459,-0.5361733664909226,-1.3576183045986783,-1.5084263863347203,0.0,-1.1086117928300876,0.0,0.0,0.0,0.0,-0.9115866676019854,-1.5642471454946631,-1.3931048576235803,0.41544864227327927,0.6292349162325928,0.4423465529190415,0.9677865294559627,0.6993078860089404,0.4906078469621411,1,0.0,-0.7973479822883568,2025.0,1.0,3.441865723697258,0.05609897125061488,myles price,1200.0,0.07692307692307693,-0.020824105672462047
00-0040154,Tai Felton,WR,MIN,ATL,-0.9859290502998239,-0.9788765439970513,-1.076195116208836,0.0,-0.299371720492203,0.0,-1.0637870082686187,-0.9329390563681516,-0.9399691508932457,0.0,-0.6856917621513873,-2.265697219003827,0.0,-0.8951406048177183,-1.029076092407472,-1.298665923935459,-0.5361733664909226,-1.3576183045986783,-1.5084263863347203,0.0,-1.1086117928300876,0.0,0.0,0.0,0.0,-0.9115866676019854,-1.5642471454946631,-1.3931048576235803,0.41544864227327927,0.6292349162325928,0.4423465529190415,0.9677865294559627,0.6993078860089404,0.4906078469621411,1,0.0,-0.7973479822883568,2025.0,1.0,2.3850230230283613,0.05609897125061488,tai felton,950.0,0.09523809523809523,-0.03913912398748035
00-0040244,Moliki Matavao,TE,NO,SF,-0.9859290502998239,-0.9788765439970513,-1.076195116208836,0.0,-0.299371720492203,0.0,-1.0637870082686187,-0.9329390563681516,-0.9399691508932457,0.0,-0.6856917621513873,-2.265697219003827,0.0,-0.8951406048177183,-1.029076092407472,-1.298665923935459,-0.5361733664909226,-1.3576183045986783,-1.5084263863347203,0.0,-1.1086117928300876,0.0,0.0,0.0,0.0,-0.9115866676019854,-1.5642471454946631,-1.3931048576235803,0.0687549655940788,0.05531494748826672,1.168760669635824,0.7190412017351904,0.015669534598864422,-0.7754453405805675,28,0.0,-0.7973479822883568,2025.0,1.0,1.328180322359465,0.05605393746426819,moliki matavao,2000.0,0.047619047619047616,0.008434889845220575
00-0036825,Feleipe Franks,TE,ATL,MIN,-0.9859290502998239,-0.9788765439970513,-1.076195116208836,0.0,-0.299371720492203,0.1554667985677888,-1.0637870082686187,-0.9329390563681516,-0.9399691508932457,0.0,-0.6856917621513873,-1.9936311957684385,0.0,-0.8951406048177183,-0.8233965326490182,-0.9627064567724922,-0.7032949076716587,-1.2537160015964688,-1.3931047352480699,0.0,-1.1086117928300876,0.0,0.0,-0.10762998027098696,0.14648253633899702,-0.9115866676019854,-1.3043073263652945,-1.3931048576235803,0.3000481741629133,-0.9357665847627264,1.0512314081821592,-0.14680841133219555,0.2129980550560807,-0.5452538519364386,20,0.0,-0.7973479822883568,2025.0,1.0,2.3850230230283613,0.055805061071050585,feleipe franks,2500.0,0.038461538461538464,0.01734352260951212
00-0040582,Arian Smith,WR,NYJ,BUF,-0.9859290502998239,-0.9788765439970513,-1.076195116208836,0.0,-0.299371720492203,0.0,-1.0637870082686187,-0.9329390563681516,-0.9399691508932457,0.0,-0.6856917621513873,-1.9059803951929113,0.0,-0.8951406048177183,-1.029076092407472,-1.298665923935459,-0.5361733664909226,-1.3576183045986783,-1.5084263863347203,0.0,-1.1086117928300876,0.0,0.0,0.0,0.0,-0.9115866676019854,-1.5642471454946631,-1.3931048576235803,0.4934356054882013,-0.2241834588666987,0.9263675130401681,1.1552175462956036,0.11416938876997434,-0.6028017240974708,3,0.0,-0.7973479822883568,2025.0,1.0,2.3850230230283613,0.0551626085330277,arian smith,1300.0,0.07142857142857142,-0.016265962895543724
00-0040782,Isaiah Bond,WR,CLE,BAL,-0.9859290502998239,-0.9788765439970513,-1.076195116208836,0.0,-0.299371720492203,0.0,-1.0637870082686187,-0.9329390563681516,-0.9399691508932457,0.0,-0.6856917621513873,-1.1465782115920886,0.0,-0.8951406048177183,-1.029076092407472,-1.4251606592992758,-0.5131474720449741,-1.1557517699937818,-0.9707001247110764,0.0,-1.1086117928300876,0.0,0.0,0.0,0.0,-0.9115866676019854,-1.4374148141075256,-1.1474345782622206,0.6643675657351072,1.1122370080200272,0.4835107079562128,-0.8247142460208342,0.12240871327035403,-1.2358283178688252,2,0.0,-0.7973479822883568,2025.0,1.0,2.3850230230283613,0.05483059100389223,isaiah bond,1200.0,0.07692307692307693,-0.022092485919184696
00-0036741,Jack Stoll,TE,NO,SF,-0.9859290502998239,-0.9788765439970513,-1.076195116208836,0.0,-0.299371720492203,0.0,-1.0637870082686187,-0.9329390563681516,-0.9399691508932457,0.0,-0.6819067896916162,-0.5006365646179631,0.0,-0.8951406048177183,0.1330174029778408,-1.1723196398662747,-0.5847908401723659,-1.1362704053274335,-1.1074634466024547,0.0,-0.8306887611706606,0.0,0.0,0.0,0.0,-0.9115866676019854,-1.198549078653272,-1.3931048576235803,0.0687549655940788,0.05531494748826672,1.168760669635824,0.7190412017351904,0.015669534598864422,-0.7754453405805675,28,0.0,-0.6970184239969215,2025.0,1.0,0.2713376216905684,0.05341993844082243,jack stoll,2200.0,0.043478260869565216,0.009941677571257211
00-0036331,Devin Duvernay,WR,CHI,DET,-0.9838170020178043,-0.9770577060544788,-1.0732480851226758,0.0,-0.299538008919043,0.138510116020387,-1.0606956647275854,-0.9321391629066262,-0.9392362943800092,0.0,-0.6852487656800906,-1.396161909958667,0.0,-0.8939817509110648,-0.4233229507682281,-0.9001059826745702,-0.3331746743517253,-1.052274657152455,-0.9526157907805309,0.007239669880347269,-0.9636041967057798,0.0,0.0,-0.1363866399884201,-0.3186980579283625,-0.9108332545178093,-1.1089820585363177,-1.3931048576235803,0.4492361330256993,0.27985046982546047,0.6319974805689496,-0.08092669722332181,0.22014637083599872,-0.4301581076143742,10,0.0,-0.674038898337468,2025.0,1.0,3.441865723697258,0.05302778392855403,devin duvernay,1600.0,0.058823529411764705,-0.005795745483210678
00-0039355,Luke McCaffrey,WR,WAS,GB,-0.9859290502998239,-0.9788765439970513,-1.076195116208836,0.0,-0.299371720492203,0.0,-1.0637870082686187,-0.8633513071024381,-0.8620978231293039,0.0,-0.6415669199462308,-1.5178599323296198,0.0,-0.8951406048177183,-0.6577422179200398,-0.9447125335183024,-1.1195309934918924,-1.08694257160557,-1.0702876376142703,0.0,-0.971809479679117,0.0,0.0,0.0,0.0,-0.9115866676019854,-1.095891721525879,-1.3931048576235803,0.00988249693290696,-1.1749845122918892,0.40477829806766363,0.06978368377882008,0.23802384129491655,0.03022486967388346,11,0.0,-0.6726233220873371,2025.0,1.0,3.441865723697258,0.052512315399603535,luke mccaffrey,1200.0,0.07692307692307693,-0.024410761523473393
00-0035891,Cody White,WR,SEA,PIT,-0.9859290502998239,-0.9788765439970513,-1.076195116208836,0.0,-0.299371720492203,0.0,-1.0637870082686187,-0.9329390563681516,-0.9399691508932457,0.0,-0.6856917621513873,-1.2684242895969684,0.0,-0.8951406048177183,-0.2342921854942748,-0.9235393511576757,-0.09628388874280035,-0.7879194205942188,-0.8161295595642442,0.0,-1.1086117928300876,0.0,0.0,0.0,0.0,-0.9115866676019854,-1.0989623063231604,-1.3931048576235803,0.6729064925588149,0.18385712675102558,0.6098905230063066,0.6850430458634245,0.00404824710031119,-0.8329932127415997,26,0.0,-0.7973479822883568,2025.0,1.0,4.498708424366155,0.052031630364536986,cody white,1100.0,0.08333333333333333,-0.03130170296879634
00-0031763,DeAndre Carter,WR,CLE,BAL,-0.6190198270178957,-0.6954877201397889,-0.7561337889291811,0.0,-0.11718760728099492,0.04823850360315551,-0.8421921280240301,-0.7333378762857674,-0.6381834858343316,0.0,-0.6736926560515297,-1.6230266704242238,0.0,-0.7819449383387083,-0.5696533952096042,-0.8676169770754487,-0.7587264717709301,-1.0421913564407694,-0.9556089400325684,0.0012347214085362242,-0.4160634246472476,0.0,0.0,0.09153455173285238,0.423257032470216,-0.9080988808251563,-1.0671078298303407,-1.3931048576235803,0.6643675657351072,1.1122370080200272,0.4835107079562128,-0.8247142460208342,0.12240871327035403,-1.2358283178688252,2,0.0,-0.41812256301594086,2025.0,1.0,3.441865723697258,0.051112617499249925,deandre carter,900.0,0.1,-0.04888738250075008
