player_id,player_display_name,position,team,opponent_team,avg_endzone_target_share,avg_endzone_targets,avg_explosive_receiving_plays,avg_offense_snap_share,avg_racr,avg_rec_touchdown_exp,avg_rec_touchdown_exp_team,avg_receiving_air_yards,avg_receiving_epa,avg_receiving_yards,avg_receptions,avg_scored_touchdown,avg_target_share,avg_wopr,avg_receiving_epa_allowed,avg_explosive_receiving_plays_allowed,avg_receiving_air_yards_allowed,passing_tds_allowed_to_TE,avg_receiving_yards_allowed,passing_tds_allowed_to_WR,redzone_td_rate,implied_total,spread_line,season,week,depth_chart_rank,predicted_touchdown_probability,merge_name,price,market_implied_prob,model_edge
00-0037744,Trey McBride,TE,ARI,CAR,0.015198101768433022,0.5671528555695436,0.8616358356846178,0.9282134147105249,1.4157010301135986,0.7139894402520117,2.1576412947983656,54.96356513145583,2.799659053806835,72.41392758427932,7.358728079667031,0.3700008640131293,0.3084678078133257,0.6408629190007301,9.296790797488706,3.6841691507811745,259.71144283826516,0.5893207059324621,241.7717231478533,1.3536803255145138,0.6666666666666666,25.5,-6.5,2025.0,2.0,1,0.18874263387930268,trey mcbride,150.0,0.4,-0.21125736612069734
00-0036358,CeeDee Lamb,WR,DAL,NYG,0.02200798480535013,0.703480979104686,1.5895318978553408,0.786670761630807,1.0684804686131166,0.44296308159119885,1.3509636505572207,106.7379904704466,3.4795927112387464,96.63805904654446,7.063493571078693,0.2714242576326583,0.32543752234944934,0.7656965344316073,10.520427437582372,2.1911288128992448,268.7162907698592,0.6501318432407148,252.70105874148618,0.8553499465929957,0.6666666666666666,25.0,-5.5,2025.0,2.0,1,0.18745688675876895,ceedee lamb,100.0,0.5,-0.3125431132412311
00-0036900,Ja'Marr Chase,WR,CIN,JAX,0.030701599073584492,1.2908176276727297,0.8702001363030177,0.9321635697024514,0.8745321057090053,0.7251111285873694,2.5875172830934585,94.19556981033215,2.3757040170243955,80.74943812998646,6.839925858700332,0.4616361757862123,0.2792346290164141,0.7102568831088933,0.5644825735044232,2.904290977853633,285.7516003432199,0.2285490494166984,219.98878537808878,0.5393667612878573,0.6666666666666666,26.25,-3.0,2025.0,2.0,1,0.1859116361276263,jamarr chase,-130.0,0.5652173913043478,-0.3793057551767215
00-0036963,Amon-Ra St. Brown,WR,DET,CHI,0.02326553722569216,0.8413978176704391,0.8718125768639303,0.8712855284276028,1.1186835543668225,0.6004719658282492,1.7494147041032735,62.33342923636989,5.109305999661272,70.96791926546855,6.2644341769523235,0.3776618871770925,0.2260458724169489,0.5734306159923757,3.467208176817725,2.7926749820755967,169.55931417923966,0.1745253722306099,206.36426383462063,0.7744592474000106,0.25,26.0,-5.5,2025.0,2.0,1,0.18532144499572445,amonra st brown,130.0,0.43478260869565216,-0.2494611636999277
00-0039849,Marvin Harrison Jr.,WR,ARI,CAR,0.03868490125372618,1.3211856670513678,1.0929425410690858,0.824943112064385,0.7367383375867196,0.5992656480321636,2.1582657536706553,92.01437683136011,3.4670857265030453,63.643676998879364,4.6546355787691684,0.5764579981013505,0.21402205972086252,0.6225404304243646,9.296790797488706,3.6841691507811745,259.71144283826516,0.5893207059324621,241.7717231478533,1.3536803255145138,0.6666666666666666,25.5,-6.5,2025.0,2.0,1,0.1844375866231655,marvin harrison,135.0,0.425531914893617,-0.24109432827045152
00-0039915,Ladd McConkey,WR,LAC,LV,0.01585722664000661,0.5926933716483416,1.1592009181652823,0.7783024934283327,1.1507606152302565,0.48179222224136514,2.0701813716602313,82.96705508188626,5.090130542035172,84.58876038814135,6.052129081804467,0.2319474963522427,0.24995557182739703,0.57102818175486,6.8161516234978405,3.113031593971403,270.37578768437396,0.4384421975848413,270.62416080172613,0.9176445958325506,0.4,25.0,-3.5,2025.0,2.0,1,0.18366869141994238,ladd mcconkey,150.0,0.4,-0.21633130858005764
00-0036322,Justin Jefferson,WR,MIN,ATL,0.047643006404243175,1.5853121465506352,0.9882330316023927,0.9627588079667007,0.9438912475765693,0.8797747108307549,2.44803265167808,82.9240262105276,-0.11240656678677025,74.03673627914176,5.54581543896999,0.5354998412923192,0.3036316626142454,0.7301132578897614,9.715887350230378,2.46051786615991,276.5188566712339,0.5457869880375977,221.92943755027446,1.3591625017451143,0.5,24.5,-4.5,2025.0,2.0,1,0.1835655537871858,justin jefferson,100.0,0.5,-0.3164344462128142
00-0039901,Keon Coleman,WR,BUF,NYJ,0.030654406700195164,1.1147690634092342,1.097791704210991,0.8391409071257173,0.5966532192137546,0.5392654255951698,2.0680034373526137,110.39502719942338,2.3524375592380427,59.223289607909734,3.895037427517367,0.5037493063540097,0.21611331976913903,0.6030498011622839,11.162330412064389,3.2560657434060816,197.38763289877627,0.7031394355914531,233.14830172898846,1.2971389907751307,0.7142857142857143,26.75,-7.0,2025.0,2.0,1,0.18271188839916827,keon coleman,230.0,0.30303030303030304,-0.12031841463113477
00-0039075,Puka Nacua,WR,LA,TEN,0.01119216281029872,0.35701354510831074,1.7910004496588676,0.7643495840654327,3.9381379099419345,0.30337462020466366,1.1791932400537721,74.34092527173397,6.259283289661902,110.06609982589158,8.926295404992166,0.15448688453646106,0.4100703809443439,0.8543648886997753,4.0353168183888215,2.146693655342376,182.97348475560392,0.07293698635480722,184.78090752679503,1.1266799862205972,0.6666666666666666,23.5,-5.5,2025.0,2.0,1,0.1807712222635932,puka nacua,125.0,0.4444444444444444,-0.2636732221808512
00-0038544,Quentin Johnston,WR,LAC,LV,0.03175915537359852,1.0884285049125597,1.396960272976947,0.7450000891489487,0.8639056678661947,0.6048124013285391,2.0412451404058864,86.15711014294952,5.265109210323294,80.42510092927037,6.099588894182626,0.465670123418532,0.2501059052226745,0.5757105366055135,6.8161516234978405,3.113031593971403,270.37578768437396,0.4384421975848413,270.62416080172613,0.9176445958325506,0.4,25.0,-3.5,2025.0,2.0,2,0.1799925820203106,quentin johnston,250.0,0.2857142857142857,-0.1057217036939751
00-0031381,Davante Adams,WR,LA,TEN,0.03651345236736137,1.3725265560869542,1.316206580343595,0.8950009991359208,1.2684434640401958,0.7473982964581897,1.760464851670577,81.90266711030013,1.5594525384414886,74.74618854792722,5.666535046654426,0.48875580212773667,0.3080223548979804,0.6990713847339082,4.0353168183888215,2.146693655342376,182.97348475560392,0.07293698635480722,184.78090752679503,1.1266799862205972,0.6666666666666666,23.5,-5.5,2025.0,2.0,2,0.17941841468399333,davante adams,145.0,0.40816326530612246,-0.22874485062212913
00-0039064,Zay Flowers,WR,BAL,CLE,0.02112576436999091,0.43540511483359556,1.7326776224592668,0.6935660402353598,1.6619335246283051,0.21158260805377244,1.3440813611217883,71.04952189255849,3.955381865816075,75.27301359640336,4.20539502081112,0.3389403431807663,0.3012344130921401,0.6909900754174715,6.884763532200227,2.123075345032236,222.69789292646917,0.8059282890421425,190.98291846926696,0.7967088609916404,0.1428571428571428,28.5,-11.5,2025.0,2.0,1,0.17863944710686927,zay flowers,135.0,0.425531914893617,-0.24689246778674775
00-0034348,Courtland Sutton,WR,DEN,IND,0.039691263065475914,1.2986183763738637,0.9584770880283012,0.8640497490542105,0.6785716791357981,0.5857771909884841,1.5701969819010058,108.05514192848268,3.2944110219033953,69.35356101926162,5.395219421342524,0.7911144832970831,0.24838984541029516,0.7505852412669723,4.649412620659896,2.437460040205099,223.21278303249193,0.24444821050364063,213.11450473434897,1.1210047458008578,0.25,22.5,-2.5,2025.0,2.0,1,0.17457482919409087,courtland sutton,150.0,0.4,-0.22542517080590915
00-0030279,Keenan Allen,WR,LAC,LV,0.027139171500000777,0.8924608157581588,0.546670493401211,0.8147024851832653,0.8587577295806849,0.35934604237954726,1.5425431282562891,72.04221651781737,3.808241101770606,58.36386218726493,5.616611010248995,0.5397949249617755,0.26719289367059024,0.5848723975469932,6.8161516234978405,3.113031593971403,270.37578768437396,0.4384421975848413,270.62416080172613,0.9176445958325506,0.4,25.0,-3.5,2025.0,2.0,3,0.17389257033598504,keenan allen,195.0,0.3389830508474576,-0.16509048051147257
00-0039065,Sam LaPorta,TE,DET,CHI,0.01629466316862689,0.5470107140211947,0.7528825314092891,0.9289305445622622,1.5101238951362486,0.38431538398063386,1.745946328967173,48.33138743290405,2.686578667605381,64.81664290318939,5.671293862088728,0.3162966829657423,0.21980586453517548,0.511711607556343,3.467208176817725,2.7926749820755967,169.55931417923966,0.1745253722306099,206.36426383462063,0.7744592474000106,0.25,26.0,-5.5,2025.0,2.0,1,0.17383436299549418,sam laporta,190.0,0.3448275862068966,-0.1709932232114024
00-0036912,DeVonta Smith,WR,PHI,KC,0.021986420138884608,0.49636196753265405,1.149809681282835,0.8622024676094625,2.0113019365623046,0.2624248683245105,1.0808890773012838,43.92603211371097,5.169971833373857,58.91570503023811,5.09638666691156,0.44212706635365145,0.27499803629332453,0.5701581162605598,12.62860606019557,3.8602038897797524,273.5092160604203,0.1505439283592456,272.04583517510366,2.0238444822848836,1.0,24.0,-1.5,2025.0,2.0,2,0.17246036216068045,devonta smith,225.0,0.3076923076923077,-0.13523194553162726
00-0031408,Mike Evans,WR,TB,HOU,0.030950698012577188,1.0243461692233606,0.8084088690998649,0.7756990768375461,0.7015378766054485,0.5788486706460461,1.9553156054404914,114.21930674482084,3.5643597980532813,78.64203659532535,6.513901334361442,0.2899457351773593,0.3024284405202103,0.7356745017700732,8.365365081221865,3.499316994733715,251.82053926656994,0.7304240624017875,237.61080819405473,0.5621338792232066,0.3333333333333333,20.0,2.5,2025.0,2.0,1,0.1720459263796272,mike evans,140.0,0.4166666666666667,-0.24462074028703948
00-0037238,Drake London,WR,ATL,MIN,0.04807635749253792,1.8039288617747382,1.3703593496143072,0.9104810410081993,0.7472882713425775,0.9057153576881691,1.573807327715829,136.2800088440085,1.9095690441168802,93.10982364050537,7.23000704288662,0.3095587975796172,0.3577932282101855,0.8278202240830287,2.5287524575130136,2.3821896317607685,257.2040240762518,0.10646388510653253,233.67864666606908,0.8671170503113937,0.3333333333333333,20.0,4.5,2025.0,2.0,1,0.17146637833584816,drake london,160.0,0.38461538461538464,-0.21314900627953648
00-0035676,A.J. Brown,WR,PHI,KC,0.04507290406228395,1.0588015611829762,0.7443921358318377,0.906377061467409,0.8954952670438018,0.4757125997214641,1.083224394355557,64.53715286010409,2.663734416696592,52.15490393069799,4.055557702224574,0.5087079739804118,0.2689134037080775,0.6377567603782276,12.62860606019557,3.8602038897797524,273.5092160604203,0.1505439283592456,272.04583517510366,2.0238444822848836,1.0,24.0,-1.5,2025.0,2.0,1,0.17098695329224456,aj brown,185.0,0.3508771929824561,-0.17989023969021156
00-0036410,Tee Higgins,WR,CIN,JAX,0.024838964530586462,1.0323694364712643,0.5832886273763875,0.7580078291519202,0.8838308102668611,0.6489720116027791,2.4868245275912404,70.64789965464591,4.5321090190172715,64.04407893022729,5.349067332833917,0.4113173471119697,0.20680125377487982,0.5199642894865882,0.5644825735044232,2.904290977853633,285.7516003432199,0.2285490494166984,219.98878537808878,0.5393667612878573,0.6666666666666666,26.25,-3.0,2025.0,2.0,2,0.1707338672076103,tee higgins,130.0,0.43478260869565216,-0.26404874148804186
00-0034960,Jakobi Meyers,WR,LV,LAC,0.026462488347581126,0.9593487304616227,1.9535158917340623,0.9164769589364042,0.8983044596984692,0.4157434096859132,1.2986336596409729,97.44950316484275,3.317444012730169,85.47609121640491,6.721578726761002,0.3700189943771562,0.27129802084488264,0.6249487491283754,3.387112380640221,2.9612112037370526,252.25445123749932,0.5350337284000957,227.58640237865163,0.8506885349432561,0.5,21.5,3.5,2025.0,2.0,1,0.17030509751916773,jakobi meyers,175.0,0.36363636363636365,-0.19333126611719592
00-0037740,Garrett Wilson,WR,NYJ,BUF,0.012587249997383613,0.4171268743442473,1.2063662389804302,0.9660660632185599,1.5130760759432247,0.2546204630933322,1.5883278459568135,64.41893229233303,2.9819882393154673,70.31130986923488,5.80247725244886,0.5396809680559473,0.273288111757725,0.6416759207114747,10.898959027867818,3.6048037652573353,217.11221186593897,0.3008069734607984,242.72581743796871,1.4497474974231948,0.6,19.75,7.0,2025.0,2.0,1,0.16900587457651722,garrett wilson,205.0,0.32786885245901637,-0.15886297788249915
00-0039337,Malik Nabers,WR,NYG,DAL,0.026238238897832354,0.8902053497897391,1.5727164888219858,0.8696599400510963,1.0171835443087727,0.7095820606365998,1.7319054925135333,93.97318034781676,1.6401743853058504,84.54192531853134,6.1189543294164706,0.43541836235123177,0.3479932745169804,0.8592593315486097,7.66118033331901,2.221101039974721,214.38136207875053,0.26280851448901776,208.73075169948606,1.1040499198172522,0.0,19.5,5.5,2025.0,2.0,1,0.1685335725115734,malik nabers,130.0,0.43478260869565216,-0.2662490361840788
00-0036252,Michael Pittman,WR,IND,DEN,0.009569699203877402,0.37327568826612173,0.819015277943146,0.8886098165842893,1.0313116847531918,0.2446820280173896,1.3591423412595318,75.58570249013037,3.4572263275941615,69.86346994082962,5.749751134354202,0.45732799034325017,0.26537157051815546,0.5858726832222081,3.811986231599921,2.335966342551629,256.2849705314297,0.12292288607734626,211.97516669016215,0.6441218440027848,0.3333333333333333,20.0,2.5,2025.0,2.0,1,0.16805329623669593,michael pittman,245.0,0.2898550724637681,-0.1218017762270722
00-0040128,Tyler Warren,TE,IND,DEN,0.0344827586206896,1.0,1.0,0.73,1.6170212765957446,0.54,1.32,47.0,1.188941822953983,76.0,7.0,0.0,0.3103448275862069,0.6333743842364532,3.811986231599921,2.335966342551629,256.2849705314297,0.12292288607734626,211.97516669016215,0.6441218440027848,0.3333333333333333,20.0,2.5,2025.0,2.0,1,0.16792495941523483,tyler warren,235.0,0.29850746268656714,-0.1305825032713323
00-0039893,Brian Thomas Jr.,WR,JAX,CIN,0.01285436220182053,0.40188816224689766,1.0781828506790125,0.8652711167141859,0.6549336724399637,0.35123805594302476,1.108837431730078,112.86884598251838,1.7149960633277443,70.95988175677427,5.287076851212881,0.6783748435915036,0.3231278425070363,0.8360250107153908,2.7281099034799396,2.4938202672384455,226.82915365349749,0.3862988174396941,233.4271057105395,1.008914578122005,0.4,23.25,3.0,2025.0,2.0,1,0.16583433471193756,brian thomas,145.0,0.40816326530612246,-0.2423289305941849
00-0040129,Emeka Egbuka,WR,TB,HOU,0.03125,1.0,2.0,0.93,0.943661971830986,0.53,1.08,71.0,6.027107290166896,67.0,4.0,1.0,0.2,0.4488023952095809,8.365365081221865,3.499316994733715,251.82053926656994,0.7304240624017875,237.61080819405473,0.5621338792232066,0.3333333333333333,20.0,2.5,2025.0,2.0,3,0.1656732306885386,emeka egbuka,155.0,0.39215686274509803,-0.22648363205655944
00-0039338,Brock Bowers,TE,LV,LAC,0.012733786314840265,0.4664105318935541,1.4860102107040751,0.7981167230460163,1.226692403250173,0.25359944031578957,1.3041755686561478,71.36207673505406,1.505614184733318,78.48473387963374,5.798643711651477,0.2780546433744431,0.25107568619538817,0.535809450314301,3.387112380640221,2.9612112037370526,252.25445123749932,0.5350337284000957,227.58640237865163,0.8506885349432561,0.5,21.5,3.5,2025.0,2.0,1,0.1643855057959904,brock bowers,160.0,0.38461538461538464,-0.22022987881939424
00-0039916,Ricky Pearsall,WR,SF,NO,0.02145104730773912,0.7697605590741476,1.5403261791285372,0.7676341877533405,0.7951136970043903,0.4516664202401616,1.8538899904841706,89.95556568965596,2.6064696550434583,75.20008838281615,4.330102491156868,0.37428669169526635,0.17710697703722791,0.48574956296844657,8.995693865132875,2.582192358756367,246.73827496278867,0.21485401927379147,211.8462031517832,1.2106227994909449,0.4,23.5,-4.5,2025.0,2.0,2,0.16423291921332642,ricky pearsall,205.0,0.32786885245901637,-0.16363593324568995
00-0034827,DJ Moore,WR,CHI,DET,0.014377561586343431,0.522277297985339,1.051922879264868,0.9168072817603865,2.7861414344311246,0.23479377558841166,1.1052742515907248,61.807569430666945,1.5436543751580722,67.77656249782143,5.996704917089853,0.2754758906334566,0.272897002694934,0.5777035911276482,5.99969365849984,3.750454286197539,296.0898430981525,0.45553321844809463,248.79790137592812,0.9028572064185519,0.6666666666666666,20.5,5.5,2025.0,2.0,1,0.16341844473623443,dj moore,185.0,0.3508771929824561,-0.1874587482462217
00-0038608,Kayshon Boutte,WR,NE,MIA,0.008516463995811168,0.36342987608584676,1.4194987689398009,0.8127881665217657,0.7763827689756838,0.20307251223987513,1.2882054809300743,97.59605505518975,4.94942863587579,75.91195580541236,4.955760724781457,0.31741420328365794,0.20417784407825526,0.5601085801651575,7.010226574227101,3.0334584837549374,208.1952036798268,0.3649088551791178,252.61138208118254,1.112070337548355,0.3333333333333333,21.5,1.5,2025.0,2.0,2,0.1618892176712185,kayshon boutte,310.0,0.24390243902439024,-0.08201322135317174
00-0037240,Jameson Williams,WR,DET,CHI,0.005799312737458887,0.22763400109830828,0.4190344663839955,0.8506033998689028,1.2859347103975325,0.2277368591447501,1.7472669728028607,50.25540788805277,2.2692881805729934,53.37888847609853,4.646622133799103,0.3511230851679253,0.18926701887418051,0.4725119754269566,3.467208176817725,2.7926749820755967,169.55931417923966,0.1745253722306099,206.36426383462063,0.7744592474000106,0.25,26.0,-5.5,2025.0,2.0,2,0.161339725476089,jameson williams,195.0,0.3389830508474576,-0.17764332537136862
00-0040124,Tetairoa McMillan,WR,CAR,ARI,0.0,0.0,1.0,0.83,0.6538461538461539,0.39,1.15,104.0,1.7114196179318242,68.0,5.0,0.0,0.2647058823529412,0.6676907937896348,5.083626480078469,2.690734288707201,245.85335449697806,0.0395438868852725,230.10046490190405,0.5876574864764863,0.0,19.0,6.5,2025.0,2.0,1,0.16029146568325411,tetairoa mcmillan,165.0,0.37735849056603776,-0.21706702488278365
00-0036407,Jerry Jeudy,WR,CLE,BAL,0.016455336338853606,0.6063557069212673,0.8138687479577245,0.9192061461627247,0.7544859394864497,0.2842074510069941,1.2356214543764046,97.29275473246072,-0.8730954556633935,74.98270809402135,6.513820607112239,0.10421679918402078,0.2764358955464449,0.6614336362282611,1.5153719030410835,3.5560361051246887,297.6770296301311,0.6893091619990048,258.52060081509967,0.5757713952717999,0.6666666666666666,17.0,11.5,2025.0,2.0,1,0.16025819514225553,jerry jeudy,245.0,0.2898550724637681,-0.1295968773215126
00-0035662,Marquise Brown,WR,KC,PHI,0.0042113864761179265,0.16254174588107104,0.5909461688271699,0.6784733042923348,0.6730490972028168,0.33045479652991544,1.6224819881290373,80.04053151044897,0.9370598606544712,57.47133431329365,5.512528479371392,0.02832831209985288,0.26478485738038665,0.6163604878143395,-2.011459997098214,1.691143727589463,246.80905123068464,0.2104292555532244,176.5036708780575,0.9378465729144493,0.25,22.5,1.5,2025.0,2.0,2,0.15988612532763233,marquise brown,170.0,0.37037037037037035,-0.21048424504273802
00-0037816,Romeo Doubs,WR,GB,WAS,0.02269546276713378,0.5434295474322598,0.869351713156123,0.7403864861240514,0.6514074267662762,0.4289249012214539,1.6091728513592332,75.77713657180209,2.9984964186544825,50.41902524753585,3.4095915561095587,0.11640733425514642,0.2172621357192052,0.5388742614642743,1.5049359626538208,3.081055440984674,251.93174949911918,0.30295977483228287,200.33758023888853,0.28863258832779465,0.6,26.0,-3.5,2025.0,2.0,3,0.1594175282416393,romeo doubs,230.0,0.30303030303030304,-0.14361277478866374
00-0038543,Jaxon Smith-Njigba,WR,SEA,PIT,0.004233199710291634,0.13972141678586125,1.5453312282737495,0.8719992608391323,0.7935755244803763,0.14838886609916344,1.0032981640625016,90.7361078031255,1.8575564885411586,73.56587679525732,6.464238146220605,0.19357376563396747,0.3500868305263622,0.8659573820449973,10.934958092529019,2.9614401751978017,201.28228361027212,0.41292273193932366,253.09425709844461,1.2359132532157497,0.3333333333333333,18.75,3.0,2025.0,2.0,1,0.15912914900674532,jaxon smithnjigba,165.0,0.37735849056603776,-0.21822934155929244
00-0038117,Wan'Dale Robinson,WR,NYG,DAL,0.020131236645331962,0.6730776661765121,0.5393740402799654,0.7676235465593684,2.024833941037905,0.3365609311046354,1.7286526168472873,34.62708815887742,0.21892509341546626,50.44355915038842,6.324194120107526,0.15127448198009882,0.28163402502573787,0.5428161787305731,7.66118033331901,2.221101039974721,214.38136207875053,0.26280851448901776,208.73075169948606,1.1040499198172522,0.0,19.5,5.5,2025.0,2.0,2,0.15776653420183442,wandale robinson,370.0,0.2127659574468085,-0.05499942324497409
00-0036259,Jauan Jennings,WR,SF,NO,0.01760925971333851,0.6060051515136379,0.16137784832658064,0.7070264037625565,0.6386814513440717,0.3689298323145382,1.9060505907032936,68.75618658372039,-1.1555992797922219,44.65807861950418,4.586375531339007,0.07111178125557951,0.2209816288532984,0.512371846394786,8.995693865132875,2.582192358756367,246.73827496278867,0.21485401927379147,211.8462031517832,1.2106227994909449,0.4,23.5,-4.5,2025.0,2.0,1,0.15775578270019439,jauan jennings,220.0,0.3125,-0.15474421729980561
00-0033858,Jonnu Smith,TE,PIT,SEA,0.009591453352061413,0.3923198416916334,0.18292925098943794,0.6086347051852292,2.414611886178476,0.5196275288688907,1.5048692406581083,22.28972128201612,2.178451886981602,41.778753631410275,6.086324459305355,0.8261304256834404,0.2258590055282071,0.4008225529283611,8.785536788258794,3.79449977666796,222.78507173553064,0.8277211564499929,253.14698316023794,0.8198760461288882,0.75,21.75,-3.0,2025.0,2.0,1,0.15748406939323936,jonnu smith,310.0,0.24390243902439024,-0.08641836963115088
00-0035640,DK Metcalf,WR,PIT,SEA,0.013773152134230846,0.431957840684813,1.5605087248720289,0.89625679766341,1.4358860240704585,0.27226368514914817,1.3991515054191883,63.87268437168774,3.0781999868743655,60.722008981654575,3.532688702117503,0.3309452807602036,0.19540423066159565,0.531875996793464,8.785536788258794,3.79449977666796,222.78507173553064,0.8277211564499929,253.14698316023794,0.8198760461288882,0.75,21.75,-3.0,2025.0,2.0,1,0.15745090654237237,dk metcalf,155.0,0.39215686274509803,-0.23470595620272566
00-0035659,Terry McLaurin,WR,WAS,GB,0.020808689948030756,0.6528480964941016,0.2776528409763221,0.8390691427629607,0.5439873556030667,0.43227703612943585,1.810408339397135,90.56170812675963,1.4234192649746027,45.56593149798092,4.310057467486766,0.4908966719526351,0.22854240153175495,0.5753022588889037,5.381726484482363,2.0441659648450545,184.1605112179014,0.03734687494004666,226.46899479939498,0.9760351948652242,0.75,22.5,3.5,2025.0,2.0,1,0.15739264050974294,terry mclaurin,155.0,0.39215686274509803,-0.2347642222353551
00-0033040,Tyreek Hill,WR,MIA,NE,0.01852676668423628,0.6908212333058401,0.7970753043614967,0.6941311779720191,0.6453645412737025,0.344505566582642,1.430515982937402,78.5231121870296,1.0151194895246165,50.080509152867144,4.515267541446432,0.21954377015939985,0.20445554717331538,0.5661604669751268,10.623867891178463,3.943964933549361,301.3621771288041,0.08286472573449104,244.70111896775256,0.9402105215702995,1.0,23.0,-1.5,2025.0,2.0,1,0.1568290260365407,tyreek hill,150.0,0.4,-0.24317097396345932
00-0038996,Tucker Kraft,TE,GB,WAS,0.019168844680563932,0.41888468860742417,0.7016003497111843,0.8782333314042216,2.1038712925720318,0.213706743527734,1.37877227156802,34.472001285618596,1.6435422247341251,36.376008188531564,2.7353484708230775,0.39470426458152563,0.18044320094219293,0.3738602388809029,1.5049359626538208,3.081055440984674,251.93174949911918,0.30295977483228287,200.33758023888853,0.28863258832779465,0.6,26.0,-3.5,2025.0,2.0,1,0.15677492144526906,tucker kraft,215.0,0.31746031746031744,-0.1606853960150484
00-0030506,Travis Kelce,TE,KC,PHI,0.0076879301449299465,0.3042062133479696,0.6475938651320908,0.8635093165352519,1.3115796138414972,0.37195896820224383,1.9201972625073898,46.27111413933901,2.0934637765046458,51.92000222769963,4.898353686760271,0.5359052080540674,0.1938244998716795,0.4150560612239357,-2.011459997098214,1.691143727589463,246.80905123068464,0.2104292555532244,176.5036708780575,0.9378465729144493,0.25,22.5,1.5,2025.0,2.0,1,0.15648707200471132,travis kelce,165.0,0.37735849056603776,-0.22087141856132644
00-0034753,Mark Andrews,TE,BAL,CLE,0.030729139092786455,0.7399529825325967,0.42125833699491244,0.7037280327326983,1.3275938375044076,0.3997940707900479,1.3436659494772536,47.0903764426132,2.469729103422588,36.457043224067554,2.747888910868426,0.6538448865080025,0.15301155318664342,0.3551276592004354,6.884763532200227,2.123075345032236,222.69789292646917,0.8059282890421425,190.98291846926696,0.7967088609916404,0.1428571428571428,28.5,-11.5,2025.0,2.0,1,0.15645631292320467,mark andrews,175.0,0.36363636363636365,-0.20718005071315898
00-0037261,Khalil Shakir,WR,BUF,NYJ,0.008977935560991093,0.2851986591209192,0.5364130024343685,0.6691020165584602,1.0254881924123929,0.2967191598887305,2.1184605658769464,63.074562218095906,0.5776320111836774,48.397244209922754,4.678284664156519,0.17938329548404683,0.2265630915160924,0.47969306232679654,11.162330412064389,3.2560657434060816,197.38763289877627,0.7031394355914531,233.14830172898846,1.2971389907751307,0.7142857142857143,26.75,-7.0,2025.0,2.0,2,0.15632604735909209,khalil shakir,230.0,0.30303030303030304,-0.14670425567121095
00-0031588,Stefon Diggs,WR,NE,MIA,0.0074075190661002785,0.23809842818810342,0.4544687259251242,0.6346322548694863,0.8747369308735885,0.17643729709611242,1.5389436470175832,75.79835231255471,1.3994220155187511,61.73591531411363,5.656687835674355,0.17406100626871396,0.2334490549296325,0.5521190061913326,7.010226574227101,3.0334584837549374,208.1952036798268,0.3649088551791178,252.61138208118254,1.112070337548355,0.3333333333333333,21.5,1.5,2025.0,2.0,1,0.15631053249994534,stefon diggs,215.0,0.31746031746031744,-0.1611497849603721
00-0036040,Juwan Johnson,TE,NO,SF,0.007448589271594809,0.3267245805722534,0.7953222563756117,0.8141456326284269,0.9995437459214179,0.1905577602885453,1.5950490033041707,62.93569665719895,2.500019050395241,59.37179619750238,5.492850150167874,0.0781447077262183,0.20111065815114212,0.440305143126258,6.302397679863302,2.915492534488043,194.40086746396423,0.3869353472774877,201.92066870700515,1.2496739980813951,0.2,19.0,4.5,2025.0,2.0,1,0.15512343396942538,juwan johnson,310.0,0.24390243902439024,-0.08877900505496486
00-0030035,Adam Thielen,WR,MIN,ATL,0.01718380016827439,0.5101720234781976,0.747979141270812,0.6967229877958397,0.6166675562340856,0.28984179900579254,1.4598684054617028,54.46581692043755,2.976484850311244,45.728951400037765,3.6564882468941446,0.3027807755894022,0.1730898277870982,0.39742549589112997,9.715887350230378,2.46051786615991,276.5188566712339,0.5457869880375977,221.92943755027446,1.3591625017451143,0.5,24.5,-4.5,2025.0,2.0,3,0.15425107605596602,adam thielen,425.0,0.19047619047619047,-0.03622511442022444
00-0035719,Deebo Samuel Sr.,WR,WAS,GB,0.00034280792019663426,0.009685916291920792,0.6000056108706923,0.7844532045673049,1.4866315954265574,0.13194124677535762,1.5840769561517305,37.26422765969059,1.9523236498307486,47.000386471742516,4.329295019724602,0.6660063797749264,0.2131589975025187,0.41878671918728066,5.381726484482363,2.0441659648450545,184.1605112179014,0.03734687494004666,226.46899479939498,0.9760351948652242,0.75,22.5,3.5,2025.0,2.0,2,0.15377430905900866,deebo samuel,165.0,0.37735849056603776,-0.2235841815070291
00-0036550,Rashod Bateman,WR,BAL,CLE,0.020177812151416855,0.5386904506047069,0.653445945094964,0.6875609466209156,0.6589945259090612,0.3120881448703048,1.3604728222514675,54.66190614676445,1.3615300430477366,35.25589477921378,2.5949939114811555,0.4748374494069942,0.1860376461538427,0.44397020440998525,6.884763532200227,2.123075345032236,222.69789292646917,0.8059282890421425,190.98291846926696,0.7967088609916404,0.1428571428571428,28.5,-11.5,2025.0,2.0,2,0.15361934997432938,rashod bateman,210.0,0.3225806451612903,-0.16896129518696093
00-0036554,Nico Collins,WR,HOU,TB,0.015983693607294302,0.466188529818365,0.5032363156558782,0.6493870127159853,0.9437601672442818,0.31746863512633744,1.217710272346519,61.697206801817174,2.1347859684865123,48.349049989939004,4.426499833494198,0.35851826034601236,0.2117663937867365,0.48816204961462567,7.551158312701071,2.950387595913393,289.35902159596225,0.04715216341495342,257.1706435669242,0.861127722654513,0.0,22.5,-2.5,2025.0,2.0,1,0.1535129916093507,nico collins,115.0,0.46511627906976744,-0.31160328746041677
00-0034351,Dallas Goedert,TE,PHI,KC,0.01766339440659356,0.37036812983688133,0.1590368693371819,0.6313896697250856,1.2174860332975317,0.2503077124258056,0.9849096279600804,34.23954091607915,2.3056633619243776,43.40086946391283,4.7444491741400325,0.20232657684160252,0.23986791300935162,0.5036329739778875,12.62860606019557,3.8602038897797524,273.5092160604203,0.1505439283592456,272.04583517510366,2.0238444822848836,1.0,24.0,-1.5,2025.0,2.0,1,0.15350339863563262,dallas goedert,330.0,0.23255813953488372,-0.0790547408992511
00-0037247,George Pickens,WR,DAL,NYG,0.018984004253104984,0.6129985923012259,0.6518605786122859,0.8966280486747833,0.5067435286409243,0.26181946131087475,1.0880890384055215,85.24023455275469,-0.24612951730231344,41.2391654174013,3.070705597424456,0.15625920037704047,0.19698335340799075,0.5265087933531732,10.520427437582372,2.1911288128992448,268.7162907698592,0.6501318432407148,252.70105874148618,0.8553499465929957,0.6666666666666666,25.0,-5.5,2025.0,2.0,2,0.15308770032802163,george pickens,160.0,0.38461538461538464,-0.231527684287363
00-0030061,Zach Ertz,TE,WAS,GB,0.016198820581886767,0.5688396183803939,0.21620914867615088,0.6880208596151102,1.0502707534903728,0.5618844643414369,1.8094392338389653,36.97867710872156,2.117765203341775,36.94375264948846,3.801485734841214,0.773647776141395,0.16167713664729702,0.340623225656029,5.381726484482363,2.0441659648450545,184.1605112179014,0.03734687494004666,226.46899479939498,0.9760351948652242,0.75,22.5,3.5,2025.0,2.0,1,0.15301878733805327,zach ertz,270.0,0.2702702702702703,-0.11725148293221702
00-0033885,David Njoku,TE,CLE,BAL,0.024359161755899264,1.0502452784603864,0.288296650067229,0.811319818667663,1.0019067385187244,0.45754752848267705,1.330863523833311,57.70058477515387,-1.5060328170145432,46.9821994812489,5.712768535639625,0.29869304418429765,0.23969064301763068,0.4987709412274246,1.5153719030410835,3.5560361051246887,297.6770296301311,0.6893091619990048,258.52060081509967,0.5757713952717999,0.6666666666666666,17.0,11.5,2025.0,2.0,1,0.15254087245444553,david njoku,320.0,0.23809523809523808,-0.08555436564079255
00-0037545,Rashid Shaheed,WR,NO,SF,0.013771315602686338,0.5538460107045422,0.5536859988240231,0.793836001156071,0.4648283085668349,0.3551164572093722,1.5622165611146202,115.45372934476335,-2.8936078255067015,44.54936727933151,3.984636327922676,0.27277463380787514,0.2260609730628931,0.6191218567418209,6.302397679863302,2.915492534488043,194.40086746396423,0.3869353472774877,201.92066870700515,1.2496739980813951,0.2,19.0,4.5,2025.0,2.0,2,0.15243258873781163,rashid shaheed,295.0,0.25316455696202533,-0.10073196822421371
00-0039146,Jayden Reed,WR,GB,WAS,0.016072525610561664,0.35780196966791367,0.7751641175954508,0.5628518429087804,1.8900004830082708,0.2516692986283169,1.37895587591684,51.28460429777427,1.4527212592688736,39.43077965016143,2.5093426474159295,0.3604218333768823,0.1592103081984633,0.3872359193719912,1.5049359626538208,3.081055440984674,251.93174949911918,0.30295977483228287,200.33758023888853,0.28863258832779465,0.6,26.0,-3.5,2025.0,2.0,1,0.1522595019385504,jayden reed,200.0,0.3333333333333333,-0.18107383139478292
00-0037664,Alec Pierce,WR,IND,DEN,0.029131960902816105,0.9674445808140671,0.9564298798457863,0.7819249972538145,0.6177952518991333,0.4237735125677633,1.4611026683471733,89.19262757476261,2.6616562231940954,50.34566536830612,2.1127038130935363,0.4609161814371236,0.13262846287408636,0.3994196737909807,3.811986231599921,2.335966342551629,256.2849705314297,0.12292288607734626,211.97516669016215,0.6441218440027848,0.3333333333333333,20.0,2.5,2025.0,2.0,2,0.15202285268567073,alec pierce,550.0,0.15384615384615385,-0.0018233011604831262
00-0038979,Cedric Tillman,WR,CLE,BAL,0.01833200411274424,0.8326473098463135,1.0000365541983678,0.7743291945713103,0.7165730222960637,0.3884058796973871,1.3862274183181595,74.09722105005041,-1.1296544528404933,48.26897610279773,4.005793462887335,0.4751954184355986,0.174461795053343,0.4109631005078009,1.5153719030410835,3.5560361051246887,297.6770296301311,0.6893091619990048,258.52060081509967,0.5757713952717999,0.6666666666666666,17.0,11.5,2025.0,2.0,2,0.15168444471784523,cedric tillman,340.0,0.22727272727272727,-0.07558828255488204
00-0040663,Harold Fannin Jr.,TE,CLE,BAL,0.0,0.0,1.0,0.72,0.9692307692307692,0.11,1.31,65.0,0.4488569176173769,63.0,7.0,0.0,0.2142857142857142,0.488095238095238,1.5153719030410835,3.5560361051246887,297.6770296301311,0.6893091619990048,258.52060081509967,0.5757713952717999,0.6666666666666666,17.0,11.5,2025.0,2.0,2,0.1515943933022025,harold fannin,400.0,0.2,-0.048405606697797504
00-0034837,Calvin Ridley,WR,TEN,LA,0.0023491189115078,0.0717945733125255,1.159832731921087,0.823648801458417,0.6404861802552959,0.16196703045030644,0.6591299813874107,89.55758690703537,2.1078769096539673,58.1591221623844,3.8985288815154875,0.11683677378049158,0.23911109213035306,0.5938834298931512,5.847400169601213,2.885024848042757,239.9420664356624,0.580247835590987,230.11066071910327,0.7559438799502904,0.0,18.0,5.5,2025.0,2.0,1,0.15113662440466508,calvin ridley,230.0,0.30303030303030304,-0.15189367862563796
00-0035644,Noah Fant,TE,CIN,JAX,0.016489665643204147,0.410796861835864,0.2469766863609803,0.587039174632829,4.602171005435093,0.333675164422335,1.4584743674046219,19.421637620521192,0.6576230192182476,38.6422773018115,3.917530285251685,0.5100068463588473,0.1984035500003437,0.35607454419110796,0.5644825735044232,2.904290977853633,285.7516003432199,0.2285490494166984,219.98878537808878,0.5393667612878573,0.6666666666666666,26.25,-3.0,2025.0,2.0,1,0.15006922455064098,noah fant,425.0,0.19047619047619047,-0.04040696592554949
00-0038976,Marvin Mims Jr.,WR,DEN,IND,0.01205736512061494,0.3969313283031556,0.7176906956701986,0.4063879575044326,0.7865269361524788,0.25795339261916106,1.5679950121096076,24.923067436234753,4.792685848993709,45.85593188729918,4.138674734686097,0.4321329418549644,0.14644755373929122,0.30584691940582964,4.649412620659896,2.437460040205099,223.21278303249193,0.24444821050364063,213.11450473434897,1.1210047458008578,0.25,22.5,-2.5,2025.0,2.0,3,0.14998855195164285,marvin mims,310.0,0.24390243902439024,-0.09391388707274739
00-0038563,Tre Tucker,WR,LV,LAC,0.017271246030096707,0.5958544338979547,0.7913139844000965,0.8860677221385285,0.5803277474108244,0.276125148199937,1.3043093077073586,71.72621794498598,2.074061828409762,36.05387411446989,2.3272705246477683,0.48592886819203707,0.12370925756768986,0.34601344786831234,3.387112380640221,2.9612112037370526,252.25445123749932,0.5350337284000957,227.58640237865163,0.8506885349432561,0.5,21.5,3.5,2025.0,2.0,2,0.14956704343452235,tre tucker,255.0,0.28169014084507044,-0.1321230974105481
00-0039919,Rome Odunze,WR,CHI,DET,0.02444989244104713,0.811052814484541,0.20903697009792727,0.8877467132189569,0.7108949896032101,0.4146964609580576,1.1045531905859034,61.35035424709048,0.16334028263774888,34.86775841755023,3.560625183997917,0.3524191525932298,0.19071777894483077,0.4616371328203815,5.99969365849984,3.750454286197539,296.0898430981525,0.45553321844809463,248.79790137592812,0.9028572064185519,0.6666666666666666,20.5,5.5,2025.0,2.0,2,0.14921352364401183,rome odunze,215.0,0.31746031746031744,-0.1682467938163056
00-0036613,Jaylen Waddle,WR,MIA,NE,0.007005751068329908,0.2778895407885335,0.5502160039258162,0.725343575854158,0.8545910422683677,0.27064298001611664,1.618208564483154,60.45501288547832,-0.022721534390223508,43.792646304448176,3.976769984277031,0.06857017549498713,0.16871462735379159,0.4226506880762301,10.623867891178463,3.943964933549361,301.3621771288041,0.08286472573449104,244.70111896775256,0.9402105215702995,1.0,23.0,-1.5,2025.0,2.0,2,0.14909747765529072,jaylen waddle,205.0,0.32786885245901637,-0.17877137480372565
00-0037239,Chris Olave,WR,NO,SF,0.016869858628232808,0.6960312291875363,0.39149105856811195,0.5897723946224311,1.2423344918833101,0.3227793019840732,1.665580068245965,68.67796070678523,-1.4199774599791217,48.13881088812264,4.668977904423759,0.05426276181331788,0.21134090665356478,0.48596933980972207,6.302397679863302,2.915492534488043,194.40086746396423,0.3869353472774877,201.92066870700515,1.2496739980813951,0.2,19.0,4.5,2025.0,2.0,1,0.14843984188448822,chris olave,185.0,0.3508771929824561,-0.2024373510979679
00-0033090,Hunter Henry,TE,NE,MIA,0.016761260831134557,0.5798053189528463,0.3205133466041859,0.8036961114958556,0.7809891359019421,0.30688192617737137,1.380670398791375,62.54594531763707,1.5523628358755521,41.28321288158087,3.5005162129576926,0.15431076099061444,0.1842980060536073,0.43222665666694066,7.010226574227101,3.0334584837549374,208.1952036798268,0.3649088551791178,252.61138208118254,1.112070337548355,0.3333333333333333,21.5,1.5,2025.0,2.0,1,0.14834313678816916,hunter henry,255.0,0.28169014084507044,-0.13334700405690128
00-0034829,Mike Gesicki,TE,CIN,JAX,0.018337390699832052,0.5429189929430226,0.0694105436327505,0.45387043118876996,1.11599998732244,0.41810867425422804,2.592515884981924,37.83315828422187,1.637784047572113,41.04703300514143,4.431120710729653,0.01249081557170375,0.15407127083502262,0.34847134425577375,0.5644825735044232,2.904290977853633,285.7516003432199,0.2285490494166984,219.98878537808878,0.5393667612878573,0.6666666666666666,26.25,-3.0,2025.0,2.0,2,0.14829114346147942,mike gesicki,350.0,0.2222222222222222,-0.07393107876074279
00-0035208,Olamide Zaccheaus,WR,CHI,DET,0.01350821825149858,0.46030904592956773,0.5376710345263929,0.5580975156814106,1.8100197272759808,0.2654278371769277,1.6173596664168113,56.09345266772568,2.46954928060496,48.087872644240505,3.842500589664371,0.25017325975873783,0.1805855003685111,0.41324092174091775,5.99969365849984,3.750454286197539,296.0898430981525,0.45553321844809463,248.79790137592812,0.9028572064185519,0.6666666666666666,20.5,5.5,2025.0,2.0,3,0.14785409026708274,olamide zaccheaus,400.0,0.2,-0.05214590973291727
00-0037837,Calvin Austin III,WR,PIT,SEA,0.012545428369811413,0.38200766533218594,0.8810539420224717,0.69537597625179,0.6568654917322685,0.1917302826830792,1.0494863412691027,53.502720593782904,2.178064912338342,41.326371727158914,2.8487201127178365,0.37014562909881055,0.1482145843360405,0.4345530296510839,8.785536788258794,3.79449977666796,222.78507173553064,0.8277211564499929,253.14698316023794,0.8198760461288882,0.75,21.75,-3.0,2025.0,2.0,2,0.1474234094160824,calvin austin,285.0,0.2597402597402597,-0.11231685032417732
00-0038621,DeMario Douglas,WR,NE,MIA,0.032266662447532665,1.1354408152804283,0.2647661843024561,0.6882746548862237,0.7956982680955779,0.47366662857473,1.2869518501708834,28.704620859839398,0.2390068255681894,24.39398581792422,3.1738626570626463,0.5231906408206233,0.16338035018196254,0.32035328147886577,7.010226574227101,3.0334584837549374,208.1952036798268,0.3649088551791178,252.61138208118254,1.112070337548355,0.3333333333333333,21.5,1.5,2025.0,2.0,3,0.14706547669027037,demario douglas,400.0,0.2,-0.05293452330972964
00-0036309,Darnell Mooney,WR,ATL,MIN,0.00031623282132127407,0.009701678538812113,1.0328700343125308,0.9217582159589621,0.6964086554513452,0.08210120945822272,1.2936182424297975,66.89379729075583,1.5760267416625358,54.97581689543392,3.142917897112138,0.0499871924837338,0.16861458108005015,0.44299791612535483,2.5287524575130136,2.3821896317607685,257.2040240762518,0.10646388510653253,233.67864666606908,0.8671170503113937,0.3333333333333333,20.0,4.5,2025.0,2.0,2,0.1465633955460746,darnell mooney,225.0,0.3076923076923077,-0.16112891214623312
00-0038933,Dalton Kincaid,TE,BUF,NYJ,0.009289875822715309,0.3991942898422451,0.45987225190749814,0.4778480400950317,0.7105732331613765,0.2649423435045318,2.1900581852986125,39.77189476713206,1.154501034591579,35.29086510026885,3.418127468679776,0.3414840470553857,0.1529505362793862,0.3233010880030234,11.162330412064389,3.2560657434060816,197.38763289877627,0.7031394355914531,233.14830172898846,1.2971389907751307,0.7142857142857143,26.75,-7.0,2025.0,2.0,1,0.1465042303969951,dalton kincaid,270.0,0.2702702702702703,-0.1237660398732752
00-0038559,Michael Wilson,WR,ARI,CAR,0.006974490447579614,0.28892452767344506,0.3563510400523079,0.7828326455778476,0.50867008245177,0.24850847673607948,2.0281850812007707,55.45585230590732,0.3719750981139679,24.24015847555074,2.3190685610060067,0.09158380100493005,0.13127148233930536,0.3842281126571277,9.296790797488706,3.6841691507811745,259.71144283826516,0.5893207059324621,241.7717231478533,1.3536803255145138,0.6666666666666666,25.5,-6.5,2025.0,2.0,2,0.1464880879810342,michael wilson,390.0,0.20408163265306123,-0.05759354467202704
00-0036894,Pat Freiermuth,TE,PIT,SEA,0.010525759319226278,0.2912181469203426,0.17525942113367662,0.6348391184703676,1.2649627854699745,0.1546164212301333,1.0497584118475183,38.69186116911485,1.7185276652295483,45.88998028706859,4.73974774725051,0.3848385245102557,0.1997801280495636,0.4324050303823449,8.785536788258794,3.79449977666796,222.78507173553064,0.8277211564499929,253.14698316023794,0.8198760461288882,0.75,21.75,-3.0,2025.0,2.0,2,0.1464509786429913,pat freiermuth,360.0,0.21739130434782608,-0.07094032570483477
00-0031610,Darren Waller,TE,MIA,NE,0.003201337589059591,0.10294592031530499,0.694070324289304,0.5856042951327681,1.02552304604974,0.07412857348904484,0.9482356287578128,43.79771745697389,1.7407811904625174,44.03651114606438,4.25342638655799,0.055276219392953886,0.18739640596898802,0.41586229437210953,10.623867891178463,3.943964933549361,301.3621771288041,0.08286472573449104,244.70111896775256,0.9402105215702995,1.0,23.0,-1.5,2025.0,2.0,1,0.146325861585564,darren waller,450.0,0.18181818181818182,-0.035492320232617836
00-0030564,DeAndre Hopkins,WR,BAL,CLE,0.011540674788748293,0.44754138100864643,0.4373494874383802,0.4511842389758198,0.7488974847313961,0.3149528568194953,1.6641776507697437,50.824226674098405,1.353517270906228,32.759500852561565,3.101060325584634,0.4225263740290132,0.1299117251350016,0.3425770929059435,6.884763532200227,2.123075345032236,222.69789292646917,0.8059282890421425,190.98291846926696,0.7967088609916404,0.1428571428571428,28.5,-11.5,2025.0,2.0,3,0.1452213900129264,deandre hopkins,360.0,0.21739130434782608,-0.07216991433489969
00-0040718,Travis Hunter,WR,JAX,CIN,0.0,0.0,0.0,0.64,0.559322033898305,0.22,1.05,59.0,-5.21736198414395,33.0,6.0,0.0,0.2758620689655172,0.5989948971702489,2.7281099034799396,2.4938202672384455,226.82915365349749,0.3862988174396941,233.4271057105395,1.008914578122005,0.4,23.25,3.0,2025.0,2.0,2,0.145121043760419,travis hunter,235.0,0.29850746268656714,-0.15338641892614813
00-0035229,T.J. Hockenson,TE,MIN,ATL,0.007278891159934119,0.27275232896350177,0.24888319977474876,0.7265280577309328,0.8533265803278248,0.17831626063106737,2.4517100184159086,45.86925245206236,-0.9731949506677354,31.542355302237844,3.364296230439068,0.0035953472751535966,0.18690444111807705,0.4044098699948267,9.715887350230378,2.46051786615991,276.5188566712339,0.5457869880375977,221.92943755027446,1.3591625017451143,0.5,24.5,-4.5,2025.0,2.0,1,0.14498302851010764,tj hockenson,235.0,0.29850746268656714,-0.1535244341764595
00-0038997,Josh Downs,WR,IND,DEN,0.007661642762845642,0.2779374370908813,0.37775557039084395,0.6145525798726681,0.8795219209689912,0.16355169906889835,1.3627419043633684,37.221483185803585,1.501935352044111,44.8029144801616,4.451264349271016,0.15920958549553507,0.21304492752227372,0.3976413210425695,3.811986231599921,2.335966342551629,256.2849705314297,0.12292288607734626,211.97516669016215,0.6441218440027848,0.3333333333333333,20.0,2.5,2025.0,2.0,3,0.14490863357484682,josh downs,390.0,0.20408163265306123,-0.05917299907821441
00-0034270,Tyler Conklin,TE,LAC,LV,0.006502407307365756,0.23781428570571633,0.5731731590455637,0.5747131515950674,1.7405854043095261,0.20732472322202175,2.2847653491927207,25.416384365284163,1.7720247495702806,38.38141710829925,3.3450223759822912,0.37758041072791637,0.1171401128011755,0.24802250941907525,6.8161516234978405,3.113031593971403,270.37578768437396,0.4384421975848413,270.62416080172613,0.9176445958325506,0.4,25.0,-3.5,2025.0,2.0,2,0.1435923973923892,tyler conklin,310.0,0.24390243902439024,-0.10031004163200105
00-0039342,Xavier Legette,WR,CAR,ARI,0.019138306044397205,0.6895158357367438,0.2146003240856021,0.6757351939988262,0.3929567049388655,0.3535303731305003,1.3923495930024254,73.32000489078723,-3.3963870823169033,24.167398388267152,3.2262687227558073,0.038366639226971866,0.21195189689447136,0.48350280205974844,5.083626480078469,2.690734288707201,245.85335449697806,0.0395438868852725,230.10046490190405,0.5876574864764863,0.0,19.0,6.5,2025.0,2.0,2,0.1429655810289882,xavier legette,310.0,0.24390243902439024,-0.10093685799540203
00-0031236,Brandin Cooks,WR,NO,SF,0.023437205712452894,0.8060889557599021,0.2716056670446089,0.7074722914277481,0.8423707280557039,0.4494253049056618,1.9613087394996436,53.279226538582904,-1.4056954553996823,28.729967150416392,2.9988546732453822,0.10953314070153335,0.17268753847287427,0.4064928303593484,6.302397679863302,2.915492534488043,194.40086746396423,0.3869353472774877,201.92066870700515,1.2496739980813951,0.2,19.0,4.5,2025.0,2.0,3,0.14279652121684833,brandin cooks,700.0,0.125,0.017796521216848327
00-0034407,Ray-Ray McCloud,WR,ATL,MIN,0.0005388141092866843,0.013103551586212441,0.6770804597696949,0.7842045137195154,1.7964222557234246,0.054523686689783496,1.5732210128116084,41.23399451544974,0.9462005168108472,45.00379655351878,3.139110613877653,0.012109586387202569,0.1417394129378492,0.30603457692639996,2.5287524575130136,2.3821896317607685,257.2040240762518,0.10646388510653253,233.67864666606908,0.8671170503113937,0.3333333333333333,20.0,4.5,2025.0,2.0,3,0.14276804646771996,rayray mccloud,245.0,0.2898550724637681,-0.14708702599604817
00-0038129,Cade Otton,TE,TB,HOU,0.012265889904283296,0.4031730074443489,0.43654471277988544,0.9078473593775495,0.9502649023637048,0.25844209693175585,1.4861270223990417,35.39976544715621,0.07527971289464618,28.93638173516823,2.365426938510055,0.07252106345048943,0.14582461930794063,0.31655374518546137,8.365365081221865,3.499316994733715,251.82053926656994,0.7304240624017875,237.61080819405473,0.5621338792232066,0.3333333333333333,20.0,2.5,2025.0,2.0,1,0.14275330982911472,cade otton,360.0,0.21739130434782608,-0.07463799451871136
00-0038393,Dontayvion Wicks,WR,GB,WAS,0.004216135946954464,0.13372341651921543,0.08463798639333553,0.6020198152497982,1.0951683812025275,0.18793328535845646,1.378763824640595,41.211648705676204,1.5137595068335743,32.84804486989587,3.122672095994387,0.1126997328419572,0.16323668158114585,0.365165946563792,1.5049359626538208,3.081055440984674,251.93174949911918,0.30295977483228287,200.33758023888853,0.28863258832779465,0.6,26.0,-3.5,2025.0,2.0,4,0.14238614038956615,dontayvion wicks,450.0,0.18181818181818182,-0.03943204142861567
00-0034521,Allen Lazard,WR,NYJ,BUF,0.0031426195874444496,0.1261519999996658,0.46293638857748026,0.827789374747487,0.8955348760394362,0.13968980151452864,2.2101260148634543,46.68805666413376,1.6847422036653623,37.542413938048796,2.176975560268407,0.37818829848171054,0.10583992478088661,0.30526741176104866,10.898959027867818,3.6048037652573353,217.11221186593897,0.3008069734607984,242.72581743796871,1.4497474974231948,0.6,19.75,7.0,2025.0,2.0,6,0.1422767193406069,allen lazard,850.0,0.10526315789473684,0.037013561445870063
00-0040170,Elic Ayomanor,WR,TEN,LA,0.0,0.0,0.0,0.79,0.0977443609022556,0.13,0.29,133.0,-2.982366712472867,13.0,2.0,0.0,0.28,0.7366666666666667,5.847400169601213,2.885024848042757,239.9420664356624,0.580247835590987,230.11066071910327,0.7559438799502904,0.0,18.0,5.5,2025.0,2.0,2,0.14218740477140088,elic ayomanor,400.0,0.2,-0.057812595228599134
00-0033591,Noah Brown,WR,WAS,GB,0.011251637221122351,0.34699432019894794,0.11962937186916758,0.5908186557432118,0.693040003371294,0.19689653740744287,1.5585153871364326,53.11607153315681,0.3790312956795631,35.433140032171956,3.002099378742384,0.03785892093183715,0.16365107408647797,0.40949712973201413,5.381726484482363,2.0441659648450545,184.1605112179014,0.03734687494004666,226.46899479939498,0.9760351948652242,0.75,22.5,3.5,2025.0,2.0,3,0.14155903356627025,noah brown,500.0,0.16666666666666666,-0.025107633100396404
00-0036970,Kyle Pitts,TE,ATL,MIN,0.010545548151565094,0.3434821952002312,0.190301994142228,0.5768213226374692,1.9546159289800555,0.19196354396447068,1.5737864956552745,30.51254475015019,1.0605399769664725,33.94363392165095,3.77538839941086,0.15653906145148794,0.1420450931766343,0.288971946657715,2.5287524575130136,2.3821896317607685,257.2040240762518,0.10646388510653253,233.67864666606908,0.8671170503113937,0.3333333333333333,20.0,4.5,2025.0,2.0,1,0.14152301025524602,kyle pitts,290.0,0.2564102564102564,-0.11488724615501036
00-0037666,Jalen Tolbert,WR,DAL,NYG,0.020631893141100675,0.6724070301579983,0.6796349446847337,0.578713890812513,0.8424621114875119,0.2871651581620549,1.5906092885734162,29.151483839363568,2.1246134657245173,31.443995915754236,2.149401793592189,0.3599595363495873,0.11018404496051258,0.2510530914207525,10.520427437582372,2.1911288128992448,268.7162907698592,0.6501318432407148,252.70105874148618,0.8553499465929957,0.6666666666666666,25.0,-5.5,2025.0,2.0,3,0.1411060695130698,jalen tolbert,550.0,0.15384615384615385,-0.012740084333084045
00-0040130,Jayden Higgins,WR,HOU,TB,0.0,0.0,1.0,0.43,0.6153846153846154,0.02,0.15,52.0,-2.727807557210326,32.0,2.0,0.0,0.1111111111111111,0.3782945736434108,7.551158312701071,2.950387595913393,289.35902159596225,0.04715216341495342,257.1706435669242,0.861127722654513,0.0,22.5,-2.5,2025.0,2.0,3,0.14108087619085896,jayden higgins,340.0,0.22727272727272727,-0.0861918510818683
00-0034383,Dalton Schultz,TE,HOU,TB,0.005415903829235286,0.21028062329655217,0.17889168095437244,0.6536902906054338,0.9793420325692492,0.10596568294235238,1.2388850336144785,33.55890242576017,0.8403502966190229,30.137790218355633,3.105044817001319,0.15348856307350622,0.16765793447375593,0.35220445739580947,7.551158312701071,2.950387595913393,289.35902159596225,0.04715216341495342,257.1706435669242,0.861127722654513,0.0,22.5,-2.5,2025.0,2.0,1,0.14052765497451983,dalton schultz,230.0,0.30303030303030304,-0.1625026480557832
00-0038041,Jake Ferguson,TE,DAL,NYG,0.0062671040111043465,0.2131292399953909,0.18412104541213237,0.6623715138994738,1.2097422568555263,0.1747207142029195,1.581822349419913,23.08111517244551,-1.4343183652406628,23.2070414518752,3.7382565940575505,0.00042653217275825207,0.1693393281245224,0.3131157861154322,10.520427437582372,2.1911288128992448,268.7162907698592,0.6501318432407148,252.70105874148618,0.8553499465929957,0.6666666666666666,25.0,-5.5,2025.0,2.0,1,0.1403177993084375,jake ferguson,205.0,0.32786885245901637,-0.18755105315057888
00-0036182,Nick Westbrook-Ikhine,WR,MIA,NE,0.012073649206903642,0.39971605873863786,0.08671619536506144,0.7924468412172249,0.596894471938119,0.13930264559616792,0.9150588971355915,44.47220491785084,-0.09133827860479866,27.988682066852984,2.2805856795460944,0.20185054116395093,0.14833451107419443,0.33875825256955083,10.623867891178463,3.943964933549361,301.3621771288041,0.08286472573449104,244.70111896775256,0.9402105215702995,1.0,23.0,-1.5,2025.0,2.0,4,0.14025053396023215,nick westbrookikhine,750.0,0.11764705882352941,0.022603475136702744
00-0038619,Andrei Iosivas,WR,CIN,JAX,0.007121507504389378,0.22906928496268897,0.47733769359275385,0.788145973675172,0.880770329050843,0.30607444211813684,3.023650640118697,34.334010036135695,0.888283193602463,32.17773980449341,2.42708264896776,0.2189800114271985,0.08755620512657707,0.22173531224853332,0.5644825735044232,2.904290977853633,285.7516003432199,0.2285490494166984,219.98878537808878,0.5393667612878573,0.6666666666666666,26.25,-3.0,2025.0,2.0,3,0.14016517728374828,andrei iosivas,380.0,0.20833333333333334,-0.06816815604958507
00-0037741,Jahan Dotson,WR,PHI,KC,0.005049563934714755,0.159064223747509,0.34299396293913537,0.5843692211515079,1.0152398248431447,0.08505571553606803,1.110874433869082,44.406226705809125,1.2589146011504175,40.52469999829218,2.7125170483561023,0.0003248496110750129,0.1323471985659677,0.3740123346684765,12.62860606019557,3.8602038897797524,273.5092160604203,0.1505439283592456,272.04583517510366,2.0238444822848836,1.0,24.0,-1.5,2025.0,2.0,3,0.14010577708507013,jahan dotson,900.0,0.1,0.04010577708507013
00-0033282,Curtis Samuel,WR,BUF,NYJ,0.001450143255409817,0.037907759521342524,0.09214772083415926,0.5067299993604542,8.59022792839223,0.18026321317887448,1.9656335688960083,7.730396919608503,-0.695726886398273,25.176449690348853,3.2946150346298664,0.07285831451540772,0.13490532019691445,0.22415961669670173,11.162330412064389,3.2560657434060816,197.38763289877627,0.7031394355914531,233.14830172898846,1.2971389907751307,0.7142857142857143,26.75,-7.0,2025.0,2.0,6,0.1399851903117285,curtis samuel,1000.0,0.09090909090909091,0.0490760994026376
00-0038935,Brenton Strange,TE,JAX,CIN,0.0013980575913804638,0.05515236489684541,0.606233932255964,0.6825792371682612,1.287603379745887,0.06620307490569213,1.118965029371164,26.86586623749802,3.432601838575722,41.18288855338926,3.303848800999594,0.009330822805323618,0.11864897767044104,0.2560823549940428,2.7281099034799396,2.4938202672384455,226.82915365349749,0.3862988174396941,233.4271057105395,1.008914578122005,0.4,23.25,3.0,2025.0,2.0,1,0.13989560567447895,brenton strange,380.0,0.20833333333333334,-0.06843772765885439
00-0040581,Dont'e Thornton Jr.,WR,LV,LAC,0.0,0.0,1.0,0.6,0.45,0.09,0.84,100.0,2.487759296258446,45.0,2.0,0.0,0.1212121212121212,0.3818181818181818,3.387112380640221,2.9612112037370526,252.25445123749932,0.5350337284000957,227.58640237865163,0.8506885349432561,0.5,21.5,3.5,2025.0,2.0,3,0.1396017966043777,donte thornton,275.0,0.26666666666666666,-0.12706487006228898
00-0033881,Evan Engram,TE,DEN,IND,0.0014755950513954403,0.05175562195247346,0.08023964301998751,0.6183022987613499,1.6276621401443403,0.05519719408581004,1.0604586734227575,28.556525451785518,0.5902839481529826,33.20120682898168,4.643880578420442,0.047236764193430994,0.20309328200091728,0.3808409273161849,4.649412620659896,2.437460040205099,223.21278303249193,0.24444821050364063,213.11450473434897,1.1210047458008578,0.25,22.5,-2.5,2025.0,2.0,1,0.1395080579284492,evan engram,265.0,0.273972602739726,-0.13446454481127681
00-0033908,Cooper Kupp,WR,SEA,PIT,0.007075403148887753,0.1989115787308458,0.4541079857471395,0.8458714470100548,0.8435915191138509,0.12038109229633091,0.9695078165429697,35.69361742556162,-0.5717197336240358,30.633338058565354,2.6239785341304787,0.15083760887923375,0.16571766287228018,0.38231828110036314,10.934958092529019,2.9614401751978017,201.28228361027212,0.41292273193932366,253.09425709844461,1.2359132532157497,0.3333333333333333,18.75,3.0,2025.0,2.0,2,0.13944611823680003,cooper kupp,330.0,0.23255813953488372,-0.09311202129808369
00-0037291,Jalen Nailor,WR,MIN,ATL,0.006938287133982996,0.25994513391112106,0.8243501747405739,0.618273141508265,1.0715552313817431,0.11822050819320838,2.4376686520105375,31.959290413916186,1.5708075611186902,34.68585475505671,2.0211196087111496,0.2010189763144462,0.10589443322957864,0.2531246756334972,9.715887350230378,2.46051786615991,276.5188566712339,0.5457869880375977,221.92943755027446,1.3591625017451143,0.5,24.5,-4.5,2025.0,2.0,2,0.13923574211847045,jalen nailor,425.0,0.19047619047619047,-0.051240448357720014
00-0039847,Theo Johnson,TE,NYG,DAL,0.0002455199541996531,0.00859319839698788,0.29077003455775857,0.8323369165891452,1.133732900269004,0.049138758994432666,1.3506630689961399,20.803699169809537,-0.113494915680908,30.09603032720079,2.7957530253661576,0.07304098119820723,0.1402067834290012,0.27877370333847973,7.66118033331901,2.221101039974721,214.38136207875053,0.26280851448901776,208.73075169948606,1.1040499198172522,0.0,19.5,5.5,2025.0,2.0,1,0.13905286877878514,theo johnson,425.0,0.19047619047619047,-0.05142332169740532
00-0039880,Malik Washington,WR,MIA,NE,0.0030409074835595334,0.10339085444102435,0.2833753418659095,0.6260886780398717,0.9964486579556674,0.08435435201100966,1.4156473078679912,34.2843574936892,0.7289130314378813,29.63119044715177,2.880148102915484,0.012163830634132065,0.14085324898367868,0.32228215310458275,10.623867891178463,3.943964933549361,301.3621771288041,0.08286472573449104,244.70111896775256,0.9402105215702995,1.0,23.0,-1.5,2025.0,2.0,3,0.138801767178527,malik washington,600.0,0.14285714285714285,-0.004055375678615858
00-0036626,Dyami Brown,WR,JAX,CIN,0.000989429663827941,0.03231964412695298,0.5274741621099024,0.5731611565249187,1.494100441689253,0.06753682362165553,1.4771147323430547,37.267144124644,0.9316832022726789,34.79212944094112,2.9632855658380275,0.004270070649948838,0.12587265723630603,0.29788586103790654,2.7281099034799396,2.4938202672384455,226.82915365349749,0.3862988174396941,233.4271057105395,1.008914578122005,0.4,23.25,3.0,2025.0,2.0,3,0.13722172058992382,dyami brown,360.0,0.21739130434782608,-0.08016958375790226
00-0036980,Elijah Moore,WR,BUF,NYJ,0.006468234960301198,0.28153622788009786,0.315506267782225,0.6040988376781219,0.6230370640952093,0.09673387308346834,1.497642953365399,42.289060320288804,-3.1876101100485705,19.500492904658586,2.2095453081219416,0.017823374277431272,0.1144192818293505,0.27724835284091026,11.162330412064389,3.2560657434060816,197.38763289877627,0.7031394355914531,233.14830172898846,1.2971389907751307,0.7142857142857143,26.75,-7.0,2025.0,2.0,4,0.13603370011457863,elijah moore,900.0,0.1,0.036033700114578626
00-0038679,Tyrell Shavers,WR,BUF,NYJ,0.0,0.0,1.0,0.14,0.0,0.0,2.07,-2.0,7.094042852520943,69.0,1.0,1.0,0.037037037037037,0.0486928104575163,11.162330412064389,3.2560657434060816,197.38763289877627,0.7031394355914531,233.14830172898846,1.2971389907751307,0.7142857142857143,26.75,-7.0,2025.0,2.0,5,0.13596826831272,tyrell shavers,1200.0,0.07692307692307693,0.059045191389643065
00-0032385,Sterling Shepard,WR,TB,HOU,0.0031468061328653314,0.09823026988417925,0.27241312351183306,0.5503778036887287,0.6836729285245587,0.10614970652525353,1.6210803806485923,46.56925550717518,0.7929723771187667,27.527397966693062,2.205523658820529,0.004674217808112708,0.13070012448946755,0.30548191084191884,8.365365081221865,3.499316994733715,251.82053926656994,0.7304240624017875,237.61080819405473,0.5621338792232066,0.3333333333333333,20.0,2.5,2025.0,2.0,5,0.13500465114457372,sterling shepard,475.0,0.17391304347826086,-0.03890839233368715
00-0038465,Malik Heath,WR,GB,WAS,0.016710982058362085,0.4700560271705818,0.3006995188362258,0.42455324812925194,1.082690956027842,0.23134102885485627,1.0885984789136798,22.34756013015902,1.8357048845518655,23.00933266414773,2.070283957858461,0.3699667376233149,0.10897092740049627,0.2339288854121217,1.5049359626538208,3.081055440984674,251.93174949911918,0.30295977483228287,200.33758023888853,0.28863258832779465,0.6,26.0,-3.5,2025.0,2.0,6,0.1345708407180166,malik heath,1000.0,0.09090909090909091,0.043661749808925676
00-0039424,Devaughn Vele,WR,NO,SF,0.018478020740849862,0.6852630148765937,0.32171438372872213,0.4425708052455075,0.935852367903531,0.3928341475131098,2.0112194395113168,27.906032946298613,2.4444218313639414,27.57868584712332,2.1802084728771414,0.33244914983970325,0.08864656596054069,0.22845660934144413,6.302397679863302,2.915492534488043,194.40086746396423,0.3869353472774877,201.92066870700515,1.2496739980813951,0.2,19.0,4.5,2025.0,2.0,4,0.13409224151354243,devaughn vele,850.0,0.10526315789473684,0.028829083618805595
00-0032392,Austin Hooper,TE,NE,MIA,0.0032263085102036825,0.114281205555828,0.24530477710928664,0.49774089185376846,2.0305509165717597,0.08909250382160369,1.289382952094001,19.832194961572696,0.30132921620821307,26.607349550074673,2.782318532912451,0.0877505054909227,0.1166128660904324,0.23437105295420738,7.010226574227101,3.0334584837549374,208.1952036798268,0.3649088551791178,252.61138208118254,1.112070337548355,0.3333333333333333,21.5,1.5,2025.0,2.0,2,0.13342299208229466,austin hooper,650.0,0.13333333333333333,8.965874896132986e-05
00-0034159,Will Dissly,TE,LAC,LV,0.007205911369378712,0.23470648110651096,0.11713311533875766,0.5490806833415034,2.497781470385041,0.17226683824406508,2.0645007261454613,12.44920213190156,1.3708327752531784,26.985204421880802,2.5330106746303755,0.24629208094904645,0.09601170648843635,0.17723985886466187,6.8161516234978405,3.113031593971403,270.37578768437396,0.4384421975848413,270.62416080172613,0.9176445958325506,0.4,25.0,-3.5,2025.0,2.0,1,0.1326739889312202,will dissly,350.0,0.2222222222222222,-0.089548233291002
00-0039868,Troy Franklin,WR,DEN,IND,0.0031356285175882874,0.10354209117139511,0.0989368941067936,0.44228566115922,0.4657484065448914,0.07101726604907818,1.5696924002676387,31.77234818250205,-1.0651993648238258,22.65455419078475,2.4290185800985977,0.02892596678550888,0.11170990413381637,0.266331545027622,4.649412620659896,2.437460040205099,223.21278303249193,0.24444821050364063,213.11450473434897,1.1210047458008578,0.25,22.5,-2.5,2025.0,2.0,2,0.132064573324669,troy franklin,330.0,0.23255813953488372,-0.10049356621021471
00-0038606,Parker Washington,WR,JAX,CIN,0.008005920835792817,0.1991890274564077,0.3371124455534754,0.6526422414300272,0.5519121041407866,0.15824963344274431,0.7792965659973067,34.93834192964488,1.1224388878382212,23.205718619537823,2.138824086475389,0.3929835983425724,0.0977468942379128,0.24262560397832375,2.7281099034799396,2.4938202672384455,226.82915365349749,0.3862988174396941,233.4271057105395,1.008914578122005,0.4,23.25,3.0,2025.0,2.0,4,0.1317448068980835,parker washington,700.0,0.125,0.0067448068980834885
00-0033555,Mack Hollins,WR,NE,MIA,0.00475633124988041,0.12856898803372555,0.21777955129516857,0.6802536172942354,0.6954821121527727,0.19662657225720032,1.7655799800925787,27.500785715041808,1.4419422475497077,19.89431319866506,1.934128849558543,0.10267536116599978,0.08646345290066001,0.19730047384653793,7.010226574227101,3.0334584837549374,208.1952036798268,0.3649088551791178,252.61138208118254,1.112070337548355,0.3333333333333333,21.5,1.5,2025.0,2.0,4,0.13173029002425557,mack hollins,600.0,0.14285714285714285,-0.01112685283288728
00-0033110,Tyler Higbee,TE,LA,TEN,0.005144513002978288,0.16488830449706135,0.08420886793468826,0.5263352258488957,1.9173937173284261,0.2808443054708596,1.1869139328953504,8.258952278417096,1.4253703782201053,21.559283382173252,2.3837901551428877,0.33048064070268934,0.0990042524265459,0.18132528884059185,4.0353168183888215,2.146693655342376,182.97348475560392,0.07293698635480722,184.78090752679503,1.1266799862205972,0.6666666666666666,23.5,-5.5,2025.0,2.0,1,0.13114522684035348,tyler higbee,380.0,0.20833333333333334,-0.07718810649297986
00-0036290,Cole Kmet,TE,CHI,DET,0.0028341859432310986,0.11002364781524614,0.3676807625716872,0.9278555619803786,0.6719595582557543,0.07204499974861658,0.9902460664850418,22.745898421181707,-0.16060111602404709,16.48282686228926,1.4489964816446332,0.11129391109536384,0.07617114309507776,0.17468516549227353,5.99969365849984,3.750454286197539,296.0898430981525,0.45553321844809463,248.79790137592812,0.9028572064185519,0.6666666666666666,20.5,5.5,2025.0,2.0,1,0.1307435773048606,cole kmet,550.0,0.15384615384615385,-0.023102576541293246
00-0033375,Tim Patrick,WR,JAX,CIN,0.006839809816419548,0.30017213404657883,0.1122954557815808,0.6291334935141919,0.8776780121709487,0.20286661550575216,1.9941053612640407,22.43625193379603,0.6656925888290175,17.00260395336348,1.860843385038048,0.1758050448543491,0.06915615585986702,0.1706507045267966,2.7281099034799396,2.4938202672384455,226.82915365349749,0.3862988174396941,233.4271057105395,1.008914578122005,0.4,23.25,3.0,2025.0,2.0,5,0.13027051397575873,tim patrick,1100.0,0.08333333333333333,0.0469371806424254
00-0037005,Tommy Tremble,TE,CAR,ARI,0.007020438445590668,0.24569176419622674,0.06560211312492906,0.6121357669960937,1.2082294978485724,0.15564185319347626,1.629355020670196,12.477570816853154,1.3758595502308595,18.7697504015383,1.8928196681622687,0.2831067002471526,0.07676145430743761,0.1457929637281795,5.083626480078469,2.690734288707201,245.85335449697806,0.0395438868852725,230.10046490190405,0.5876574864764863,0.0,19.0,6.5,2025.0,2.0,2,0.13010085633958565,tommy tremble,600.0,0.14285714285714285,-0.012756286517557197
00-0036427,Tyler Johnson,WR,NYJ,BUF,0.012935700343071755,0.4005800344667044,0.5932763866344168,0.4509849211654419,1.1120561121238726,0.18180589386347443,1.2687958598441846,20.66582505781229,0.6554920222146317,24.274558204608397,2.1669838142542406,0.2141539333253881,0.10230779306909024,0.2228207193791724,10.898959027867818,3.6048037652573353,217.11221186593897,0.3008069734607984,242.72581743796871,1.4497474974231948,0.6,19.75,7.0,2025.0,2.0,3,0.13000319424294104,tyler johnson,750.0,0.11764705882352941,0.012356135419411635
00-0037801,KaVontae Turpin,WR,DAL,NYG,0.006174480830561307,0.18796665350733766,0.2754614367897289,0.4114195915245379,1.4160263729549112,0.09451029548569415,1.5786637499251537,25.788619386731874,0.8461753798462713,24.69109901264904,1.8144788462329853,0.0188162875156764,0.09171474431034556,0.21441421474609312,10.520427437582372,2.1911288128992448,268.7162907698592,0.6501318432407148,252.70105874148618,0.8553499465929957,0.6666666666666666,25.0,-5.5,2025.0,2.0,4,0.12992208506460623,kavontae turpin,475.0,0.17391304347826086,-0.043990958413654635
00-0037614,John Metchie III,WR,PHI,KC,0.0061495357893240205,0.19899310612573548,0.2469627861357287,0.41273992277247346,0.5096285143182722,0.16868247457985758,1.1993183613353553,27.450191112600724,-0.2707751108389456,18.81857489211374,1.8470608844217005,0.024709603727416308,0.10583056152641505,0.2393710117848654,12.62860606019557,3.8602038897797524,273.5092160604203,0.1505439283592456,272.04583517510366,2.0238444822848836,1.0,24.0,-1.5,2025.0,2.0,4,0.12989715209210825,john metchie,1600.0,0.058823529411764705,0.07107362268034355
00-0033857,JuJu Smith-Schuster,WR,KC,PHI,0.0005482498441761835,0.018816500295099514,0.08405618709314369,0.6740585020338494,1.7798489496746919,0.046515797510180965,1.4577800958607494,16.607705034013346,1.1144215773087935,24.93142660696294,2.391948083596551,0.08122769741759277,0.09142296793746993,0.19080230513707125,-2.011459997098214,1.691143727589463,246.80905123068464,0.2104292555532244,176.5036708780575,0.9378465729144493,0.25,22.5,1.5,2025.0,2.0,3,0.1298964688821566,juju smithschuster,310.0,0.24390243902439024,-0.11400597014223363
00-0034386,Justin Watson,WR,HOU,TB,0.007774087747718433,0.3134206145872383,0.1496171891492374,0.6155386377040603,0.9019983432204463,0.13113194663545405,1.17089446255318,33.70153349931714,1.2329904144952128,20.702221611661116,1.36251984857989,0.19819453924350522,0.08244905521678418,0.24772594769220513,7.551158312701071,2.950387595913393,289.35902159596225,0.04715216341495342,257.1706435669242,0.861127722654513,0.0,22.5,-2.5,2025.0,2.0,6,0.1298383491207419,justin watson,500.0,0.16666666666666666,-0.03682831754592475
00-0032398,Chris Moore,WR,WAS,GB,4.606124467796283e-05,0.0016653250301615686,0.6302431450406535,0.5463087698527167,0.8514950712321744,0.026119704600319538,1.2571634692678568,40.313876887471096,1.5445650406609241,29.380523017224846,1.6342179990802266,7.340064019728376e-05,0.0903071244236069,0.26814704246095816,5.381726484482363,2.0441659648450545,184.1605112179014,0.03734687494004666,226.46899479939498,0.9760351948652242,0.75,22.5,3.5,0.0,0.0,4,0.12983112282810538,chris moore,1300.0,0.07142857142857142,0.05840255139953396
00-0037086,Grant Calcaterra,TE,PHI,KC,0.004911972230577509,0.10326174986875554,0.39733312598056386,0.6509820345137473,0.928545112494053,0.09501422420679168,1.394464630522532,17.574388165004716,0.7884047321830909,17.690476545847705,1.5072020059196025,0.10291971748620934,0.09045014924141226,0.19566253446161588,12.62860606019557,3.8602038897797524,273.5092160604203,0.1505439283592456,272.04583517510366,2.0238444822848836,1.0,24.0,-1.5,2025.0,2.0,2,0.12972201944415834,grant calcaterra,475.0,0.17391304347826086,-0.04419102403410252
00-0039066,Michael Mayer,TE,LV,LAC,3.693043103488486e-05,0.0009971216379418921,0.05083475784797162,0.6887568851029235,1.5857081323672846,0.07721499353542982,1.311439246243976,16.649966112866394,1.5762959595564083,23.210629182588978,2.783252185827756,0.005150064736408751,0.09732677272754525,0.18272311622771065,3.387112380640221,2.9612112037370526,252.25445123749932,0.5350337284000957,227.58640237865163,0.8506885349432561,0.5,21.5,3.5,2025.0,2.0,2,0.12956247526848685,michael mayer,245.0,0.2898550724637681,-0.16029259719528127
00-0035535,Darius Slayton,WR,NYG,DAL,0.005359487579137796,0.207911248193179,0.35437795938467964,0.8706786989667499,0.40378499738142903,0.06492392611217852,1.7351094039194368,28.796826819564387,-0.24727115106850897,13.16179655903409,0.6978164951309364,0.15276309014290376,0.06917919090633182,0.20193618889535078,7.66118033331901,2.221101039974721,214.38136207875053,0.26280851448901776,208.73075169948606,1.1040499198172522,0.0,19.5,5.5,2025.0,2.0,3,0.12938925129940673,darius slayton,390.0,0.20408163265306123,-0.0746923813536545
00-0040736,Mason Taylor,TE,NYJ,BUF,0.0,0.0,1.0,0.88,1.1111111111111112,0.02,0.2299999999999999,18.0,1.4617584267398342,20.0,1.0,0.0,0.0476190476190476,0.1459847844463229,10.898959027867818,3.6048037652573353,217.11221186593897,0.3008069734607984,242.72581743796871,1.4497474974231948,0.6,19.75,7.0,2025.0,2.0,1,0.12919534876158714,mason taylor,550.0,0.15384615384615385,-0.024650805084566713
00-0039793,AJ Barner,TE,SEA,PIT,0.01123371535719097,0.3581903715749249,0.012146448307326462,0.5758881895355659,1.7500020827504938,0.22179771746653063,1.136013057123387,7.787085735235895,0.36817521257069596,13.45063256489632,2.2062664984755487,0.4116958562930078,0.1029376055626222,0.18076013783593664,10.934958092529019,2.9614401751978017,201.28228361027212,0.41292273193932366,253.09425709844461,1.2359132532157497,0.3333333333333333,18.75,3.0,2025.0,2.0,1,0.1288253498061412,aj barner,450.0,0.18181818181818182,-0.052992832012040636
00-0038618,Xavier Hutchinson,WR,HOU,TB,0.009094551818032983,0.2594296277337054,0.3002591075341702,0.6321711430216127,0.8041434150294677,0.14793854998036615,1.2970890174595668,23.362559940160487,-0.6582187572404556,15.80375799490151,1.3979779879928191,0.0,0.07330996058831557,0.18064568341676276,7.551158312701071,2.950387595913393,289.35902159596225,0.04715216341495342,257.1706435669242,0.861127722654513,0.0,22.5,-2.5,2025.0,2.0,5,0.1284926056603893,xavier hutchinson,400.0,0.2,-0.0715073943396107
00-0032211,Tyler Lockett,WR,TEN,LA,0.0030804979566476103,0.09991912621876459,0.10974283888484379,0.6234973705085044,0.5844495328781096,0.10651523586959419,1.0513002560918077,31.529574272230473,0.0769407145801334,15.684472920604438,1.4547145143841236,0.01679358776442889,0.09280994605147835,0.24788101341032837,5.847400169601213,2.885024848042757,239.9420664356624,0.580247835590987,230.11066071910327,0.7559438799502904,0.0,18.0,5.5,2025.0,2.0,3,0.1283869757248839,tyler lockett,750.0,0.11764705882352941,0.01073991690135448
00-0036415,Van Jefferson,WR,TEN,LA,0.0038392025140832437,0.10280831166804488,0.24488081195394568,0.6381709808472145,0.6231377585538094,0.09089699392844346,0.9013561136461414,21.955591665623892,-0.32892569919944176,14.856853345589311,1.5970142223225485,0.08050842493036973,0.09213481287103953,0.20805387107399403,5.847400169601213,2.885024848042757,239.9420664356624,0.580247835590987,230.11066071910327,0.7559438799502904,0.0,18.0,5.5,2025.0,2.0,5,0.1283482107676202,van jefferson,1400.0,0.06666666666666667,0.06168154410095354
00-0037475,Stone Smartt,TE,NYJ,BUF,6.450006751241708e-05,0.002421720326233088,0.39576614684662725,0.39266923280302934,1.3389804471854396,0.051432402463902196,1.4709662411407627,24.99324883265689,1.3025790366062822,29.785719779847195,2.4683901336666447,0.001424541368372404,0.08518287123447443,0.18834644057708375,10.898959027867818,3.6048037652573353,217.11221186593897,0.3008069734607984,242.72581743796871,1.4497474974231948,0.6,19.75,7.0,2025.0,2.0,3,0.12830923141275702,stone smartt,1600.0,0.058823529411764705,0.06948570200099231
00-0034983,Hunter Renfrow,WR,CAR,ARI,4.301306479445433e-05,0.0015403381692558817,0.15582061244160372,0.45309217493182147,0.8656883063283942,0.060975770267016595,0.9950404841642635,27.77677372671428,-0.9528649071819779,14.721115683798253,1.6344872665766998,0.0022245380807463153,0.11645952672058167,0.2531450632397553,5.083626480078469,2.690734288707201,245.85335449697806,0.0395438868852725,230.10046490190405,0.5876574864764863,0.0,19.0,6.5,2025.0,2.0,3,0.12828495509635782,hunter renfrow,425.0,0.19047619047619047,-0.06219123537983265
00-0035689,Dawson Knox,TE,BUF,NYJ,0.0005089731112786121,0.014902862398998375,0.239660487551604,0.5918566329862907,2.548983903177999,0.14604199125259532,2.1198178143315207,17.53804730967482,0.7299526758781911,20.959672479925967,1.748562320634323,0.007543199098216754,0.07620751415814606,0.1681197971237367,11.162330412064389,3.2560657434060816,197.38763289877627,0.7031394355914531,233.14830172898846,1.2971389907751307,0.7142857142857143,26.75,-7.0,2025.0,2.0,2,0.12812237586654873,dawson knox,600.0,0.14285714285714285,-0.014734766990594117
00-0039356,Ja'Tavion Sanders,TE,CAR,ARI,0.0014164954294258267,0.03541238573564565,0.331515643205338,0.5502322115228311,0.9112306179907248,0.08796931448924677,1.363849181666977,28.583050131279276,0.9297344098981126,22.602848513765423,1.8677812472987452,0.03541238573564565,0.08975967666284995,0.2076815285629412,5.083626480078469,2.690734288707201,245.85335449697806,0.0395438868852725,230.10046490190405,0.5876574864764863,0.0,19.0,6.5,2025.0,2.0,1,0.12775011815932,jatavion sanders,270.0,0.2702702702702703,-0.1425201521109503
00-0038492,Jason Brownlee,WR,KC,PHI,0.00924634006744279,0.3606072626302694,0.176697558688832,0.6032447441491471,0.4788503840467347,0.20528289639753347,1.277462046085608,14.028055245032634,-0.7660605293983567,7.668674047095309,0.6502470159749016,0.12368829108218239,0.04460097406904035,0.12263877549603323,-2.011459997098214,1.691143727589463,246.80905123068464,0.2104292555532244,176.5036708780575,0.9378465729144493,0.25,22.5,1.5,2025.0,2.0,6,0.12773619245668494,jason brownlee,1000.0,0.09090909090909091,0.03682710154759403
00-0033589,David Moore,WR,CAR,ARI,0.006829710838462833,0.2032284578641495,0.1279938645313231,0.4937209889612312,0.4426231258777352,0.15858228578658073,1.1612994607709153,30.24726526158576,0.8871381470571574,15.497094586313017,1.2433721899028893,0.3379846633746347,0.07792443782893504,0.19316569501669947,5.083626480078469,2.690734288707201,245.85335449697806,0.0395438868852725,230.10046490190405,0.5876574864764863,0.0,19.0,6.5,2025.0,2.0,5,0.1276774589521678,david moore,950.0,0.09523809523809523,0.03243936371407258
00-0039050,Payne Durham,TE,TB,HOU,0.011209467637100852,0.35870296438722726,0.21052656994026875,0.5264259354055374,0.6053161487635739,0.19489025506120056,1.3489058775581475,14.896430242991467,1.4992756101117677,13.64793185884877,1.3370420616757335,0.35870296438722726,0.04766486813856299,0.10778736265111546,8.365365081221865,3.499316994733715,251.82053926656994,0.7304240624017875,237.61080819405473,0.5621338792232066,0.3333333333333333,20.0,2.5,2025.0,2.0,2,0.1275157808562147,payne durham,900.0,0.1,0.0275157808562147
00-0040667,Matthew Golden,WR,GB,WAS,0.0,0.0,0.0,0.48,1.6,0.01,1.87,10.0,2.0906518566189334,16.0,2.0,0.0,0.0909090909090909,0.1640316205533596,1.5049359626538208,3.081055440984674,251.93174949911918,0.30295977483228287,200.33758023888853,0.28863258832779465,0.6,26.0,-3.5,2025.0,2.0,2,0.12742332974454562,matthew golden,240.0,0.29411764705882354,-0.16669431731427792
00-0035249,Josh Oliver,TE,MIN,ATL,0.0023834954704057346,0.07930610239132534,0.18401871853482799,0.49430272757178945,0.7392333475329571,0.04313564228703981,2.1697165957286297,8.691193374361179,0.2595032499719272,12.707711259813122,1.2949768815544158,0.05105290076862759,0.05925014687245554,0.10684215710711176,9.715887350230378,2.46051786615991,276.5188566712339,0.5457869880375977,221.92943755027446,1.3591625017451143,0.5,24.5,-4.5,2025.0,2.0,2,0.12733140808622048,josh oliver,650.0,0.13333333333333333,-0.006001925247112849
00-0039394,Casey Washington,WR,ATL,MIN,0.0,0.0,0.0,0.4657534246575343,1.1963470319634704,0.06757990867579909,0.9894520547945206,56.42465753424657,1.3947865897454705,18.200913242009133,1.593607305936073,0.0,0.08246857762682036,0.26733413626490204,2.5287524575130136,2.3821896317607685,257.2040240762518,0.10646388510653253,233.67864666606908,0.8671170503113937,0.3333333333333333,20.0,4.5,2025.0,2.0,4,0.1273127748000991,casey washington,800.0,0.1111111111111111,0.016201663688987983
00-0033943,Josh Reynolds,WR,NYJ,BUF,0.010123263591884854,0.3113581383742086,0.11554461499859929,0.6437415689257573,0.4504454426450746,0.1324272958512852,0.8373532321669995,25.03001276138604,0.018050265531614273,13.874980731838274,1.2409860572961005,0.07662823133659047,0.09374270201292557,0.22280984866813167,10.898959027867818,3.6048037652573353,217.11221186593897,0.3008069734607984,242.72581743796871,1.4497474974231948,0.6,19.75,7.0,2025.0,2.0,2,0.12713766889366107,josh reynolds,500.0,0.16666666666666666,-0.039528997773005586
00-0038104,Tyquan Thornton,WR,KC,PHI,0.011744697712639916,0.4060116893021068,0.30363240624977705,0.4380009325629893,0.36182090297643077,0.13661445194401411,1.0795724343534556,53.572409672832684,-1.1783005631512713,20.857275328506496,1.4688417249612242,0.0014818819337722288,0.08653192588209822,0.28364507900653496,-2.011459997098214,1.691143727589463,246.80905123068464,0.2104292555532244,176.5036708780575,0.9378465729144493,0.25,22.5,1.5,2025.0,2.0,5,0.126879775450404,tyquan thornton,360.0,0.21739130434782608,-0.09051152889742209
00-0036849,Tutu Atwell,WR,LA,TEN,9.560723237050677e-06,0.0003027783314975087,0.373606830978111,0.3919591123665465,0.796812202882924,0.028400420852898293,1.1489567629742186,30.12489875983845,0.40480766251682615,19.681232725954157,2.1751332102581333,0.00014937068036646698,0.09936642683475921,0.2593579106866497,4.0353168183888215,2.146693655342376,182.97348475560392,0.07293698635480722,184.78090752679503,1.1266799862205972,0.6666666666666666,23.5,-5.5,2025.0,2.0,3,0.1266417207830053,tutu atwell,475.0,0.17391304347826086,-0.04727132269525555
00-0038824,Ryan Miller,WR,TB,HOU,0.01234382281083693,0.4291226425300205,0.22856240430686192,0.3377828129310622,0.8371622255033443,0.194854349478775,1.8514278968035116,20.61141222000887,0.33448316753619467,10.27162071068853,1.020127353931347,0.176697558688832,0.058640257363812925,0.1418520792677376,8.365365081221865,3.499316994733715,251.82053926656994,0.7304240624017875,237.61080819405473,0.5621338792232066,0.3333333333333333,20.0,2.5,2025.0,2.0,6,0.1265913602398069,ryan miller,1200.0,0.07692307692307693,0.04966828331672998
00-0035500,Greg Dortch,WR,ARI,CAR,0.00023031446981198529,0.0060278970963474525,0.28266992170937955,0.2906060538887479,2.884460791547596,0.15227321664508212,2.156726984765869,1.1110674107784149,1.4543525891253133,19.0904439055811,2.1163074063151313,0.21625354044902015,0.06648191392732089,0.10139901833217227,9.296790797488706,3.6841691507811745,259.71144283826516,0.5893207059324621,241.7717231478533,1.3536803255145138,0.6666666666666666,25.5,-6.5,2025.0,2.0,4,0.1263458919054787,greg dortch,750.0,0.11764705882352941,0.008698833081949298
00-0036637,Noah Gray,TE,KC,PHI,0.004333110038589046,0.16855373948546915,0.1059456220501989,0.4097668349990546,0.7552538788172468,0.10672009597978463,1.492460427177455,8.346937789048534,0.2908219552582666,10.796823243009971,1.4950161533813524,0.11420807467063893,0.056192118685845935,0.10429402960755745,-2.011459997098214,1.691143727589463,246.80905123068464,0.2104292555532244,176.5036708780575,0.9378465729144493,0.25,22.5,1.5,2025.0,2.0,2,0.12627272129026534,noah gray,500.0,0.16666666666666666,-0.04039394537640131
00-0033757,Robert Tonyan,TE,KC,PHI,0.018895762366016387,0.3039679359225696,0.22004448015014796,0.39068925962860024,0.7651037555199209,0.1693687156689144,1.4859800992813332,20.01485821210865,0.3520886819822833,12.326298015213958,0.978642914897447,0.0029561310750452485,0.06647336332540708,0.1555920456339967,-2.011459997098214,1.691143727589463,246.80905123068464,0.2104292555532244,176.5036708780575,0.9378465729144493,0.25,22.5,1.5,2025.0,2.0,3,0.12611955873739053,robert tonyan,2500.0,0.038461538461538464,0.08765802027585207
00-0036754,Brock Wright,TE,DET,CHI,0.007305235798511531,0.28204483425451743,0.0015154410404729969,0.5093721799536611,0.9322344257629149,0.13256341987208395,1.715302393082341,6.316300691674828,0.33445403589196193,5.887876202011065,0.628578919976813,0.10901448537306858,0.029710808066673887,0.06456447422522368,3.467208176817725,2.7926749820755967,169.55931417923966,0.1745253722306099,206.36426383462063,0.7744592474000106,0.25,26.0,-5.5,2025.0,2.0,2,0.1260431146695792,brock wright,1000.0,0.09090909090909091,0.0351340237604883
00-0036422,Adam Trautman,TE,DEN,IND,0.0035314225693674726,0.11827321479679608,0.03954755672093506,0.5199057596563976,1.5138956148287173,0.06271386415632049,1.4768689727026874,8.43768346521207,0.011763862241475583,7.6943620007889,1.0203898308794639,0.11577462759000404,0.04914529639005253,0.101220339390083,4.649412620659896,2.437460040205099,223.21278303249193,0.24444821050364063,213.11450473434897,1.1210047458008578,0.25,22.5,-2.5,2025.0,2.0,2,0.1259577143605111,adam trautman,295.0,0.25316455696202533,-0.12720684260151424
00-0040126,Colston Loveland,TE,CHI,DET,0.0,0.0,0.0,0.57,2.4,0.0,1.08,5.0,-0.5837995910551399,12.0,2.0,0.0,0.0588235294117647,0.1015432789085215,5.99969365849984,3.750454286197539,296.0898430981525,0.45553321844809463,248.79790137592812,0.9028572064185519,0.6666666666666666,20.5,5.5,2025.0,2.0,2,0.1259426150688348,colston loveland,500.0,0.16666666666666666,-0.04072405159783185
00-0040584,Gunnar Helm,TE,TEN,LA,0.0,0.0,0.0,0.4,0.5,0.05,0.29,32.0,0.6996972459601238,16.0,1.0,0.0,0.08,0.1961904761904762,5.847400169601213,2.885024848042757,239.9420664356624,0.580247835590987,230.11066071910327,0.7559438799502904,0.0,18.0,5.5,2025.0,2.0,2,0.12591969232314168,gunnar helm,1100.0,0.08333333333333333,0.04258635898980835
00-0040669,Isaac TeSlaa,WR,DET,CHI,0.0256410256410256,1.0,0.0,0.04,1.0,0.3,1.17,13.0,4.254937844350934,13.0,1.0,1.0,0.0263157894736842,0.095301905069422,3.467208176817725,2.7926749820755967,169.55931417923966,0.1745253722306099,206.36426383462063,0.7744592474000106,0.25,26.0,-5.5,2025.0,2.0,4,0.1259011330300971,isaac teslaa,475.0,0.17391304347826086,-0.048011910448163775
00-0033891,Zay Jones,WR,ARI,CAR,0.0008187151085753585,0.03707367358144839,0.24526754031791548,0.4604497869976288,1.0846927902113355,0.03805996663143918,2.2009110440159274,27.89608455516762,0.06902191453884214,18.663869497551932,1.9020306841215717,0.004921965057801273,0.07307504483756923,0.18616787567429466,9.296790797488706,3.6841691507811745,259.71144283826516,0.5893207059324621,241.7717231478533,1.3536803255145138,0.6666666666666666,25.5,-6.5,2025.0,2.0,3,0.1258805179383416,zay jones,600.0,0.14285714285714285,-0.016976624918801253
00-0039792,Devontez Walker,WR,BAL,CLE,0.01278538812785388,0.319634703196347,0.319634703196347,0.17488584474885846,0.319634703196347,0.18356164383561646,1.1694063926940639,35.47945205479452,0.15702225302971182,6.712328767123288,0.319634703196347,0.319634703196347,0.07039573820395736,0.22923459967408835,6.884763532200227,2.123075345032236,222.69789292646917,0.8059282890421425,190.98291846926696,0.7967088609916404,0.1428571428571428,28.5,-11.5,2025.0,2.0,5,0.12567697349813728,devontez walker,1200.0,0.07692307692307693,0.04875389657506035
00-0034854,KhaDarel Hodge,WR,ATL,MIN,0.011356525317158136,0.44750952180490533,0.26073981893991965,0.3737614450508773,0.8476882119759542,0.17009081093475456,1.2907539690401189,25.221087498191746,0.4144200306002548,10.181331575633747,0.61040780035553,0.024713051838690027,0.046269869528343284,0.11705655194994566,2.5287524575130136,2.3821896317607685,257.2040240762518,0.10646388510653253,233.67864666606908,0.8671170503113937,0.3333333333333333,20.0,4.5,2025.0,2.0,5,0.12553782047907308,khadarel hodge,1100.0,0.08333333333333333,0.04220448714573975
00-0038115,Daniel Bellinger,TE,NYG,DAL,8.590004183302874e-08,2.319301129491776e-06,0.0031250502408651172,0.4991973087052687,2.625322561752572,0.04748995034108319,1.4678021606432854,7.7208519493197,0.8843002874989792,11.981954899903629,1.3470996130244406,4.499676121326998e-06,0.045933544940280645,0.09287859296139617,7.66118033331901,2.221101039974721,214.38136207875053,0.26280851448901776,208.73075169948606,1.1040499198172522,0.0,19.5,5.5,2025.0,2.0,2,0.12545864878765706,daniel bellinger,1100.0,0.08333333333333333,0.04212531545432373
00-0037277,Teagan Quitoriano,TE,ATL,MIN,0.0032867669710523024,0.10066532847259632,0.5205029191697708,0.4290343471130307,2.425772626188572,0.05971700007147221,1.185990662001042,15.70154337978902,0.8794552429106066,18.193322288559816,0.8928607689017863,0.06434465947057712,0.0435957094687797,0.10076126157070682,2.5287524575130136,2.3821896317607685,257.2040240762518,0.10646388510653253,233.67864666606908,0.8671170503113937,0.3333333333333333,20.0,4.5,2025.0,2.0,3,0.12542756611217704,teagan quitoriano,2500.0,0.038461538461538464,0.08696602765063857
00-0038809,Ben Sims,TE,GB,WAS,0.009012774688543832,0.25242508384118856,0.10589116327119301,0.34179757224885926,1.2023570050922054,0.18722838245539553,2.061830272048257,7.684195925749077,0.14986030950180354,5.61000525431026,0.8124756101277256,0.0363206690020192,0.04216041079337784,0.08589915476145121,1.5049359626538208,3.081055440984674,251.93174949911918,0.30295977483228287,200.33758023888853,0.28863258832779465,0.6,26.0,-3.5,2025.0,2.0,4,0.125422026106662,ben sims,1700.0,0.05555555555555555,0.06986647055110645
00-0036534,Shane Zylstra,TE,DET,CHI,0.005773024242910503,0.2346216946416846,0.30293510828593617,0.30720521838950143,1.1297170959444232,0.1070787330162601,1.2542102990101853,6.966195382639675,0.3632206041353972,10.411530767942196,0.9442583503631228,0.08495924380572635,0.03821463377691202,0.07727408009449208,3.467208176817725,2.7926749820755967,169.55931417923966,0.1745253722306099,206.36426383462063,0.7744592474000106,0.25,26.0,-5.5,2025.0,2.0,3,0.12540479623903225,shane zylstra,2800.0,0.034482758620689655,0.0909220376183426
00-0039074,Davis Allen,TE,LA,TEN,0.012696970872778988,0.40275409986247884,0.0041721939075073,0.343714356534704,0.3283259663606438,0.19863105880481086,1.194491392984086,16.700045667674942,0.03018727593818682,7.376613052295078,0.809037763729583,0.30560325641778235,0.050737954748325126,0.12805057257554878,4.0353168183888215,2.146693655342376,182.97348475560392,0.07293698635480722,184.78090752679503,1.1266799862205972,0.6666666666666666,23.5,-5.5,2025.0,2.0,3,0.1253942324909872,davis allen,800.0,0.1111111111111111,0.014283121379876085
00-0036244,Colby Parkinson,TE,LA,TEN,0.003612982592684034,0.10125391445970758,0.007631890553927447,0.43012111792177776,0.47835308008182464,0.12703780409361815,1.189068075978572,4.943650243752294,-1.967936634719564,3.3538461454689874,1.1678735832614917,0.01780628517189091,0.06032025484329224,0.10673097653468852,4.0353168183888215,2.146693655342376,182.97348475560392,0.07293698635480722,184.78090752679503,1.1266799862205972,0.6666666666666666,23.5,-5.5,2025.0,2.0,2,0.12535849828855342,colby parkinson,800.0,0.1111111111111111,0.014247387177442311
00-0033217,Mo Alie-Cox,TE,IND,DEN,0.00606067363010774,0.24007949553896105,0.323773017911193,0.439150805737143,3.364713021503328,0.12200152003805136,1.3961756333402098,12.818090919459895,0.16540291608437852,10.899988982401018,0.7607037590887865,0.013878714231638755,0.05698773726190751,0.11636899780829098,3.811986231599921,2.335966342551629,256.2849705314297,0.12292288607734626,211.97516669016215,0.6441218440027848,0.3333333333333333,20.0,2.5,2025.0,2.0,2,0.12531786740452494,mo aliecox,850.0,0.10526315789473684,0.020054709509788105
00-0039890,Adonai Mitchell,WR,IND,DEN,0.011515042609513885,0.39364792712178587,0.14093886678423354,0.3126131041638697,0.7091016604092915,0.13352260484445472,1.375580387504576,28.820285089262168,0.4069797652141965,16.36089137919907,1.2167193634127118,0.0,0.0764888834824903,0.20164917602499338,3.811986231599921,2.335966342551629,256.2849705314297,0.12292288607734626,211.97516669016215,0.6441218440027848,0.3333333333333333,20.0,2.5,2025.0,2.0,4,0.12530125425603122,adonai mitchell,900.0,0.1,0.02530125425603122
00-0036876,Kylen Granson,TE,PHI,KC,2.8222276252100505e-07,1.197901541956048e-05,0.16732246724862743,0.3785392770977788,0.6668455176745969,0.08027818919014047,1.127354606392109,26.651846614810523,-1.1234018420733023,12.698976058518653,1.381383396715582,6.7618021076464305e-06,0.08367605807537654,0.17541867790645155,12.62860606019557,3.8602038897797524,273.5092160604203,0.1505439283592456,272.04583517510366,2.0238444822848836,1.0,24.0,-1.5,2025.0,2.0,3,0.12513769019529528,kylen granson,1300.0,0.07142857142857142,0.05370911876672385
00-0036590,Quintin Morris,TE,JAX,CIN,0.008942793094655451,0.26258016152271746,0.0006982815642412934,0.3900439111703455,0.766445830538219,0.09572379170458052,1.1308350330871162,10.719005129972244,0.10614159395961846,7.334237920032251,1.0287814821483294,0.04328552639929199,0.05383494856859153,0.11608744248967996,2.7281099034799396,2.4938202672384455,226.82915365349749,0.3862988174396941,233.4271057105395,1.008914578122005,0.4,23.25,3.0,0.0,0.0,4,0.12488454352222725,quintin morris,1300.0,0.07142857142857142,0.053455972093655824
00-0035631,Drew Sample,TE,CIN,JAX,0.0004434469034769621,0.017294432239228157,0.00016756915534369576,0.6595144035438104,1.115863786577493,0.03269871007894119,2.561440717354807,0.9343052780137514,0.05897916282627081,6.960104692599005,1.4817647269320613,0.017950763779215607,0.04959078105185311,0.07621051109075323,0.5644825735044232,2.904290977853633,285.7516003432199,0.2285490494166984,219.98878537808878,0.5393667612878573,0.6666666666666666,26.25,-3.0,2025.0,2.0,3,0.124860686143869,drew sample,1100.0,0.08333333333333333,0.04152735281053567
00-0038558,Darnell Washington,TE,PIT,SEA,0.002298716283256041,0.07800554990627569,0.11586367264515342,0.49176982484223025,1.023766519542376,0.04344456512567011,1.2448268810868202,5.774019437024446,0.2133562203721835,11.166788521343275,1.1501650346734855,0.005935295363677491,0.05670091762334907,0.10205736502898301,8.785536788258794,3.79449977666796,222.78507173553064,0.8277211564499929,253.14698316023794,0.8198760461288882,0.75,21.75,-3.0,2025.0,2.0,3,0.1246962426899076,darnell washington,1200.0,0.07692307692307693,0.047773165766830675
00-0040138,Jaylin Noel,WR,HOU,TB,0.0,0.0,0.0,0.27,3.5,0.01,0.15,2.0,-0.7427450038376264,7.0,1.0,0.0,0.074074074074074,0.119250645994832,7.551158312701071,2.950387595913393,289.35902159596225,0.04715216341495342,257.1706435669242,0.861127722654513,0.0,22.5,-2.5,2025.0,2.0,4,0.12457163762118693,jaylin noel,600.0,0.14285714285714285,-0.018285505235955915
00-0040194,Jackson Hawes,TE,BUF,NYJ,0.0,0.0,1.0,0.19,1.1153846153846154,0.15,2.18,26.0,2.815807009174023,29.0,1.0,0.0,0.0222222222222222,0.0788333333333333,11.162330412064389,3.2560657434060816,197.38763289877627,0.7031394355914531,233.14830172898846,1.2971389907751307,0.7142857142857143,26.75,-7.0,2025.0,2.0,3,0.12441057921662864,jackson hawes,1900.0,0.05,0.07441057921662864
00-0038752,Jake Bobo,WR,SEA,PIT,0.011120733401335101,0.3002532243410374,0.00040219077772014254,0.29224683162347587,0.9671405245223276,0.13873027688282322,1.419281541401959,6.146837906536312,0.6430711242604195,5.546671499908909,0.8632539944861861,0.30049262361348983,0.03022613702431971,0.06353455643396635,10.934958092529019,2.9614401751978017,201.28228361027212,0.41292273193932366,253.09425709844461,1.2359132532157497,0.3333333333333333,18.75,3.0,2025.0,2.0,4,0.12419405201007948,jake bobo,600.0,0.14285714285714285,-0.01866309084706337
00-0038547,Luke Schoonmaker,TE,DAL,NYG,0.0012412315830347845,0.0421049873395585,0.09530847152003435,0.3674802970956192,1.2663364074090024,0.025067273370441925,1.4712561860533142,13.540145548431862,0.29924595308357166,10.711659448742852,1.264139452225898,0.036054901121023636,0.050441401117763844,0.108304716115395,10.520427437582372,2.1911288128992448,268.7162907698592,0.6501318432407148,252.70105874148618,0.8553499465929957,0.6666666666666666,25.0,-5.5,2025.0,2.0,2,0.12413626495505346,luke schoonmaker,850.0,0.10526315789473684,0.018873107060316627
00-0039623,Mason Tipton,WR,NO,SF,0.0,0.0,0.0,0.6065237725329522,0.3816276525674686,0.03379014193825037,0.9875976323916635,33.88830995689471,-1.3896023954370569,8.812720883118036,1.183615851927659,0.0,0.08306656274883988,0.21567994994419665,6.302397679863302,2.915492534488043,194.40086746396423,0.3869353472774877,201.92066870700515,1.2496739980813951,0.2,19.0,4.5,2025.0,2.0,5,0.12412429765544296,mason tipton,950.0,0.09523809523809523,0.028886202417347726
00-0037348,Tanner Conner,TE,MIA,NE,0.010545921323271824,0.32692356102142694,0.0,0.22147956449858588,0.4855692731470932,0.16599125021781286,0.7317209027405674,15.432764083131433,-1.1172453726007465,9.053494175366376,1.0863669932742017,0.0,0.06831861120812478,0.15106362592065925,10.623867891178463,3.943964933549361,301.3621771288041,0.08286472573449104,244.70111896775256,0.9402105215702995,1.0,23.0,-1.5,2025.0,2.0,3,0.12384001447278085,tanner conner,850.0,0.10526315789473684,0.018576856578044018
00-0033572,Jamal Agnew,WR,ATL,MIN,0.003376411792792052,0.14847802598497503,0.313003566731818,0.1733143057281168,0.576628474381026,0.07494470988764994,0.8850033207044711,25.146722141101034,0.6917201532417262,22.14426618880836,0.9900363457964556,0.10349119302245398,0.04930142662018957,0.14417730673244097,2.5287524575130136,2.3821896317607685,257.2040240762518,0.10646388510653253,233.67864666606908,0.8671170503113937,0.3333333333333333,20.0,4.5,2025.0,2.0,6,0.12381842513949963,jamal agnew,1500.0,0.0625,0.06131842513949963
00-0033246,Johnny Mundt,TE,JAX,CIN,0.003197259487962587,0.10159130857340268,0.010596464118772792,0.3335578888362572,2.4971220744033316,0.07639379456763064,1.6854302478960006,0.4128662388341728,0.02200343245701033,4.710017618358258,0.561954998252507,0.07718411312031216,0.03428398648198211,0.05232223379855511,2.7281099034799396,2.4938202672384455,226.82915365349749,0.3862988174396941,233.4271057105395,1.008914578122005,0.4,23.25,3.0,2025.0,2.0,2,0.12376073148108337,johnny mundt,1400.0,0.06666666666666667,0.0570940648144167
00-0031484,Chris Manhertz,TE,NYG,DAL,0.0040341873009673915,0.1058067665480858,0.0014290030141846037,0.39479822959553185,2.9253149595283467,0.0590843773689745,0.6247423044095854,2.622284985299378,0.671510525856524,7.658352350509555,0.6289980222164644,0.10290482685789598,0.0271268023538351,0.051880591278337565,7.66118033331901,2.221101039974721,214.38136207875053,0.26280851448901776,208.73075169948606,1.1040499198172522,0.0,19.5,5.5,0.0,0.0,4,0.123695048781263,chris manhertz,1700.0,0.05555555555555555,0.06813949322570745
00-0037539,Lucas Krull,TE,DEN,IND,0.00011709502533703343,0.003910025367775089,0.018749202909951444,0.353929785415286,1.1750287873885348,0.008453498894111499,1.4997479186641434,7.628649988452921,0.06939504244988474,10.700501392195838,1.6337650471295064,0.002911411293950176,0.05955591501916379,0.116079032549836,4.649412620659896,2.437460040205099,223.21278303249193,0.24444821050364063,213.11450473434897,1.1210047458008578,0.25,22.5,-2.5,2025.0,2.0,4,0.12327301386680996,lucas krull,950.0,0.09523809523809523,0.028034918628714725
00-0040164,Jaylin Lane,WR,WAS,GB,0.0,0.0,0.0,0.3,0.55,0.01,1.66,20.0,0.5958931247005239,11.0,1.0,0.0,0.0689655172413793,0.153627487331603,5.381726484482363,2.0441659648450545,184.1605112179014,0.03734687494004666,226.46899479939498,0.9760351948652242,0.75,22.5,3.5,2025.0,2.0,4,0.12325513456946396,jaylin lane,850.0,0.10526315789473684,0.017991976674727128
00-0038573,Derius Davis,WR,LAC,LV,0.006994408912441048,0.24990193199026675,0.14700113646486282,0.17866521035293947,0.7685877584408398,0.06427316946276353,1.9418679883368994,5.57195886689748,0.7744900012711269,9.27456761970027,0.9329764517973875,0.24990193199026675,0.03218425322950646,0.06113135458512799,6.8161516234978405,3.113031593971403,270.37578768437396,0.4384421975848413,270.62416080172613,0.9176445958325506,0.4,25.0,-3.5,2025.0,2.0,6,0.12320736035478091,derius davis,850.0,0.10526315789473684,0.01794420246004408
00-0037112,Jake Tonges,TE,SF,NO,0.01127967965709771,0.3947887879984209,0.0,0.1722068693249112,0.6579813133307014,0.1421239636794315,1.1560639557836558,5.313462297670746,1.278128605838196,5.921831819976313,1.1843663639952626,0.3947887879984209,0.0432975894661062,0.08256636952309951,8.995693865132875,2.582192358756367,246.73827496278867,0.21485401927379147,211.8462031517832,1.2106227994909449,0.4,23.5,-4.5,2025.0,2.0,3,0.12320517435678646,jake tonges,450.0,0.18181818181818182,-0.05861300746139536
00-0039041,Elijah Higgins,TE,ARI,CAR,0.00030341000340691375,0.008309162317793356,0.026111934352097996,0.3097444619781704,1.425137907422136,0.024408096586857154,1.9084720793852805,7.701932759137913,-0.13010393886235833,9.916635108306775,1.212471243565714,0.008309162317793356,0.05773986707213996,0.11247127675262501,9.296790797488706,3.6841691507811745,259.71144283826516,0.5893207059324621,241.7717231478533,1.3536803255145138,0.6666666666666666,25.5,-6.5,2025.0,2.0,3,0.12317297778862829,elijah higgins,600.0,0.14285714285714285,-0.01968416506851456
00-0038720,Julian Hill,TE,MIA,NE,0.00015113294002560155,0.005871602416008893,0.0,0.5459901687885512,0.4173207902690225,0.008512910099267156,1.2717344585576849,1.9703636808340093,0.32590241983519846,2.540050079295021,0.2661311604108761,0.0,0.015270831310690965,0.029360092993129628,10.623867891178463,3.943964933549361,301.3621771288041,0.08286472573449104,244.70111896775256,0.9402105215702995,1.0,23.0,-1.5,2025.0,2.0,2,0.12307565589334883,julian hill,650.0,0.13333333333333333,-0.0102576774399845
00-0034613,Tanner Hudson,TE,CIN,JAX,0.0009005541305293226,0.050428557440578774,0.003372907101427815,0.1356660107135178,2.85297113705182,0.06180152389153661,2.537638088113068,6.929162021089398,1.2627141841519511,15.6885212098639,1.7285599604667128,0.05332851170484073,0.04727061137314528,0.08875047211511058,0.5644825735044232,2.904290977853633,285.7516003432199,0.2285490494166984,219.98878537808878,0.5393667612878573,0.6666666666666666,26.25,-3.0,2025.0,2.0,4,0.12297371097244975,tanner hudson,1000.0,0.09090909090909091,0.032064620063358834
00-0037805,Jeremy Ruckert,TE,NYJ,BUF,6.782676434181625e-05,0.00203480293025449,5.747814643895663e-05,0.4145863878456849,1.425238741025765,0.009452442529197044,1.3978438016048282,8.93739634072698,0.6507615839192177,8.881570579556138,1.2551475020149023,0.0,0.061952697482674214,0.12217508946300056,10.898959027867818,3.6048037652573353,217.11221186593897,0.3008069734607984,242.72581743796871,1.4497474974231948,0.6,19.75,7.0,2025.0,2.0,2,0.12293147250836088,jeremy ruckert,550.0,0.15384615384615385,-0.030914681337792974
00-0040184,KeAndre Lambert-Smith,WR,LAC,LV,0.0294117647058823,1.0,0.0,0.22,0.0,0.29,2.54,30.0,-0.6477423547767103,0.0,0.0,0.0,0.0294117647058823,0.1055211558307533,6.8161516234978405,3.113031593971403,270.37578768437396,0.4384421975848413,270.62416080172613,0.9176445958325506,0.4,25.0,-3.5,2025.0,2.0,5,0.12249648274094468,keandre lambertsmith,600.0,0.14285714285714285,-0.020360660116198165
00-0039912,Ben Sinnott,TE,WAS,GB,0.0,0.0,0.0,0.400017529641342,1.4424957257468758,0.044293238664988036,1.4001047463089513,1.8870027942156764,0.0017339080440493607,4.791587864466646,0.8248935291692643,0.0784943470012446,0.030355516108802015,0.05244244972675693,5.381726484482363,2.0441659648450545,184.1605112179014,0.03734687494004666,226.46899479939498,0.9760351948652242,0.75,22.5,3.5,2025.0,2.0,3,0.12241647583141127,ben sinnott,1600.0,0.058823529411764705,0.06359294641964656
00-0036887,Luke Farrell,TE,SF,NO,1.8365636466190716e-05,0.0006978941857152476,0.002128929861815988,0.44707650631584356,0.8747198755844668,0.028654022198015595,1.5486431609287925,6.803076998146667,0.3142812106432752,4.922829799413324,1.0767863179575037,0.0,0.04434482529441753,0.08338010450105647,8.995693865132875,2.582192358756367,246.73827496278867,0.21485401927379147,211.8462031517832,1.2106227994909449,0.4,23.5,-4.5,2025.0,2.0,2,0.1223378837266315,luke farrell,450.0,0.18181818181818182,-0.059480298091550324
00-0037004,Hunter Long,TE,JAX,CIN,0.009699984478587918,0.3006995188362258,0.0,0.23706876971426927,0.7851906998668459,0.15903264929045186,0.8214050679615295,3.1121898193934086,0.7131479816799067,4.437077492400445,0.6101512235804974,0.3006995188362258,0.025939142133637207,0.04889159399922316,2.7281099034799396,2.4938202672384455,226.82915365349749,0.3862988174396941,233.4271057105395,1.008914578122005,0.4,23.25,3.0,2025.0,2.0,3,0.12229497777402715,hunter long,950.0,0.09523809523809523,0.027056882535931914
00-0038519,Nikko Remigio,WR,KC,PHI,0.0,0.0,0.47600104720230385,0.23592549903609794,0.17850039270086393,0.004760010472023039,0.01666003665208064,15.232033510473723,-0.09554633297362038,11.424025132855292,0.47600104720230385,0.0,0.08400018480040655,0.2148538060117066,-2.011459997098214,1.691143727589463,246.80905123068464,0.2104292555532244,176.5036708780575,0.9378465729144493,0.25,22.5,1.5,2025.0,2.0,7,0.12219030381759374,nikko remigio,1700.0,0.05555555555555555,0.06663474826203819
00-0038046,Charlie Kolar,TE,BAL,CLE,0.0011186500351595646,0.04160184213722403,0.05263109854630741,0.3393043140351581,1.7626494090577858,0.02522685847862586,1.4759334403593956,4.528196403319268,0.4347812087179027,7.61178886862459,0.7990581166670614,0.041259602200661286,0.035160297359997796,0.06543280691246398,6.884763532200227,2.123075345032236,222.69789292646917,0.8059282890421425,190.98291846926696,0.7967088609916404,0.1428571428571428,28.5,-11.5,2025.0,2.0,3,0.12217574513260201,charlie kolar,650.0,0.13333333333333333,-0.011157588200731317
00-0034798,Durham Smythe,TE,CHI,DET,0.007506819944848137,0.3060807621111129,0.00252324593697007,0.2884685361984337,0.5817955335445111,0.1222415544533933,1.8117166327817273,5.9357513293089115,-0.21408101124508933,3.8235417091695227,0.5882220965122115,4.449809305548608e-06,0.03481503248319108,0.07096013385847258,5.99969365849984,3.750454286197539,296.0898430981525,0.45553321844809463,248.79790137592812,0.9028572064185519,0.6666666666666666,20.5,5.5,2025.0,2.0,3,0.12205267337209813,durham smythe,2000.0,0.047619047619047616,0.07443362575305051
00-0035298,Scott Miller,WR,PIT,SEA,0.00040667385503128815,0.010203300889933042,0.2574133491703657,0.2625259005211465,0.5613148789490775,0.024286580876157867,0.724745639220803,15.26654000801344,0.5631820496182198,10.79983285496553,0.713432092625826,0.010094513786856243,0.052368070719184756,0.1260768173692112,8.785536788258794,3.79449977666796,222.78507173553064,0.8277211564499929,253.14698316023794,0.8198760461288882,0.75,21.75,-3.0,2025.0,2.0,5,0.1220310577818109,scott miller,900.0,0.1,0.0220310577818109
00-0034365,Ian Thomas,TE,LV,LAC,0.0005404765461942545,0.017295349885647536,0.02484985959117458,0.33546944119570143,0.9581034717812679,0.02279009296324107,1.0753883272157252,9.051505875210571,-1.118926357715769,3.905046840380999,0.9741576622979121,1.1011010603808621e-08,0.06967313716598585,0.14018868573535478,3.387112380640221,2.9612112037370526,252.25445123749932,0.5350337284000957,227.58640237865163,0.8506885349432561,0.5,21.5,3.5,2025.0,2.0,3,0.12200808783700548,ian thomas,1100.0,0.08333333333333333,0.03867475450367215
00-0039410,Ryan Flournoy,WR,DAL,NYG,0.0,0.0,0.15318142294106454,0.2098856685745913,0.8595152815665934,0.019763057662011134,1.620198381134331,14.590164178317295,0.07035065625684724,13.434046154956995,1.508523466101331,0.0,0.05754415688209145,0.1263413279224415,10.520427437582372,2.1911288128992448,268.7162907698592,0.6501318432407148,252.70105874148618,0.8553499465929957,0.6666666666666666,25.0,-5.5,0.0,0.0,4,0.12178465365437507,ryan flournoy,1300.0,0.07142857142857142,0.05035608222580365
00-0039144,Luke Musgrave,TE,GB,WAS,0.00021209820527108903,0.00848392821084356,0.029334437495206114,0.30400810650982263,2.3631150397164697,0.03555598523854653,1.429026285487369,7.891799450854434,-0.11145696971321627,8.747384961138403,1.102933129098783,0.005938749747590494,0.047842909519628704,0.09449828990471915,1.5049359626538208,3.081055440984674,251.93174949911918,0.30295977483228287,200.33758023888853,0.28863258832779465,0.6,26.0,-3.5,2025.0,2.0,2,0.1216768597503243,luke musgrave,850.0,0.10526315789473684,0.016413701855587465
00-0038938,Jalin Hyatt,WR,NYG,DAL,4.092208335590178e-05,0.0011867404173211543,0.007418213604975929,0.3153105500049301,0.40821205772001085,0.02242560087016666,0.8249732409972801,32.90658378593074,-0.9374609118786954,6.270448166018874,0.7873239469545165,0.0,0.05406914474817516,0.2053139809226335,7.66118033331901,2.221101039974721,214.38136207875053,0.26280851448901776,208.73075169948606,1.1040499198172522,0.0,19.5,5.5,2025.0,2.0,4,0.12165943479297317,jalin hyatt,1200.0,0.07692307692307693,0.04473635786989624
00-0036862,Ben Skowronek,WR,PIT,SEA,5.535038855642453e-05,0.002044394502771033,0.3510681003660675,0.17552813613791748,1.6342468241061778,0.01033320449409976,0.8187879064049145,6.798646502261972,1.5633545828152842,13.512014311056094,0.7961021613893318,0.3004932650612147,0.029773879668681214,0.07083495461597765,8.785536788258794,3.79449977666796,222.78507173553064,0.8277211564499929,253.14698316023794,0.8198760461288882,0.75,21.75,-3.0,2025.0,2.0,4,0.12159640684031768,ben skowronek,900.0,0.1,0.021596406840317675
00-0039737,Tip Reiman,TE,ARI,CAR,0.0,0.0,0.0,0.435481820771039,1.1743760339439946,0.006564918126045621,1.6508910339852652,3.3105033303657714,0.5005780589126488,8.1518840763256,1.0732088376640208,0.0,0.04081105689084135,0.07379582182808088,9.296790797488706,3.6841691507811745,259.71144283826516,0.5893207059324621,241.7717231478533,1.3536803255145138,0.6666666666666666,25.5,-6.5,2025.0,2.0,2,0.12151382802862927,tip reiman,600.0,0.14285714285714285,-0.02134331482851358
00-0040739,Elijah Arroyo,TE,SEA,PIT,0.0,0.0,0.0,0.31,1.4,0.0,0.13,5.0,0.3282689992338419,7.0,1.0,0.0,0.0454545454545454,0.0859483156437471,10.934958092529019,2.9614401751978017,201.28228361027212,0.41292273193932366,253.09425709844461,1.2359132532157497,0.3333333333333333,18.75,3.0,2025.0,2.0,2,0.12144951816251456,elijah arroyo,800.0,0.1111111111111111,0.010338407051403459
00-0036628,John Bates,TE,WAS,GB,4.749640195012496e-05,0.0016989529577177056,0.02473871362338743,0.3853613313873651,1.3321741564367438,0.025581707099375788,1.7257445179296407,12.048122191109387,-0.001799843245166495,6.003620420279409,0.5340661424692901,1.4072459561935788e-05,0.032908656520746045,0.07774181731002405,5.381726484482363,2.0441659648450545,184.1605112179014,0.03734687494004666,226.46899479939498,0.9760351948652242,0.75,22.5,3.5,2025.0,2.0,2,0.12139012482634812,john bates,1600.0,0.058823529411764705,0.06256659541458341
00-0040648,Tory Horton,WR,SEA,PIT,0.0,0.0,0.0,0.54,0.0,0.0,0.0,0.0,0.0,0.0,0.0,0.0,0.0,0.0,10.934958092529019,2.9614401751978017,201.28228361027212,0.41292273193932366,253.09425709844461,1.2359132532157497,0.3333333333333333,18.75,3.0,2025.0,2.0,3,0.12103768015799643,tory horton,550.0,0.15384615384615385,-0.032808473688157425
00-0036630,Tylan Wallace,WR,BAL,CLE,0.0,0.0,0.049412847407289066,0.3907957206621036,0.6257083711062116,0.004152324174087148,1.0390005441841,4.006700778186866,0.06665997787385736,6.229736684450843,0.5695028792911775,0.024706423703644533,0.03100454822933405,0.05655967579789952,6.884763532200227,2.123075345032236,222.69789292646917,0.8059282890421425,190.98291846926696,0.7967088609916404,0.1428571428571428,28.5,-11.5,2025.0,2.0,4,0.12101269671997125,tylan wallace,1300.0,0.07142857142857142,0.04958412529139983
00-0036429,Charlie Woerner,TE,ATL,MIN,0.0,0.0,0.004154709237305439,0.5400952972260775,0.5438940674679998,0.004120154404161192,0.8728092468592608,3.4819198521996686,-0.562552960102691,3.3780525003202038,0.5699777854066143,0.0,0.0422869885714239,0.0756444913374613,2.5287524575130136,2.3821896317607685,257.2040240762518,0.10646388510653253,233.67864666606908,0.8671170503113937,0.3333333333333333,20.0,4.5,2025.0,2.0,2,0.12100605278454964,charlie woerner,1300.0,0.07142857142857142,0.04957748135597821
00-0038710,Blake Whiteheart,TE,CLE,BAL,0.0012019446884565578,0.03846223003060985,0.054946042900871225,0.33365313214021497,0.7207599112961934,0.030998058400971088,1.2817516891323089,7.837198278158988,-0.8997200098688984,4.251139737264611,0.7261027867291265,0.03846223003060985,0.030283439329790867,0.06559148515589068,1.5153719030410835,3.5560361051246887,297.6770296301311,0.6893091619990048,258.52060081509967,0.5757713952717999,0.6666666666666666,17.0,11.5,2025.0,2.0,3,0.12066915649503965,blake whiteheart,1800.0,0.05263157894736842,0.06803757754767123
00-0039751,Jordan Whittington,WR,LA,TEN,0.00020552679347326565,0.0059602770107247145,0.4334387046935326,0.337952583392204,1.993557084471627,0.03269629595000013,0.8637609219574001,4.732464206734736,0.8994067702191031,20.34077432565594,0.8944285372662398,0.0,0.03067211893512759,0.06029199372330904,4.0353168183888215,2.146693655342376,182.97348475560392,0.07293698635480722,184.78090752679503,1.1266799862205972,0.6666666666666666,23.5,-5.5,2025.0,2.0,4,0.12062219606464741,jordan whittington,850.0,0.10526315789473684,0.015359038169910577
00-0040735,Luther Burden III,WR,CHI,DET,0.0,0.0,0.0,0.27,0.0,0.0,1.08,-5.0,-0.9794804314151406,-3.0,1.0,0.0,0.0294117647058823,0.030809662267949,5.99969365849984,3.750454286197539,296.0898430981525,0.45553321844809463,248.79790137592812,0.9028572064185519,0.6666666666666666,20.5,5.5,2025.0,2.0,4,0.12021704842506659,luther burden,750.0,0.11764705882352941,0.002569989601537176
00-0039650,Bryce Oliver,WR,TEN,LA,0.0,0.0,0.03677885964814958,0.1375538255995925,0.9129231940002022,0.014341696066792805,0.5448368896229469,12.816858719751371,-0.033689936509103686,10.530305583089916,0.8801234352162046,0.0,0.05289216133268274,0.11295409372197078,5.847400169601213,2.885024848042757,239.9420664356624,0.580247835590987,230.11066071910327,0.7559438799502904,0.0,18.0,5.5,2025.0,2.0,6,0.12016791539681007,bryce oliver,1600.0,0.058823529411764705,0.061344385985045366
00-0040729,Jack Bech,WR,LV,LAC,0.0,0.0,1.0,0.06,1.7692307692307692,0.0,0.84,13.0,2.974110698560253,23.0,1.0,0.0,0.0303030303030303,0.0714545454545454,3.387112380640221,2.9612112037370526,252.25445123749932,0.5350337284000957,227.58640237865163,0.8506885349432561,0.5,21.5,3.5,2025.0,2.0,4,0.12004791086510437,jack bech,850.0,0.10526315789473684,0.014784752970367535
00-0039379,Jamari Thrash,WR,CLE,BAL,0.0,0.0,0.0,0.3370428946596709,0.5888330321822465,0.02975004405294985,1.2646317549354833,10.291029642486201,-0.3843787768906329,2.989032368374853,0.4752778768537792,0.0,0.027296891444889317,0.06843052581811018,1.5153719030410835,3.5560361051246887,297.6770296301311,0.6893091619990048,258.52060081509967,0.5757713952717999,0.6666666666666666,17.0,11.5,2025.0,2.0,3,0.11965546155185552,jamari thrash,800.0,0.1111111111111111,0.00854435044074442
00-0040009,Savion Williams,WR,GB,WAS,0.0,0.0,0.0,0.06,0.0,0.06,1.87,-3.0,-0.3952059173025191,1.0,1.0,0.0,0.0454545454545454,0.0598814229249011,1.5049359626538208,3.081055440984674,251.93174949911918,0.30295977483228287,200.33758023888853,0.28863258832779465,0.6,26.0,-3.5,2025.0,2.0,5,0.11959942102793018,savion williams,1100.0,0.08333333333333333,0.036266087694596855
00-0040705,Chimere Dike,WR,TEN,LA,0.0,0.0,0.0,0.18,0.0,0.03,0.29,20.0,-0.6668139917310327,0.0,0.0,0.0,0.04,0.1076190476190476,5.847400169601213,2.885024848042757,239.9420664356624,0.580247835590987,230.11066071910327,0.7559438799502904,0.0,18.0,5.5,2025.0,2.0,4,0.11924278864383965,chimere dike,1400.0,0.06666666666666667,0.052576121977172985
00-0040727,Tre Harris,WR,LAC,LV,0.0,0.0,0.0,0.08,2.2,0.01,2.54,5.0,0.6570129282772541,11.0,1.0,0.0,0.0294117647058823,0.0543515651874784,6.8161516234978405,3.113031593971403,270.37578768437396,0.4384421975848413,270.62416080172613,0.9176445958325506,0.4,25.0,-3.5,2025.0,2.0,4,0.11906006352102826,tre harris,550.0,0.15384615384615385,-0.0347860903251256
00-0036620,Dee Eskridge,WR,MIA,NE,0.0,0.0,0.0,0.0,0.0,0.0,0.0,0.0,0.0,0.0,0.0,0.0,0.0,0.0,10.623867891178463,3.943964933549361,301.3621771288041,0.08286472573449104,244.70111896775256,0.9402105215702995,1.0,23.0,-1.5,2025.0,2.0,5,0.11887826899802748,dee eskridge,1100.0,0.08333333333333333,0.03554493566469415
00-0040782,Isaiah Bond,WR,CLE,BAL,0.0,0.0,0.0,0.28,0.0,0.0,1.31,-4.0,0.042398058110848,5.0,1.0,0.0,0.0238095238095238,0.0254578754578754,1.5153719030410835,3.5560361051246887,297.6770296301311,0.6893091619990048,258.52060081509967,0.5757713952717999,0.6666666666666666,17.0,11.5,2025.0,2.0,4,0.11870982477341768,isaiah bond,1200.0,0.07692307692307693,0.041786747850340755
00-0036741,Jack Stoll,TE,NO,SF,0.0,0.0,0.002376792258742362,0.4054619773220225,0.4979036479958202,0.0074873784650116414,0.3190350031692853,1.790946869975236,-0.044865232639100194,2.2616967694548005,0.33697057713839407,0.0,0.01870611284837561,0.033650476877987154,6.302397679863302,2.915492534488043,194.40086746396423,0.3869353472774877,201.92066870700515,1.2496739980813951,0.2,19.0,4.5,2025.0,2.0,2,0.11858605740686276,jack stoll,2200.0,0.043478260869565216,0.07510779653729754
00-0040131,Kyle Williams,WR,NE,MIA,0.0,0.0,0.0,0.1,1.0,0.01,1.64,12.0,0.7949473195185419,12.0,1.0,0.0,0.0222222222222222,0.0571293673276676,7.010226574227101,3.0334584837549374,208.1952036798268,0.3649088551791178,252.61138208118254,1.112070337548355,0.3333333333333333,21.5,1.5,2025.0,2.0,5,0.11854972352671221,kyle williams,1400.0,0.06666666666666667,0.051883056860045546
00-0038090,Skyy Moore,WR,SF,NO,0.000463528209477829,0.018047861574171913,0.020776528286471377,0.26042218284190605,0.08649016077536559,0.015565297503955508,0.7582140698571397,6.735742277569443,-0.5627446001864134,2.7449515084884633,0.2811831817365617,0.0014242794640784897,0.03071907220195582,0.06585288731650502,8.995693865132875,2.582192358756367,246.73827496278867,0.21485401927379147,211.8462031517832,1.2106227994909449,0.4,23.5,-4.5,2025.0,2.0,6,0.11822740767588374,skyy moore,1000.0,0.09090909090909091,0.027318316766792833
00-0039530,Brevyn Spann-Ford,TE,DAL,NYG,0.000659290961868028,0.025053056550985067,0.0,0.24799047040568617,0.4492388371762912,0.015457990424171264,0.7754332733742648,10.498805120311562,-0.03559508551198455,3.3791411227730097,0.42955520293247224,0.0,0.02383576879188812,0.05967338822598049,10.520427437582372,2.1911288128992448,268.7162907698592,0.6501318432407148,252.70105874148618,0.8553499465929957,0.6666666666666666,25.0,-5.5,2025.0,2.0,3,0.11806880794254651,brevyn spannford,1100.0,0.08333333333333333,0.03473547460921318
00-0039355,Luke McCaffrey,WR,WAS,GB,0.0004582236469197119,0.01741249858294906,0.02905573888540758,0.18999706162256952,0.2577905362624946,0.017956571171566016,0.8184186546748045,7.737534568121346,-0.7887275095935283,4.545597206046164,0.5547823591201789,0.0,0.028897926906341152,0.06460711844934883,5.381726484482363,2.0441659648450545,184.1605112179014,0.03734687494004666,226.46899479939498,0.9760351948652242,0.75,22.5,3.5,2025.0,2.0,5,0.11796675472517706,luke mccaffrey,1200.0,0.07692307692307693,0.04104367780210014
00-0037306,John FitzPatrick,TE,GB,WAS,0.0,0.0,0.0,0.18802062673542244,1.6732176986044496,0.0,1.2387580685875015,1.57945981032058,-0.23176203468452927,3.346435397208899,0.78972990516029,0.0,0.03306209367805327,0.05405743617946472,1.5049359626538208,3.081055440984674,251.93174949911918,0.30295977483228287,200.33758023888853,0.28863258832779465,0.6,26.0,-3.5,2025.0,2.0,3,0.1179313758828246,john fitzpatrick,2800.0,0.034482758620689655,0.08344861726213494
00-0038359,Xavier Smith,WR,LA,TEN,0.0,0.0,0.301431062510275,0.031112760358753603,0.3264642259553189,0.018127585689691576,0.5963417417357761,10.855690444277407,0.8114863737153344,10.876551413814946,0.30977545032528964,0.0,0.010950825929986332,0.05004509399367733,4.0353168183888215,2.146693655342376,182.97348475560392,0.07293698635480722,184.78090752679503,1.1266799862205972,0.6666666666666666,23.5,-5.5,2025.0,2.0,6,0.11771409979882885,xavier smith,1800.0,0.05263157894736842,0.06508252085146043
00-0037304,Connor Heyward,TE,PIT,SEA,1.4103420139907978e-06,5.1189448714485816e-05,2.0103519415166572e-05,0.14090420480697774,0.3013706599747362,0.0022880838347604055,0.3332797292536248,2.1959124924314315,0.03967553212612266,1.9010940427404466,0.309074057082167,0.012109399160834158,0.01154210016431377,0.022954101296000992,8.785536788258794,3.79449977666796,222.78507173553064,0.8277211564499929,253.14698316023794,0.8198760461288882,0.75,21.75,-3.0,0.0,0.0,4,0.11738166110393775,connor heyward,1500.0,0.0625,0.054881661103937746
00-0036331,Devin Duvernay,WR,CHI,DET,1.4456610309904232e-07,4.501553471920062e-06,0.07203384531926016,0.16351314545935472,0.4383220956068194,0.023374208474654677,0.5076467335048436,8.424316709327371,0.2683510632769974,5.138066774599344,0.6950640315683178,2.9091098647971745e-06,0.026998957332688846,0.06043336781052801,5.99969365849984,3.750454286197539,296.0898430981525,0.45553321844809463,248.79790137592812,0.9028572064185519,0.6666666666666666,20.5,5.5,2025.0,2.0,5,0.11736492852492258,devin duvernay,1600.0,0.058823529411764705,0.05854139911315788
00-0039739,Roman Wilson,WR,PIT,SEA,0.0,0.0,0.0,0.0,0.0,0.0,0.0,0.0,0.0,0.0,0.0,0.0,0.0,0.0,8.785536788258794,3.79449977666796,222.78507173553064,0.8277211564499929,253.14698316023794,0.8198760461288882,0.75,21.75,-3.0,2025.0,2.0,3,0.11732411759236495,roman wilson,900.0,0.1,0.01732411759236495
00-0037311,Ko Kieft,TE,TB,HOU,0.0,0.0,0.0,0.12948085534572334,0.0038377567928353606,0.026639897106440977,0.1359602224666949,0.5178650304138886,0.03371346528761124,0.12191898888246301,0.052517300760959125,0.05076630282924856,0.003461848040884582,0.006513039812706889,8.365365081221865,3.499316994733715,251.82053926656994,0.7304240624017875,237.61080819405473,0.5621338792232066,0.3333333333333333,20.0,2.5,2025.0,2.0,3,0.1172700354027597,ko kieft,900.0,0.1,0.01727003540275969
00-0039686,Colson Yankoff,TE,WAS,GB,0.0,0.0,0.0,0.04107316721358768,0.0,0.0,0.0,0.0,0.0,0.0,0.0,0.0,0.0,0.0,5.381726484482363,2.0441659648450545,184.1605112179014,0.03734687494004666,226.46899479939498,0.9760351948652242,0.75,22.5,3.5,2025.0,2.0,4,0.11722116779555584,colson yankoff,2200.0,0.043478260869565216,0.07374290692599063
00-0035891,Cody White,WR,SEA,PIT,0.0,0.0,0.15127309038741857,0.2122184833743574,0.3803551211952674,0.007228198877782307,0.6305682306319242,6.995765792724557,0.4528963750598176,8.265565153176938,0.6557247658509203,0.0,0.023565482001817493,0.05048731485394018,10.934958092529019,2.9614401751978017,201.28228361027212,0.41292273193932366,253.09425709844461,1.2359132532157497,0.3333333333333333,18.75,3.0,2025.0,2.0,6,0.11720942386040796,cody white,1100.0,0.08333333333333333,0.03387609052707463
00-0040237,Tez Johnson,WR,TB,HOU,0.0,0.0,0.0,0.14,0.0,0.01,1.08,5.0,-0.7956633317517117,0.0,0.0,0.0,0.0333333333333333,0.0604790419161676,8.365365081221865,3.499316994733715,251.82053926656994,0.7304240624017875,237.61080819405473,0.5621338792232066,0.3333333333333333,20.0,2.5,2025.0,2.0,4,0.117140190916543,tez johnson,1300.0,0.07142857142857142,0.045711619487971575
00-0040737,Terrance Ferguson,TE,LA,TEN,0.0,0.0,0.0,0.0,0.0,0.0,0.0,0.0,0.0,0.0,0.0,0.0,0.0,0.0,4.0353168183888215,2.146693655342376,182.97348475560392,0.07293698635480722,184.78090752679503,1.1266799862205972,0.6666666666666666,23.5,-5.5,2025.0,2.0,4,0.11710509187347302,terrance ferguson,1300.0,0.07142857142857142,0.0456765204449016
00-0040590,Konata Mumpfield,WR,LA,TEN,0.0,0.0,0.0,0.0,0.0,0.0,0.0,0.0,0.0,0.0,0.0,0.0,0.0,0.0,4.0353168183888215,2.146693655342376,182.97348475560392,0.07293698635480722,184.78090752679503,1.1266799862205972,0.6666666666666666,23.5,-5.5,2025.0,2.0,5,0.11710509187347302,konata mumpfield,1500.0,0.0625,0.054605091873473025
00-0040187,Mitchell Evans,TE,CAR,ARI,0.0,0.0,0.0,0.0,0.0,0.0,0.0,0.0,0.0,0.0,0.0,0.0,0.0,0.0,5.083626480078469,2.690734288707201,245.85335449697806,0.0395438868852725,230.10046490190405,0.5876574864764863,0.0,19.0,6.5,2025.0,2.0,3,0.11707080151505284,mitchell evans,1300.0,0.07142857142857142,0.04564223008648141
00-0040646,Jalen Royals,WR,KC,PHI,0.0,0.0,0.0,0.0,0.0,0.0,0.0,0.0,0.0,0.0,0.0,0.0,0.0,0.0,-2.011459997098214,1.691143727589463,246.80905123068464,0.2104292555532244,176.5036708780575,0.9378465729144493,0.25,22.5,1.5,2025.0,2.0,4,0.11704660835319267,jalen royals,400.0,0.2,-0.08295339164680735
00-0036497,Tim Jones,WR,MIN,ATL,0.0,0.0,0.050545073072595106,0.20256277032032155,0.3787275624211211,0.003448617647196439,0.513136217136255,5.190387458602977,0.20458185557358385,4.5656606446399195,0.3933841133974177,0.0,0.021313400489435468,0.05180779882014107,9.715887350230378,2.46051786615991,276.5188566712339,0.5457869880375977,221.92943755027446,1.3591625017451143,0.5,24.5,-4.5,0.0,0.0,4,0.11700021406035735,tim jones,850.0,0.10526315789473684,0.011737056165620513
00-0038839,Mitchell Tinsley,WR,CIN,JAX,0.0,0.0,0.0,0.0,0.0,0.0,0.0,0.0,0.0,0.0,0.0,0.0,0.0,0.0,0.5644825735044232,2.904290977853633,285.7516003432199,0.2285490494166984,219.98878537808878,0.5393667612878573,0.6666666666666666,26.25,-3.0,2025.0,2.0,4,0.11699946813204666,mitchell tinsley,1100.0,0.08333333333333333,0.03366613479871333
00-0040432,Beaux Collins,WR,NYG,DAL,0.0,0.0,0.0,0.0,0.0,0.0,0.0,0.0,0.0,0.0,0.0,0.0,0.0,0.0,7.66118033331901,2.221101039974721,214.38136207875053,0.26280851448901776,208.73075169948606,1.1040499198172522,0.0,19.5,5.5,2025.0,2.0,5,0.11686433271301672,beaux collins,1300.0,0.07142857142857142,0.04543576128444529
00-0040241,Dominic Lovett,WR,DET,CHI,0.0,0.0,0.0,0.0,0.0,0.0,0.0,0.0,0.0,0.0,0.0,0.0,0.0,0.0,3.467208176817725,2.7926749820755967,169.55931417923966,0.1745253722306099,206.36426383462063,0.7744592474000106,0.25,26.0,-5.5,2025.0,2.0,5,0.11686102715252794,dominic lovett,1400.0,0.06666666666666667,0.050194360485861275
00-0040563,Efton Chism III,WR,NE,MIA,0.0,0.0,0.0,0.0,0.0,0.0,0.0,0.0,0.0,0.0,0.0,0.0,0.0,0.0,7.010226574227101,3.0334584837549374,208.1952036798268,0.3649088551791178,252.61138208118254,1.112070337548355,0.3333333333333333,21.5,1.5,2025.0,2.0,6,0.11682067842448898,efton chism,1000.0,0.09090909090909091,0.02591158751539807
00-0040134,Pat Bryant,WR,DEN,IND,0.0,0.0,0.0,0.0,0.0,0.0,0.0,0.0,0.0,0.0,0.0,0.0,0.0,0.0,4.649412620659896,2.437460040205099,223.21278303249193,0.24444821050364063,213.11450473434897,1.1210047458008578,0.25,22.5,-2.5,2025.0,2.0,4,0.11681664756402071,pat bryant,1200.0,0.07692307692307693,0.03989357064094379
00-0040075,LaJohntay Wester,WR,BAL,CLE,0.0,0.0,0.0,0.0,0.0,0.0,0.0,0.0,0.0,0.0,0.0,0.0,0.0,0.0,6.884763532200227,2.123075345032236,222.69789292646917,0.8059282890421425,190.98291846926696,0.7967088609916404,0.1428571428571428,28.5,-11.5,2025.0,2.0,6,0.1168149316501107,lajohntay wester,1200.0,0.07692307692307693,0.03989185472703377
00-0040509,Ben Yurosek,TE,MIN,ATL,0.0,0.0,0.0,0.0,0.0,0.0,0.0,0.0,0.0,0.0,0.0,0.0,0.0,0.0,9.715887350230378,2.46051786615991,276.5188566712339,0.5457869880375977,221.92943755027446,1.3591625017451143,0.5,24.5,-4.5,0.0,0.0,4,0.11676879804081125,ben yurosek,1500.0,0.0625,0.05426879804081125
00-0040506,Myles Price,WR,MIN,ATL,0.0,0.0,0.0,0.0,0.0,0.0,0.0,0.0,0.0,0.0,0.0,0.0,0.0,0.0,9.715887350230378,2.46051786615991,276.5188566712339,0.5457869880375977,221.92943755027446,1.3591625017451143,0.5,24.5,-4.5,2025.0,2.0,5,0.11676879804081125,myles price,1200.0,0.07692307692307693,0.03984572111773432
00-0040154,Tai Felton,WR,MIN,ATL,0.0,0.0,0.0,0.0,0.0,0.0,0.0,0.0,0.0,0.0,0.0,0.0,0.0,0.0,9.715887350230378,2.46051786615991,276.5188566712339,0.5457869880375977,221.92943755027446,1.3591625017451143,0.5,24.5,-4.5,2025.0,2.0,4,0.11676879804081125,tai felton,950.0,0.09523809523809523,0.021530702802716017
00-0040244,Moliki Matavao,TE,NO,SF,0.0,0.0,0.0,0.0,0.0,0.0,0.0,0.0,0.0,0.0,0.0,0.0,0.0,0.0,6.302397679863302,2.915492534488043,194.40086746396423,0.3869353472774877,201.92066870700515,1.2496739980813951,0.2,19.0,4.5,2025.0,2.0,3,0.11674256728203375,moliki matavao,2000.0,0.047619047619047616,0.06912351966298613
00-0035021,Ashton Dulin,WR,IND,DEN,0.00032831155126764007,0.0070909716963104006,0.0031601253686576705,0.15383974471471176,0.014320038163648583,0.007966643082023274,0.7103205783785059,5.837838282471378,-0.22234266220460536,0.2872684395943549,0.012825430993866302,0.003937171604912085,0.008046329555776065,0.024669622895195767,3.811986231599921,2.335966342551629,256.2849705314297,0.12292288607734626,211.97516669016215,0.6441218440027848,0.3333333333333333,20.0,2.5,2025.0,2.0,5,0.11660747867526525,ashton dulin,2000.0,0.047619047619047616,0.06898843105621763
00-0034487,Trent Sherfield,WR,DEN,IND,0.00012157330635705303,0.0047916994218684525,6.301219872296456e-05,0.19480802498737596,0.36358167092140514,0.02286295270560046,0.832811609292099,0.6105649325831948,0.16156938390988085,2.7958804593774196,0.5137356164927611,0.014155146944542741,0.014952435514806428,0.02324045530348712,4.649412620659896,2.437460040205099,223.21278303249193,0.24444821050364063,213.11450473434897,1.1210047458008578,0.25,22.5,-2.5,2025.0,2.0,5,0.11658158913052108,trent sherfield,850.0,0.10526315789473684,0.011318431235784243
00-0040582,Arian Smith,WR,NYJ,BUF,0.0,0.0,0.0,0.09,0.0,0.0,0.0,0.0,0.0,0.0,0.0,0.0,0.0,0.0,10.898959027867818,3.6048037652573353,217.11221186593897,0.3008069734607984,242.72581743796871,1.4497474974231948,0.6,19.75,7.0,2025.0,2.0,4,0.11647180702736241,arian smith,1300.0,0.07142857142857142,0.04504323559879099
00-0035602,Alex Bachman,WR,LV,LAC,0.0,0.0,0.0,0.16811074384211783,0.1611924223771205,0.0010919486677159775,0.3925631451152345,3.566501727236762,-0.2587321445196022,3.38504086991953,0.32758460031479314,0.0,0.01850067970265795,0.03704222743406378,3.387112380640221,2.9612112037370526,252.25445123749932,0.5350337284000957,227.58640237865163,0.8506885349432561,0.5,21.5,3.5,0.0,0.0,4,0.11631921452093588,alex bachman,1300.0,0.07142857142857142,0.04489064309236446
00-0036825,Feleipe Franks,TE,ATL,MIN,0.0,0.0,0.0,0.06578598679131539,0.21023964997338562,0.00034919440396836537,0.8918849861013507,6.000788642314966,0.008519817845447033,2.5228757996806275,0.21023964997338562,0.0,0.010384415958778308,0.027240593442918477,2.5287524575130136,2.3821896317607685,257.2040240762518,0.10646388510653253,233.67864666606908,0.8671170503113937,0.3333333333333333,20.0,4.5,2025.0,2.0,4,0.11625919972983316,feleipe franks,2500.0,0.038461538461538464,0.0777976612682947
00-0039648,David Martin-Robinson,TE,TEN,LA,0.0,0.0,0.0,0.1564307093144856,0.0,0.0,0.3325978147199884,0.0,0.05367266626819589,0.7421297464930944,0.12368829108218239,0.0,0.006453811400216144,0.009680717100324211,5.847400169601213,2.885024848042757,239.9420664356624,0.580247835590987,230.11066071910327,0.7559438799502904,0.0,18.0,5.5,2025.0,2.0,3,0.11614694968126262,david martinrobinson,1600.0,0.058823529411764705,0.05732342026949791
00-0038576,Charlie Jones,WR,CIN,JAX,0.0,0.0,0.017314139205803186,0.038413986352397844,0.0520993283168298,0.001489400248382919,0.06428206539056207,0.942317614682638,0.06732150319193407,1.028957567268477,0.0980364555732305,0.0,0.0034089008094531424,0.01025578442398665,0.5644825735044232,2.904290977853633,285.7516003432199,0.2285490494166984,219.98878537808878,0.5393667612878573,0.6666666666666666,26.25,-3.0,2025.0,2.0,5,0.11609550933308822,charlie jones,1400.0,0.06666666666666667,0.04942884266642156
00-0031763,DeAndre Carter,WR,CLE,BAL,0.00011419470896048737,0.005935750802843882,6.606267105557268e-06,0.02343021134685615,0.08485565234417569,0.007898661598267668,0.07180440208885303,1.0447042009959506,-0.012128545229159097,0.7143648710903595,0.11049222738571973,8.474424975099986e-07,0.004631027605273102,0.009506772508012308,1.5153719030410835,3.5560361051246887,297.6770296301311,0.6893091619990048,258.52060081509967,0.5757713952717999,0.6666666666666666,17.0,11.5,2025.0,2.0,5,0.11600611459040273,deandre carter,900.0,0.1,0.01600611459040273
00-0035645,Gunner Olszewski,WR,NYG,DAL,0.0,0.0,0.0003425347305566225,0.01685110054554221,0.0021498631445834478,8.535381851362975e-05,0.015896502380418266,0.032752979712610285,-0.02586839073298947,0.025646188629394398,0.007507275641971055,1.1011010481496759e-08,0.0003119519137894353,0.0005329492953059869,7.66118033331901,2.221101039974721,214.38136207875053,0.26280851448901776,208.73075169948606,1.1040499198172522,0.0,19.5,5.5,2025.0,2.0,6,0.1159365595813179,gunner olszewski,1700.0,0.05555555555555555,0.06038100402576235
