player_id,player_display_name,position,team,opponent_team,avg_endzone_target_share,avg_endzone_targets,avg_explosive_receiving_plays,avg_offense_snap_share,avg_racr,avg_receiving_air_yards,avg_receiving_epa,avg_receiving_yards,avg_receptions,avg_scored_touchdown,avg_target_share,avg_wopr,passing_tds_allowed_to_WR,passing_tds_allowed_to_TE,avg_explosive_receiving_plays_allowed,avg_receiving_air_yards_allowed,avg_receiving_yards_allowed,avg_receiving_epa_allowed,redzone_td_rate,implied_total,spread_line,season,week,depth_chart_rank,predicted_touchdown_probability,merge_name,price,market_implied_prob,model_edge
00-0038543,Jaxon Smith-Njigba,WR,SEA,ARI,0.009937594566756488,0.32440671709132407,2.164261564662477,0.7760347037885271,1.059058793860694,121.1622392349971,6.4924358783763605,122.15142154476125,7.434140710149176,0.526262735757286,0.3914711644169772,0.9212795982903149,0.5659855209385304,0.4322866091237179,2.5718553388324787,276.7761488122506,233.29974831667087,4.646417404637642,0.4,26.0,-6.5,2025.0,10.0,1,0.5637420710457733,jaxon smithnjigba,-110.0,0.5238095238095238,0.039932547236249505
00-0036963,Amon-Ra St. Brown,WR,DET,WAS,0.022454033248558027,0.7903031282955251,0.7877379144984112,0.8997184547939253,1.091429689094387,82.66249853146084,3.3999782098885594,82.89292081362288,7.796912391546528,0.3988477803552527,0.34620717360661457,0.8347705975696678,1.5266804843382515,0.8965923181291315,4.705963684872445,219.99778814444258,286.4003408089876,13.457302362742375,0.2,29.0,-8.5,2025.0,10.0,1,0.47476943006690636,amonra st brown,-150.0,0.6,-0.12523056993309362
00-0031381,Davante Adams,WR,LA,SF,0.06370906406008046,2.0367999637579834,1.2542356715795875,0.7125849007831305,0.5703272825360445,106.55930041800296,2.469154323844384,56.8923642355317,4.77031472719265,0.7079968419551788,0.2568753735409527,0.6295616822564597,1.1439900891381358,0.43272804276920623,2.596010622783091,277.1116029515716,245.0087080588283,9.258557503302262,0.6666666666666666,27.75,-6.0,2025.0,10.0,2,0.4346029564967255,davante adams,-135.0,0.574468085106383,-0.13986512860965755
00-0039075,Puka Nacua,WR,LA,SF,0.012521334449010596,0.3990024456302515,1.0993787919097966,0.6644213756689817,1.3039227157343984,89.37655047505298,6.062123606253144,89.97276146109469,7.573562603697214,0.6184979852396137,0.27375111934222146,0.6247747959430827,1.1439900891381358,0.43272804276920623,2.596010622783091,277.1116029515716,245.0087080588283,9.258557503302262,0.6666666666666666,27.75,-6.0,2025.0,10.0,1,0.43282458320927397,puka nacua,-155.0,0.6078431372549019,-0.17501855404562794
00-0036252,Michael Pittman,WR,IND,ATL,0.011104714254698347,0.3539696006099216,0.5925093009330118,0.8515326452925482,1.1186155776292543,76.5116964630081,3.6625005002882793,77.50268571378392,6.869110070890801,0.5411097485605902,0.2513438510462538,0.5372842761103815,1.275992876417467,0.14784790534894252,2.078995626505091,218.25223427795945,202.80702707884646,7.063947414738127,1.0,27.5,-6.5,2025.0,10.0,1,0.42343450606525107,michael pittman,175.0,0.36363636363636365,0.059798142428887424
00-0039065,Sam LaPorta,TE,DET,WAS,0.006410896691267928,0.19204852624744453,0.7868331289874203,0.9573894724295167,1.7354993649871961,35.615781513020096,5.13495288707515,60.53045254438823,4.670213089948535,0.575948507638657,0.19110273383466095,0.4225591220559696,1.5266804843382515,0.8965923181291315,4.705963684872445,219.99778814444258,286.4003408089876,13.457302362742375,0.2,29.0,-8.5,2025.0,10.0,1,0.40549141095169416,sam laporta,145.0,0.40816326530612246,-0.0026718543544282936
00-0039064,Zay Flowers,WR,BAL,MIN,0.0017397888967837188,0.0358573053795097,0.8276230493618302,0.8567351914679951,1.2454727550140792,63.27107897412787,1.5299209204569229,61.43264567529688,5.564947869083009,0.027913056086889154,0.2860729496824463,0.644305036302412,1.3044408176964624,0.7749887587332327,2.4617292595909164,218.31235175998265,245.81716587113152,10.237602855694076,1.0,26.0,-3.5,2025.0,10.0,1,0.37692392836644145,zay flowers,135.0,0.425531914893617,-0.04860798652717557
00-0040129,Emeka Egbuka,WR,TB,NE,0.04055709722162167,1.2552644898643448,1.2138612664255104,0.7838887395993084,0.543409606619011,113.12555225781398,-0.2750414241254768,60.72081699535648,3.8042578548595203,0.24930280032623475,0.27076632042043947,0.7099853085649003,1.3405569555495915,0.5256189865377909,2.7451735899288985,241.62335799074282,215.40943520326405,1.7063488848184059,0.3333333333333333,25.5,-2.5,2025.0,10.0,1,0.373837771964029,emeka egbuka,105.0,0.4878048780487805,-0.11396710608475147
00-0037238,Drake London,WR,ATL,IND,0.04204626011383308,1.5151304262311929,1.5025424073185518,0.9417758340399247,0.7575573587104667,128.8099297494247,3.0147068576558063,96.15155664598697,7.195216098537038,0.5863192833863581,0.363063285576745,0.8567487224142469,0.6974939727959736,0.7986982428835981,3.048560700772346,256.7124605783851,270.39337714007104,4.022341348923192,0.75,21.0,6.5,2025.0,10.0,1,0.37015559176629753,drake london,135.0,0.425531914893617,-0.05537632312731949
00-0036912,DeVonta Smith,WR,PHI,GB,0.02109422722687689,0.4941985423827528,1.3378164714371594,0.9081905656787118,1.040387279985752,98.16563442704705,5.997030408826842,94.40031074712819,6.209516156494017,0.296832065059149,0.3400746142004715,0.830084605617021,0.7826353952484881,0.5073003757428777,2.009760557118639,208.64688088899257,195.98508753840764,4.439088826457888,0.6,22.0,1.5,2025.0,10.0,2,0.361476435289846,devonta smith,215.0,0.31746031746031744,0.04401611782952858
00-0039915,Ladd McConkey,WR,LAC,PIT,0.02440681521888925,0.9321731199794673,0.7825751180182081,0.7284196458920325,0.9830867017181376,76.65914996767067,1.2228826471639147,66.2897052958878,5.52740407860558,0.39832362376954306,0.2651848824918225,0.5958170662605686,1.0131074708293046,0.7371426625429524,3.589633432620296,305.941537469126,321.1935648773629,10.319945596714707,0.75,24.25,-3.0,2025.0,10.0,1,0.35668499684640914,ladd mcconkey,180.0,0.35714285714285715,-0.0004578602964480094
00-0037816,Romeo Doubs,WR,GB,PHI,0.02931813831308221,1.0431384662690637,1.1314948550909603,0.8590887802885795,0.7107490063922809,100.78745285323643,2.3991298311313844,63.36224029388858,5.046200646493003,0.11691134453379369,0.24380239014352087,0.6627895963908049,0.3819813980197652,0.12022975404060637,3.2338590578850295,287.6201469477674,229.0319311625931,5.479862603117346,0.2,23.5,-1.5,2025.0,10.0,1,0.35385444412281475,romeo doubs,180.0,0.35714285714285715,-0.003288413020042402
00-0037664,Alec Pierce,WR,IND,ATL,0.0049103166052407035,0.16423988578871246,1.3257440197153998,0.8306067941049188,0.5435845860181955,160.63463359270568,2.7390152465848527,82.51295525297785,3.8991614946865645,0.054226326969390774,0.21605665165974255,0.6735564948894023,1.275992876417467,0.14784790534894252,2.078995626505091,218.25223427795945,202.80702707884646,7.063947414738127,1.0,27.5,-6.5,2025.0,10.0,2,0.34998551923618487,alec pierce,270.0,0.2702702702702703,0.07971524896591459
00-0036322,Justin Jefferson,WR,MIN,BAL,0.03604430644231617,1.0157519721106363,1.1021556395545007,0.9451788276989307,0.8647446825445327,91.32319853175021,0.7685991533024217,75.72316929055343,6.260310848405615,0.3441007145797271,0.33309317885084866,0.7938779430729777,0.7608229502176334,0.2037675735200119,3.4903409642122702,269.80905190126856,250.84896971570691,7.9144949260934725,0.6,22.5,3.5,2025.0,10.0,1,0.3488396544323685,justin jefferson,125.0,0.4444444444444444,-0.09560479001207595
00-0035676,A.J. Brown,WR,PHI,GB,0.009804657090013637,0.2686269448713917,1.4136669903886698,0.9356246249045875,0.7632209206067982,99.24727049684824,5.167459232222146,75.48990929254931,4.562217308109163,0.4318789844307997,0.28255004638185666,0.6891135830012636,0.7826353952484881,0.5073003757428777,2.009760557118639,208.64688088899257,195.98508753840764,4.439088826457888,0.6,22.0,1.5,2025.0,10.0,1,0.34299989630823985,aj brown,160.0,0.38461538461538464,-0.04161548830714479
00-0038544,Quentin Johnston,WR,LAC,PIT,0.033595006540602095,1.2200826449196487,1.0746316859835356,0.79474262073129,0.8679878165757583,72.97379086040314,1.1182451052578477,57.616672953966216,4.332251926341522,0.7181068539522999,0.19809945265050824,0.4695063469084589,1.0131074708293046,0.7371426625429524,3.589633432620296,305.941537469126,321.1935648773629,10.319945596714707,0.75,24.25,-3.0,2025.0,10.0,3,0.3405963481573647,quentin johnston,180.0,0.35714285714285715,-0.016546508985492425
00-0034827,DJ Moore,WR,CHI,NYG,0.02227307407157819,0.7504327812814758,0.7436303723758403,0.862700057924279,1.300974625103523,57.78600771516395,2.030581027930026,58.57402856091425,3.9498319357534766,0.37310762413999565,0.18998193225845666,0.42918386312076945,0.9134675022746926,0.5603788070004588,3.1428891857173076,224.96880671746356,237.42717965133974,9.581591400549282,0.5,25.5,-4.5,2025.0,10.0,2,0.3379622861885417,dj moore,175.0,0.36363636363636365,-0.025674077447821964
00-0038933,Dalton Kincaid,TE,BUF,MIA,0.005532879082566929,0.16941519969334917,1.480036215764916,0.388689687645187,1.3310447553522113,45.25687719215541,5.130409237236324,64.65876986396047,3.958874712478853,0.515105717049957,0.18424811710453215,0.46511056191916733,0.6741669219396892,1.0636556693324573,2.687506825006088,202.0934494436867,195.1674472803296,7.491493912113338,0.75,30.0,-9.5,2025.0,10.0,1,0.3331635540121639,dalton kincaid,205.0,0.32786885245901637,0.0052947015531475405
00-0037744,Trey McBride,TE,ARI,SEA,0.04255935351699035,1.5014494821768594,0.253254112349776,0.8936898228061281,0.8811913653963376,75.10751545616816,3.412104948871062,61.473147848963244,6.8646060968432145,0.7378921644246205,0.30582728545905397,0.6576995947090631,0.6746450178657114,0.11858739643462564,2.7700984729576397,251.82444853322957,224.74898109527305,5.86604633879075,0.75,19.5,6.5,2025.0,10.0,1,0.32373531035610015,trey mcbride,150.0,0.4,-0.07626468964389987
00-0040124,Tetairoa McMillan,WR,CAR,NO,0.03639176394007453,0.8194574644746254,0.3714739883360349,0.8859822505371517,0.7432271114182105,76.93098919614238,2.1661319912083443,58.51132918706234,4.5789343731738485,0.10722699605874514,0.30136385239323554,0.7598049633843929,1.4242066852512827,0.531573196651637,2.9633126309195124,246.85481650243761,220.7781810477561,9.652507971734261,0.6666666666666666,22.0,-5.5,2025.0,10.0,1,0.3214990694931132,tetairoa mcmillan,160.0,0.38461538461538464,-0.06311631512227145
00-0037261,Khalil Shakir,WR,BUF,MIA,0.0007393713869023905,0.023487329208860788,0.6262059196333726,0.5826954289822714,15.933258210011283,17.534820749254404,1.152005662152608,52.509772674497796,5.40080557728061,0.347223990043505,0.2643745283498326,0.4460887534579589,0.6741669219396892,1.0636556693324573,2.687506825006088,202.0934494436867,195.1674472803296,7.491493912113338,0.75,30.0,-9.5,2025.0,10.0,2,0.3149198969822635,khalil shakir,225.0,0.3076923076923077,0.007227589289955816
00-0040128,Tyler Warren,TE,IND,ATL,0.009632107842109442,0.32438448710972234,0.7812697452612631,0.8251061595872637,2.50401053075382,27.080886231184948,2.1215979625888055,48.83242460955095,4.5968964330802216,0.3880085443097163,0.17871559670150988,0.3389874195778003,1.275992876417467,0.14784790534894252,2.078995626505091,218.25223427795945,202.80702707884646,7.063947414738127,1.0,27.5,-6.5,2025.0,10.0,1,0.31447419039784325,tyler warren,155.0,0.39215686274509803,-0.07768267234725479
00-0040189,Oronde Gadsden II,TE,LAC,PIT,0.012923120329198828,0.37944350417595807,1.308675014768772,0.724922376904289,1.5578634290236053,49.63241434030586,4.462320133690656,77.49604471529699,5.065839135954105,0.389039037615498,0.16913544726029875,0.37363360549121116,1.0131074708293046,0.7371426625429524,3.589633432620296,305.941537469126,321.1935648773629,10.319945596714707,0.75,24.25,-3.0,2025.0,10.0,1,0.3054831302543009,oronde gadsden,175.0,0.36363636363636365,-0.05815323338206274
00-0038117,Wan'Dale Robinson,WR,NYG,CHI,0.004164117333256766,0.11392884871245598,0.7033074186633814,0.9454431712119743,0.9603143764368122,61.52985171505675,1.0118247307704182,56.68932050982358,5.938335205646012,0.13632696206618453,0.2751170945779906,0.571122505861889,1.6551798491981597,0.6625676148622941,5.134846293276361,277.24015142771196,287.956756293116,11.605496993811343,0.5,21.0,4.5,2025.0,10.0,1,0.30497780318932344,wandale robinson,225.0,0.3076923076923077,-0.002714504502984272
00-0039849,Marvin Harrison Jr.,WR,ARI,SEA,0.021862981984979053,0.7260502090313286,1.213245651382575,0.7217286417651627,0.8355409706820013,90.19985315380653,4.676970800160599,68.93570106540982,4.262909121638715,0.4194827434542309,0.21678583201305315,0.5780462345117232,0.6746450178657114,0.11858739643462564,2.7700984729576397,251.82444853322957,224.74898109527305,5.86604633879075,0.75,19.5,6.5,2025.0,10.0,1,0.30443477728014307,marvin harrison,185.0,0.3508771929824561,-0.046442415702313056
00-0036613,Jaylen Waddle,WR,MIA,BUF,0.0077280256282875135,0.24772705902596978,1.301776147704025,0.7980477605150067,0.9036993779374077,87.93727610764826,4.945115703859191,73.29508793238165,4.72710082582884,0.3459839241654235,0.2186231544276791,0.6395831259561027,0.4392649403270309,0.06006744773448068,3.900471090725134,260.88888632967144,215.94792088703153,4.9755284087198755,0.0,20.5,9.5,2025.0,10.0,1,0.3040245733141664,jaylen waddle,155.0,0.39215686274509803,-0.08813228943093165
00-0038994,Jordan Addison,WR,MIN,BAL,0.01966159976175152,0.7108026233177452,0.9774029787388154,0.8862220523649251,0.6531713993903935,92.99488048540537,3.122651392649468,59.14185706635924,4.082303244817462,0.3979632535713067,0.19202311403363606,0.5304082462172534,0.7608229502176334,0.2037675735200119,3.4903409642122702,269.80905190126856,250.84896971570691,7.9144949260934725,0.6,22.5,3.5,2025.0,10.0,2,0.29664053034956656,jordan addison,185.0,0.3508771929824561,-0.054236662632889565
00-0036554,Nico Collins,WR,HOU,JAX,0.012925026049904368,0.3531096142273629,0.8344562496440003,0.7001084327116098,0.6362667450286625,104.24173272713628,1.3088773450268518,59.74432939408072,5.187876279700139,0.31163031476283554,0.24268046363085546,0.6071314467603701,1.3347242720691328,1.3037519969803837,3.3295606504774535,288.6921645201456,261.355796327663,8.476224447545004,0.0,18.0,1.5,2025.0,10.0,1,0.2955851279401975,nico collins,150.0,0.4,-0.10441487205980254
00-0037239,Chris Olave,WR,NO,CAR,0.018366804412696325,0.5827415011024007,1.2294687112158476,0.8574777497286061,0.816115247305593,93.1361504433023,1.3786970622961385,66.19943487435233,5.3582150502213235,0.20054914560484477,0.24233233222258851,0.5857610306912617,0.5380942669420608,0.2593241659488003,3.023282000045922,253.40837055385472,228.03332021374462,8.69184221208624,0.3333333333333333,16.5,5.5,2025.0,10.0,1,0.2950725692969059,chris olave,290.0,0.2564102564102564,0.03866231288664951
00-0030279,Keenan Allen,WR,LAC,PIT,0.014968496754300427,0.650968980031149,0.6105454560703734,0.47980577151247394,0.7464061510016681,74.10382767824375,2.0103011399050525,55.02041670100612,4.7752357976839495,0.2381190932317891,0.21437038567176925,0.5088574780082912,1.0131074708293046,0.7371426625429524,3.589633432620296,305.941537469126,321.1935648773629,10.319945596714707,0.75,24.25,-3.0,2025.0,10.0,2,0.28997313931246943,keenan allen,190.0,0.3448275862068966,-0.054854446894427145
00-0037740,Garrett Wilson,WR,NYJ,CLE,0.01041831688162559,0.32000651362719135,0.5597539728277348,0.926434923186445,0.786500796376268,75.0185799660717,0.2178800236472044,54.926321826935386,5.33434235112572,0.5506041803173416,0.3528743613438254,0.8116923032862826,1.2007512005507663,0.6666926600942624,3.7671604838873978,237.93667548343439,223.8498550624937,5.188695195939143,0.5,18.0,1.5,2025.0,10.0,1,0.289539850902221,garrett wilson,210.0,0.3225806451612903,-0.033040794259069306
00-0039919,Rome Odunze,WR,CHI,NYG,0.016007109134019742,0.5598003921259802,1.1255731071317523,0.9439266932652772,0.4251544234804274,86.37410033483363,1.0324849810066916,47.27686758373653,2.949396724659893,0.18674671480766283,0.1955758648975241,0.514522664200188,0.9134675022746926,0.5603788070004588,3.1428891857173076,224.96880671746356,237.42717965133974,9.581591400549282,0.5,25.5,-4.5,2025.0,10.0,1,0.2829537569662068,rome odunze,155.0,0.39215686274509803,-0.10920310577889125
00-0037240,Jameson Williams,WR,DET,WAS,0.0004775959692109218,0.018746545720440606,0.6745498040320842,0.8690468017936126,0.9249073323202356,59.79572698973017,1.817672809926037,43.68520727498219,2.88305992721547,0.5112112672403701,0.15708147035502745,0.4335001433337595,1.5266804843382515,0.8965923181291315,4.705963684872445,219.99778814444258,286.4003408089876,13.457302362742375,0.2,29.0,-8.5,2025.0,10.0,2,0.2788441159385751,jameson williams,155.0,0.39215686274509803,-0.11331274680652292
00-0038997,Josh Downs,WR,IND,ATL,0.01256905310185298,0.5051842497663159,0.08153052614102176,0.6032752732714047,1.1070028910378933,41.71406287892609,2.304960144978015,45.95337740636985,4.896711364752688,0.6701120586548907,0.18301147567667952,0.3722516842329578,1.275992876417467,0.14784790534894252,2.078995626505091,218.25223427795945,202.80702707884646,7.063947414738127,1.0,27.5,-6.5,2025.0,10.0,3,0.27095229034596036,josh downs,295.0,0.25316455696202533,0.017787733383935023
00-0040126,Colston Loveland,TE,CHI,NYG,0.014858048043576929,0.5557700537364257,0.7323414690440985,0.6634936653656199,1.1629457134555334,43.17786864799781,4.362086130044607,55.24612211445006,3.508346848898219,0.32692356102142694,0.1495687293941423,0.3319598655264745,0.9134675022746926,0.5603788070004588,3.1428891857173076,224.96880671746356,237.42717965133974,9.581591400549282,0.5,25.5,-4.5,2025.0,10.0,1,0.27014905855921534,colston loveland,250.0,0.2857142857142857,-0.01556522715507036
00-0038129,Cade Otton,TE,TB,NE,0.0014430696346148474,0.04743289961669364,0.9141590509762343,0.9582072442008692,1.517847206338401,31.65453298892014,0.9848895757343025,46.795031451876504,4.462243122943062,0.008532030317574652,0.18487209753355355,0.3613316726736846,1.3405569555495915,0.5256189865377909,2.7451735899288985,241.62335799074282,215.40943520326405,1.7063488848184059,0.3333333333333333,25.5,-2.5,2025.0,10.0,1,0.2655206862710522,cade otton,190.0,0.3448275862068966,-0.07930689993584439
00-0031588,Stefon Diggs,WR,NE,TB,0.0028280287331971005,0.08575590056915088,0.7685222176568625,0.5631099783750287,1.0723261464831937,49.07214543209396,3.1491314062971583,48.13443304338528,4.42133205691766,0.520034270630037,0.2176484360672479,0.47101879389646434,0.6228542708098052,0.35374318341152583,3.066431605190131,286.7161178722203,263.6898482315036,-1.039881676874591,0.75,23.0,2.5,2025.0,10.0,1,0.2608579668437308,stefon diggs,165.0,0.37735849056603776,-0.11650052372230696
00-0036970,Kyle Pitts,TE,ATL,IND,0.008976579344214374,0.32828723574786695,0.6697321875260158,0.8648238962567872,1.4174878145433496,52.85124356457525,-1.0198027223612791,45.866027111318225,5.441632268895761,0.08492166482702604,0.22020758879287616,0.4540103999014842,0.6974939727959736,0.7986982428835981,3.048560700772346,256.7124605783851,270.39337714007104,4.022341348923192,0.75,21.0,6.5,2025.0,10.0,1,0.25701124441371287,kyle pitts,260.0,0.2777777777777778,-0.02076653336406492
00-0036259,Jauan Jennings,WR,SF,LA,0.016467238111664718,0.44332590005058503,0.6298279425349136,0.7993121193875176,0.6721593079226382,65.08263759494002,-0.4857876167053623,38.4974672907546,3.6666474947743177,0.35878722998802726,0.2109089682755871,0.5119650094182467,0.7804219290725903,0.5011069043266104,3.0241523018431686,297.55244022186275,226.1259808860592,0.7091512221225452,0.8,21.75,6.0,2025.0,10.0,1,0.25325051734972287,jauan jennings,235.0,0.29850746268656714,-0.04525694533684427
00-0035640,DK Metcalf,WR,PIT,LAC,0.028003010932207865,0.9441892855991176,0.9691446036807188,0.8802212211918115,1.0166325165825405,56.81068571055117,1.8030537844160912,46.87136454427763,3.4108292051807934,0.49790046693531276,0.18289194429920988,0.4702671197287893,0.5133652011692929,0.33116462972514527,2.1503362030851423,199.89642811748368,186.3298535001884,4.232988249359855,0.5,21.25,3.0,2025.0,10.0,1,0.25252324440067575,dk metcalf,160.0,0.38461538461538464,-0.1320921402147089
00-0037545,Rashid Shaheed,WR,NO,CAR,0.0025946354527489903,0.08234897326898287,0.428655146990757,0.7614893366417037,0.6400735431482094,101.1589021241972,-1.7707762257706932,60.82769892882039,5.349114740559532,0.11246115480394843,0.2728558509609338,0.6666031426128117,0.5380942669420608,0.2593241659488003,3.023282000045922,253.40837055385472,228.03332021374462,8.69184221208624,0.3333333333333333,16.5,5.5,2025.0,10.0,2,0.25063130322796434,rashid shaheed,190.0,0.3448275862068966,-0.09419628297893223
00-0034351,Dallas Goedert,TE,PHI,GB,0.004785975425119435,0.14647344010258928,0.4351615286463108,0.7811089732565559,1.5576373741741847,38.721777749327686,2.9444806415781146,39.74017189148483,4.058420700874337,0.6961545194489613,0.19153890417420222,0.38821410539842216,0.7826353952484881,0.5073003757428777,2.009760557118639,208.64688088899257,195.98508753840764,4.439088826457888,0.6,22.0,1.5,2025.0,10.0,1,0.24114507504958316,dallas goedert,225.0,0.3076923076923077,-0.06654723264272455
00-0034383,Dalton Schultz,TE,HOU,JAX,0.0017728913897765374,0.06773851353514791,0.5646324991608298,0.7117771692996084,1.4554899879254741,39.51326091804192,2.5496446844125176,56.35284191698013,5.031352892372817,0.012640443169921155,0.1737741202069554,0.354486003815967,1.3347242720691328,1.3037519969803837,3.3295606504774535,288.6921645201456,261.355796327663,8.476224447545004,0.0,18.0,1.5,2025.0,10.0,1,0.23574684586136527,dalton schultz,290.0,0.2564102564102564,-0.02066341054889112
00-0034753,Mark Andrews,TE,BAL,MIN,0.019809022241834832,0.48194870990931094,0.5951134354624296,0.6169902995260539,0.8640055743774268,35.27835818866455,2.4647319929147753,29.353994674785806,3.092131167732429,0.40426793793687515,0.15715953277357225,0.35406303141534773,1.3044408176964624,0.7749887587332327,2.4617292595909164,218.31235175998265,245.81716587113152,10.237602855694076,1.0,26.0,-3.5,2025.0,10.0,1,0.23274322441198123,mark andrews,135.0,0.425531914893617,-0.1927886904816358
00-0040663,Harold Fannin Jr.,TE,CLE,NYJ,0.003308935356715082,0.10919486677159772,0.2196641936310868,0.7710602168941142,1.6229268849747487,39.927715067487675,0.608985631206157,48.43687640538649,5.014411366606231,0.4275472480299002,0.21347425075625134,0.4561578700450685,0.7701459735879893,0.5547665560205284,2.0639264150521806,198.13578613603568,208.4965141850795,6.760187058975489,0.6666666666666666,19.5,-1.5,2025.0,10.0,2,0.2293523286609327,harold fannin,320.0,0.23809523809523808,-0.00874290943430539
00-0035719,Deebo Samuel Sr.,WR,WAS,DET,0.00665370179179407,0.17572767685665183,0.3272430420783884,0.7247912605446917,3.3271388913344224,30.337538883930588,-0.6504546858053458,37.85784172757832,4.677820960844106,0.26507318920051676,0.2585768292207247,0.4876773377520322,1.4550645732345586,0.4383571193320398,2.6284888374217914,306.49874966545826,210.91020480928339,-1.2671681805137816,1.0,20.5,8.5,2025.0,10.0,2,0.22334481038601778,deebo samuel,190.0,0.3448275862068966,-0.1214827758208788
00-0035208,Olamide Zaccheaus,WR,CHI,NYG,0.0011124598583284611,0.03790842926048424,0.04427952167786388,0.6148295782357774,1.1507121945624819,36.94792912900136,1.1179348656325285,36.669713490086295,4.668248846312792,0.32060284368626796,0.1909455647577292,0.37890130513943415,0.9134675022746926,0.5603788070004588,3.1428891857173076,224.96880671746356,237.42717965133974,9.581591400549282,0.5,25.5,-4.5,2025.0,10.0,3,0.22160288744989678,olamide zaccheaus,390.0,0.20408163265306123,0.017521254796835556
00-0039847,Theo Johnson,TE,NYG,CHI,0.006524373151038158,0.2520743599239116,0.26664306240201396,0.8792560303150687,0.8847411973341337,37.37153679089254,0.9216983457529481,30.943059981420088,3.0557399077894,0.5740614427954472,0.18053420359854266,0.3823424568122523,1.6551798491981597,0.6625676148622941,5.134846293276361,277.24015142771196,287.956756293116,11.605496993811343,0.5,21.0,4.5,2025.0,10.0,1,0.21902482792159944,theo johnson,225.0,0.3076923076923077,-0.08866747977070827
00-0033885,David Njoku,TE,CLE,NYJ,0.020346350501925427,0.7175603067644396,0.38433881258409036,0.6884949853460087,1.5413921245831466,37.91814409814391,-0.827956029083345,38.38634878673984,4.151735505444088,0.4821409379558705,0.1702109473804496,0.3626090493835212,0.7701459735879893,0.5547665560205284,2.0639264150521806,198.13578613603568,208.4965141850795,6.760187058975489,0.6666666666666666,19.5,-1.5,2025.0,10.0,1,0.21607236246280292,david njoku,330.0,0.23255813953488372,-0.016485777072080793
00-0038606,Parker Washington,WR,JAX,HOU,0.00915034780091593,0.32930700569724275,0.6083581731746018,0.6833077241231506,0.7128419441319097,92.04062184049484,0.7078163527354098,50.13780894445758,4.294147440031323,0.13525808018982846,0.1846006518994444,0.45432069344497195,0.5638835421297118,0.48015356236225404,2.605769901579394,315.7050850369213,188.28943428125535,-1.6127565976927363,0.6,19.5,-1.5,2025.0,10.0,3,0.21564580016223228,parker washington,230.0,0.30303030303030304,-0.08738450286807076
00-0033908,Cooper Kupp,WR,SEA,ARI,0.008610191882852057,0.2334017483263478,0.782455350417474,0.754278619868642,1.9528825319733587,33.13716839648192,1.5201901413471317,39.72320158931607,2.81931545056329,0.22774589384757382,0.14237140961118594,0.2978922429893482,0.5659855209385304,0.4322866091237179,2.5718553388324787,276.7761488122506,233.29974831667087,4.646417404637642,0.4,26.0,-6.5,2025.0,10.0,3,0.215592617897905,cooper kupp,235.0,0.29850746268656714,-0.08291484478866215
00-0033288,George Kittle,TE,SF,LA,0.008497593167844793,0.27799963146025153,0.3830132893432602,0.7732685468840372,1.310135891470686,28.55071929250387,2.6212592213194394,38.97419103552897,3.6441013936730706,0.3368079453112767,0.15239681912306666,0.3158974482571722,0.7804219290725903,0.5011069043266104,3.0241523018431686,297.55244022186275,226.1259808860592,0.7091512221225452,0.8,21.75,6.0,2025.0,10.0,1,0.2111213532715013,george kittle,145.0,0.40816326530612246,-0.19704191203462115
00-0039901,Keon Coleman,WR,BUF,MIA,0.009151221367897259,0.2971493477681589,0.1619151373603963,0.7249590331942657,1.0395947867628006,39.37580289448354,-0.2959215579408469,25.4095382283745,2.876041024590623,0.14418508839345578,0.1610234123980018,0.3704366593840319,0.6741669219396892,1.0636556693324573,2.687506825006088,202.0934494436867,195.1674472803296,7.491493912113338,0.75,30.0,-9.5,2025.0,10.0,1,0.21107093753083395,keon coleman,240.0,0.29411764705882354,-0.08304670952798959
00-0036550,Rashod Bateman,WR,BAL,MIN,0.02605141241028499,0.6047844750741279,0.3862650830004091,0.7098930734993794,0.8084206146287436,45.58717370394178,-0.564559154453307,24.124138018928413,1.7754333058704301,0.3895259056333424,0.14815483129183507,0.376386195848789,1.3044408176964624,0.7749887587332327,2.4617292595909164,218.31235175998265,245.81716587113152,10.237602855694076,1.0,26.0,-3.5,2025.0,10.0,2,0.21105568743684405,rashod bateman,280.0,0.2631578947368421,-0.05210220729999804
00-0035535,Darius Slayton,WR,NYG,CHI,0.020042137023823958,0.6748815504387722,0.39211321254365566,0.8271670682547304,0.6079375215014585,70.50917087850321,0.030537146944588586,39.929653203379125,3.1407594128361453,0.017972424792195706,0.17807209497361798,0.4865153305232054,1.6551798491981597,0.6625676148622941,5.134846293276361,277.24015142771196,287.956756293116,11.605496993811343,0.5,21.0,4.5,2025.0,10.0,2,0.20862669989195773,darius slayton,270.0,0.2702702702702703,-0.06164357037831256
00-0039793,AJ Barner,TE,SEA,ARI,0.016453043817695186,0.43241883271777753,0.19847230730141338,0.7976529859742955,1.3188177896411952,19.596417360900517,1.0990625663828295,30.05526710991461,2.7902557636418814,0.5441658794438488,0.13482478361966369,0.2553871263147899,0.5659855209385304,0.4322866091237179,2.5718553388324787,276.7761488122506,233.29974831667087,4.646417404637642,0.4,26.0,-6.5,2025.0,10.0,1,0.20769054012626478,aj barner,240.0,0.29411764705882354,-0.08642710693255876
00-0040736,Mason Taylor,TE,NYJ,CLE,0.01929408371262439,0.6367047625166049,0.10265409425197904,0.8422177356467406,1.0525630913622968,33.12814972672791,2.2507689376283717,32.00335715320133,4.058923874082337,0.31835238125830245,0.19417164763457043,0.3986167793589859,1.2007512005507663,0.6666926600942624,3.7671604838873978,237.93667548343439,223.8498550624937,5.188695195939143,0.5,18.0,1.5,2025.0,10.0,1,0.2069610890256043,mason taylor,290.0,0.2564102564102564,-0.049449167384652076
00-0039342,Xavier Legette,WR,CAR,NO,0.030678105331923267,0.8480548344700191,0.5444064618262761,0.7213749141526188,0.5602628410244708,44.56330490030518,-0.7437434582717956,29.80346185293777,2.8226904970993556,0.22361622601177925,0.17725742983948525,0.42233029207605904,1.4242066852512827,0.531573196651637,2.9633126309195124,246.85481650243761,220.7781810477561,9.652507971734261,0.6666666666666666,22.0,-5.5,2025.0,10.0,2,0.20325306559726633,xavier legette,245.0,0.2898550724637681,-0.0866020068665018
00-0030061,Zach Ertz,TE,WAS,DET,0.009485272078517674,0.2826924720059147,0.48417031716766606,0.6286146483947036,0.8315433274155387,39.690481297777595,0.3476236051403128,33.134675982136976,3.6725119276556883,0.31920554473091184,0.1897407178508853,0.4349821752094108,1.4550645732345586,0.4383571193320398,2.6284888374217914,306.49874966545826,210.91020480928339,-1.2671681805137816,1.0,20.5,8.5,2025.0,10.0,1,0.20309687542224952,zach ertz,200.0,0.3333333333333333,-0.1302364579110838
00-0040237,Tez Johnson,WR,TB,NE,0.011541823110843417,0.389039037615498,0.5011738190458475,0.5898757527006337,0.7642668073585345,57.11783371294609,2.1052457643941405,41.78338110231432,3.237229793590272,0.389039037615498,0.16302422742548145,0.3981889982751503,1.3405569555495915,0.5256189865377909,2.7451735899288985,241.62335799074282,215.40943520326405,1.7063488848184059,0.3333333333333333,25.5,-2.5,2025.0,10.0,3,0.201275602548694,tez johnson,205.0,0.32786885245901637,-0.12659324991032236
00-0036040,Juwan Johnson,TE,NO,CAR,0.007524636495874376,0.32557131188806343,0.375143445384543,0.7590505439706663,1.3509297874396025,44.65008272006748,1.2888498752758966,42.65610181074366,3.8380745303687562,0.3292111768949702,0.16507394680853504,0.345001337205895,0.5380942669420608,0.2593241659488003,3.023282000045922,253.40837055385472,228.03332021374462,8.69184221208624,0.3333333333333333,16.5,5.5,2025.0,10.0,1,0.19713396188608168,juwan johnson,340.0,0.22727272727272727,-0.03013876538664559
00-0038621,DeMario Douglas,WR,NE,TB,0.005058263046020375,0.16553717329138043,0.6347051144513511,0.2809731131844063,1.1623435482174342,57.51788689614038,3.7378893077780746,52.913701283283594,2.701277323365672,0.4459868986767971,0.13865116015006662,0.34680839852668066,0.6228542708098052,0.35374318341152583,3.066431605190131,286.7161178722203,263.6898482315036,-1.039881676874591,0.75,23.0,2.5,2025.0,10.0,4,0.19461759930861436,demario douglas,275.0,0.26666666666666666,-0.0720490673580523
00-0033090,Hunter Henry,TE,NE,TB,0.006349261475365587,0.2007503128250099,0.2129579566101611,0.7668735949724708,2.5133389366203582,32.06175166112763,1.2563285607207988,35.457873679028935,3.0604636836497043,0.3046114082927091,0.157756995949104,0.32500807397720105,0.6228542708098052,0.35374318341152583,3.066431605190131,286.7161178722203,263.6898482315036,-1.039881676874591,0.75,23.0,2.5,2025.0,10.0,1,0.19409087363951374,hunter henry,160.0,0.38461538461538464,-0.1905245109758709
00-0035229,T.J. Hockenson,TE,MIN,BAL,0.018200322986261598,0.5198833271253633,0.02049660169902064,0.7991940736248507,2.0141189601284415,20.062064477191527,0.8575637219538463,27.29218399126357,3.371983961050455,0.35071709230838943,0.1529789927271628,0.28550564703778775,0.7608229502176334,0.2037675735200119,3.4903409642122702,269.80905190126856,250.84896971570691,7.9144949260934725,0.6,22.5,3.5,2025.0,10.0,1,0.18976630203375322,tj hockenson,290.0,0.2564102564102564,-0.06664395437650317
00-0032398,Chris Moore,WR,WAS,DET,0.01373851124672127,0.35727990423007217,0.6159249648614573,0.6714352195417084,0.6640029937532936,48.20156357798194,1.7612405696831557,34.09873467667924,1.6487230196377969,0.21001234415106432,0.13457215448190424,0.33385718147021565,1.4550645732345586,0.4383571193320398,2.6284888374217914,306.49874966545826,210.91020480928339,-1.2671681805137816,1.0,20.5,8.5,2025.0,10.0,4,0.18925189496789724,chris moore,500.0,0.16666666666666666,0.02258522830123058
00-0033307,Kendrick Bourne,WR,SF,LA,0.002759580643801844,0.10740374619765154,0.5864882100410724,0.7444731659993734,0.9927643029648643,51.588944488324465,2.8529602104908123,50.72150152361694,3.1608311074935966,0.0024680980450760446,0.12624990953889872,0.3272450668451285,0.7804219290725903,0.5011069043266104,3.0241523018431686,297.55244022186275,226.1259808860592,0.7091512221225452,0.8,21.75,6.0,2025.0,10.0,3,0.18531919173564398,kendrick bourne,400.0,0.2,-0.014680808264356027
00-0037837,Calvin Austin III,WR,PIT,LAC,0.006582417765973853,0.1671038328479578,0.22010813487663491,0.6639974117884635,1.3225039407727686,40.5167604388991,0.9639848555813257,36.619979015513856,3.493514975813579,0.16511018939394873,0.1617582024848291,0.4520383820811749,0.5133652011692929,0.33116462972514527,2.1503362030851423,199.89642811748368,186.3298535001884,4.232988249359855,0.5,21.25,3.0,2025.0,10.0,2,0.1823870430478335,calvin austin,310.0,0.24390243902439024,-0.061515395976556725
00-0038618,Xavier Hutchinson,WR,HOU,JAX,0.010068335557318678,0.41826600496539423,0.27002216498647225,0.6741246380032891,0.8745006900689704,43.998323044548435,1.5239680366262525,31.609585263365464,2.8867499553972684,0.31290169332871826,0.11692063942689815,0.268767369946462,1.3347242720691328,1.3037519969803837,3.3295606504774535,288.6921645201456,261.355796327663,8.476224447545004,0.0,18.0,1.5,2025.0,10.0,3,0.18104930736895083,xavier hutchinson,600.0,0.14285714285714285,0.038192164511807986
00-0038559,Michael Wilson,WR,ARI,SEA,0.001986158019266626,0.059088450604986645,0.47634726319616016,0.7654545852863547,0.8938165205328487,43.03768394680832,2.0225759292534238,38.53150451090523,2.81659189150223,0.04283692933859204,0.12605612507760242,0.3086181954267459,0.6746450178657114,0.11858739643462564,2.7700984729576397,251.82444853322957,224.74898109527305,5.86604633879075,0.75,19.5,6.5,2025.0,10.0,2,0.18091192279360474,michael wilson,350.0,0.2222222222222222,-0.04131029942861747
00-0036894,Pat Freiermuth,TE,PIT,LAC,0.007002474469701765,0.23168252376347304,0.21804009563951285,0.5142136874417107,1.3617780272504378,25.814978773915566,1.903555861402493,35.673041290182695,3.148819582621188,0.4922758675765284,0.13064340336697058,0.29939017309104843,0.5133652011692929,0.33116462972514527,2.1503362030851423,199.89642811748368,186.3298535001884,4.232988249359855,0.5,21.25,3.0,2025.0,10.0,2,0.18052604660493293,pat freiermuth,330.0,0.23255813953488372,-0.052032092929950785
00-0036407,Jerry Jeudy,WR,CLE,NYJ,0.021324947925232023,0.7969359997945441,0.17435029102980776,0.8229139447229098,0.2846255735869331,65.40888021105715,-2.9688620113463373,23.72427513717728,2.3049309364234674,0.008582701545021604,0.17475596364849447,0.47122482276829125,0.7701459735879893,0.5547665560205284,2.0639264150521806,198.13578613603568,208.4965141850795,6.760187058975489,0.6666666666666666,19.5,-1.5,2025.0,10.0,1,0.17989185051303885,jerry jeudy,310.0,0.24390243902439024,-0.06401058851135139
00-0033555,Mack Hollins,WR,NE,TB,0.005927923171232206,0.11791290901122148,0.521935082501351,0.6393340854747182,1.1360839149700712,30.972184157013672,2.444285910943998,35.044426837462964,3.0380925275156465,0.11578045749607843,0.1304832485507558,0.2805873542405252,0.6228542708098052,0.35374318341152583,3.066431605190131,286.7161178722203,263.6898482315036,-1.039881676874591,0.75,23.0,2.5,2025.0,10.0,3,0.179019858086834,mack hollins,450.0,0.18181818181818182,-0.002798323731347835
00-0037838,Isaiah Likely,TE,BAL,MIN,0.017104875733825645,0.3840939813648645,0.3209108853384506,0.6240355465123525,1.8451257652088713,20.174851576521128,1.3098083797218156,28.613120584349556,2.3288266635797203,0.10631613377632448,0.1164345788869267,0.23803476745274796,1.3044408176964624,0.7749887587332327,2.4617292595909164,218.31235175998265,245.81716587113152,10.237602855694076,1.0,26.0,-3.5,2025.0,10.0,2,0.1766914990089947,isaiah likely,280.0,0.2631578947368421,-0.0864663957278474
00-0040648,Tory Horton,WR,SEA,ARI,0.039252817398130906,1.0222517808870972,0.46500108733255824,0.5258835041033871,0.5804107455729,45.57226148585944,1.9165193846190482,23.214576540555726,1.9128546648476865,0.5185065720506411,0.11752262579078931,0.30361170019400346,0.5659855209385304,0.4322866091237179,2.5718553388324787,276.7761488122506,233.29974831667087,4.646417404637642,0.4,26.0,-6.5,2025.0,10.0,4,0.17237583079910565,tory horton,295.0,0.25316455696202533,-0.08078872616291968
00-0034775,Christian Kirk,WR,HOU,JAX,0.004178502266490061,0.11051437373918228,0.4800650253810537,0.5858931930367124,0.7882512450208365,59.21749554187092,0.3395462181527113,38.77043839365167,3.468168089869635,0.018715755205407483,0.17469374003300175,0.4098875102128683,1.3347242720691328,1.3037519969803837,3.3295606504774535,288.6921645201456,261.355796327663,8.476224447545004,0.0,18.0,1.5,2025.0,10.0,2,0.17198729056679965,christian kirk,400.0,0.2,-0.02801270943320036
00-0038558,Darnell Washington,TE,PIT,LAC,0.015135449451192814,0.523152180825199,0.16647795886763808,0.6508567887186872,0.9527491393342394,27.15686675736853,0.8164727968259775,26.370229366802178,2.7731605957667513,0.21101679707742285,0.13448397249581354,0.329874704278022,0.5133652011692929,0.33116462972514527,2.1503362030851423,199.89642811748368,186.3298535001884,4.232988249359855,0.5,21.25,3.0,2025.0,10.0,3,0.17106664415325729,darnell washington,425.0,0.19047619047619047,-0.01940954632293318
00-0036309,Darnell Mooney,WR,ATL,IND,0.0048392044751974575,0.1019833927784501,0.34054612666655426,0.8732276923493363,0.4702374150574414,68.60027835746081,0.3960414293458539,28.99508988192038,1.8126231476768067,0.005880943208500916,0.11878787659857448,0.3430450618408816,0.6974939727959736,0.7986982428835981,3.048560700772346,256.7124605783851,270.39337714007104,4.022341348923192,0.75,21.0,6.5,2025.0,10.0,2,0.1693414438287503,darnell mooney,340.0,0.22727272727272727,-0.057931283443976966
00-0038124,Christian Watson,WR,GB,PHI,0.0010362919047410338,0.03467970641788336,1.0753031730168887,0.5690401333865319,0.575677436198662,75.69778739692207,1.1981833552638959,51.4485946181661,2.1085757231510214,0.007842803237584147,0.1218763056923502,0.403557664873057,0.3819813980197652,0.12022975404060637,3.2338590578850295,287.6201469477674,229.0319311625931,5.479862603117346,0.2,23.5,-1.5,2025.0,10.0,3,0.1693075721876574,christian watson,295.0,0.25316455696202533,-0.08385698477436793
00-0033110,Tyler Higbee,TE,LA,SF,0.00998024681033597,0.31939894413732695,0.20732808910488493,0.5266700629859001,1.2586279382918395,13.48871347665603,0.19907105451137666,20.74450513062112,2.8059345279666457,0.4858807168995918,0.1346852110561013,0.2202178592800021,1.1439900891381358,0.43272804276920623,2.596010622783091,277.1116029515716,245.0087080588283,9.258557503302262,0.6666666666666666,27.75,-6.0,2025.0,10.0,1,0.16698604825852112,tyler higbee,290.0,0.2564102564102564,-0.08942420815173527
00-0039880,Malik Washington,WR,MIA,BUF,0.0001745177700628458,0.005933604182136767,0.31634504793719287,0.6157553931819045,2.104099291562573,18.1878862210865,0.6670184801487801,31.470904649941254,3.5723766509206722,0.2107555727021596,0.151220952231669,0.29593951794730633,0.4392649403270309,0.06006744773448068,3.900471090725134,260.88888632967144,215.94792088703153,4.9755284087198755,0.0,20.5,9.5,2025.0,10.0,2,0.16541326305656776,malik washington,250.0,0.2857142857142857,-0.12030102265771794
00-0038979,Cedric Tillman,WR,CLE,NYJ,0.009348656369848763,0.43252137065714824,0.34288664050037215,0.6266166147800326,0.6030707727613122,48.02435174776074,-0.34998386701237144,27.046192916323424,2.5977173968237426,0.30996037258985987,0.12166580987349218,0.2852712297513085,0.7701459735879893,0.5547665560205284,2.0639264150521806,198.13578613603568,208.4965141850795,6.760187058975489,0.6666666666666666,19.5,-1.5,2025.0,10.0,6,0.1605385161195575,cedric tillman,380.0,0.20833333333333334,-0.04779481721377585
00-0037112,Jake Tonges,TE,SF,LA,0.01377245784593731,0.49631435201682256,0.21178232654238602,0.5006530475674217,1.3420394543139265,21.258601235025555,1.2530632469913436,29.205278326746196,3.446688519785176,0.6022055152880156,0.11648217710739692,0.2209613206275752,0.7804219290725903,0.5011069043266104,3.0241523018431686,297.55244022186275,226.1259808860592,0.7091512221225452,0.8,21.75,6.0,2025.0,10.0,3,0.16019687361895527,jake tonges,850.0,0.10526315789473684,0.05493371572421843
00-0036626,Dyami Brown,WR,JAX,HOU,0.015715934844096,0.6146443746743808,0.27205680731976584,0.5365325368497491,0.5454297184462976,66.22556928201095,-2.83071276623185,28.92596622790883,2.5645925829447687,0.05092336961099465,0.14457653870279483,0.36274083506851806,0.5638835421297118,0.48015356236225404,2.605769901579394,315.7050850369213,188.28943428125535,-1.6127565976927363,0.6,19.5,-1.5,2025.0,10.0,4,0.15918364234944724,dyami brown,475.0,0.17391304347826086,-0.01472940112881363
00-0039491,Jalen Coker,WR,CAR,NO,0.005541536254798269,0.15078309997398046,0.3729248024146527,0.6745258019750445,1.0271332232389259,28.0370754298777,0.6821864994128612,26.752974890652304,2.2516638509584004,0.04772446040183794,0.12179553763601907,0.27481627615849186,1.4242066852512827,0.531573196651637,2.9633126309195124,246.85481650243761,220.7781810477561,9.652507971734261,0.6666666666666666,22.0,-5.5,2025.0,10.0,3,0.15768351402958744,jalen coker,275.0,0.26666666666666666,-0.10898315263707922
00-0040164,Jaylin Lane,WR,WAS,DET,0.008484265145822772,0.2425015106579992,0.26040841899980965,0.5180343127700371,0.5017767506822459,41.15055867250054,-0.4812852587542962,24.546978746368296,1.984134371669545,0.0,0.14860293167826866,0.3698654241390549,1.4550645732345586,0.4383571193320398,2.6284888374217914,306.49874966545826,210.91020480928339,-1.2671681805137816,1.0,20.5,8.5,2025.0,10.0,3,0.157526573112071,jaylin lane,425.0,0.19047619047619047,-0.03294961736411947
00-0036427,Tyler Johnson,WR,NYJ,CLE,0.011265011992176034,0.36732548130929504,0.9226120126461977,0.5314058479939822,0.7723373448236901,43.8383687597839,2.9799406469676226,39.17262727487175,2.1000049594228534,0.3359928701991516,0.10895495244241463,0.3112920183711912,1.2007512005507663,0.6666926600942624,3.7671604838873978,237.93667548343439,223.8498550624937,5.188695195939143,0.5,18.0,1.5,2025.0,10.0,3,0.15481755534843575,tyler johnson,700.0,0.125,0.029817555348435748
00-0032385,Sterling Shepard,WR,TB,NE,0.017615990096159984,0.4614106873554865,0.3206973923954834,0.5188314135637213,0.7497345806796405,22.761503591950845,-0.5907491710595577,26.125719381721844,3.1441571628457847,0.10328494254393811,0.1204183567453903,0.23596537361091657,1.3405569555495915,0.5256189865377909,2.7451735899288985,241.62335799074282,215.40943520326405,1.7063488848184059,0.3333333333333333,25.5,-2.5,2025.0,10.0,4,0.15447907979485206,sterling shepard,340.0,0.22727272727272727,-0.0727936474778752
00-0033891,Zay Jones,WR,ARI,SEA,0.00019657349741407335,0.008901389019892812,1.0788887366378455,0.5634039938837592,0.8761014484445264,55.13014990847514,1.687217177178734,44.9196950728981,2.606477567432948,0.0011817638094470345,0.10204871193787117,0.2820390617863043,0.6746450178657114,0.11858739643462564,2.7700984729576397,251.82444853322957,224.74898109527305,5.86604633879075,0.75,19.5,6.5,2025.0,10.0,3,0.15365783617913134,zay jones,850.0,0.10526315789473684,0.048394678284394504
00-0033858,Jonnu Smith,TE,PIT,LAC,0.005113426838555933,0.17930922593860454,0.06548601041474801,0.5496466471012302,1.8022202085222554,24.293071793375738,0.31773384464140875,23.023679910185425,3.0074367904186716,0.21503539291580226,0.1433174978067283,0.301245898165143,0.5133652011692929,0.33116462972514527,2.1503362030851423,199.89642811748368,186.3298535001884,4.232988249359855,0.5,21.25,3.0,2025.0,10.0,1,0.15258711999613145,jonnu smith,290.0,0.2564102564102564,-0.10382313641412494
00-0040667,Matthew Golden,WR,GB,PHI,0.0029857792190232236,0.11389024604277642,0.4575264917729945,0.5718569153761748,1.2186846384600274,37.208355234650696,1.3698650864435415,26.55412510987535,2.9054393783367507,0.0,0.11613023265182026,0.28930862266312185,0.3819813980197652,0.12022975404060637,3.2338590578850295,287.6201469477674,229.0319311625931,5.479862603117346,0.2,23.5,-1.5,2025.0,10.0,2,0.15143872167870423,matthew golden,330.0,0.23255813953488372,-0.08111941785617949
00-0035689,Dawson Knox,TE,BUF,MIA,0.00571372633145156,0.14875330685932095,0.32819581670058123,0.5378891910138246,1.3038042550423194,19.51734572794985,1.6305510622918267,19.91038350758343,1.1693586084562346,0.14788744983169297,0.061622155832481054,0.17045534410922308,0.6741669219396892,1.0636556693324573,2.687506825006088,202.0934494436867,195.1674472803296,7.491493912113338,0.75,30.0,-9.5,2025.0,10.0,2,0.149075191105328,dawson knox,400.0,0.2,-0.05092480889467202
00-0037755,Jelani Woods,TE,NYJ,CLE,0.018010979221041723,0.6379889517705207,0.23710712528852193,0.48445058124953627,1.5691482424242857,31.4949972645108,-1.3763168928221952,25.012837548710664,2.1662395577935882,0.023552378463581068,0.12712633550538577,0.2845500444448433,1.2007512005507663,0.6666926600942624,3.7671604838873978,237.93667548343439,223.8498550624937,5.188695195939143,0.5,18.0,1.5,2025.0,10.0,4,0.14572970416068431,jelani woods,4500.0,0.021739130434782608,0.1239905737259017
00-0038115,Daniel Bellinger,TE,NYG,CHI,0.006363647442468988,0.21000030496522198,0.7203677686785348,0.4623031385319648,1.3446111793160707,29.405533825857912,3.0441711404544263,35.60354862298108,1.851414999465896,0.2100005614838653,0.06711787103489573,0.1714756483857885,1.6551798491981597,0.6625676148622941,5.134846293276361,277.24015142771196,287.956756293116,11.605496993811343,0.5,21.0,4.5,2025.0,10.0,2,0.14014583263419728,daniel bellinger,500.0,0.16666666666666666,-0.02652083403246938
00-0038589,Josh Whyle,TE,GB,PHI,0.004956836924183354,0.17219854149564034,0.1180526637183504,0.32179444162171394,3.778021751627352,23.008452797227026,0.7589096339035395,18.892911981067027,2.646079090667566,0.14714548494465526,0.12652528885563968,0.24746175632518547,0.3819813980197652,0.12022975404060637,3.2338590578850295,287.6201469477674,229.0319311625931,5.479862603117346,0.2,23.5,-1.5,2025.0,10.0,3,0.13924662776976102,josh whyle,2200.0,0.043478260869565216,0.0957683669001958
00-0037291,Jalen Nailor,WR,MIN,BAL,0.009137279245611507,0.3874382894958063,0.3682073130893185,0.6309555504110507,0.4107123119046043,43.85588877130381,-1.27571629219063,18.97751697951188,1.3983216201985444,0.08858416861813823,0.12046861118995286,0.2995562474587237,0.7608229502176334,0.2037675735200119,3.4903409642122702,269.80905190126856,250.84896971570691,7.9144949260934725,0.6,22.5,3.5,2025.0,10.0,3,0.1385764556368903,jalen nailor,500.0,0.16666666666666666,-0.028090211029776352
00-0040194,Jackson Hawes,TE,BUF,MIA,0.004165009163020155,0.11662025656456444,0.057143925716636575,0.4807509596521113,1.5701107696283088,13.217399878279734,1.0448208072638423,14.837472842440253,1.238000523601152,0.11662025656456444,0.07467085129095113,0.1731048499428305,0.6741669219396892,1.0636556693324573,2.687506825006088,202.0934494436867,195.1674472803296,7.491493912113338,0.75,30.0,-9.5,2025.0,10.0,3,0.13841719516391737,jackson hawes,900.0,0.1,0.03841719516391737
00-0038393,Dontayvion Wicks,WR,GB,PHI,0.011053442438852815,0.32247513986858045,0.014225014882166131,0.4756395061370173,0.7253758790384417,35.183853965759276,-0.19089775520852456,18.29397199047624,2.0327460829804664,0.018941322273933744,0.11382154244829289,0.2920852283133325,0.3819813980197652,0.12022975404060637,3.2338590578850295,287.6201469477674,229.0319311625931,5.479862603117346,0.2,23.5,-1.5,2025.0,10.0,4,0.1368356547011673,dontayvion wicks,330.0,0.23255813953488372,-0.09572248483371643
00-0040737,Terrance Ferguson,TE,LA,SF,0.029085764873368506,0.9474930911962101,0.8065534938807739,0.3238768258981445,0.6394577570467588,48.03553099091986,3.0108697615956714,32.72917489143309,1.2013422818791948,0.2763521515988946,0.06627204063319429,0.19645011851904984,1.1439900891381358,0.43272804276920623,2.596010622783091,277.1116029515716,245.0087080588283,9.258557503302262,0.6666666666666666,27.75,-6.0,2025.0,10.0,2,0.13597394719174194,terrance ferguson,550.0,0.15384615384615385,-0.017872206654411915
00-0040739,Elijah Arroyo,TE,SEA,ARI,0.002939861797696858,0.07643640674011842,0.6550892941818905,0.43009048020368695,1.3041177596396325,21.30766408208041,0.4442135178065545,25.327478461630882,2.0472771432254313,0.31835238125830245,0.10151397921044089,0.2129473640199563,0.5659855209385304,0.4322866091237179,2.5718553388324787,276.7761488122506,233.29974831667087,4.646417404637642,0.4,26.0,-6.5,2025.0,10.0,2,0.13481973061015087,elijah arroyo,250.0,0.2857142857142857,-0.15089455510413483
00-0040138,Jaylin Noel,WR,HOU,JAX,0.0,0.0,0.6908246673305163,0.27902333532505197,0.4380589602710109,38.37149914651318,1.8245113384144596,27.714981564372778,2.1127533141835886,0.10919486677159772,0.07564976157078133,0.18487212522128937,1.3347242720691328,1.3037519969803837,3.3295606504774535,288.6921645201456,261.355796327663,8.476224447545004,0.0,18.0,1.5,2025.0,10.0,5,0.13373097852172064,jaylin noel,950.0,0.09523809523809523,0.038492883283625406
00-0038046,Charlie Kolar,TE,BAL,MIN,0.013233114405079887,0.3070276170257586,0.3088800734785882,0.4170556030412715,1.249020585422746,9.954801714515284,1.6674484424784854,12.893681693221685,1.1913103013778241,0.5169983011658994,0.05900124947976356,0.12051052929897962,1.3044408176964624,0.7749887587332327,2.4617292595909164,218.31235175998265,245.81716587113152,10.237602855694076,1.0,26.0,-3.5,2025.0,10.0,3,0.13272739799655695,charlie kolar,850.0,0.10526315789473684,0.02746424010182011
00-0040727,Tre Harris,WR,LAC,PIT,0.008913866675232468,0.22284666688081176,0.037453839302658026,0.4793778280236878,1.086514073339244,14.78091625826566,1.402030951311074,15.611034036230985,1.9322882631149323,0.22284666688081176,0.06958840449973595,0.14052825761919222,1.0131074708293046,0.7371426625429524,3.589633432620296,305.941537469126,321.1935648773629,10.319945596714707,0.75,24.25,-3.0,2025.0,10.0,4,0.1306766117589698,tre harris,650.0,0.13333333333333333,-0.0026567215743635297
00-0033282,Curtis Samuel,WR,BUF,MIA,0.00034817939561282744,0.009101653060784972,0.16912466777305488,0.4146818728455204,3.183375875608651,10.085368300421656,0.4149884529731308,12.592965570526353,1.4879370697964822,0.1644932813160699,0.06354531283310776,0.12677143536216978,0.6741669219396892,1.0636556693324573,2.687506825006088,202.0934494436867,195.1674472803296,7.491493912113338,0.75,30.0,-9.5,2025.0,10.0,5,0.1305704864198752,curtis samuel,650.0,0.13333333333333333,-0.002762846913458128
00-0040130,Jayden Higgins,WR,HOU,JAX,0.017341429680888927,0.6781224073183101,0.14010793355463705,0.5795211041046351,0.9444857416727175,34.38230217988928,0.1551368249605783,16.334106621879155,1.8663496216525208,0.2992830736209301,0.08809870367574082,0.2092769831240036,1.3347242720691328,1.3037519969803837,3.3295606504774535,288.6921645201456,261.355796327663,8.476224447545004,0.0,18.0,1.5,2025.0,10.0,4,0.13008126715359314,jayden higgins,750.0,0.11764705882352941,0.012434208330063728
00-0032392,Austin Hooper,TE,NE,TB,0.006390700378942007,0.1564115486867083,0.6375266032055101,0.561992966729996,1.268929247558308,15.631342133523646,1.7629170799149818,22.784436247051534,1.6247919951549765,0.15422663145435425,0.0681586915826406,0.146374451828029,0.6228542708098052,0.35374318341152583,3.066431605190131,286.7161178722203,263.6898482315036,-1.039881676874591,0.75,23.0,2.5,2025.0,10.0,2,0.12899960408460612,austin hooper,475.0,0.17391304347826086,-0.04491343939365475
00-0036754,Brock Wright,TE,DET,WAS,0.007352790983149304,0.19440327069781305,0.0002547001095673842,0.5506560844494666,2.918051653151998,4.187670545638508,1.1726314956619222,12.459415697840047,1.5457353071701154,0.23735207128582547,0.06271824361926895,0.10997663791916627,1.5266804843382515,0.8965923181291315,4.705963684872445,219.99778814444258,286.4003408089876,13.457302362742375,0.2,29.0,-8.5,2025.0,10.0,2,0.1281031029351295,brock wright,600.0,0.14285714285714285,-0.014754039922013351
00-0037741,Jahan Dotson,WR,PHI,GB,0.0005940760672248644,0.018713744335516366,0.48735289934207143,0.6754956261381303,0.6097503995779727,39.890932084505735,-0.44581674074248334,24.571584143187867,1.0985758891958795,0.3000382236221337,0.08021843354548883,0.2490733753407172,0.7826353952484881,0.5073003757428777,2.009760557118639,208.64688088899257,195.98508753840764,4.439088826457888,0.6,22.0,1.5,2025.0,10.0,3,0.12743562375824047,jahan dotson,950.0,0.09523809523809523,0.032197528520145235
00-0036980,Elijah Moore,WR,BUF,MIA,0.0007609813743571714,0.03312245565265525,0.45956999691061157,0.35105592413238773,0.9199612546522603,26.45752765626991,0.10846601212875949,17.35816448955726,0.9644317958489264,0.052517902163327836,0.08331091885674555,0.23434428075232164,0.6741669219396892,1.0636556693324573,2.687506825006088,202.0934494436867,195.1674472803296,7.491493912113338,0.75,30.0,-9.5,2025.0,10.0,6,0.1272469975149326,elijah moore,650.0,0.13333333333333333,-0.006086335818400734
00-0039739,Roman Wilson,WR,PIT,LAC,0.00701180788447744,0.2524250838411886,0.5048501676823772,0.44931124012837614,0.5262404497870066,23.66928707944178,0.23724603736544236,25.21607587176806,1.9339728102123974,0.2524250838411886,0.08060752790284104,0.18337672470497796,0.5133652011692929,0.33116462972514527,2.1503362030851423,199.89642811748368,186.3298535001884,4.232988249359855,0.5,21.25,3.0,2025.0,10.0,3,0.12568775250740882,roman wilson,700.0,0.125,0.0006877525074088231
00-0038679,Tyrell Shavers,WR,BUF,MIA,0.0,0.0,0.03846223003060985,0.3719651146406506,0.3291020607507788,19.912015715869426,0.3506946682690415,13.005078430596908,1.2089139631995225,0.03846223003060985,0.07406024138867762,0.16641616677179363,0.6741669219396892,1.0636556693324573,2.687506825006088,202.0934494436867,195.1674472803296,7.491493912113338,0.75,30.0,-9.5,2025.0,10.0,4,0.12482738263504313,tyrell shavers,1100.0,0.08333333333333333,0.0414940493017098
00-0036290,Cole Kmet,TE,CHI,NYG,0.005687020223116339,0.18787417214181767,0.1965782740357924,0.564968079011421,0.608564094446924,28.326089203353735,0.5642633416604732,15.215097097521442,1.3090449870690062,0.08512361734645783,0.07649976685382313,0.19145704217094991,0.9134675022746926,0.5603788070004588,3.1428891857173076,224.96880671746356,237.42717965133974,9.581591400549282,0.5,25.5,-4.5,2025.0,10.0,2,0.12446029440507846,cole kmet,400.0,0.2,-0.07553970559492156
00-0034270,Tyler Conklin,TE,LAC,PIT,0.002230325706424722,0.08157029999699736,0.4965983935525973,0.36524661099702316,1.2893284859856768,11.630819837286879,-0.9526817435752747,22.794826068140328,1.9573426749613632,0.12951008087957475,0.0803637078135953,0.16438602934265695,1.0131074708293046,0.7371426625429524,3.589633432620296,305.941537469126,321.1935648773629,10.319945596714707,0.75,24.25,-3.0,2025.0,10.0,3,0.12404925334861017,tyler conklin,2500.0,0.038461538461538464,0.0855877148870717
00-0034983,Hunter Renfrow,WR,CAR,NO,0.003936138297387474,0.21634888467353755,0.026188770310471787,0.4076665018328757,0.6679006734094796,20.984062359065227,-0.25950781835803627,11.5890179124302,1.7887182749204211,0.0724038781274599,0.11004712399353496,0.2333167576342952,1.4242066852512827,0.531573196651637,2.9633126309195124,246.85481650243761,220.7781810477561,9.652507971734261,0.6666666666666666,22.0,-5.5,2025.0,10.0,6,0.12385122001722355,hunter renfrow,1000.0,0.09090909090909091,0.03294212910813264
00-0039074,Davis Allen,TE,LA,SF,0.010419759799569495,0.33314131461300267,0.10328234840553548,0.4875220884820977,2.242959162448493,6.009784370065777,0.3242337595349718,16.48327694691038,1.6875169083305455,0.06036655909990111,0.06947235116054334,0.11789689733425684,1.1439900891381358,0.43272804276920623,2.596010622783091,277.1116029515716,245.0087080588283,9.258557503302262,0.6666666666666666,27.75,-6.0,2025.0,10.0,3,0.1230412602396136,davis allen,600.0,0.14285714285714285,-0.019815882617529243
00-0037005,Tommy Tremble,TE,CAR,NO,0.0018052976384130021,0.06458464125721099,0.003781831265906446,0.5918315167146718,1.738823858256533,8.003977146679986,0.12676981927333594,9.615871757728826,1.3465605570917842,0.06674153786052346,0.0759674888369616,0.1464852911202895,1.4242066852512827,0.531573196651637,2.9633126309195124,246.85481650243761,220.7781810477561,9.652507971734261,0.6666666666666666,22.0,-5.5,2025.0,10.0,1,0.12160089379031157,tommy tremble,600.0,0.14285714285714285,-0.02125624906683128
00-0040187,Mitchell Evans,TE,CAR,NO,0.003239451571237892,0.11662025656456444,0.23800052360115193,0.44401340282948626,2.2474049661091073,9.442857774287104,1.621988342766482,17.75569926253838,1.5732412611307744,0.28322062308537077,0.06946418390368693,0.13996101174684517,1.4242066852512827,0.531573196651637,2.9633126309195124,246.85481650243761,220.7781810477561,9.652507971734261,0.6666666666666666,22.0,-5.5,2025.0,10.0,3,0.12079224560849945,mitchell evans,1600.0,0.058823529411764705,0.06196871619673475
00-0039751,Jordan Whittington,WR,LA,SF,2.4078674629010064e-05,0.0006982815642412934,0.24831122798204402,0.6225231692072561,1.1143945028648952,24.354618554613552,0.06784312256934855,18.11502057308613,1.9776356438301528,0.0,0.09417429250825801,0.1923761736774543,1.1439900891381358,0.43272804276920623,2.596010622783091,277.1116029515716,245.0087080588283,9.258557503302262,0.6666666666666666,27.75,-6.0,2025.0,10.0,3,0.12066568241087976,jordan whittington,550.0,0.15384615384615385,-0.0331804714352741
00-0037252,Greg Dulcich,TE,MIA,BUF,0.0014507696442046547,0.050527109391368036,0.03420048415626084,0.37111968900682024,0.80227603692598,21.93705244189326,-0.21645544516495968,21.085426734969857,2.3325383890009532,0.025763211007273846,0.09854556996681454,0.2032823822819242,0.4392649403270309,0.06006744773448068,3.900471090725134,260.88888632967144,215.94792088703153,4.9755284087198755,0.0,20.5,9.5,2025.0,10.0,3,0.12034068924710584,greg dulcich,700.0,0.125,-0.0046593107528941635
00-0031236,Brandin Cooks,WR,NO,CAR,0.0031518582692717924,0.09689042418212568,0.14326381620976994,0.624939336930902,0.9475428778854424,22.35509113427058,1.2791615328664567,16.636973773579875,2.031367684191236,0.006314367590433626,0.08910317200715893,0.1989455059459471,0.5380942669420608,0.2593241659488003,3.023282000045922,253.40837055385472,228.03332021374462,8.69184221208624,0.3333333333333333,16.5,5.5,2025.0,10.0,2,0.11934123430171482,brandin cooks,650.0,0.13333333333333333,-0.013992099031618507
00-0034521,Allen Lazard,WR,NYJ,CLE,0.013620755831787908,0.46526236664481024,0.07780571882269033,0.6014910602105628,0.7982216638769751,23.052721683201785,0.0503080647482337,13.370343510220978,1.479844282404307,0.13559210732233973,0.0747780260955684,0.17318897843342135,1.2007512005507663,0.6666926600942624,3.7671604838873978,237.93667548343439,223.8498550624937,5.188695195939143,0.5,18.0,1.5,2025.0,10.0,4,0.11878013118501765,allen lazard,1100.0,0.08333333333333333,0.03544679785168432
00-0030564,DeAndre Hopkins,WR,BAL,MIN,0.002167482814428841,0.07215165715336656,0.20950701089296184,0.3288491581716798,0.6257706582990207,34.507858410759155,0.6797555117616665,16.225619561034197,1.0861960523678929,0.07009156376410251,0.07047627199150917,0.21959663551228886,1.3044408176964624,0.7749887587332327,2.4617292595909164,218.31235175998265,245.81716587113152,10.237602855694076,1.0,26.0,-3.5,2025.0,10.0,3,0.11822849176303141,deandre hopkins,500.0,0.16666666666666666,-0.04843817490363525
00-0039424,Devaughn Vele,WR,NO,CAR,0.010643264492145194,0.38133819222560394,0.1098551844747981,0.4345631579681896,0.9647312098560454,32.88435038602839,0.9289630089137121,15.60262928362423,1.6134931534364,0.26086352839591254,0.07825351121633391,0.1910772548368298,0.5380942669420608,0.2593241659488003,3.023282000045922,253.40837055385472,228.03332021374462,8.69184221208624,0.3333333333333333,16.5,5.5,2025.0,10.0,3,0.11804802028251021,devaughn vele,700.0,0.125,-0.006951979717489787
00-0038720,Julian Hill,TE,MIA,BUF,0.004108823450296601,0.14799004347396322,0.0,0.5891133396361139,2.588658045729802,7.7791199493719745,-1.0817631054999084,12.714355538960092,1.7376918321369947,0.0,0.07560030273642462,0.13532560597691878,0.4392649403270309,0.06006744773448068,3.900471090725134,260.88888632967144,215.94792088703153,4.9755284087198755,0.0,20.5,9.5,2025.0,10.0,1,0.11770221420579763,julian hill,550.0,0.15384615384615385,-0.036143939640356226
00-0034407,Ray-Ray McCloud,WR,ATL,IND,0.005029369267640356,0.10604616273586254,0.16256701839063215,0.6613545037440386,0.8204118926899675,16.209282083156005,-1.741088062522296,13.775411552495516,1.5577004583918046,0.0029075116915660564,0.08728730846850884,0.17484685641415412,0.6974939727959736,0.7986982428835981,3.048560700772346,256.7124605783851,270.39337714007104,4.022341348923192,0.75,21.0,6.5,0.0,0.0,4,0.11660697787402768,rayray mccloud,550.0,0.15384615384615385,-0.03723917597212617
00-0036244,Colby Parkinson,TE,LA,SF,0.003995136695780104,0.17131106501000806,0.21183241735406103,0.45317408046179614,3.8027192482282604,7.7890704295454825,0.1767068456820405,15.424558485067237,1.7162064485012887,0.004275289041141095,0.06126929316438203,0.10801780541908153,1.1439900891381358,0.43272804276920623,2.596010622783091,277.1116029515716,245.0087080588283,9.258557503302262,0.6666666666666666,27.75,-6.0,2025.0,10.0,4,0.11658249612412631,colby parkinson,550.0,0.15384615384615385,-0.03726365772202754
00-0039356,Ja'Tavion Sanders,TE,CAR,NO,0.0061440973329502015,0.2250877020340271,0.055563702338264076,0.5185006042326296,3.651038338236228,13.792271907560675,0.23832577391529977,14.305746437660067,1.953976138033225,0.005935295363677491,0.088556395202583,0.17190321360715408,1.4242066852512827,0.531573196651637,2.9633126309195124,246.85481650243761,220.7781810477561,9.652507971734261,0.6666666666666666,22.0,-5.5,2025.0,10.0,2,0.11583778096994013,jatavion sanders,380.0,0.20833333333333334,-0.09249555236339321
00-0034981,Foster Moreau,TE,NO,CAR,0.0051924952290496405,0.17895583579036056,0.23531262497327826,0.47381082813509523,1.4520605160483817,12.415145727713945,-1.6893974596723471,18.586359856967267,1.6573720796932878,0.16453831151765372,0.06935363896190118,0.13746013522502545,0.5380942669420608,0.2593241659488003,3.023282000045922,253.40837055385472,228.03332021374462,8.69184221208624,0.3333333333333333,16.5,5.5,2025.0,10.0,2,0.11470587150518731,foster moreau,1000.0,0.09090909090909091,0.023796780596096398
00-0030035,Adam Thielen,WR,MIN,BAL,0.00717558129427359,0.18864461198571467,0.12571285427287052,0.37333753255857927,0.457932626520959,19.552909849789053,0.6066593641125101,13.275444861777498,1.2626059796535183,0.05088836495310242,0.08545620735610505,0.17579414345565506,0.7608229502176334,0.2037675735200119,3.4903409642122702,269.80905190126856,250.84896971570691,7.9144949260934725,0.6,22.5,3.5,2025.0,10.0,4,0.11434342338347477,adam thielen,1700.0,0.05555555555555555,0.05878786782791921
00-0034159,Will Dissly,TE,LAC,PIT,0.0024716275996854793,0.08050432301916133,0.040176658561008265,0.34523467438564404,1.113989044338731,7.5580763312304375,0.45021472875844754,14.064925116673951,1.4358226613955722,0.08447818376513266,0.05498464690438206,0.09974979156613382,1.0131074708293046,0.7371426625429524,3.589633432620296,305.941537469126,321.1935648773629,10.319945596714707,0.75,24.25,-3.0,2025.0,10.0,4,0.11406666253883063,will dissly,1000.0,0.09090909090909091,0.02315757162973972
00-0040590,Konata Mumpfield,WR,LA,SF,0.017825311942959,0.5882352941176471,0.0,0.3052941176470588,0.7683823529411764,9.529411764705882,0.9600832166684353,5.823529411764706,1.0,0.5882352941176471,0.04949952008775537,0.10005968080133827,1.1439900891381358,0.43272804276920623,2.596010622783091,277.1116029515716,245.0087080588283,9.258557503302262,0.6666666666666666,27.75,-6.0,2025.0,10.0,4,0.11278962756684699,konata mumpfield,1100.0,0.08333333333333333,0.02945629423351366
00-0036182,Nick Westbrook-Ikhine,WR,MIA,BUF,0.0009943169288533814,0.03291833621529471,0.00714145156776095,0.6356502708952776,0.642797680256598,19.716161905406455,-0.2705139580020759,15.744322919508699,1.581435437227357,0.016623260021731614,0.09720182871599996,0.21963634558329517,0.4392649403270309,0.06006744773448068,3.900471090725134,260.88888632967144,215.94792088703153,4.9755284087198755,0.0,20.5,9.5,2025.0,10.0,3,0.11176937861709012,nick westbrookikhine,650.0,0.13333333333333333,-0.021563954716243214
00-0037277,Teagan Quitoriano,TE,ATL,IND,0.0032867669710523024,0.10066532847259632,0.5205029191697708,0.4290343471130307,2.425772626188572,15.70154337978902,0.8794552429106066,18.193322288559816,0.8928607689017863,0.06434465947057712,0.0435957094687797,0.10076126157070682,0.6974939727959736,0.7986982428835981,3.048560700772346,256.7124605783851,270.39337714007104,4.022341348923192,0.75,21.0,6.5,2025.0,10.0,3,0.1113514830628286,teagan quitoriano,4000.0,0.024390243902439025,0.08696123916038959
00-0040582,Arian Smith,WR,NYJ,CLE,0.006730779197499955,0.22884649271499882,0.32692356102142694,0.5972695049952286,0.9274999465069552,29.70088782631467,-0.24626935247324414,9.685685880727169,0.8798395720701356,0.0,0.05532278635294388,0.17869921120021784,1.2007512005507663,0.6666926600942624,3.7671604838873978,237.93667548343439,223.8498550624937,5.188695195939143,0.5,18.0,1.5,2025.0,10.0,7,0.11078095007049533,arian smith,1000.0,0.09090909090909091,0.019871859161404423
00-0040669,Isaac TeSlaa,WR,DET,WAS,0.025172491271056384,0.6996141502289857,0.12368829108218239,0.20914283653672786,0.4718572743166158,18.380981572968878,-0.3811237701008201,7.741624896325412,0.4626951786808986,0.3390068875987162,0.04414186183978962,0.14187104122283145,1.5266804843382515,0.8965923181291315,4.705963684872445,219.99778814444258,286.4003408089876,13.457302362742375,0.2,29.0,-8.5,2025.0,10.0,4,0.11061025254894088,isaac teslaa,600.0,0.14285714285714285,-0.032246890308201964
00-0032775,Demarcus Robinson,WR,SF,LA,0.003554094685283423,0.1646506715568338,0.2364094133311311,0.4612094607986042,0.2485559456064843,30.215157308585848,-0.41285504216258767,12.631045347323083,1.0418198668877419,0.013142092769791839,0.07229844083635782,0.2037858443384792,0.7804219290725903,0.5011069043266104,3.0241523018431686,297.55244022186275,226.1259808860592,0.7091512221225452,0.8,21.75,6.0,2025.0,10.0,4,0.11050385748507888,demarcus robinson,650.0,0.13333333333333333,-0.022829475848254455
00-0038465,Malik Heath,WR,GB,PHI,0.0019619937148292804,0.0551880773796185,0.08573916573564165,0.36403122096845963,1.8237638306483805,8.284096107817538,1.7250127112520548,14.88647885526856,1.326684323452928,0.04343684957459545,0.04409977256448364,0.08842288829587776,0.3819813980197652,0.12022975404060637,3.2338590578850295,287.6201469477674,229.0319311625931,5.479862603117346,0.2,23.5,-1.5,2025.0,10.0,5,0.11023483928504277,malik heath,800.0,0.1111111111111111,-0.0008762718260683366
00-0039144,Luke Musgrave,TE,GB,PHI,3.561353420931011e-05,0.001424541368372404,0.3770268502503967,0.3321793395406194,1.3283118626101584,16.48417087080222,0.3885510510109246,16.67305139935428,1.6894423351635464,0.0009971789578606834,0.05925901182476806,0.12961161810957933,0.3819813980197652,0.12022975404060637,3.2338590578850295,287.6201469477674,229.0319311625931,5.479862603117346,0.2,23.5,-1.5,2025.0,10.0,1,0.11006521622018074,luke musgrave,330.0,0.23255813953488372,-0.12249292331470298
00-0032394,Nick Vannett,TE,MIN,BAL,0.0034686914309685593,0.1114859582398643,0.024881124978918232,0.34381809043319084,0.8128203478077226,1.03485188484276,0.7887754843213761,12.964742584005794,1.3106741771095285,0.24329146129650564,0.05094355166750663,0.079290239914466,0.7608229502176334,0.2037675735200119,3.4903409642122702,269.80905190126856,250.84896971570691,7.9144949260934725,0.6,22.5,3.5,0.0,0.0,4,0.10995053855154295,nick vannett,750.0,0.11764705882352941,-0.0076965202719864595
00-0039884,Tahj Washington,WR,MIA,BUF,0.0,0.0,0.0,0.14,0.1964285714285714,56.0,-6.173302519717254,11.0,1.0,0.0,0.054054054054054,0.225730527575546,0.4392649403270309,0.06006744773448068,3.900471090725134,260.88888632967144,215.94792088703153,4.9755284087198755,0.0,20.5,9.5,2025.0,10.0,6,0.10972861497224842,tahj washington,2000.0,0.047619047619047616,0.062109567353200806
00-0033217,Mo Alie-Cox,TE,IND,ATL,0.0014551677385810928,0.057643086878596525,0.07773790160006201,0.4080651084574355,1.0692009297924066,8.300623629754694,-0.9279160229154043,7.052287354667986,0.6425449725570181,0.0033322792869986593,0.04597593753474721,0.08723911942779157,1.275992876417467,0.14784790534894252,2.078995626505091,218.25223427795945,202.80702707884646,7.063947414738127,1.0,27.5,-6.5,2025.0,10.0,2,0.10970081190118888,mo aliecox,1100.0,0.08333333333333333,0.026367478567855554
00-0032951,Laquon Treadwell,WR,IND,ATL,0.0011838485775705486,0.041009501395447984,0.050879704409257126,0.34835892694793313,0.3400150221026416,15.770012784649495,0.20920040484666827,9.897783239025902,0.8748829358974073,0.02506982272679102,0.05401297855856196,0.13562757069156856,1.275992876417467,0.14784790534894252,2.078995626505091,218.25223427795945,202.80702707884646,7.063947414738127,1.0,27.5,-6.5,0.0,0.0,4,0.1094830631996857,laquon treadwell,2200.0,0.043478260869565216,0.06600480233012049
00-0040735,Luther Burden III,WR,CHI,NYG,0.0,0.0,0.5460277316179873,0.23093449792223733,0.8434098064335053,14.723190551647548,0.36385992351364893,20.51625251445084,1.749701110134336,0.0784943470012446,0.06884503997636954,0.14829371319145196,0.9134675022746926,0.5603788070004588,3.1428891857173076,224.96880671746356,237.42717965133974,9.581591400549282,0.5,25.5,-4.5,2025.0,10.0,4,0.1090848223549264,luther burden,550.0,0.15384615384615385,-0.04476133149122745
00-0039890,Adonai Mitchell,WR,IND,ATL,0.0009468960125997758,0.03237014965553148,0.08362923610207755,0.18626207882472812,0.7384800302100895,18.87696283658179,-0.736029499572327,12.24361160143914,0.8338301233958401,0.0,0.04527368257759815,0.11157173574892863,1.275992876417467,0.14784790534894252,2.078995626505091,218.25223427795945,202.80702707884646,7.063947414738127,1.0,27.5,-6.5,2025.0,10.0,2,0.10820766889890289,adonai mitchell,950.0,0.09523809523809523,0.012969573660807657
00-0036628,John Bates,TE,WAS,DET,1.140388588557983e-05,0.00040791859718397204,0.21593976632044398,0.47071425619262597,1.6295716834616956,9.947554125127516,1.0836418202614515,13.722569310525238,1.188129284841619,3.3787974748544132e-06,0.08600200991222726,0.17384930209887997,1.4550645732345586,0.4383571193320398,2.6284888374217914,306.49874966545826,210.91020480928339,-1.2671681805137816,1.0,20.5,8.5,2025.0,10.0,2,0.10815648806375781,john bates,1000.0,0.09090909090909091,0.017247397154666902
00-0039792,Devontez Walker,WR,BAL,MIN,0.00993127491812791,0.27921560576157006,0.32727336923171985,0.09109669450856686,0.33728540328800105,14.140676516001763,1.2795396077801249,9.515917744724353,0.43940815066206934,0.16708082433122062,0.025832001392258466,0.08011276965281036,1.3044408176964624,0.7749887587332327,2.4617292595909164,218.31235175998265,245.81716587113152,10.237602855694076,1.0,26.0,-3.5,2025.0,10.0,5,0.10798605161786408,devontez walker,1400.0,0.06666666666666667,0.04131938495119741
00-0039041,Elijah Higgins,TE,ARI,SEA,0.0014367812519037765,0.035979144987791804,0.18444598693090924,0.3607449943444457,2.1270435332688047,3.7491913899927813,1.014259652937102,18.414932032896136,1.830665966015646,0.000684253982585332,0.062082899311540374,0.10339003626726412,0.6746450178657114,0.11858739643462564,2.7700984729576397,251.82444853322957,224.74898109527305,5.86604633879075,0.75,19.5,6.5,2025.0,10.0,2,0.10780104091080038,elijah higgins,900.0,0.1,0.007801040910800375
00-0036630,Tylan Wallace,WR,BAL,MIN,0.004311157917244296,0.12245107796222285,0.005813344325663411,0.2307139238192052,0.21224286757348626,4.050162367524055,0.08402978334993202,4.694046313444726,0.4807433877342834,0.053327704264923455,0.026227105598382514,0.053496137879140586,1.3044408176964624,0.7749887587332327,2.4617292595909164,218.31235175998265,245.81716587113152,10.237602855694076,1.0,26.0,-3.5,2025.0,10.0,4,0.1073681944176812,tylan wallace,1700.0,0.05555555555555555,0.05181263886212564
00-0037742,Treylon Burks,WR,WAS,DET,0.00016673734768945885,0.004432830498352515,0.04935805174368837,0.4714562261338034,0.7647374057607046,23.643744642969953,0.80226760126595,11.969753523109933,1.0426874386624996,0.0004885699437805424,0.05964545556496733,0.17885411334673054,1.4550645732345586,0.4383571193320398,2.6284888374217914,306.49874966545826,210.91020480928339,-1.2671681805137816,1.0,20.5,8.5,2025.0,10.0,5,0.10690769129138439,treylon burks,900.0,0.1,0.006907691291384382
00-0037086,Grant Calcaterra,TE,PHI,GB,0.0011791928297348318,0.024789536527325202,0.09538579437720503,0.41067173253640044,1.6715778600158293,8.415289292200793,0.38826364973823635,13.624696398245188,1.2747685099934198,0.02470742650835464,0.06523213705447083,0.12532204236860248,0.7826353952484881,0.5073003757428777,2.009760557118639,208.64688088899257,195.98508753840764,4.439088826457888,0.6,22.0,1.5,2025.0,10.0,2,0.106434339676374,grant calcaterra,1100.0,0.08333333333333333,0.023101006343040673
00-0039379,Jamari Thrash,WR,CLE,NYJ,0.0,0.0,0.6188964262281675,0.3942965545587961,1.5816447506836955,14.984870506036593,0.66412508111596,19.573456513465715,1.4669047414947765,0.0,0.07390978644404385,0.18355341181802967,0.7701459735879893,0.5547665560205284,2.0639264150521806,198.13578613603568,208.4965141850795,6.760187058975489,0.6666666666666666,19.5,-1.5,2025.0,10.0,3,0.10625663889375504,jamari thrash,900.0,0.1,0.006256638893755037
00-0037340,Zaire Mitchell-Paden,TE,BAL,MIN,0.014198782961460422,0.4117647058823529,0.0,0.2676470588235294,0.5882352941176471,2.1764705882352944,-0.219608650306541,1.7647058823529411,0.5882352941176471,0.0,0.04411764705882352,0.0748107690457022,1.3044408176964624,0.7749887587332327,2.4617292595909164,218.31235175998265,245.81716587113152,10.237602855694076,1.0,26.0,-3.5,2025.0,10.0,5,0.1058549982731227,zaire mitchellpaden,1900.0,0.05,0.055854998273122694
00-0038809,Ben Sims,TE,GB,PHI,0.009012774688543832,0.25242508384118856,0.10589116327119301,0.34179757224885926,1.2023570050922054,7.684195925749077,0.14986030950180354,5.61000525431026,0.8124756101277256,0.0363206690020192,0.04216041079337784,0.08589915476145121,0.3819813980197652,0.12022975404060637,3.2338590578850295,287.6201469477674,229.0319311625931,5.479862603117346,0.2,23.5,-1.5,2025.0,10.0,4,0.1052612783861654,ben sims,2000.0,0.047619047619047616,0.05764223076711779
00-0034418,Cedrick Wilson Jr.,WR,MIA,BUF,6.30251170080123e-05,0.0023227286653166534,0.010567127507925798,0.3620185607099967,1.022289295055908,9.32001504008242,-0.13079182737539333,11.192997985774578,1.5287241874978352,0.013388427902675401,0.0584290693160229,0.1085071958881033,0.4392649403270309,0.06006744773448068,3.900471090725134,260.88888632967144,215.94792088703153,4.9755284087198755,0.0,20.5,9.5,2025.0,10.0,5,0.10458366674827484,cedrick wilson,1800.0,0.05263157894736842,0.05195208780090642
00-0037475,Stone Smartt,TE,NYJ,CLE,4.514745194014671e-05,0.0016951067845012175,0.27702037817023006,0.2748526629516501,0.9372324358647082,17.494268518141894,0.9117529131594074,20.848805344342427,1.7277737718304444,0.0009971216379418921,0.05962458232220884,0.13183492982258635,1.2007512005507663,0.6666926600942624,3.7671604838873978,237.93667548343439,223.8498550624937,5.188695195939143,0.5,18.0,1.5,2025.0,10.0,3,0.10429492141125402,stone smartt,5000.0,0.0196078431372549,0.08468707827399911
00-0033375,Tim Patrick,WR,JAX,HOU,0.0020051967424870175,0.08573594950873163,0.5232114516984357,0.24278879297379669,1.1953346099199087,14.501302533832597,1.1613697906210545,15.109919335830018,0.9038563549729134,0.23068328820568268,0.03195443777991673,0.07990636881076055,0.5638835421297118,0.48015356236225404,2.605769901579394,315.7050850369213,188.28943428125535,-1.6127565976927363,0.6,19.5,-1.5,2025.0,10.0,5,0.10402133480683286,tim patrick,650.0,0.13333333333333333,-0.029311998526500474
00-0032464,Kalif Raymond,WR,DET,WAS,6.465594595077982e-10,2.3481267725310805e-08,0.012278724852373888,0.34732924700160756,0.9017096251042711,6.198749604488759,-0.22745933197005774,6.361172065068883,0.9690588086567145,0.004942477744532969,0.049327712522197774,0.09369532136895681,1.5266804843382515,0.8965923181291315,4.705963684872445,219.99778814444258,286.4003408089876,13.457302362742375,0.2,29.0,-8.5,2025.0,10.0,3,0.10352536021143738,kalif raymond,700.0,0.125,-0.02147463978856262
00-0039394,Casey Washington,WR,ATL,IND,0.0,0.0,0.32692356102142694,0.33158614484871446,0.8259866205314702,37.443914465027184,0.7781736735038908,17.322824920336902,0.9418501062011186,0.0,0.06106134215333063,0.18452415245427445,0.6974939727959736,0.7986982428835981,3.048560700772346,256.7124605783851,270.39337714007104,4.022341348923192,0.75,21.0,6.5,2025.0,10.0,5,0.10342154143488924,casey washington,1300.0,0.07142857142857142,0.03199297000631782
00-0037306,John FitzPatrick,TE,GB,PHI,0.006127256917642579,0.15318142294106454,0.0,0.27735783090678484,3.279352918903745,1.6261108376822713,0.6632363482572711,5.098167862336767,1.0021875839010215,0.15318142294106454,0.03588349081477534,0.06785815031573722,0.3819813980197652,0.12022975404060637,3.2338590578850295,287.6201469477674,229.0319311625931,5.479862603117346,0.2,23.5,-1.5,2025.0,10.0,2,0.10320817503697603,john fitzpatrick,850.0,0.10526315789473684,-0.0020549828577608037
00-0035500,Greg Dortch,WR,ARI,SEA,1.8967386888626398e-05,0.0004964232444647731,0.0232790834688604,0.2422689441317375,0.9343424488799038,-1.8599721218721146,0.03930081850239444,8.240534841832522,1.6653437149196395,0.1648094089333947,0.04937718414052035,0.06905394832798983,0.6746450178657114,0.11858739643462564,2.7700984729576397,251.82444853322957,224.74898109527305,5.86604633879075,0.75,19.5,6.5,2025.0,10.0,4,0.10250091482321105,greg dortch,1000.0,0.09090909090909091,0.011591823914120142
00-0037614,John Metchie III,WR,NYJ,CLE,0.0021091049213580277,0.06824862133085395,0.08470077181035668,0.19249966275551708,1.1948340989455368,11.313673293527696,0.012264035145646878,11.134417727110954,1.5905300832851703,0.008474647292365639,0.07529847816883263,0.147184924163441,1.2007512005507663,0.6666926600942624,3.7671604838873978,237.93667548343439,223.8498550624937,5.188695195939143,0.5,18.0,1.5,2025.0,10.0,5,0.10165453466473497,john metchie,1400.0,0.06666666666666667,0.0349878679980683
00-0039458,Brenden Bates,TE,HOU,JAX,0.0,0.0,0.0,0.1941176470588235,0.5882352941176471,12.705882352941178,1.2069932847174214,13.529411764705882,1.1764705882352942,0.0,0.05042838249669365,0.10987466246629328,1.3347242720691328,1.3037519969803837,3.3295606504774535,288.6921645201456,261.355796327663,8.476224447545004,0.0,18.0,1.5,2025.0,10.0,4,0.10132911792997279,brenden bates,1100.0,0.08333333333333333,0.01799578459663946
00-0037805,Jeremy Ruckert,TE,NYJ,CLE,0.0022998606432015826,0.05066076845697561,0.30000908117040964,0.3998551200563182,2.7504141575657632,5.206041895012403,1.429680313234221,13.034935006748501,0.9817157345652744,0.050421389807447925,0.038486008266022484,0.07284276330664227,1.2007512005507663,0.6666926600942624,3.7671604838873978,237.93667548343439,223.8498550624937,5.188695195939143,0.5,18.0,1.5,2025.0,10.0,2,0.10126519859737904,jeremy ruckert,1400.0,0.06666666666666667,0.03459853193071237
00-0034854,KhaDarel Hodge,WR,ATL,IND,0.00272670172558077,0.1074470360644263,0.06260363045701443,0.2472761229117355,0.26552993948840214,28.105583109341605,-0.33943826357184154,8.954537710873394,0.7765589129244486,0.005933603739791214,0.06710939568116606,0.16626317287752268,0.6974939727959736,0.7986982428835981,3.048560700772346,256.7124605783851,270.39337714007104,4.022341348923192,0.75,21.0,6.5,2025.0,10.0,4,0.10077135136047523,khadarel hodge,1800.0,0.05263157894736842,0.04813977241310681
00-0038824,Ryan Miller,WR,TB,NE,0.005626085348279565,0.20440828182917967,0.15729447775264577,0.23126724019426986,0.6023098271908583,14.250659984757899,-0.31430395340637046,8.713649613184726,0.6452903466096842,0.1451108555324295,0.027797642916172424,0.07469784453616865,1.3405569555495915,0.5256189865377909,2.7451735899288985,241.62335799074282,215.40943520326405,1.7063488848184059,0.3333333333333333,25.5,-2.5,2025.0,10.0,5,0.09998330865883431,ryan miller,1200.0,0.07692307692307693,0.023060231735757386
00-0034419,Braxton Berrios,WR,HOU,JAX,0.0006396763069857857,0.024938104880169613,0.00015513492241611945,0.2087215239741083,0.420247277344167,5.9812049200539645,0.41041528573371133,8.15030111270768,1.252829450217839,0.0001690595937268598,0.0419159097134342,0.07624181814544191,1.3347242720691328,1.3037519969803837,3.3295606504774535,288.6921645201456,261.355796327663,8.476224447545004,0.0,18.0,1.5,2025.0,10.0,6,0.09995924252021568,braxton berrios,900.0,0.1,-4.0757479784325756e-05
00-0039050,Payne Durham,TE,TB,NE,0.003832835190943482,0.12265072611019143,0.07198501053029324,0.3452390486539499,0.20697477451546983,5.82971120477581,0.39818202092028837,4.666615329621797,0.45717263581732304,0.12265072611019143,0.020387965024921288,0.04468574406610493,1.3405569555495915,0.5256189865377909,2.7451735899288985,241.62335799074282,215.40943520326405,1.7063488848184059,0.3333333333333333,25.5,-2.5,2025.0,10.0,2,0.09992103011929894,payne durham,700.0,0.125,-0.02507896988070106
00-0039912,Ben Sinnott,TE,WAS,DET,0.0,0.0,0.3087205926273848,0.30201776178424267,4.014426718695579,2.2875566123680255,0.6434032704779435,9.402769094114964,0.7271782661806775,0.02542446830141343,0.02390472308886363,0.043419703016616636,1.4550645732345586,0.4383571193320398,2.6284888374217914,306.49874966545826,210.91020480928339,-1.2671681805137816,1.0,20.5,8.5,2025.0,10.0,3,0.09976064414723113,ben sinnott,2000.0,0.047619047619047616,0.05214159652818351
00-0036232,Harrison Bryant,TE,HOU,JAX,5.144555264212956e-05,0.0019812552456916575,0.0020353326595097033,0.2958624402435515,1.0750360302045336,9.439074238758076,-0.4910086278921649,3.957733138132674,0.701814270603562,0.003520143893314787,0.04158366749582273,0.0853029462810575,1.3347242720691328,1.3037519969803837,3.3295606504774535,288.6921645201456,261.355796327663,8.476224447545004,0.0,18.0,1.5,2025.0,10.0,2,0.09906054667074513,harrison bryant,950.0,0.09523809523809523,0.0038224514326498926
00-0038394,Will Mallory,TE,IND,ATL,0.0,0.0,0.0006990298516774374,0.17000556451496718,0.642141506743994,12.04064349307945,-1.4735272951501583,5.053736344921896,0.59989745531687,0.0,0.03923219715108307,0.08301711900987101,1.275992876417467,0.14784790534894252,2.078995626505091,218.25223427795945,202.80702707884646,7.063947414738127,1.0,27.5,-6.5,2025.0,10.0,4,0.09899308620570554,will mallory,1800.0,0.05263157894736842,0.046361507258337126
00-0040172,Jordan Watkins,WR,SF,LA,0.0,0.0,0.0,0.12,0.7083333333333334,21.058823529411764,0.8076089035055382,14.058823529411764,1.0,0.0,0.052140912465968116,0.14879384149998484,0.7804219290725903,0.5011069043266104,3.0241523018431686,297.55244022186275,226.1259808860592,0.7091512221225452,0.8,21.75,6.0,2025.0,10.0,6,0.09807251783023219,jordan watkins,2200.0,0.043478260869565216,0.05459425696066697
00-0037282,James Mitchell,TE,CAR,NO,0.00033050763065337947,0.00859319839698788,0.2023904473079279,0.31429070948561644,5.027011697815155,5.827741508705177,1.08310930495583,14.237545108246431,1.2823838027852614,0.00859319839698788,0.04163041795743613,0.08056823158420076,1.4242066852512827,0.531573196651637,2.9633126309195124,246.85481650243761,220.7781810477561,9.652507971734261,0.6666666666666666,22.0,-5.5,2025.0,10.0,4,0.09762476678759316,james mitchell,1600.0,0.058823529411764705,0.038801237375828454
00-0035021,Ashton Dulin,WR,IND,ATL,2.7037867540340126e-05,0.0005839720007318515,0.20606025021316618,0.1925829825455419,0.21513061113401083,9.656721090922332,0.08444778139798038,4.79548779793207,0.4888862300967981,0.00032424300615125463,0.027010361559771497,0.06547124867956017,1.275992876417467,0.14784790534894252,2.078995626505091,218.25223427795945,202.80702707884646,7.063947414738127,1.0,27.5,-6.5,2025.0,10.0,4,0.09706603847988064,ashton dulin,1000.0,0.09090909090909091,0.006156947570789731
00-0040218,Jimmy Horn Jr.,WR,CAR,NO,0.0,0.0,0.12368829108218239,0.20581911939706465,0.3168127962271073,12.91388698568389,-0.2851083900199933,8.045184090007574,0.9578450109985216,0.0,0.08173354302898679,0.16504501185682513,1.4242066852512827,0.531573196651637,2.9633126309195124,246.85481650243761,220.7781810477561,9.652507971734261,0.6666666666666666,22.0,-5.5,2025.0,10.0,4,0.09677466963939495,jimmy horn,475.0,0.17391304347826086,-0.07713837383886592
00-0038938,Jalin Hyatt,WR,NYG,CHI,9.823348642427474e-06,0.0002848771106303974,0.0017807426350195282,0.2530049688092549,0.1737235789939632,34.66968662465459,-0.5758456614118003,4.004385696342986,0.6300261432535036,0.0,0.05553034942149958,0.17320072091792485,1.6551798491981597,0.6625676148622941,5.134846293276361,277.24015142771196,287.956756293116,11.605496993811343,0.5,21.0,4.5,2025.0,10.0,5,0.0959275799321963,jalin hyatt,1400.0,0.06666666666666667,0.02926091326552964
00-0036741,Jack Stoll,TE,NO,CAR,0.0025097956959584493,0.10290162353429651,0.0005706393246771224,0.2632971777444611,1.2285915276730661,3.595334812280747,-1.5322063569313538,3.732956607204395,0.4337081618518668,0.10290162353429651,0.030674988375355875,0.05431040612929391,0.5380942669420608,0.2593241659488003,3.023282000045922,253.40837055385472,228.03332021374462,8.69184221208624,0.3333333333333333,16.5,5.5,2025.0,10.0,4,0.09568547792688106,jack stoll,1900.0,0.05,0.04568547792688106
00-0038359,Xavier Smith,WR,LA,SF,0.0,0.0,0.02471595349552125,0.19289676525117816,0.15307580266811735,28.140770944711864,-0.11729304121392209,7.644467090967114,1.0457991124493669,0.0,0.049039906908364135,0.13309670183657035,1.1439900891381358,0.43272804276920623,2.596010622783091,277.1116029515716,245.0087080588283,9.258557503302262,0.6666666666666666,27.75,-6.0,2025.0,10.0,5,0.09487126723146526,xavier smith,1200.0,0.07692307692307693,0.01794819030838833
00-0039816,Anthony Gould,WR,IND,ATL,0.0,0.0,0.005951759670589962,0.17403894126906888,0.21830524481923905,0.7392323297910751,-0.12344719123089812,0.768991128144025,0.21665197824407523,0.0,0.006749708487937802,0.01166544035423159,1.275992876417467,0.14784790534894252,2.078995626505091,218.25223427795945,202.80702707884646,7.063947414738127,1.0,27.5,-6.5,2025.0,10.0,5,0.09393427736888565,anthony gould,1500.0,0.0625,0.031434277368885655
00-0039686,Colson Yankoff,TE,WAS,DET,0.0,0.0,0.0,0.08706450877965971,0.0,0.0,0.0,0.0,0.0,0.0,0.0,0.0,1.4550645732345586,0.4383571193320398,2.6284888374217914,306.49874966545826,210.91020480928339,-1.2671681805137816,1.0,20.5,8.5,2025.0,10.0,4,0.09375738372418377,colson yankoff,2000.0,0.047619047619047616,0.04613833610513615
00-0040009,Savion Williams,WR,GB,PHI,0.0,0.0,0.0,0.17914751726687606,1.2734095250332098,-0.6964476936054435,0.7214640152954807,7.3108205459405875,1.1150783371296324,0.22284666688081176,0.03212002589889506,0.04474008569636467,0.3819813980197652,0.12022975404060637,3.2338590578850295,287.6201469477674,229.0319311625931,5.479862603117346,0.2,23.5,-1.5,2025.0,10.0,6,0.09370931519039194,savion williams,1000.0,0.09090909090909091,0.002800224281301028
00-0040075,LaJohntay Wester,WR,BAL,MIN,0.0,0.0,0.0,0.039815787594732706,0.0,0.0,0.0,0.0,0.0,0.0,0.0,0.0,1.3044408176964624,0.7749887587332327,2.4617292595909164,218.31235175998265,245.81716587113152,10.237602855694076,1.0,26.0,-3.5,2025.0,10.0,6,0.09296982355739987,lajohntay wester,2200.0,0.043478260869565216,0.04949156268783465
00-0036841,Austin Trammell,WR,JAX,HOU,0.008833598738377533,0.30034235710483664,0.21023964997338562,0.2399548088367636,0.2157433656128947,18.563659051511127,0.3500447372225517,8.746653301885894,0.46651069003719375,0.0,0.03302725891632557,0.09547944477190243,0.5638835421297118,0.48015356236225404,2.605769901579394,315.7050850369213,188.28943428125535,-1.6127565976927363,0.6,19.5,-1.5,2025.0,10.0,6,0.09282279798073632,austin trammell,650.0,0.13333333333333333,-0.04051053535259701
00-0036887,Luke Farrell,TE,SF,LA,1.512483877490909e-06,5.747438734465458e-05,0.00017532591904632732,0.31042583609270147,1.1048453005571617,4.4029027952377655,0.3531985429396971,6.836497299163338,0.7791392906069882,0.03529471101101389,0.031333594391124556,0.0634138242870424,0.7804219290725903,0.5011069043266104,3.0241523018431686,297.55244022186275,226.1259808860592,0.7091512221225452,0.8,21.75,6.0,2025.0,10.0,2,0.09281944508464746,luke farrell,1400.0,0.06666666666666667,0.02615277841798079
00-0036429,Charlie Woerner,TE,ATL,IND,0.0,0.0,0.00203580658193475,0.48274667008184813,0.2665079694348814,0.3561393344912187,-0.7737031184897757,0.6052444893817984,0.48928907888818846,0.0,0.03417590533792481,0.054258521974971025,0.6974939727959736,0.7986982428835981,3.048560700772346,256.7124605783851,270.39337714007104,4.022341348923192,0.75,21.0,6.5,2025.0,10.0,2,0.09220112656624892,charlie woerner,1000.0,0.09090909090909091,0.0012920356571580055
00-0039623,Mason Tipton,WR,NO,CAR,0.005964915043422041,0.3042106672145241,0.0,0.2500840696818007,0.12737915840248237,18.642671048521347,-1.7715050048502319,2.9414979804931667,0.3950656879187439,0.0,0.04067933071905955,0.10406327161568255,0.5380942669420608,0.2593241659488003,3.023282000045922,253.40837055385472,228.03332021374462,8.69184221208624,0.3333333333333333,16.5,5.5,2025.0,10.0,4,0.09214276003546767,mason tipton,1000.0,0.09090909090909091,0.001233669126376763
00-0037654,Tucker Fisk,TE,LAC,PIT,0.0003409999363884071,0.012275997709982686,0.0,0.365440091554891,0.4497014291221802,4.981507704215034,0.13256122537934828,5.8491988670759625,0.6293961076177286,0.0,0.03024789308099968,0.055195142190934784,1.0131074708293046,0.7371426625429524,3.589633432620296,305.941537469126,321.1935648773629,10.319945596714707,0.75,24.25,-3.0,2025.0,10.0,2,0.09151520436225906,tucker fisk,1100.0,0.08333333333333333,0.00818187102892573
00-0034798,Durham Smythe,TE,CHI,NYG,0.005254773961361378,0.2142565334764613,0.001766272155868186,0.2889279753389102,0.407256873478653,4.155025930490683,-0.14985670787064087,2.676479196402205,0.4117554675560156,3.1148665138648685e-06,0.02437052273808387,0.04967209370062531,0.9134675022746926,0.5603788070004588,3.1428891857173076,224.96880671746356,237.42717965133974,9.581591400549282,0.5,25.5,-4.5,2025.0,10.0,3,0.0913268319995908,durham smythe,1600.0,0.058823529411764705,0.03250330258782609
00-0038840,Brycen Tremayne,WR,CAR,NO,0.0,0.0,0.11044448329185431,0.26155474961959274,0.8166260949843173,7.308392227217287,0.4212720905440707,8.588018708098684,0.8621765352476024,0.0,0.0376475983577127,0.08197283193794656,1.4242066852512827,0.531573196651637,2.9633126309195124,246.85481650243761,220.7781810477561,9.652507971734261,0.6666666666666666,22.0,-5.5,2025.0,10.0,5,0.0912318336202508,brycen tremayne,1200.0,0.07692307692307693,0.014308756697173866
00-0038710,Blake Whiteheart,TE,CLE,NYJ,0.0002701625421326575,0.00864520134824504,0.012350287640350063,0.34967389995326703,0.570074920073074,6.57882923905004,-0.8269660507867154,2.1797403162103803,0.683494779573516,0.00864520134824504,0.03242116677684063,0.0685035287594326,0.7701459735879893,0.5547665560205284,2.0639264150521806,198.13578613603568,208.4965141850795,6.760187058975489,0.6666666666666666,19.5,-1.5,2025.0,10.0,3,0.09104037246417993,blake whiteheart,1800.0,0.05263157894736842,0.03840879351681151
00-0039754,Devin Culp,TE,TB,NE,0.004231642321358073,0.13541255428345833,0.32885906040268453,0.10532175286221872,0.44361489211967253,11.219897354915119,1.3285796606522264,14.00552704303198,0.7931306750888275,0.0,0.02940698903505977,0.07434091701576394,1.3405569555495915,0.5256189865377909,2.7451735899288985,241.62335799074282,215.40943520326405,1.7063488848184059,0.3333333333333333,25.5,-2.5,2025.0,10.0,3,0.09091049619426,devin culp,1800.0,0.05263157894736842,0.038278917246891586
00-0039589,Kameron Johnson,WR,TB,NE,0.00018283400844655028,0.00859319839698788,0.14906322693511675,0.17819792938659337,0.2168192391783517,10.417615987239106,0.8865261167491665,9.540046523847472,0.596252907740467,0.14906322693511675,0.03036582281642671,0.07043156955874157,1.3405569555495915,0.5256189865377909,2.7451735899288985,241.62335799074282,215.40943520326405,1.7063488848184059,0.3333333333333333,25.5,-2.5,2025.0,10.0,6,0.09088162047811582,kameron johnson,1100.0,0.08333333333333333,0.007548287144782492
00-0040131,Kyle Williams,WR,NE,TB,0.0,0.0,0.0,0.2852228874903525,0.15044013096828812,15.207397056273525,-0.8375230084155337,1.3388005453611997,0.13877810531183168,0.0,0.03948041733310857,0.10052817345818998,0.6228542708098052,0.35374318341152583,3.066431605190131,286.7161178722203,263.6898482315036,-1.039881676874591,0.75,23.0,2.5,2025.0,10.0,5,0.09080751325842014,kyle williams,475.0,0.17391304347826086,-0.08310553021984073
00-0035645,Gunner Olszewski,WR,NYG,CHI,0.0,0.0,0.3000197464711599,0.02517632641347126,0.31316741361948286,6.901888144688512,0.9278565975106927,7.201478452351266,0.3004327795262921,0.30000000066037785,0.00939298340782102,0.03635128798549259,1.6551798491981597,0.6625676148622941,5.134846293276361,277.24015142771196,287.956756293116,11.605496993811343,0.5,21.0,4.5,2025.0,10.0,4,0.09019766886705866,gunner olszewski,1400.0,0.06666666666666667,0.02353100220039199
00-0031484,Chris Manhertz,TE,NYG,CHI,0.001976750860523149,0.051845291559205954,0.00070021115214512,0.28345108287701476,2.9034043204038347,1.4949191403563402,0.41615938917737816,5.2225915661885765,0.5182089815100064,0.05042334177060952,0.020292130107327045,0.03643908847827478,1.6551798491981597,0.6625676148622941,5.134846293276361,277.24015142771196,287.956756293116,11.605496993811343,0.5,21.0,4.5,0.0,0.0,4,0.09010854957893592,chris manhertz,1700.0,0.05555555555555555,0.03455299402338037
00-0037304,Connor Heyward,TE,PIT,LAC,0.007753695621627278,0.24990603155796606,2.3651583046173318e-06,0.085589386761096,0.19886115301292348,3.215251946235257,0.12586288288354133,1.760987807892,0.18968324935961506,0.10432466208648371,0.010987221709447595,0.025299418087929824,0.5133652011692929,0.33116462972514527,2.1503362030851423,199.89642811748368,186.3298535001884,4.232988249359855,0.5,21.25,3.0,2025.0,10.0,4,0.08976643089787256,connor heyward,1400.0,0.06666666666666667,0.023099764231205897
00-0033246,Johnny Mundt,TE,JAX,HOU,0.00037615435663838133,0.01195211507240876,0.0012466633247145793,0.3531193122360815,0.883582222846579,7.759185364871883,-0.10606538503043925,5.575375870408182,0.5764344437170091,0.009080633124331135,0.03674968559393217,0.06950671997469392,0.5638835421297118,0.48015356236225404,2.605769901579394,315.7050850369213,188.28943428125535,-1.6127565976927363,0.6,19.5,-1.5,2025.0,10.0,2,0.0896320688469847,johnny mundt,550.0,0.15384615384615385,-0.06421408499916915
00-0039920,Malachi Corley,WR,CLE,NYJ,0.002799868378758912,0.10919486677159772,0.0,0.2031710845116378,1.9795506560133649,4.992556666644275,0.042581524685815414,4.764639123858592,0.6018529127316853,0.0,0.037290392018768645,0.07307904902098969,0.7701459735879893,0.5547665560205284,2.0639264150521806,198.13578613603568,208.4965141850795,6.760187058975489,0.6666666666666666,19.5,-1.5,2025.0,10.0,5,0.08930758344348799,malachi corley,1200.0,0.07692307692307693,0.012384506520411065
00-0040184,KeAndre Lambert-Smith,WR,LAC,PIT,0.0016807036975481312,0.057143925716636575,0.0,0.14739556027023262,0.014000030800067759,22.080362576797672,-0.46231274889411306,0.23800052360115193,0.23800052360115193,0.0,0.026349930902178798,0.09264059836707152,1.0131074708293046,0.7371426625429524,3.589633432620296,305.941537469126,321.1935648773629,10.319945596714707,0.75,24.25,-3.0,2025.0,10.0,5,0.08847752236518681,keandre lambertsmith,2500.0,0.038461538461538464,0.05001598390364835
00-0038090,Skyy Moore,WR,SF,LA,2.672128418072058e-05,0.0010404157246891826,0.30119785048759007,0.13253641630502355,0.565280899039014,13.54362017228528,0.5064877317451685,9.016190786954224,0.4985044477275413,8.210627861307353e-05,0.030005102497012832,0.08155712832705596,0.7804219290725903,0.5011069043266104,3.0241523018431686,297.55244022186275,226.1259808860592,0.7091512221225452,0.8,21.75,6.0,2025.0,10.0,5,0.08792637386214835,skyy moore,1700.0,0.05555555555555555,0.0323708183065928
00-0036862,Ben Skowronek,WR,PIT,LAC,0.0032786492584152976,0.07219836482663665,0.028911966976334743,0.21860290187308376,0.5895872510161171,2.6122277647832894,0.21457785148402034,3.8427724597180895,0.27556243512830786,0.024746911915385653,0.012288597890492683,0.03186113431561004,0.5133652011692929,0.33116462972514527,2.1503362030851423,199.89642811748368,186.3298535001884,4.232988249359855,0.5,21.25,3.0,2025.0,10.0,5,0.087820188063279,ben skowronek,2000.0,0.047619047619047616,0.040201140444231384
00-0039521,Xavier Weaver,WR,ARI,SEA,0.004231642321358073,0.13541255428345833,0.0,0.23017370706671927,0.0,13.78720884326885,-0.3593633444122634,0.0,0.0,0.0,0.01718564942755626,0.06902177119969445,0.6746450178657114,0.11858739643462564,2.7700984729576397,251.82444853322957,224.74898109527305,5.86604633879075,0.75,19.5,6.5,2025.0,10.0,5,0.08778282263613736,xavier weaver,2500.0,0.038461538461538464,0.0493212841745989
00-0040259,Gage Larvadain,WR,CLE,NYJ,0.0,0.0,0.0,0.3260284247927359,0.17732596394262398,6.0244769048559,-0.11664340367084432,4.255823134622976,0.3868930122384524,0.0,0.030525172300792915,0.0673846524908962,0.7701459735879893,0.5547665560205284,2.0639264150521806,198.13578613603568,208.4965141850795,6.760187058975489,0.6666666666666666,19.5,-1.5,2025.0,10.0,4,0.08766811971390179,gage larvadain,950.0,0.09523809523809523,-0.007569975524193445
00-0034073,Ross Dwelley,TE,DET,WAS,4.962933976230459e-05,0.00203480293025449,0.04990314549965911,0.23996556306228062,0.8416694422834547,2.858803800765663,0.2644638741888711,4.371405101974081,0.2956116639966948,0.014258982941458465,0.013681217440090843,0.029924528546054027,1.5266804843382515,0.8965923181291315,4.705963684872445,219.99778814444258,286.4003408089876,13.457302362742375,0.2,29.0,-8.5,2025.0,10.0,3,0.08765729271248276,ross dwelley,1600.0,0.058823529411764705,0.02883376330071806
00-0038573,Derius Davis,WR,LAC,PIT,0.0011755427451811838,0.042000747573592144,0.02470632210211303,0.0635528123329412,0.12917571374231726,0.936473103649773,0.13016769731466749,1.558766554331458,0.15680434373582175,0.042000747573592144,0.005409172650132683,0.010274280684079377,1.0131074708293046,0.7371426625429524,3.589633432620296,305.941537469126,321.1935648773629,10.319945596714707,0.75,24.25,-3.0,2025.0,10.0,6,0.08759663332473963,derius davis,2200.0,0.043478260869565216,0.044118372455174415
00-0039451,Isaiah Williams,WR,NYJ,CLE,0.0,0.0,0.0,0.13459781498566942,0.9375211528966693,3.0643834100103975,0.4622102612615771,9.381064566240365,0.9119987264110286,0.0,0.04076089484557742,0.0730842091174839,1.2007512005507663,0.6666926600942624,3.7671604838873978,237.93667548343439,223.8498550624937,5.188695195939143,0.5,18.0,1.5,2025.0,10.0,6,0.08699952298411057,isaiah williams,1300.0,0.07142857142857142,0.015570951555539142
00-0036876,Kylen Granson,TE,PHI,GB,6.776168512564912e-08,2.8761615956301157e-06,0.04017412429411809,0.2766502803572312,0.3316096085503747,6.707808357741707,-0.22699784334311154,3.563524145020315,0.4345701528642657,1.6235086823168144e-06,0.02499062150130721,0.05076197657067836,0.7826353952484881,0.5073003757428777,2.009760557118639,208.64688088899257,195.98508753840764,4.439088826457888,0.6,22.0,1.5,2025.0,10.0,3,0.08535348424840469,kylen granson,2500.0,0.038461538461538464,0.04689194578686623
00-0040563,Efton Chism III,WR,NE,TB,0.0,0.0,0.0,0.08205479452054794,0.0,0.0,0.0,0.0,0.0,0.0,0.0,0.0,0.6228542708098052,0.35374318341152583,3.066431605190131,286.7161178722203,263.6898482315036,-1.039881676874591,0.75,23.0,2.5,2025.0,10.0,6,0.08435918570750142,efton chism,2200.0,0.043478260869565216,0.040880924837936206
00-0036331,Devin Duvernay,WR,CHI,NYG,0.005526327695117107,0.21000037072240674,0.005932296907537665,0.05306601063503938,0.04484770935800479,10.77377870557632,-0.4033893092159929,0.8431418925728995,0.267241511774739,2.395777065369199e-07,0.020223480231859534,0.05473823802525592,0.9134675022746926,0.5603788070004588,3.1428891857173076,224.96880671746356,237.42717965133974,9.581591400549282,0.5,25.5,-4.5,2025.0,10.0,5,0.08427980868212873,devin duvernay,1100.0,0.08333333333333333,0.0009464753487953975
00-0036590,Quintin Morris,TE,JAX,HOU,0.0030662521965252967,0.09003193840123393,0.00023942266778235002,0.14813871703645895,0.2627944297190536,3.6752693119989526,0.03639320424576093,2.514720277446435,0.3527425320023467,0.014841486210712384,0.018458609916506188,0.039803378178984855,0.5638835421297118,0.48015356236225404,2.605769901579394,315.7050850369213,188.28943428125535,-1.6127565976927363,0.6,19.5,-1.5,2025.0,10.0,3,0.08351538275313751,quintin morris,1000.0,0.09090909090909091,-0.007393708155953402
00-0040509,Ben Yurosek,TE,MIN,BAL,0.0,0.0,0.0,0.24700750098697197,0.23029345966574552,1.6581129095933673,-0.20056623817328476,1.381760757994473,0.2763521515988946,0.0,0.01842347677325962,0.03838224327762425,0.7608229502176334,0.2037675735200119,3.4903409642122702,269.80905190126856,250.84896971570691,7.9144949260934725,0.6,22.5,3.5,2025.0,10.0,3,0.08286945057221548,ben yurosek,1800.0,0.05263157894736842,0.030237871624847062
00-0036646,Simi Fehoko,WR,ARI,SEA,0.0010711624246039942,0.030709710386115197,0.02946903907707209,0.08985223362150759,0.025020114406014024,3.8308979458072177,0.014664980969325588,1.4889745815856017,0.09041872618949835,0.004162068401414707,0.008687304415821717,0.022702894953696987,0.6746450178657114,0.11858739643462564,2.7700984729576397,251.82444853322957,224.74898109527305,5.86604633879075,0.75,19.5,6.5,2025.0,10.0,6,0.08220053595325856,simi fehoko,4500.0,0.021739130434782608,0.06046140551847595
00-0033572,Jamal Agnew,WR,ATL,IND,0.0005674735240711946,0.024954701565934694,0.05260650890964872,0.033328935067532865,0.09691394667420247,4.226409545990059,0.116257404937729,3.721786779373336,0.16639540689528806,0.01739376462911234,0.008286090685271889,0.024231879688731677,0.6974939727959736,0.7986982428835981,3.048560700772346,256.7124605783851,270.39337714007104,4.022341348923192,0.75,21.0,6.5,2025.0,10.0,6,0.08211398404311543,jamal agnew,2200.0,0.043478260869565216,0.03863572317355021
00-0040241,Dominic Lovett,WR,DET,WAS,0.0,0.0,0.0,0.0,0.0,0.0,0.0,0.0,0.0,0.0,0.0,0.0,1.5266804843382515,0.8965923181291315,4.705963684872445,219.99778814444258,286.4003408089876,13.457302362742375,0.2,29.0,-8.5,2025.0,10.0,5,0.08199024525346298,dominic lovett,2200.0,0.043478260869565216,0.03851198438389776
00-0036332,Josiah Deguara,TE,ARI,SEA,1.3499351234619227e-06,4.880562496300133e-05,0.0002776144487419272,0.10689146033144334,0.4332005155097114,0.39624725692505175,-0.1377737823375692,1.1230698041584195,0.23724384296297346,3.14757380636687e-05,0.006844451918363381,0.01143163870693161,0.6746450178657114,0.11858739643462564,2.7700984729576397,251.82444853322957,224.74898109527305,5.86604633879075,0.75,19.5,6.5,0.0,0.0,4,0.08185253599744396,josiah deguara,2800.0,0.034482758620689655,0.04736977737675431
00-0036825,Feleipe Franks,TE,ATL,IND,0.0,0.0,0.0,0.02680954806555781,0.050434803373906864,1.4395409966761328,0.002043835869547059,0.6052176404868824,0.050434803373906864,0.0,0.0024911379803959173,0.006534799569234678,0.6974939727959736,0.7986982428835981,3.048560700772346,256.7124605783851,270.39337714007104,4.022341348923192,0.75,21.0,6.5,2025.0,10.0,4,0.08116201500560163,feleipe franks,4000.0,0.024390243902439025,0.05677177110316261
00-0040058,Nick Kallerup,TE,SEA,ARI,0.0,0.0,0.0,0.0,0.0,0.0,0.0,0.0,0.0,0.0,0.0,0.0,0.5659855209385304,0.4322866091237179,2.5718553388324787,276.7761488122506,233.29974831667087,4.646417404637642,0.4,26.0,-6.5,2025.0,10.0,3,0.08103747986992095,nick kallerup,2500.0,0.038461538461538464,0.04257594140838249
00-0040024,Darius Cooper,WR,PHI,GB,0.0,0.0,0.0,0.0,0.0,0.0,0.0,0.0,0.0,0.0,0.0,0.0,0.7826353952484881,0.5073003757428777,2.009760557118639,208.64688088899257,195.98508753840764,4.439088826457888,0.6,22.0,1.5,2025.0,10.0,4,0.08095000100015462,darius cooper,850.0,0.10526315789473684,-0.024313156894582216
00-0040534,Ke'Shawn Williams,WR,PIT,LAC,0.0,0.0,0.0,0.020078957757599686,0.0,0.0,0.0,0.0,0.0,0.0,0.0,0.0,0.5133652011692929,0.33116462972514527,2.1503362030851423,199.89642811748368,186.3298535001884,4.232988249359855,0.5,21.25,3.0,2025.0,10.0,6,0.08062595672533357,keshawn williams,4000.0,0.024390243902439025,0.056235712822894544
00-0040506,Myles Price,WR,MIN,BAL,0.0,0.0,0.0,0.00909593240207409,0.0,0.0,0.0,0.0,0.0,0.0,0.0,0.0,0.7608229502176334,0.2037675735200119,3.4903409642122702,269.80905190126856,250.84896971570691,7.9144949260934725,0.6,22.5,3.5,2025.0,10.0,6,0.08058064123668038,myles price,2000.0,0.047619047619047616,0.03296159361763276
00-0038564,Cameron Latu,TE,PHI,GB,0.0,0.0,0.0,0.1062724027261909,0.0,0.0,0.0,0.0,0.0,0.0,0.0,0.0,0.7826353952484881,0.5073003757428777,2.009760557118639,208.64688088899257,195.98508753840764,4.439088826457888,0.6,22.0,1.5,2025.0,10.0,4,0.08044755766285709,cameron latu,2500.0,0.038461538461538464,0.04198601920131863
00-0040225,Thomas Fidone II,TE,NYG,CHI,0.0,0.0,0.0,0.04,0.0,0.0,0.0,0.0,0.0,0.0,0.0,0.0,1.6551798491981597,0.6625676148622941,5.134846293276361,277.24015142771196,287.956756293116,11.605496993811343,0.5,21.0,4.5,2025.0,10.0,3,0.0804125451194983,thomas fidone,550.0,0.15384615384615385,-0.07343360872665555
00-0040154,Tai Felton,WR,MIN,BAL,0.0,0.0,0.0,0.016326835919039023,0.104958230908108,0.5714392571663658,-0.03974108033788829,0.7347076163567559,0.08163417959519512,0.0,0.0034014241497997907,0.007229835586489349,0.7608229502176334,0.2037675735200119,3.4903409642122702,269.80905190126856,250.84896971570691,7.9144949260934725,0.6,22.5,3.5,2025.0,10.0,5,0.0797098741586103,tai felton,3000.0,0.03225806451612903,0.047451809642481274
00-0038496,Xavier Gipson,WR,PHI,GB,0.00014864477154355642,0.004166193489732989,0.0001763702826769857,0.05897916938805914,0.02259453407976933,-0.8574317831066398,-0.09628767335441177,1.1232774456220278,0.3375075192798176,0.004209868344120588,0.016560201217938036,0.02026265750315586,0.7826353952484881,0.5073003757428777,2.009760557118639,208.64688088899257,195.98508753840764,4.439088826457888,0.6,22.0,1.5,2025.0,10.0,5,0.07969899834200574,xavier gipson,2200.0,0.043478260869565216,0.03622073747244052
