player_id,player_display_name,position,team,opponent_team,avg_endzone_target_share,avg_endzone_targets,avg_explosive_receiving_plays,avg_offense_snap_share,avg_racr,avg_receiving_air_yards,avg_receiving_epa,avg_receiving_yards,avg_receptions,avg_scored_touchdown,avg_target_share,avg_total_tds,avg_wopr,avg_receiving_yards_allowed,avg_receiving_air_yards_allowed,passing_tds_allowed_to_TE,avg_receiving_epa_allowed,avg_explosive_receiving_plays_allowed,passing_tds_allowed_to_WR,redzone_td_rate,implied_total,spread_line,season,week,depth_chart_rank,predicted_touchdown_probability,merge_name,price,market_implied_prob,model_edge
00-0036963,Amon-Ra St. Brown,WR,DET,CLE,0.037114398955280445,1.1322849306670342,1.1471881626713907,0.8604299089292075,1.1149918231125924,72.72338032612554,7.802617335333871,82.0242804404034,7.059572746729925,0.6950543247260706,0.28557016979374056,1.123528723157556,0.6690298115497806,195.73163004994095,180.64196753396845,0.6949048616306461,8.810631227672513,2.270306919065801,1.2303873418859184,0.6666666666666666,27.25,-10.0,2025.0,4.0,1,0.5177958054745853,amonra st brown,125.0,0.4444444444444444,0.07335136103014084
00-0039075,Puka Nacua,WR,LA,IND,0.005484069717389529,0.17493376433237495,1.5975871687474164,0.7924317392593384,2.467182329196703,90.00730055998427,6.289778043010868,106.6423348961049,9.353891494859806,0.2857006436529632,0.3963604067167227,0.3209959005252269,0.9136816076358687,213.38610731983098,199.04426368592024,0.32977962314678677,3.375509124878027,2.214355419700491,1.2692923254424253,0.2,26.5,-3.5,2025.0,4.0,1,0.5027718718322339,puka nacua,105.0,0.4878048780487805,0.014966993783453453
00-0034348,Courtland Sutton,WR,DEN,CIN,0.026448718901695364,0.8463230044099471,1.0696537731371236,0.8301843770355714,0.6017743868372474,106.61701954491438,4.070924187660477,70.64324489947596,4.65365751643612,0.6876460968125405,0.25405885033816716,0.7049404998130471,0.7272862025178551,231.8892817981643,231.806285290214,0.7892864205454694,5.6237584839764905,2.751971930946851,0.7043681432797678,0.3333333333333333,26.0,-7.5,2025.0,4.0,1,0.4722701143574238,courtland sutton,135.0,0.425531914893617,0.04673819946380675
00-0031381,Davante Adams,WR,LA,IND,0.07618036171349424,2.6225380124829627,1.3649412243683754,0.8645504895765924,0.9172416452056833,106.61230688405408,-0.1261813516079908,75.68563238848459,4.936602172860462,0.7494903430426649,0.3089707266272834,0.7852799346153254,0.813282118526587,213.38610731983098,199.04426368592024,0.32977962314678677,3.375509124878027,2.214355419700491,1.2692923254424253,0.2,26.5,-3.5,2025.0,4.0,2,0.44752860103747794,davante adams,130.0,0.43478260869565216,0.012745992341825774
00-0038544,Quentin Johnston,WR,LAC,NYG,0.0219449276783385,0.8333290010425498,1.4945109032987263,0.7856501976731944,0.7892488541942216,100.26703742108727,4.191404819986616,81.01830170249791,5.41879597917867,0.4381782563307493,0.23699628834187575,0.5861758048902154,0.5783623118487198,266.8335187833287,299.370982477232,0.3185646031879392,11.500807435615581,2.603653118320644,1.1391214738305775,0.5,24.75,-6.0,2025.0,4.0,2,0.4256955475413916,quentin johnston,170.0,0.37037037037037035,0.055325177171021256
00-0030279,Keenan Allen,WR,LAC,NYG,0.04022490798312235,1.5473057997280761,0.7778685417689158,0.7097042177387453,0.8385690652721106,79.04068609380082,4.35418392372273,60.90829247178537,5.902139395024876,0.7744995132336276,0.2587022956762816,0.7939603051646276,0.5636540612168588,266.8335187833287,299.370982477232,0.3185646031879392,11.500807435615581,2.603653118320644,1.1391214738305775,0.5,24.75,-6.0,2025.0,4.0,3,0.41861788202702377,keenan allen,170.0,0.37037037037037035,0.04824751165665342
00-0036912,DeVonta Smith,WR,PHI,TB,0.0201483458679436,0.543217364093801,0.7734067438060922,0.8679792091289819,1.3572630619986101,63.76375573690404,5.1622417861529515,57.998695464761866,5.737229466824966,0.5166422625177428,0.2847490377843118,0.6195438866673372,0.6480391754731376,228.58361534779192,227.04592058201942,0.023104560073326372,4.351440955616023,2.7956899219975573,1.2319525841007237,0.75,23.5,-3.5,2025.0,4.0,2,0.418019614650668,devonta smith,220.0,0.3125,0.105519614650668
00-0035676,A.J. Brown,WR,PHI,TB,0.04083572299051413,1.1188127649797293,1.2647521465582154,0.9268247601190546,0.8073943757666129,80.0132049014693,2.623353839062301,63.925902926055926,4.837223274090965,0.5492669072504497,0.3117675678170086,0.5493173198606376,0.7264057472416714,228.58361534779192,227.04592058201942,0.023104560073326372,4.351440955616023,2.7956899219975573,1.2319525841007237,0.75,23.5,-3.5,2025.0,4.0,1,0.40028573779426796,aj brown,160.0,0.38461538461538464,0.015670353178883323
00-0033040,Tyreek Hill,WR,MIA,NYJ,0.017901645087040424,0.638502404319858,0.8105668991371343,0.777524277206295,0.5986729495484354,109.1263249716466,3.7701073847782385,62.12944948490572,4.972481095308783,0.40757644737811877,0.23702980902401766,0.4076350621736917,0.7082486276726697,221.94266784720395,198.65994012040045,0.34453832343980006,9.352302345647217,3.8154722142689987,0.9355981054798019,1.0,24.0,-2.5,2025.0,4.0,1,0.38572507649586096,tyreek hill,135.0,0.425531914893617,-0.03980683839775606
00-0037740,Garrett Wilson,WR,NYJ,MIA,0.014501085840315443,0.5043921688055027,0.5911194544437045,0.9707723709974168,1.2212428923903673,69.39527684473161,0.9005291448113925,70.15254183523952,6.6832138575030635,0.5644436744543424,0.32533974641462154,0.5703757228671326,0.7617796806503442,235.9795772197789,157.75564980311344,0.7788053390377815,11.261163342402728,2.5063946570399014,1.2649144653986988,0.5,21.5,2.5,2025.0,4.0,1,0.3693653528481427,garrett wilson,145.0,0.40816326530612246,-0.038797912457979755
00-0037247,George Pickens,WR,DAL,GB,0.03878934182053537,1.7403693244203586,1.129411689532033,0.8722477435437139,0.6595253835890418,85.56771493497254,0.8821266260213588,54.887191226345124,4.054645755125057,0.5865670136020048,0.19423163334506355,0.5869089804618711,0.5061062326068573,195.5698074517025,223.10865049677298,0.22829996872062927,1.3947909643956107,1.2116413227740488,0.6882572454839503,0.25,20.25,7.0,2025.0,4.0,2,0.36594287930551733,george pickens,155.0,0.39215686274509803,-0.0262139834395807
00-0039919,Rome Odunze,WR,CHI,LV,0.035430767626841594,1.1176605283409544,1.0330856424590567,0.9150176495754483,0.7181874016611051,95.78915307914812,3.406517375664445,62.58731969074725,4.115148807125028,0.6829491221241641,0.23848983008522884,0.9178428391443653,0.597410888121465,245.52583879284495,224.5241359653417,0.21483667681656474,10.648149482022042,2.7553854810459755,1.1696458519579582,0.4,23.0,1.5,2025.0,4.0,2,0.36161625789029367,rome odunze,145.0,0.40816326530612246,-0.04654700741582879
00-0038543,Jaxon Smith-Njigba,WR,SEA,ARI,0.002074263850601131,0.0684633619550446,1.567212342470115,0.7107793385528861,0.9298867427764685,92.19069552355408,4.4106961955322515,86.47730359601618,6.347476474913729,0.3948515187747427,0.3315425125357394,0.4007835100147736,0.8335407956571612,266.8292278019342,276.4381437035202,0.019376504573782847,6.939515225496161,3.0584598014665407,0.7079521683734823,0.6666666666666666,22.5,-1.5,2025.0,4.0,1,0.35527923196986366,jaxon smithnjigba,150.0,0.4,-0.04472076803013636
00-0034960,Jakobi Meyers,WR,LV,CHI,0.022734061150773567,0.8900808779260783,1.677222786949224,0.9263737098788548,0.8723245546352981,88.46025655075776,2.098019332308282,75.06328469602083,5.45357357611075,0.1813093072444879,0.235985125821168,0.18180015062197774,0.5565732474009979,258.85848927896586,217.12406394782903,0.2955174323930029,7.289545554292404,3.6184107412170703,1.5194850312260302,0.5,24.5,-1.5,2025.0,4.0,1,0.34837208655888796,jakobi meyers,140.0,0.4166666666666667,-0.06829458010777872
00-0039916,Ricky Pearsall,WR,SF,JAX,0.01043630868201852,0.37450193878611426,1.3534926798732225,0.8546307829805609,0.7232435738753674,113.93083298248862,3.5222092694171123,83.76614024776018,5.368794872050007,0.182097004125949,0.20698505879243015,0.182097004125949,0.5867744344620015,235.56450483526405,299.4682841681782,0.11198903421417832,-0.12391193200659034,2.5631025791482687,1.1942897130310721,0.25,25.5,-3.5,2025.0,4.0,2,0.34819852910221233,ricky pearsall,185.0,0.3508771929824561,-0.0026786638802437923
00-0036322,Justin Jefferson,WR,MIN,PIT,0.033345073138073354,0.9868029518095686,1.2042341854852598,0.9217518159036667,1.088455090664318,76.75277284315602,1.0434820286596436,75.78800077678018,4.847449565095012,0.26239492223312566,0.2962795146809773,0.33755039844823725,0.6932395389191597,266.3661859782383,211.9983189690337,1.0123321386502886,10.89174980416961,2.6811056858469136,0.8155974940757033,0.6666666666666666,21.5,-2.5,2025.0,4.0,1,0.3461735177999362,justin jefferson,145.0,0.40816326530612246,-0.061989747506186244
00-0036554,Nico Collins,WR,HOU,TEN,0.034082009945724814,0.8584323813047529,0.7565857957653724,0.765199636730925,0.8109938221219831,90.41163145688259,1.3961705216124263,65.81103457047297,5.198984921747836,0.6856739489822419,0.2776061129499493,0.7209968115757829,0.6676529028565742,221.5226446881308,195.49700753024635,0.24573912331386139,7.730181933823634,2.91187989111779,1.0620731932480907,0.0,22.75,-7.0,2025.0,4.0,1,0.34569093213238344,nico collins,115.0,0.46511627906976744,-0.11942534693738399
00-0036900,Ja'Marr Chase,WR,CIN,DEN,0.019710450211784605,0.8425006375213586,1.1463980668120615,0.9163601491528517,1.2378957318284378,78.67582920573763,2.3314842050855806,89.2172246844164,7.791563670844417,0.4362017261330724,0.2841952723329566,0.49209448512451437,0.6636518715267725,260.2278316781811,311.6096355604024,0.060232214177897564,7.3778953292555505,2.97462350785032,0.6156197035613635,1.0,18.5,7.5,2025.0,4.0,1,0.33981011613449286,jamarr chase,140.0,0.4166666666666667,-0.07685655053217383
00-0038563,Tre Tucker,WR,LV,CHI,0.023691508706197236,0.8019702660902022,0.6877430516498168,0.9072733477884377,0.6688809658750499,85.84595595264899,3.849246001523104,63.68661194461288,4.170376806120494,0.5381055487916883,0.19968789104036672,1.1381922943005693,0.495904300724841,258.85848927896586,217.12406394782903,0.2955174323930029,7.289545554292404,3.6184107412170703,1.5194850312260302,0.5,24.5,-1.5,2025.0,4.0,2,0.3348834682149829,tre tucker,220.0,0.3125,0.022383468214982882
00-0037240,Jameson Williams,WR,DET,CLE,0.0028416553984436568,0.11154035268906254,0.9253282310829508,0.8745957295569632,1.0382499715337012,68.96519947847734,4.000232442985319,61.73567751324354,3.2968412663059987,0.38205039374318156,0.15735613924466918,0.4540805847478609,0.454088482806431,195.73163004994095,180.64196753396845,0.6949048616306461,8.810631227672513,2.270306919065801,1.2303873418859184,0.6666666666666666,27.25,-10.0,2025.0,4.0,2,0.33323255120577594,jameson williams,200.0,0.3333333333333333,-0.00010078212755737503
00-0033921,Chris Godwin Jr.,WR,TB,PHI,0.008584265802125237,0.3019493294181415,1.129990960119284,0.8832048605071697,1.6050587043199955,54.019735979880316,4.033640818080755,80.59484102991992,7.258968958696926,0.38992172593453234,0.26336727272648747,0.5999217278030834,0.5639263660290023,184.55679873024846,236.22643510303513,0.10311033522107635,-1.9036438020538324,2.058660426518849,0.9695448207280812,0.1428571428571428,20.0,3.5,2025.0,4.0,2,0.33232843611576496,chris godwin,280.0,0.2631578947368421,0.06917054137892287
00-0037238,Drake London,WR,ATL,WAS,0.02355741502009272,0.8839251365943623,0.881476078295219,0.8826357099222473,0.8413557719899857,104.00720413448177,1.201760836702629,72.41381345617943,5.672703441407851,0.15168380984012345,0.27385526667105353,0.25458381047488626,0.659500512301341,246.18541431705694,293.81655725456983,0.3584502896678204,9.674876922049465,3.039717166082489,1.2514299682806516,0.0,22.0,1.5,2025.0,4.0,1,0.3308170671013154,drake london,145.0,0.40816326530612246,-0.07734619820480704
00-0037744,Trey McBride,TE,ARI,SEA,0.024589927354100947,0.8779049106347235,0.6322015510644516,0.9099245725368952,1.418601338963497,48.35214667175203,2.6921417829827,64.7628242354756,6.3657767225921855,0.48130042745150226,0.2805374600975094,0.48130042745150226,0.5982880206719429,234.59202174851598,256.73468515041117,0.7055833666604924,4.067953507892232,2.7893048905672666,0.6117392626031481,0.25,21.0,1.5,2025.0,4.0,1,0.3264853674771858,trey mcbride,165.0,0.37735849056603776,-0.050873123088851946
00-0039064,Zay Flowers,WR,BAL,KC,0.010351595971100863,0.2133479174325419,0.8490096917555312,0.7637475458177895,1.365217287022439,65.65425142054852,2.7970856735262664,56.533726970693266,4.13064336197617,0.1660803097802929,0.2622476161755138,0.1720697802611707,0.5893579288990598,202.51245923579845,247.98951586960504,0.07376652489602777,2.9773785739370506,2.7014999059920397,0.9916837963195584,0.3333333333333333,25.5,-2.5,2025.0,4.0,1,0.32479861039213037,zay flowers,125.0,0.4444444444444444,-0.11964583405231405
00-0036252,Michael Pittman,WR,IND,LA,0.004689152609898542,0.18290508725034557,0.7013174861921081,0.8527188101262916,1.4167447525562005,54.40699422015787,3.9514486048115147,64.533100271005,5.457378055833477,0.5240907152682116,0.23385025137206902,0.524090715420618,0.4977368023997467,217.30422375236017,238.56161255347456,0.5843214394395838,7.4971543839070796,3.243662175540963,1.1804125011756565,0.4285714285714285,23.0,3.5,2025.0,4.0,1,0.3246673963050977,michael pittman,230.0,0.30303030303030304,0.021637093274794683
00-0033090,Hunter Henry,TE,NE,CAR,0.033559668806094727,1.09410460628732,0.15705153983591585,0.8153110946329788,0.9431697512189515,53.267513205634486,3.1652842411088584,49.11877431198111,4.325252944349952,0.3756122728855842,0.20936399398078107,0.6758516547569364,0.47151321188580375,224.96814434244754,256.55860699074987,0.2887671459068964,0.18556312285056417,2.825242883882747,0.8733033595020957,0.5,24.0,-5.5,2025.0,4.0,1,0.3213564216972963,hunter henry,180.0,0.35714285714285715,-0.03578643544556087
00-0036259,Jauan Jennings,WR,SF,JAX,0.012326481795503002,0.4242036059276048,0.712964494228918,0.7559184826692728,0.7404836094213261,75.42933061344728,-0.3706371218828376,57.96065504330721,4.71046287202736,0.34977824708114663,0.23363450862754429,0.3891423080182589,0.5523175656093605,235.56450483526405,299.4682841681782,0.11198903421417832,-0.12391193200659034,2.5631025791482687,1.1942897130310721,0.25,25.5,-3.5,2025.0,4.0,1,0.31916095416513385,jauan jennings,170.0,0.37037037037037035,-0.0512094162052365
00-0040129,Emeka Egbuka,WR,TB,PHI,0.015403448690218695,0.54337899543379,1.360730593607306,0.7943835616438356,0.7474541980027677,83.78538812785389,3.907926114406553,63.073059360730596,4.9132420091324205,0.54337899543379,0.23286446578841474,0.7671232876712328,0.568958155794751,184.55679873024846,236.22643510303513,0.10311033522107635,-1.9036438020538324,2.058660426518849,0.9695448207280812,0.1428571428571428,20.0,3.5,2025.0,4.0,3,0.3186233590694735,emeka egbuka,160.0,0.38461538461538464,-0.06599202554591116
00-0039915,Ladd McConkey,WR,LAC,NYG,0.00776081203545778,0.2900748003701726,0.5673337867615343,0.8158109773075132,1.0837963696211388,65.35377980224588,3.471753173481567,63.804801172926126,5.214588546406538,0.11351927812794599,0.20798594501327775,0.18978860289213056,0.45665608873839153,266.8335187833287,299.370982477232,0.3185646031879392,11.500807435615581,2.603653118320644,1.1391214738305775,0.5,24.75,-6.0,2025.0,4.0,1,0.3170944317627122,ladd mcconkey,170.0,0.37037037037037035,-0.05327593860765817
00-0039337,Malik Nabers,WR,NYG,LAC,0.047006409890522655,1.6674663237360714,1.4003503962337835,0.9100992225024708,0.6578931998003892,145.1602120288563,0.6619581618282608,80.38878036836941,5.487258960084914,0.42333532136385565,0.3087027232453603,0.7072519234723846,0.8103533982416811,195.2173371655382,256.1146811063748,0.26216652691603776,-1.127752611246544,2.6809934898311463,0.7168373821221911,0.3333333333333333,18.75,6.0,2025.0,4.0,1,0.31261891416919557,malik nabers,175.0,0.36363636363636365,-0.051017449467168074
00-0039338,Brock Bowers,TE,LV,CHI,0.0214750786859978,0.7387584732224428,0.7275398025171076,0.8017801173979249,1.125210826862075,54.96433346920301,1.1238073469654783,57.82103156464241,5.0907705907035075,0.13613353318330085,0.21762571874605255,0.13613353318330085,0.45152451118006887,258.85848927896586,217.12406394782903,0.2955174323930029,7.289545554292404,3.6184107412170703,1.5194850312260302,0.5,24.5,-1.5,2025.0,4.0,1,0.31224132291514173,brock bowers,155.0,0.39215686274509803,-0.0799155398299563
00-0039893,Brian Thomas Jr.,WR,JAX,SF,0.016301387938847493,0.6170969194456196,0.8281100580841108,0.8643821378535713,0.640706599198644,109.36293708727216,-0.5431439828386893,61.55283596579111,4.02966433915423,0.3321273946733473,0.2671197884195601,0.36745027960375487,0.6946811667182502,190.1111276664321,201.45642505734273,0.6995983201659794,3.577527612706744,2.1485913418991154,1.2423402590598835,0.6666666666666666,22.0,3.5,2025.0,4.0,1,0.3117835155894448,brian thomas,175.0,0.36363636363636365,-0.051852848046918865
00-0038994,Jordan Addison,WR,MIN,PIT,0.03836164053428274,1.4928546139805796,0.5494269311876879,0.8721855554841261,0.5249445134865701,91.7361108399034,0.2122072689582125,47.8105315227073,4.3236966317288354,0.5061192023063753,0.21342546074867674,0.6536162577548474,0.540708730492754,266.3661859782383,211.9983189690337,1.0123321386502886,10.89174980416961,2.6811056858469136,0.8155974940757033,0.6666666666666666,21.5,-2.5,2025.0,4.0,2,0.30451173999787085,jordan addison,265.0,0.273972602739726,0.030539137258144833
00-0038933,Dalton Kincaid,TE,BUF,NO,0.023044254552359093,0.7056085861469864,0.5253381264579099,0.4999457837001613,1.0990430383681609,37.878207521488704,1.9343378343816058,44.86262961234793,4.0148890504531485,0.46732857291890917,0.19201286085868877,0.46732857291890917,0.44078502835118527,232.29463954437443,224.9417547317657,0.31527846944416116,11.891073678618568,2.88527425579063,1.4032051717505694,0.8,31.5,-15.5,2025.0,4.0,1,0.2969798443944185,dalton kincaid,165.0,0.37735849056603776,-0.08037864617161927
00-0035659,Terry McLaurin,WR,WAS,ATL,0.010196258074534564,0.3198955672820939,0.4360498920784054,0.782243879953848,0.7476638520924024,84.57523698211193,2.2856016747649948,54.60730643401108,4.061928159068503,0.2405393692567792,0.22590244341722646,0.30850700871688086,0.5864895897737612,178.22542439963303,228.314239768903,0.2674356241384136,3.6248334101329776,2.2256537544183477,0.6659896258550828,0.3333333333333333,23.5,-1.5,2025.0,4.0,1,0.2914211511726842,terry mclaurin,135.0,0.425531914893617,-0.13411076372093284
00-0038996,Tucker Kraft,TE,GB,DAL,0.016166911196313177,0.41525347776663013,0.5537833714179887,0.8854343713579048,1.495893643170323,28.651249129814257,3.4725593012277876,52.56433161865921,3.500324890522836,0.40340513673141914,0.19086166928769832,0.4048294128921511,0.3570345632511095,286.1780683327508,287.5668674185902,0.4287761720996243,14.06023533716177,4.058339509587674,2.070984460710486,0.5,27.25,-7.0,2025.0,4.0,1,0.28847499225236556,tucker kraft,200.0,0.3333333333333333,-0.044858341080967756
00-0034827,DJ Moore,WR,CHI,LV,0.017759290891594153,0.5559158760128177,0.5154422108397596,0.9040355680625888,1.8294198291869948,47.26570902102611,2.5845817895814593,49.17051562393161,5.18838540937399,0.4349831864104014,0.22547277807376212,0.43647155581156905,0.4624802974381987,245.52583879284495,224.5241359653417,0.21483667681656474,10.648149482022042,2.7553854810459755,1.1696458519579582,0.4,23.0,1.5,2025.0,4.0,1,0.286993585531653,dj moore,200.0,0.3333333333333333,-0.04633974780168032
00-0035640,DK Metcalf,WR,PIT,MIN,0.02579232280664383,0.7216593419355867,0.7646492751872165,0.8951658308550707,1.0792704263042938,50.94761534212573,2.701350450562227,43.55378440100907,3.26101746403755,0.672163187572533,0.19093868885995854,0.6723274055492711,0.5016012572588607,184.8525368663722,190.94997179736117,0.35216730370220917,-7.26818047801894,1.677272919562753,0.4248873546525681,1.0,19.0,2.5,2025.0,4.0,1,0.2815140638831515,dk metcalf,145.0,0.40816326530612246,-0.12664920142297098
00-0039065,Sam LaPorta,TE,DET,CLE,0.007984362915947656,0.26803451010058016,0.3689114222025174,0.8856758521357063,1.4392938541278906,34.96234439101917,2.592329075817066,47.120108096115594,4.60893117532357,0.15498494689790737,0.18385862445367676,0.17251871891712742,0.3995076102928237,195.73163004994095,180.64196753396845,0.6949048616306461,8.810631227672513,2.270306919065801,1.2303873418859184,0.6666666666666666,27.25,-10.0,2025.0,4.0,1,0.2804160909864404,sam laporta,180.0,0.35714285714285715,-0.07672676615641677
00-0040124,Tetairoa McMillan,WR,CAR,NE,0.03805175038051749,0.9132420091324202,2.095890410958904,0.8683561643835617,0.8170903047281264,85.09589041095892,1.3137511980279188,69.0958904109589,4.4063926940639275,0.0,0.2717418663855651,0.0,0.7045455155069549,227.75354829419817,233.97746679311174,0.04060371560989919,8.859096541128268,3.0725428174391576,1.2707031555694577,0.6666666666666666,18.5,5.5,2025.0,4.0,1,0.2781398117730478,tetairoa mcmillan,170.0,0.37037037037037035,-0.09223055859732254
00-0039901,Keon Coleman,WR,BUF,NO,0.01496853051969263,0.5443411419195419,0.536051106434984,0.7429594051739572,0.9651230722575208,63.297042923576726,1.8687813087291387,40.41691280642481,3.437046300751781,0.2459805188917905,0.17540468440606213,0.2459805188917905,0.45022586730423336,232.29463954437443,224.9417547317657,0.31527846944416116,11.891073678618568,2.88527425579063,1.4032051717505694,0.8,31.5,-15.5,2025.0,4.0,1,0.27515181316106413,keon coleman,150.0,0.4,-0.12484818683893589
00-0036613,Jaylen Waddle,WR,MIA,NYJ,0.025381347436815315,0.8561658750357566,0.479605841917621,0.7886183521739399,1.0324638964409734,57.702956313649395,1.9059960531496982,47.43839668949089,4.4986172923403025,0.5435993860331033,0.17659062194948488,0.543599535683763,0.43110923540466073,221.94266784720395,198.65994012040045,0.34453832343980006,9.352302345647217,3.8154722142689987,0.9355981054798019,1.0,24.0,-2.5,2025.0,4.0,2,0.2732270457232716,jaylen waddle,155.0,0.39215686274509803,-0.11892981702182642
00-0034753,Mark Andrews,TE,BAL,KC,0.0402543224904568,1.0825769614415508,0.5064165851276509,0.7558267360391101,1.140520980376844,43.83428445687497,3.4603130096273027,45.58395117980851,3.3564655663265563,0.6203839943888648,0.1617613753471843,0.9233679578299318,0.35548527394924473,202.51245923579845,247.98951586960504,0.07376652489602777,2.9773785739370506,2.7014999059920397,0.9916837963195584,0.3333333333333333,25.5,-2.5,2025.0,4.0,1,0.27248493464772794,mark andrews,235.0,0.29850746268656714,-0.0260225280388392
00-0040128,Tyler Warren,TE,IND,LA,0.007715320421980777,0.2237442922374429,0.54337899543379,0.7710958904109588,3.29971068472963,31.292237442922374,1.7747007835564605,59.607305936073054,4.2146118721461185,0.0,0.22856338538908208,0.0,0.43059160484938636,217.30422375236017,238.56161255347456,0.5843214394395838,7.4971543839070796,3.243662175540963,1.1804125011756565,0.4285714285714285,23.0,3.5,2025.0,4.0,1,0.2699697245712768,tyler warren,225.0,0.3076923076923077,-0.037722583121030884
00-0037816,Romeo Doubs,WR,GB,DAL,0.017894969944702528,0.4762804732120171,0.4259823062359888,0.7851893815567387,1.1383661461792722,57.980795587151064,2.777415746348425,38.08532144743854,2.900699824375233,0.26703960506810687,0.16934733180224903,0.3233959028014887,0.43275671350211053,286.1780683327508,287.5668674185902,0.4287761720996243,14.06023533716177,4.058339509587674,2.070984460710486,0.5,27.25,-7.0,2025.0,4.0,2,0.26681901872078834,romeo doubs,195.0,0.3389830508474576,-0.07216403212666928
00-0039849,Marvin Harrison Jr.,WR,ARI,SEA,0.02734655449048275,0.8570106010504194,0.8353362952621987,0.8395337671258899,0.7176532236392151,77.74565931428798,2.420068605055383,50.04455067836307,3.5999298600011165,0.2822296476007071,0.19980063813923113,0.2827185617957968,0.5790077509192129,234.59202174851598,256.73468515041117,0.7055833666604924,4.067953507892232,2.7893048905672666,0.6117392626031481,0.25,21.0,1.5,2025.0,4.0,1,0.2659301006548591,marvin harrison,195.0,0.3389830508474576,-0.0730529501925985
00-0038117,Wan'Dale Robinson,WR,NYG,LAC,0.014986254882727883,0.5398079970313442,1.1942935716193643,0.7541355318028007,1.2648787301249063,77.3872922550639,2.367517210115756,62.33734928447193,5.078854563834232,0.2841245553783913,0.23050064947367266,0.2841245553783913,0.5154210275589921,195.2173371655382,256.1146811063748,0.26216652691603776,-1.127752611246544,2.6809934898311463,0.7168373821221911,0.3333333333333333,18.75,6.0,2025.0,4.0,2,0.26549927413176555,wandale robinson,320.0,0.23809523809523808,0.027404036036527468
00-0036040,Juwan Johnson,TE,NO,BUF,0.009826279331519756,0.3700950444841073,0.6897079056150319,0.8705313599927436,1.1405037082408032,52.28849136111839,1.9227963596244444,54.68218013637575,5.541496573586413,0.2482909068003746,0.21266904315501783,0.2482927215309524,0.4392479326779291,180.1656505446017,196.4149838143091,0.35739541699579386,6.076421525961082,1.7663538449760061,1.3103762737373588,0.3333333333333333,16.0,15.5,2025.0,4.0,1,0.2602442444124233,juwan johnson,265.0,0.273972602739726,-0.013728358327302737
00-0037261,Khalil Shakir,WR,BUF,NO,0.004399187724946162,0.13974732073453972,0.26284232937291074,0.6407599837810838,0.6704891600144333,34.056531050967436,1.5943632976421158,39.73464833863705,3.702359336249911,0.3878978466621782,0.1722603509862323,0.3878978466621782,0.34201898588700047,232.29463954437443,224.9417547317657,0.31527846944416116,11.891073678618568,2.88527425579063,1.4032051717505694,0.8,31.5,-15.5,2025.0,4.0,2,0.25841926508738605,khalil shakir,205.0,0.32786885245901637,-0.06944958737163032
00-0034351,Dallas Goedert,TE,PHI,TB,0.012364376083969137,0.25925769087226413,0.41132580856680057,0.7149727688177552,1.182240223303973,32.96767864110027,2.347373764067255,40.28060862435838,3.621114421761003,0.4416286038183109,0.1879075391002082,0.4416287375212319,0.40553578250248273,228.58361534779192,227.04592058201942,0.023104560073326372,4.351440955616023,2.7956899219975573,1.2319525841007237,0.75,23.5,-3.5,2025.0,4.0,1,0.25230939603454994,dallas goedert,380.0,0.20833333333333334,0.043976062701216595
00-0040170,Elic Ayomanor,WR,TEN,HOU,0.03371858454771215,1.2328767123287672,0.319634703196347,0.7479908675799086,0.7261961886895275,69.62100456621005,4.36216871701973,38.15981735159817,3.5525114155251143,0.776255707762557,0.1916633308206181,0.776255707762557,0.4975361141248645,228.1792960150865,280.83206424062024,0.3579077905768634,4.12456020440072,2.944665327419502,0.6954456008193758,1.0,15.75,7.0,2025.0,4.0,2,0.2514090919998967,elic ayomanor,390.0,0.20408163265306123,0.047327459346835465
00-0038041,Jake Ferguson,TE,DAL,GB,0.009737548003469258,0.404433348068602,0.09021930220380998,0.6488620403651352,1.3912152837196332,40.079748253469404,-0.5932087789074354,52.351453430072155,7.6217461466483964,0.0002090007413741784,0.2268923608556718,0.0002090007413741784,0.4345513218263225,195.5698074517025,223.10865049677298,0.22829996872062927,1.3947909643956107,1.2116413227740488,0.6882572454839503,0.25,20.25,7.0,2025.0,4.0,1,0.24747648170322714,jake ferguson,215.0,0.31746031746031744,-0.0699838357570903
00-0038608,Kayshon Boutte,WR,NE,CAR,0.02141881680446248,0.6882620729621514,0.9953174720715151,0.7774464616325697,0.8904912916414767,59.56082255524069,2.609339876167673,48.94179427247417,3.237362951173615,0.36555985116148815,0.1341384581716327,0.36555985116148815,0.3715015466837716,224.96814434244754,256.55860699074987,0.2887671459068964,0.18556312285056417,2.825242883882747,0.8733033595020957,0.5,24.0,-5.5,2025.0,4.0,2,0.24636177833122974,kayshon boutte,205.0,0.32786885245901637,-0.08150707412778663
00-0037239,Chris Olave,WR,NO,BUF,0.029076851465790823,1.1510554442573817,0.1918305564095927,0.7539885245960691,0.8875641752334131,86.87220642244695,-0.5046079076990974,52.02801854850975,6.547799759310238,0.026588744654966256,0.2677607921343517,0.026588744654966256,0.6118438446145615,180.1656505446017,196.4149838143091,0.35739541699579386,6.076421525961082,1.7663538449760061,1.3103762737373588,0.3333333333333333,16.0,15.5,2025.0,4.0,1,0.24486371957667705,chris olave,215.0,0.31746031746031744,-0.0725965978836404
00-0030061,Zach Ertz,TE,WAS,ATL,0.00793742208441913,0.2787314129816226,0.3159424828598295,0.6821302212109009,1.1587538813407574,37.46955178331548,2.636575955520092,42.94243879876153,4.022728010091085,0.5890874102935252,0.17122179695799047,0.6611174758141067,0.37247581748719966,178.22542439963303,228.314239768903,0.2674356241384136,3.6248334101329776,2.2256537544183477,0.6659896258550828,0.3333333333333333,23.5,-1.5,2025.0,4.0,1,0.24210368232755014,zach ertz,235.0,0.29850746268656714,-0.056403780359017
00-0036550,Rashod Bateman,WR,BAL,KC,0.02060141367221295,0.5639583210189789,0.6201885128034519,0.6408048634322117,0.6234675890292186,61.794334074768955,2.246538703326938,39.32538847767708,3.191547021882878,0.5326703507190784,0.19615844670457222,0.5679650510301122,0.4619841868851877,202.51245923579845,247.98951586960504,0.07376652489602777,2.9773785739370506,2.7014999059920397,0.9916837963195584,0.3333333333333333,25.5,-2.5,2025.0,4.0,2,0.23951402919448844,rashod bateman,280.0,0.2631578947368421,-0.023643865542353648
00-0035719,Deebo Samuel Sr.,WR,WAS,ATL,0.0001679758808927666,0.004746098982939918,0.2940027493203659,0.6981820702362109,3.126449481792631,21.109471552917206,1.7861731700862937,35.5701893709195,4.191354559662227,0.5363431260870557,0.19644790877589155,0.5367922029002189,0.3538145845468899,178.22542439963303,228.314239768903,0.2674356241384136,3.6248334101329776,2.2256537544183477,0.6659896258550828,0.3333333333333333,23.5,-1.5,2025.0,4.0,2,0.23213146730000356,deebo samuel,145.0,0.40816326530612246,-0.1760317980061189
00-0037837,Calvin Austin III,WR,PIT,MIN,0.01919075578369684,0.4871840349121946,0.641715796930669,0.7499343730375608,0.517435805409348,66.20636677760406,-0.16079085852316397,35.06990555584353,2.505871946090681,0.4813716531998962,0.16790379091050278,0.4813716531998962,0.5569773810901398,184.8525368663722,190.94997179736117,0.35216730370220917,-7.26818047801894,1.677272919562753,0.4248873546525681,1.0,19.0,2.5,2025.0,4.0,2,0.23029837277072265,calvin austin,270.0,0.2702702702702703,-0.03997189749954763
00-0030506,Travis Kelce,TE,KC,BAL,0.01100846508136115,0.35906104454051596,0.5273209939147007,0.8068195651022622,1.2405031302243423,39.742845928274825,0.98267378781017,46.05080109157164,4.440193306512442,0.26259355194643874,0.1984222807991928,0.26259388863568794,0.3965593490513729,233.055094399398,262.411744518763,0.33776148937950057,3.6423414975841664,2.972457691511078,0.7921279836831893,0.5,23.0,2.5,2025.0,4.0,1,0.22978186088490954,travis kelce,170.0,0.37037037037037035,-0.1405885094854608
00-0036407,Jerry Jeudy,WR,CLE,DET,0.00806311480602835,0.2971142963910555,0.6087956864990426,0.8842110116196937,0.5283647770147597,96.72344981890508,-0.7983778482841473,52.55152696604395,4.3317720974824185,0.051066231600107356,0.22188374402833658,0.051066613608453014,0.5776283172327649,257.45097167420505,301.05402311809496,0.8232112770395787,10.820458726705004,3.877722600236799,1.162400031145099,0.5,17.25,10.0,2025.0,4.0,1,0.22868130611356816,jerry jeudy,255.0,0.28169014084507044,-0.05300883473150228
00-0036410,Tee Higgins,WR,CIN,DEN,0.027948870397809755,1.0158610238706827,0.4958114274131746,0.8001238362850452,0.6604617124121718,68.36747083074376,3.4204141611418093,47.64159867557598,3.5510429930628162,0.4115455000848684,0.16347930486785295,0.5604961034486879,0.4543659097186854,260.2278316781811,311.6096355604024,0.060232214177897564,7.3778953292555505,2.97462350785032,0.6156197035613635,1.0,18.5,7.5,2025.0,4.0,2,0.22636794792403925,tee higgins,190.0,0.3448275862068966,-0.11845963828285733
00-0038104,Tyquan Thornton,WR,KC,BAL,0.021104819850662867,0.7089596629569479,0.9588100163503601,0.6001279145787586,0.37664203663668055,112.44318871626362,2.11009887479982,43.91112535703106,2.639786307105283,0.5107495477745269,0.15575358147977067,0.5107777115110338,0.5006726789802036,233.055094399398,262.411744518763,0.33776148937950057,3.6423414975841664,2.972457691511078,0.7921279836831893,0.5,23.0,2.5,2025.0,4.0,3,0.22420931246181466,tyquan thornton,425.0,0.19047619047619047,0.0337331219856242
00-0035662,Marquise Brown,WR,KC,BAL,0.0020635793727631284,0.07964545546108937,0.28956362265028984,0.6939519191070972,0.7643929881334018,69.33986043745627,0.5167203599495762,47.060953810922435,4.951138954752236,0.0138808729253315,0.2173800480848845,0.013881029099702442,0.4998919732406174,233.055094399398,262.411744518763,0.33776148937950057,3.6423414975841664,2.972457691511078,0.7921279836831893,0.5,23.0,2.5,2025.0,4.0,2,0.22323006868979797,marquise brown,205.0,0.32786885245901637,-0.1046387837692184
00-0037664,Alec Pierce,WR,IND,LA,0.02045113135411555,0.6840478421014651,0.6786506386765115,0.7341432482332935,0.6802295749708756,90.80438752583729,3.2960200653410294,59.04937610717126,3.075224876898029,0.22584892683266536,0.1568061288395493,0.22584892683266536,0.4903875945375701,217.30422375236017,238.56161255347456,0.5843214394395838,7.4971543839070796,3.243662175540963,1.1804125011756565,0.4285714285714285,23.0,3.5,2025.0,4.0,2,0.2227233280687715,alec pierce,390.0,0.20408163265306123,0.018641695415710258
00-0036309,Darnell Mooney,WR,ATL,WAS,0.020154954082480914,0.4247538224847187,0.8061063168127572,0.8992615258198535,0.551840241170915,78.67796067249026,-0.9225990043507124,44.33815027874467,3.160029769584977,0.024493724316986515,0.20310894960733158,0.027400398405978008,0.5281304544895855,246.18541431705694,293.81655725456983,0.3584502896678204,9.674876922049465,3.039717166082489,1.2514299682806516,0.0,22.0,1.5,2025.0,4.0,2,0.22074050428778713,darnell mooney,260.0,0.2777777777777778,-0.05703727348999066
00-0039894,Xavier Worthy,WR,KC,BAL,0.010473847740852747,0.42527443471147053,0.2391663220736222,0.5589722765548772,3.1915014893629765,34.75545081760285,1.7280323899629597,40.818109811713825,4.287709875683849,0.5023051068113573,0.16483018240177527,0.5033044194345369,0.3381380163116588,233.055094399398,262.411744518763,0.33776148937950057,3.6423414975841664,2.972457691511078,0.7921279836831893,0.5,23.0,2.5,2025.0,4.0,1,0.2202897017467131,xavier worthy,190.0,0.3448275862068966,-0.12453788446018346
00-0031610,Darren Waller,TE,MIA,NYJ,0.003201337589059591,0.10294592031530499,0.694070324289304,0.5856042951327681,1.02552304604974,43.79771745697389,1.7407811904625174,44.03651114606438,4.25342638655799,0.055276219392953886,0.18739640596898802,0.05527735584909026,0.41586229437210953,221.94266784720395,198.65994012040045,0.34453832343980006,9.352302345647217,3.8154722142689987,0.9355981054798019,1.0,24.0,-2.5,2025.0,4.0,1,0.21584872976797823,darren waller,340.0,0.22727272727272727,-0.01142399750474904
00-0031588,Stefon Diggs,WR,NE,CAR,0.003629684342384671,0.11666822981202714,0.2226896757030369,0.5791698048859827,1.2012681549519737,47.88119263311881,1.6506567716381841,43.870598503894556,4.511777039479081,0.08528989307156491,0.1850422108285061,0.09387929039062776,0.42598899440933385,224.96814434244754,256.55860699074987,0.2887671459068964,0.18556312285056417,2.825242883882747,0.8733033595020957,0.5,24.0,-5.5,2025.0,4.0,1,0.2117513788308867,stefon diggs,195.0,0.3389830508474576,-0.1272316720165709
00-0034837,Calvin Ridley,WR,TEN,HOU,0.007514704637926003,0.24517934117993997,1.2883180388316342,0.8451879127465263,0.5734410134766245,85.49321757842755,0.040253237577649176,48.56796984536277,2.840279150375201,0.057250019064186135,0.2195743022876123,0.06380753326400514,0.5941888944806485,228.1792960150865,280.83206424062024,0.3579077905768634,4.12456020440072,2.944665327419502,0.6954456008193758,1.0,15.75,7.0,2025.0,4.0,1,0.21025431383251694,calvin ridley,265.0,0.273972602739726,-0.06371828890720907
00-0037545,Rashid Shaheed,WR,NO,BUF,0.006747926021177509,0.2713837962314587,0.4813059474913567,0.7579795454848053,0.6080603686576798,88.7322565207803,-0.8661488568701378,45.34919208779255,3.992471821459731,0.3436597585341306,0.18555456135428292,0.3436597585341306,0.48962729211927214,180.1656505446017,196.4149838143091,0.35739541699579386,6.076421525961082,1.7663538449760061,1.3103762737373588,0.3333333333333333,16.0,15.5,2025.0,4.0,2,0.2101392760602385,rashid shaheed,320.0,0.23809523809523808,-0.027955962034999587
00-0038979,Cedric Tillman,WR,CLE,DET,0.013356320232895152,0.6179384186907565,0.48987828763018854,0.8009285852599736,0.7544282428740215,58.3233211957279,0.04313035502019057,36.06845916171509,3.2826408790112303,0.44283689891199185,0.14860558886570746,0.4781412612737267,0.34898335983873857,257.45097167420505,301.05402311809496,0.8232112770395787,10.820458726705004,3.877722600236799,1.162400031145099,0.5,17.25,10.0,2025.0,4.0,2,0.20901572787031164,cedric tillman,330.0,0.23255813953488372,-0.023542411664572077
00-0038976,Marvin Mims Jr.,WR,DEN,CIN,0.024908142985905372,0.7044971664503664,0.5616680271482746,0.40673010008444194,0.679034277309479,42.392349367588785,1.8211512450286784,28.70936115668609,2.7479469321603753,0.42174511396320896,0.13793319179793473,0.5966755778317158,0.33582482432577343,231.8892817981643,231.806285290214,0.7892864205454694,5.6237584839764905,2.751971930946851,0.7043681432797678,0.3333333333333333,26.0,-7.5,2025.0,4.0,3,0.208467822488283,marvin mims,350.0,0.2222222222222222,-0.013754399733939215
00-0035229,T.J. Hockenson,TE,MIN,PIT,0.016066656668410957,0.43364864119290786,0.12195276788900211,0.7111987482880816,0.877428269974788,39.965933701481504,0.9693745417452749,32.67575409810212,3.3585051529151144,0.30176172016629293,0.19658317614790538,0.30179677811231426,0.417010127077669,266.3661859782383,211.9983189690337,1.0123321386502886,10.89174980416961,2.6811056858469136,0.8155974940757033,0.6666666666666666,21.5,-2.5,2025.0,4.0,1,0.20498040131547324,tj hockenson,255.0,0.28169014084507044,-0.0767097395295972
00-0033885,David Njoku,TE,CLE,DET,0.01193598926021236,0.5146201864379027,0.35126535853384583,0.7977467111469602,1.165934301876529,45.553286539651076,-1.6783536333666589,43.42127774576086,5.139256582455187,0.14635959164811976,0.2066945348120901,0.19747848319081496,0.42072484510162894,257.45097167420505,301.05402311809496,0.8232112770395787,10.820458726705004,3.877722600236799,1.162400031145099,0.5,17.25,10.0,2025.0,4.0,1,0.2047869191878205,david njoku,300.0,0.25,-0.04521308081217951
00-0037291,Jalen Nailor,WR,MIN,PIT,0.003399646754766419,0.12736884678494928,0.7039277081329476,0.7619584658710792,0.7778803512251236,52.08070019325057,0.4548868404347437,34.60606626086347,2.5203646834893623,0.09849599725077472,0.16439015578963112,0.09849599725077472,0.4121089052382345,266.3661859782383,211.9983189690337,1.0123321386502886,10.89174980416961,2.6811056858469136,0.8155974940757033,0.6666666666666666,21.5,-2.5,2025.0,4.0,3,0.1938580747408703,jalen nailor,500.0,0.16666666666666666,0.027191408074203643
00-0033858,Jonnu Smith,TE,PIT,MIN,0.00469981214250726,0.19223672242878448,0.3896353329849443,0.6648310055407948,4.880659824228883,13.74196342818295,2.1456588247028874,33.041589279385974,4.722298985058833,0.40480390858464177,0.17867677781143346,0.41327816605572487,0.31472933585535945,184.8525368663722,190.94997179736117,0.35216730370220917,-7.26818047801894,1.677272919562753,0.4248873546525681,1.0,19.0,2.5,2025.0,4.0,1,0.19320658992145046,jonnu smith,350.0,0.2222222222222222,-0.029015632300771754
00-0036970,Kyle Pitts,TE,ATL,WAS,0.005167318593610881,0.16830627562674597,0.09324797711785345,0.6966424481069752,1.5335875764737354,32.44114692780884,0.4125424145620616,36.102380621872285,3.8899403157252936,0.07670414010149113,0.16350453468355852,0.0808565262622976,0.3408237983231939,246.18541431705694,293.81655725456983,0.3584502896678204,9.674876922049465,3.039717166082489,1.2514299682806516,0.0,22.0,1.5,2025.0,4.0,1,0.19257497056843992,kyle pitts,340.0,0.22727272727272727,-0.03469775670428735
00-0040189,Oronde Gadsden II,TE,LAC,NYG,0.0212765957446808,1.0,0.0,0.26,0.7931034482758621,58.0,0.4117002264384091,46.0,5.0,0.0,0.1555555555555555,0.0,0.3279720279720279,266.8335187833287,299.370982477232,0.3185646031879392,11.500807435615581,2.603653118320644,1.1391214738305775,0.5,24.75,-6.0,2025.0,4.0,2,0.1916496478433064,oronde gadsden,370.0,0.2127659574468085,-0.02111630960350211
00-0033908,Cooper Kupp,WR,SEA,ARI,0.00346694754284932,0.09746667357514346,0.5225129130181017,0.7213770090312809,3.8283598444532014,30.989872538387438,1.1891811200676936,43.21033564906535,3.3557494817453657,0.0739104283485716,0.18920165480810505,0.08601845419434796,0.38648400728207105,266.8292278019342,276.4381437035202,0.019376504573782847,6.939515225496161,3.0584598014665407,0.7079521683734823,0.6666666666666666,22.5,-1.5,2025.0,4.0,2,0.19059542143703614,cooper kupp,310.0,0.24390243902439024,-0.053307017587354094
00-0034775,Christian Kirk,WR,HOU,TEN,0.012182222351447058,0.32219934035180997,0.7873615900385266,0.6569189301376436,0.5783743223333654,84.02768379605065,-1.9525382186432634,42.537721264367846,2.8780410783250305,0.054564883981514774,0.1896749396533446,0.05457948048116782,0.498589757007588,221.5226446881308,195.49700753024635,0.24573912331386139,7.730181933823634,2.91187989111779,1.0620731932480907,0.0,22.75,-7.0,2025.0,4.0,2,0.19026857808634695,christian kirk,245.0,0.2898550724637681,-0.09958649437742118
00-0034383,Dalton Schultz,TE,HOU,TEN,0.010548529718431265,0.4030375054153374,0.08765692366762978,0.6812082423966663,1.100593812175165,31.74386218862223,1.2036085655296498,32.557517206994596,3.6514719603307224,0.07520939590600716,0.1686741270225753,0.07521033056016986,0.3444188825631875,221.5226446881308,195.49700753024635,0.24573912331386139,7.730181933823634,2.91187989111779,1.0620731932480907,0.0,22.75,-7.0,2025.0,4.0,1,0.18728970717713353,dalton schultz,295.0,0.25316455696202533,-0.0658748497848918
00-0030035,Adam Thielen,WR,MIN,PIT,0.020920062082463442,0.5499842915044129,0.36650977922177774,0.7364942640200576,0.3963050335886532,47.56825029099776,1.692817898508758,27.867186185975424,2.211679240974646,0.1483625800384346,0.13981401561559784,0.22039258801292352,0.34346544334113344,266.3661859782383,211.9983189690337,1.0123321386502886,10.89174980416961,2.6811056858469136,0.8155974940757033,0.6666666666666666,21.5,-2.5,2025.0,4.0,4,0.18654504264143262,adam thielen,650.0,0.13333333333333333,0.05321170930809929
00-0038997,Josh Downs,WR,IND,LA,0.009930687821410817,0.3461897135350762,0.48510081041127706,0.5759305551269658,0.832641936584138,44.5185662506361,1.6746412379334463,42.863417599312434,4.041117311551877,0.0780122574775891,0.1913009877234216,0.0780122574775891,0.4075228307672394,217.30422375236017,238.56161255347456,0.5843214394395838,7.4971543839070796,3.243662175540963,1.1804125011756565,0.4285714285714285,23.0,3.5,2025.0,4.0,3,0.18575927516247412,josh downs,280.0,0.2631578947368421,-0.07739861957436797
00-0038935,Brenton Strange,TE,JAX,SF,0.0006849115943881692,0.02701926902630482,0.29699538250327034,0.7724810497123985,1.1924101725808516,31.975253319042718,2.338340403496291,42.04978147157348,4.049028674967657,0.004571191318547417,0.13901481476296218,0.004571191318547417,0.2889248048112931,190.1111276664321,201.45642505734273,0.6995983201659794,3.577527612706744,2.1485913418991154,1.2423402590598835,0.6666666666666666,22.0,3.5,2025.0,4.0,1,0.18480711602497968,brenton strange,275.0,0.26666666666666666,-0.08185955064168698
00-0039868,Troy Franklin,WR,DEN,CIN,0.0015346330156263488,0.05067536244402791,0.258661146113047,0.6282319321733578,0.7400293692014634,31.76844616155322,-0.05448405323795725,32.20161414706154,3.47140731223832,0.2243965385808714,0.1699781854722091,0.2243965385808714,0.37275266468738033,231.8892817981643,231.806285290214,0.7892864205454694,5.6237584839764905,2.751971930946851,0.7043681432797678,0.3333333333333333,26.0,-7.5,2025.0,4.0,2,0.18186924355638484,troy franklin,245.0,0.2898550724637681,-0.10798582890738329
00-0039342,Xavier Legette,WR,CAR,NE,0.024317954583187452,1.0835777933731985,0.15007010989096342,0.7131015613716561,0.2565705995774783,61.19579882065324,-3.8839799755780606,16.29887428371939,2.556830789022997,0.02682980927205836,0.19360667009866728,0.02682980927205836,0.4247197424099098,227.75354829419817,233.97746679311174,0.04060371560989919,8.859096541128268,3.0725428174391576,1.2707031555694577,0.6666666666666666,18.5,5.5,2025.0,4.0,3,0.18110200689547282,xavier legette,500.0,0.16666666666666666,0.01443534022880616
00-0037838,Isaiah Likely,TE,BAL,KC,0.016915441328710517,0.35024564593953234,0.08709234934841194,0.6315224777380994,2.22078081943069,29.308421721887193,2.3937476758583367,28.389506758120472,2.548632549374787,0.44279946447015367,0.1284350578165977,0.4522707119255863,0.2682170650947893,202.51245923579845,247.98951586960504,0.07376652489602777,2.9773785739370506,2.7014999059920397,0.9916837963195584,0.3333333333333333,25.5,-2.5,2025.0,4.0,2,0.17788860451394722,isaiah likely,255.0,0.28169014084507044,-0.10380153633112321
00-0032385,Sterling Shepard,WR,TB,PHI,0.011886762912096746,0.348132841415514,1.0334824584546063,0.6101851260026073,1.196591265739204,40.608934979752,2.7749419756428035,44.62842563134491,3.1207066264123564,0.0022903666384798595,0.1391005325725302,0.002291162157762815,0.31159709388726026,184.55679873024846,236.22643510303513,0.10311033522107635,-1.9036438020538324,2.058660426518849,0.9695448207280812,0.1428571428571428,20.0,3.5,2025.0,4.0,4,0.17788053993733272,sterling shepard,340.0,0.22727272727272727,-0.04939218733539455
00-0038606,Parker Washington,WR,JAX,SF,0.003922353575147526,0.0975889981925395,0.5852183710283037,0.5831853836594757,0.8285629501866982,65.15383965110817,-0.3542538223329786,37.53272347323584,3.2981792798598306,0.1925350816663032,0.16035623587963352,0.1925350816663032,0.39466806126062215,190.1111276664321,201.45642505734273,0.6995983201659794,3.577527612706744,2.1485913418991154,1.2423402590598835,0.6666666666666666,22.0,3.5,2025.0,4.0,4,0.1757959886873446,parker washington,350.0,0.2222222222222222,-0.0464262335348776
00-0040648,Tory Horton,WR,SEA,ARI,0.02174385736029571,0.4566210045662101,0.319634703196347,0.472420091324201,0.6165346897096508,38.949771689497716,1.1385331494993192,24.840182648401825,2.0091324200913245,0.776255707762557,0.1339421613394216,0.776255707762557,0.3264428436193306,266.8292278019342,276.4381437035202,0.019376504573782847,6.939515225496161,3.0584598014665407,0.7079521683734823,0.6666666666666666,22.5,-1.5,2025.0,4.0,3,0.17326249806072652,tory horton,380.0,0.20833333333333334,-0.03507083527260682
00-0038393,Dontayvion Wicks,WR,GB,DAL,0.0020658984685061905,0.06552421574309503,0.04147244981361322,0.6123897487556477,0.8850608833732817,53.13375302894104,0.0744170853533396,31.63553739304401,2.9701087490987743,0.05522265135863058,0.17465268388737876,0.056459020758209834,0.4662331672660171,286.1780683327508,287.5668674185902,0.4287761720996243,14.06023533716177,4.058339509587674,2.070984460710486,0.5,27.25,-7.0,2025.0,4.0,3,0.17302452422117956,dontayvion wicks,240.0,0.29411764705882354,-0.12109312283764398
00-0033282,Curtis Samuel,WR,BUF,NO,0.001450143255409817,0.037907759521342524,0.09214772083415926,0.5067299993604542,8.59022792839223,7.730396919608503,-0.695726886398273,25.176449690348853,3.2946150346298664,0.07285831451540772,0.13490532019691445,0.07355620620980512,0.22415961669670173,232.29463954437443,224.9417547317657,0.31527846944416116,11.891073678618568,2.88527425579063,1.4032051717505694,0.8,31.5,-15.5,2025.0,4.0,6,0.17133137049938907,curtis samuel,1000.0,0.09090909090909091,0.08042227959029816
00-0040667,Matthew Golden,WR,GB,DAL,0.010310796877301506,0.319634703196347,0.4566210045662101,0.6201826484018265,1.0563524039752887,43.65296803652968,1.1136732551680675,27.32420091324201,2.273972602739726,0.0,0.11707639561520838,0.0,0.4526328844506681,286.1780683327508,287.5668674185902,0.4287761720996243,14.06023533716177,4.058339509587674,2.070984460710486,0.5,27.25,-7.0,2025.0,4.0,1,0.17112164018214218,matthew golden,210.0,0.3225806451612903,-0.15145900497914813
00-0040663,Harold Fannin Jr.,TE,CLE,DET,0.0,0.0,0.54337899543379,0.6547031963470319,2.6876868438512274,25.91324200913242,0.7320332727466761,40.853881278538815,4.534246575342466,0.0,0.14227304788614506,0.0,0.27761320009012125,257.45097167420505,301.05402311809496,0.8232112770395787,10.820458726705004,3.877722600236799,1.162400031145099,0.5,17.25,10.0,2025.0,4.0,2,0.17060172256914644,harold fannin,425.0,0.19047619047619047,-0.01987446790704403
00-0034521,Allen Lazard,WR,NYJ,MIA,0.018866500378817555,0.6883064000333652,0.3240554719959355,0.654452562312881,0.9518744132309727,36.28163966427166,1.4563853225775463,30.1796897561941,2.1238828921847115,0.5647318089483468,0.09980223306054546,0.5688842887009397,0.26791079071497337,235.9795772197789,157.75564980311344,0.7788053390377815,11.261163342402728,2.5063946570399014,1.2649144653986988,0.5,21.5,2.5,2025.0,4.0,5,0.16473973455043842,allen lazard,800.0,0.1111111111111111,0.05362862343932731
00-0031236,Brandin Cooks,WR,NO,BUF,0.01148423079904308,0.3949835883203284,0.34308677685221023,0.6994614227995571,0.7158675390996132,56.85682100392324,-0.7448735112342826,26.737683903694226,2.789438789889206,0.05367123894347637,0.1335552008816449,0.05367128511461208,0.33872986961114254,180.1656505446017,196.4149838143091,0.35739541699579386,6.076421525961082,1.7663538449760061,1.3103762737373588,0.3333333333333333,16.0,15.5,2025.0,4.0,3,0.16365500844958425,brandin cooks,650.0,0.13333333333333333,0.030321675116250918
00-0036626,Dyami Brown,WR,JAX,SF,0.01048482059385024,0.4358366281113963,0.25846233777438943,0.547848966541066,0.9832856838648883,45.53090067205248,1.653167039315107,31.1181434033973,3.102009928116387,0.21209233590047546,0.12121547107996214,0.21209252690464944,0.2964754209487707,190.1111276664321,201.45642505734273,0.6995983201659794,3.577527612706744,2.1485913418991154,1.2423402590598835,0.6666666666666666,22.0,3.5,2025.0,4.0,3,0.163384513404797,dyami brown,310.0,0.24390243902439024,-0.08051792561959323
00-0035644,Noah Fant,TE,CIN,DEN,0.00807993616516516,0.201290462299452,0.33101857631692905,0.4361491955699988,3.0902637926623195,18.666602434054944,-2.636257654753283,32.614715877884144,4.049589839773402,0.24990335471568453,0.17444493091339247,0.24990335471568453,0.3216884378044876,260.2278316781811,311.6096355604024,0.060232214177897564,7.3778953292555505,2.97462350785032,0.6156197035613635,1.0,18.5,7.5,2025.0,4.0,1,0.16310399484492086,noah fant,500.0,0.16666666666666666,-0.0035626718217457998
00-0038129,Cade Otton,TE,TB,PHI,0.008586122838456415,0.2822211021035046,0.3055812955811608,0.9084931515808765,1.1339354363735223,29.579835663481628,0.3742420339826932,27.755467184277283,2.5557988618481424,0.050764743856371454,0.1354105665813302,0.06809937936032902,0.2826402523374527,184.55679873024846,236.22643510303513,0.10311033522107635,-1.9036438020538324,2.058660426518849,0.9695448207280812,0.1428571428571428,20.0,3.5,2025.0,4.0,1,0.16254866200644477,cade otton,330.0,0.23255813953488372,-0.07000947752843895
00-0035208,Olamide Zaccheaus,WR,CHI,LV,0.006619026943165099,0.22555143250312995,0.26345880691517787,0.5398677826837082,1.4883029900194735,42.51579180704919,-0.04520545613364541,33.28305759552912,3.202825288929116,0.12258489728049986,0.16316221985572008,0.17300589857644072,0.34853973302740454,245.52583879284495,224.5241359653417,0.21483667681656474,10.648149482022042,2.7553854810459755,1.1696458519579582,0.4,23.0,1.5,2025.0,4.0,3,0.16148314101353334,olamide zaccheaus,425.0,0.19047619047619047,-0.028993049462657128
00-0037801,KaVontae Turpin,WR,DAL,GB,0.013730623858715077,0.6021036627732971,0.7349761068615914,0.433195599981354,1.2752537172838474,41.04642359361997,2.1841191055869045,41.168638617843605,2.329094637828691,0.21921998211891872,0.08154861625774874,0.21921998211891872,0.23019704527284657,195.5698074517025,223.10865049677298,0.22829996872062927,1.3947909643956107,1.2116413227740488,0.6882572454839503,0.25,20.25,7.0,2025.0,4.0,4,0.1612190970241861,kavontae turpin,380.0,0.20833333333333334,-0.04711423630914724
00-0030564,DeAndre Hopkins,WR,BAL,KC,0.012896309956845098,0.4292952766940535,0.6343012488467847,0.33388027709697327,0.7394597675182892,45.54387107025517,2.2355457314100655,33.39215541776152,2.239519559527816,0.41703792327416134,0.10008531674442257,0.4229892319408977,0.2747136500008657,202.51245923579845,247.98951586960504,0.07376652489602777,2.9773785739370506,2.7014999059920397,0.9916837963195584,0.3333333333333333,25.5,-2.5,2025.0,4.0,3,0.15765526682569292,deandre hopkins,400.0,0.2,-0.04234473317430709
00-0033591,Noah Brown,WR,WAS,ATL,0.007876146051286007,0.2428960240313366,0.08374056027120852,0.5305730589577868,0.5286763892862711,55.78125007597298,-0.37642068708455584,27.503198014298768,2.4014695644969484,0.026501244640510603,0.14455575184073693,0.026529407081552738,0.37831465744674725,178.22542439963303,228.314239768903,0.2674356241384136,3.6248334101329776,2.2256537544183477,0.6659896258550828,0.3333333333333333,23.5,-1.5,2025.0,4.0,3,0.15684885433899134,noah brown,475.0,0.17391304347826086,-0.01706418913926952
00-0036894,Pat Freiermuth,TE,PIT,MIN,0.011157622066578152,0.35269689200627186,0.295877116385527,0.6260711680482975,0.9150926343584114,32.15901197124005,-0.7679875483024414,30.796090336906275,3.252476395782522,0.1885708769611682,0.1658981278384912,0.18857087825660254,0.37996536100024053,184.8525368663722,190.94997179736117,0.35216730370220917,-7.26818047801894,1.677272919562753,0.4248873546525681,1.0,19.0,2.5,2025.0,4.0,2,0.15653797808068587,pat freiermuth,400.0,0.2,-0.04346202191931414
00-0033881,Evan Engram,TE,DEN,CIN,0.0010329165359760609,0.03622893536670521,0.056167750113950615,0.5618116091328496,1.539363498100889,22.689567816239958,0.3298717970302527,26.840844780276438,3.5507164048924635,0.03306573493537777,0.16216529740057295,0.03449331667138582,0.30944579197835176,231.8892817981643,231.806285290214,0.7892864205454694,5.6237584839764905,2.751971930946851,0.7043681432797678,0.3333333333333333,26.0,-7.5,2025.0,4.0,1,0.15496855205520108,evan engram,320.0,0.23809523809523808,-0.083126686040037
00-0040581,Dont'e Thornton Jr.,WR,LV,CHI,0.0,0.0,1.0,0.6625570776255708,0.4114169610292639,80.13698630136986,0.40436223558321394,29.70319634703197,1.6803652968036529,0.0,0.12450153726568716,0.0,0.36777672049836424,258.85848927896586,217.12406394782903,0.2955174323930029,7.289545554292404,3.6184107412170703,1.5194850312260302,0.5,24.5,-1.5,2025.0,4.0,3,0.15465741599338595,donte thornton,320.0,0.23809523809523808,-0.08343782210185213
00-0032775,Demarcus Robinson,WR,SF,JAX,0.005219718699574495,0.17501782043919892,0.7062398603636612,0.8048770563216382,0.3913063230383188,46.16704186701787,-0.23723960377399111,27.50431663123527,1.2708044002764864,0.11170594539654609,0.09549001034996858,0.13228628496684142,0.315675173681768,235.56450483526405,299.4682841681782,0.11198903421417832,-0.12391193200659034,2.5631025791482687,1.1942897130310721,0.25,25.5,-3.5,2025.0,4.0,4,0.15355983466729844,demarcus robinson,550.0,0.15384615384615385,-0.0002863191788554098
00-0037666,Jalen Tolbert,WR,DAL,GB,0.02344296619041903,0.929479921959101,0.3330204795057312,0.6840700020613664,0.7048061791103434,32.584233453197776,0.6906554698013164,25.967547833273162,2.3732072942905376,0.17637983204852253,0.11105312070677667,0.17637983204852253,0.25255370675812344,195.5698074517025,223.10865049677298,0.22829996872062927,1.3947909643956107,1.2116413227740488,0.6882572454839503,0.25,20.25,7.0,2025.0,4.0,3,0.15273388811489197,jalen tolbert,425.0,0.19047619047619047,-0.037742302361298496
00-0039847,Theo Johnson,TE,NYG,LAC,0.009558467335459824,0.3062293039555515,0.1414646936623532,0.8423127475157337,1.1542396310831087,21.115930216203914,-0.4027145074969267,24.851485144835596,2.5079671522374585,0.0355357113937736,0.11477886587642397,0.0355357113937736,0.2225967521361021,195.2173371655382,256.1146811063748,0.26216652691603776,-1.127752611246544,2.6809934898311463,0.7168373821221911,0.3333333333333333,18.75,6.0,2025.0,4.0,1,0.15155390224071266,theo johnson,550.0,0.15384615384615385,-0.0022922516054411923
00-0034407,Ray-Ray McCloud,WR,ATL,WAS,0.010264018913553233,0.21642074027730182,0.33176942528705244,0.6425602117225224,1.0620650871224513,34.30465731256841,-2.5834835044235525,28.05186031121939,2.138164200799766,0.005933697329727506,0.12603767819320016,0.005933697329727506,0.27975477757067296,246.18541431705694,293.81655725456983,0.3584502896678204,9.674876922049465,3.039717166082489,1.2514299682806516,0.0,22.0,1.5,2025.0,4.0,3,0.14980271137369278,rayray mccloud,550.0,0.15384615384615385,-0.0040434424724610785
00-0034983,Hunter Renfrow,WR,CAR,NE,0.011475621862102743,0.6307547660225902,0.07635210005601407,0.47911516572981283,0.65994813956161,33.950619129226446,-0.6679475707059366,19.093346687282335,2.8708987612507073,0.21109002376567398,0.14272554546491928,0.42110973758107767,0.31393543652978295,227.75354829419817,233.97746679311174,0.04060371560989919,8.859096541128268,3.0725428174391576,1.2707031555694577,0.6666666666666666,18.5,5.5,2025.0,4.0,2,0.14751295563829278,hunter renfrow,285.0,0.2597402597402597,-0.11222730410196693
00-0038621,DeMario Douglas,WR,NE,CAR,0.01581053737709143,0.5563615226290349,0.12973438637822177,0.5067531775528484,0.803669990773949,23.21522178281151,-0.717668527810157,15.732986092648385,2.365186450090019,0.2563613511465427,0.13085322157141,0.2563613511465427,0.2660447192140952,224.96814434244754,256.55860699074987,0.2887671459068964,0.18556312285056417,2.825242883882747,0.8733033595020957,0.5,24.0,-5.5,2025.0,4.0,4,0.14732193623757314,demario douglas,340.0,0.22727272727272727,-0.07995079103515412
00-0033555,Mack Hollins,WR,NE,CAR,0.011461037095066266,0.2729988041368739,0.1067119801343647,0.6558242724741165,0.8315005206694724,23.135385000359953,1.5757387721929195,19.528213467345,2.357723136284708,0.26031092697172015,0.0939612948198922,0.26031092697172015,0.21292512316472445,224.96814434244754,256.55860699074987,0.2887671459068964,0.18556312285056417,2.825242883882747,0.8733033595020957,0.5,24.0,-5.5,2025.0,4.0,3,0.14626460873768551,mack hollins,550.0,0.15384615384615385,-0.0075815451084683405
00-0038619,Andrei Iosivas,WR,CIN,DEN,0.004984986459108454,0.16034628665810427,0.33413177441929354,0.8037026824839828,0.6745971078812069,42.634074279541295,-1.9336121573077587,26.124222945607617,1.9989440686186404,0.15328389264592895,0.0961733419825221,0.1547694524760166,0.2437076741253336,260.2278316781811,311.6096355604024,0.060232214177897564,7.3778953292555505,2.97462350785032,0.6156197035613635,1.0,18.5,7.5,2025.0,4.0,3,0.14573804710680432,andrei iosivas,750.0,0.11764705882352941,0.028090988283274915
00-0036980,Elijah Moore,WR,BUF,NO,0.0031694351293744824,0.13795275161018744,0.6645980713374325,0.4490084304071272,2.133502447658083,25.34163955091475,-0.9101732053153105,25.065241525261616,1.8926772008670683,0.21873345346738804,0.09779878142380459,0.2187334547628224,0.22377712789709597,232.29463954437443,224.9417547317657,0.31527846944416116,11.891073678618568,2.88527425579063,1.4032051717505694,0.8,31.5,-15.5,2025.0,4.0,4,0.1445440353219749,elijah moore,750.0,0.11764705882352941,0.026896976498445496
00-0040736,Mason Taylor,TE,NYJ,MIA,0.0,0.0,0.2237442922374429,0.764931506849315,0.9318575223087714,14.347031963470322,-0.4558648995893048,14.292237442922374,2.36986301369863,0.0,0.11937377690802345,0.0,0.23989915190604325,235.9795772197789,157.75564980311344,0.7788053390377815,11.261163342402728,2.5063946570399014,1.2649144653986988,0.5,21.5,2.5,2025.0,4.0,1,0.1443834815417509,mason taylor,550.0,0.15384615384615385,-0.009462672304402953
00-0038559,Michael Wilson,WR,ARI,SEA,0.011817553807446039,0.35157371047490066,0.1746100024273158,0.7504876391059426,0.3912032674155592,41.30321132421095,1.5164383387072236,15.687583196011614,1.6463361650501884,0.2548778659572595,0.09876972621139976,0.2548916657057641,0.29961717049604975,234.59202174851598,256.73468515041117,0.7055833666604924,4.067953507892232,2.7893048905672666,0.6117392626031481,0.25,21.0,1.5,2025.0,4.0,2,0.14423149531610016,michael wilson,370.0,0.2127659574468085,-0.06853446213070835
00-0040718,Travis Hunter,WR,JAX,SF,0.007610350076103498,0.319634703196347,0.4566210045662101,0.5737899543378995,0.9588589634445218,30.095890410958905,-2.1152046139548752,24.00456621004566,2.7579908675799087,0.0,0.13253105805055512,0.0,0.27826312004688064,190.1111276664321,201.45642505734273,0.6995983201659794,3.577527612706744,2.1485913418991154,1.2423402590598835,0.6666666666666666,22.0,3.5,2025.0,4.0,2,0.14374448048807123,travis hunter,215.0,0.31746031746031744,-0.1737158369722462
00-0035535,Darius Slayton,WR,NYG,LAC,0.007748100133291687,0.3118765116147438,0.38364520009851727,0.8625325624937007,0.8557616254614603,30.640445141588074,1.1597534464448864,28.2592803139392,1.961930082615205,0.07485391416995839,0.08964780354411951,0.07485391417031295,0.21316884345398773,195.2173371655382,256.1146811063748,0.26216652691603776,-1.127752611246544,2.6809934898311463,0.7168373821221911,0.3333333333333333,18.75,6.0,2025.0,4.0,3,0.14261963692973642,darius slayton,370.0,0.2127659574468085,-0.07014632051707209
00-0033307,Kendrick Bourne,WR,SF,JAX,0.001029495408693565,0.03828121103906403,0.07359357104783315,0.5989578831875128,1.0767226149743554,30.91800600336221,0.7100098854844215,29.972923897202044,2.9886366011891816,0.020978487238372596,0.1175416295501693,0.021146116512031264,0.2602872864324875,235.56450483526405,299.4682841681782,0.11198903421417832,-0.12391193200659034,2.5631025791482687,1.1942897130310721,0.25,25.5,-3.5,2025.0,4.0,3,0.1420862267280035,kendrick bourne,450.0,0.18181818181818182,-0.03973195509017832
00-0036290,Cole Kmet,TE,CHI,LV,0.01210303682646985,0.35391158742949436,0.39016357366012894,0.922649225370385,0.9874954776629974,17.715490226378545,1.484641646038215,17.166585162521805,1.4300082760058683,0.354534016436752,0.06076541855814503,0.35747374155791223,0.13657349902061025,245.52583879284495,224.5241359653417,0.21483667681656474,10.648149482022042,2.7553854810459755,1.1696458519579582,0.4,23.0,1.5,2025.0,4.0,1,0.14086656368355163,cole kmet,400.0,0.2,-0.05913343631644838
00-0033110,Tyler Higbee,TE,LA,IND,0.002520811371349591,0.08079526920004178,0.2512623452949864,0.580404260668221,0.9395229214500167,-24.393113384941717,0.7116040890269679,18.334048857129957,2.008057176004295,0.1619355139372662,0.09294390187057211,0.17049243456435206,0.03825284398947109,213.38610731983098,199.04426368592024,0.32977962314678677,3.375509124878027,2.214355419700491,1.2692923254424253,0.2,26.5,-3.5,2025.0,4.0,1,0.1407978866334275,tyler higbee,350.0,0.2222222222222222,-0.08142433558879472
00-0033857,JuJu Smith-Schuster,WR,KC,BAL,0.000268642423576727,0.009220085142209919,0.34118753173964833,0.6842886659991327,1.8440558099179856,17.527775466895573,1.674849597722805,29.76639903861541,2.5820545610096333,0.03980157172430821,0.10080710650844499,0.03980157183099282,0.19839627257619902,233.055094399398,262.411744518763,0.33776148937950057,3.6423414975841664,2.972457691511078,0.7921279836831893,0.5,23.0,2.5,2025.0,4.0,4,0.1393636090565009,juju smithschuster,425.0,0.19047619047619047,-0.05111258141968958
00-0034829,Mike Gesicki,TE,CIN,DEN,0.008985321442916404,0.26603030654204257,0.03401116638004282,0.4215965112824928,0.72901390683142,33.59824755926812,-1.5576733330085106,25.693046172517167,3.101249148257345,0.006120499630133951,0.12964519104547248,0.01205251196551121,0.3000620201045233,260.2278316781811,311.6096355604024,0.060232214177897564,7.3778953292555505,2.97462350785032,0.6156197035613635,1.0,18.5,7.5,2025.0,4.0,3,0.13852625643247474,mike gesicki,650.0,0.13333333333333333,0.0051929230991414055
00-0039880,Malik Washington,WR,MIA,NYJ,0.0014864284744354227,0.050538568130804463,0.13851693265238857,0.5968153535543252,0.7694965885149856,23.13339462968265,-0.9306444300809906,18.513419992551913,2.5204357697791364,0.005945812002021012,0.12756672895671825,0.005945812002021012,0.2666721515938285,221.94266784720395,198.65994012040045,0.34453832343980006,9.352302345647217,3.8154722142689987,0.9355981054798019,1.0,24.0,-2.5,2025.0,4.0,3,0.13633429651730178,malik washington,425.0,0.19047619047619047,-0.05414189395888869
00-0035689,Dawson Knox,TE,BUF,NO,0.0003562811778886402,0.01043200367911181,0.1677623412831147,0.5792996430898781,2.259288732212479,15.876633116702864,-0.019517581605471443,20.371770735923583,1.823993624447182,0.005280239368657049,0.11334525991225602,0.0052802577424156125,0.22494413196159585,232.29463954437443,224.9417547317657,0.31527846944416116,11.891073678618568,2.88527425579063,1.4032051717505694,0.8,31.5,-15.5,2025.0,4.0,2,0.13497422471842827,dawson knox,425.0,0.19047619047619047,-0.0555019657577622
00-0039793,AJ Barner,TE,SEA,ARI,0.005495175809191464,0.17521532301455914,0.30643097659811336,0.6311752430621783,1.2016080081796972,9.608638251151813,0.2968805575643178,18.959781129234273,1.8004096814934405,0.4117310268557965,0.08641251704683911,0.4117310268557965,0.16776345775354717,266.8292278019342,276.4381437035202,0.019376504573782847,6.939515225496161,3.0584598014665407,0.7079521683734823,0.6666666666666666,22.5,-1.5,2025.0,4.0,1,0.13488213037970742,aj barner,500.0,0.16666666666666666,-0.031784536286959236
00-0034270,Tyler Conklin,TE,LAC,NYG,0.004551685115154415,0.1664699999939424,0.40122121133175226,0.4802992061164691,1.2184097830162364,17.491469055692356,0.7473137200510175,26.86699197579995,2.3415156631867733,0.26430628750944773,0.09533141229413812,0.2643063335219562,0.19312624610379675,266.8335187833287,299.370982477232,0.3185646031879392,11.500807435615581,2.603653118320644,1.1391214738305775,0.5,24.75,-6.0,2025.0,4.0,3,0.13463279488298013,tyler conklin,600.0,0.14285714285714285,-0.008224347974162716
00-0039424,Devaughn Vele,WR,NO,BUF,0.021773790801444898,0.7801345187136227,0.2247396752165351,0.4116527784378197,0.9551884568038879,20.398580972379904,1.983674460264341,20.169906457118678,1.8244569789141554,0.5336697118831588,0.07079135688076403,0.5336697118831588,0.17542314100363857,180.1656505446017,196.4149838143091,0.35739541699579386,6.076421525961082,1.7663538449760061,1.3103762737373588,0.3333333333333333,16.0,15.5,2025.0,4.0,4,0.1342994710253248,devaughn vele,900.0,0.1,0.034299471025324796
00-0032392,Austin Hooper,TE,NE,CAR,0.0015808911699993372,0.05599779072233917,0.33019934078357455,0.5690930370083668,1.527028772649431,25.797775531172313,1.0876912288323084,29.417601279537386,2.5933360811270476,0.04299774769053942,0.10953160873213594,0.04299781320497068,0.25863794400294376,224.96814434244754,256.55860699074987,0.2887671459068964,0.18556312285056417,2.825242883882747,0.8733033595020957,0.5,24.0,-5.5,2025.0,4.0,2,0.1342805552153542,austin hooper,500.0,0.16666666666666666,-0.032386111451312455
00-0040735,Luther Burden III,WR,CHI,LV,0.0,0.0,0.9132420091324202,0.250365296803653,0.9869672754946729,30.022831050228312,1.8211496193397825,47.045662100456624,1.9132420091324198,0.4566210045662101,0.07487619373195518,0.4566210045662101,0.19514676688139404,245.52583879284495,224.5241359653417,0.21483667681656474,10.648149482022042,2.7553854810459755,1.1696458519579582,0.4,23.0,1.5,2025.0,4.0,4,0.13335450765018023,luther burden,550.0,0.15384615384615385,-0.02049164619597363
00-0035631,Drew Sample,TE,CIN,DEN,0.00021728898222518928,0.008474271778559429,8.210888593758758e-05,0.6132620576386029,1.2134399222960972,1.897809588265394,0.6324215294405652,10.880451307668482,1.5360647163116021,0.3087958748672079,0.06868230923165304,0.3087958748672079,0.1161185530233818,260.2278316781811,311.6096355604024,0.060232214177897564,7.3778953292555505,2.97462350785032,0.6156197035613635,1.0,18.5,7.5,2025.0,4.0,2,0.13131103209536701,drew sample,900.0,0.1,0.03131103209536701
00-0036427,Tyler Johnson,WR,NYJ,MIA,0.006338490227884284,0.1962841258388194,0.5907054283050488,0.632582692304908,0.8115740276895896,25.54625645342113,0.5587886008135988,21.49453228126616,1.6618218438458079,0.10493537865330754,0.08584509698110473,0.10493537865330754,0.22851243092441031,235.9795772197789,157.75564980311344,0.7788053390377815,11.261163342402728,2.5063946570399014,1.2649144653986988,0.5,21.5,2.5,2025.0,4.0,3,0.1302918534852945,tyler johnson,850.0,0.10526315789473684,0.025028695590557676
00-0034159,Will Dissly,TE,LAC,NYG,0.005044137958554458,0.16429453677421108,0.0819931807369574,0.5043564783388322,2.273447029268424,9.914441492318613,0.9548265464695469,20.98964309528705,2.073107472238999,0.17240445666396884,0.07831930565292945,0.17240445666396884,0.1441771908225869,266.8335187833287,299.370982477232,0.3185646031879392,11.500807435615581,2.603653118320644,1.1391214738305775,0.5,24.75,-6.0,2025.0,4.0,1,0.1280584654976293,will dissly,500.0,0.16666666666666666,-0.03860820116903735
00-0036637,Noah Gray,TE,KC,BAL,0.002123223917304817,0.08259133228549304,0.05191335476538378,0.5412857492449861,0.6741920476204442,19.899999525018366,-1.160981672124432,10.600443388932364,1.8425579154090896,0.0559619565463412,0.11516960617916272,0.07654229613127729,0.21801063505353882,233.055094399398,262.411744518763,0.33776148937950057,3.6423414975841664,2.972457691511078,0.7921279836831893,0.5,23.0,2.5,2025.0,4.0,2,0.1277286040512953,noah gray,475.0,0.17391304347826086,-0.04618443942696557
00-0034272,Marquez Valdes-Scantling,WR,SF,JAX,0.008658240583158115,0.3470194241323136,0.43633150986150865,0.45087650132289386,0.5304826418333756,47.30588091834923,0.05316454131171719,20.212455776504548,1.2816438795179312,0.0773547720110841,0.09001931460366613,0.09464917503678413,0.2432193697453503,235.56450483526405,299.4682841681782,0.11198903421417832,-0.12391193200659034,2.5631025791482687,1.1942897130310721,0.25,25.5,-3.5,2025.0,4.0,5,0.12727371487408615,marquez valdesscantling,800.0,0.1111111111111111,0.016162603762975042
00-0037112,Jake Tonges,TE,SF,JAX,0.004760010472023027,0.16660036652080637,0.0,0.4952920096424212,1.6291702508412185,12.068295950251091,0.541160041730374,17.017037437482365,2.131804689970318,0.16660036652080637,0.07642955038185292,0.16660036652080637,0.14515676321875834,235.56450483526405,299.4682841681782,0.11198903421417832,-0.12391193200659034,2.5631025791482687,1.1942897130310721,0.25,25.5,-3.5,2025.0,4.0,1,0.12717807217108368,jake tonges,450.0,0.18181818181818182,-0.054640109647098145
00-0040194,Jackson Hawes,TE,BUF,NO,0.01630789302022178,0.4566210045662101,0.2237442922374429,0.38908675799086756,0.7061819459079733,7.461187214611872,1.2465706793073095,10.369863013698629,1.0,0.4566210045662101,0.034669372568915925,0.4566210045662101,0.07351739344899405,232.29463954437443,224.9417547317657,0.31527846944416116,11.891073678618568,2.88527425579063,1.4032051717505694,0.8,31.5,-15.5,2025.0,4.0,3,0.12596553079235162,jackson hawes,950.0,0.09523809523809523,0.030727435554256388
00-0038679,Tyrell Shavers,WR,BUF,NO,0.0,0.0,0.2237442922374429,0.22812785388127857,1.36986301369863,11.196347031963471,2.4023460055303816,26.397260273972602,1.136986301369863,0.2237442922374429,0.0676813800101471,0.2237442922374429,0.1613356841437377,232.29463954437443,224.9417547317657,0.31527846944416116,11.891073678618568,2.88527425579063,1.4032051717505694,0.8,31.5,-15.5,2025.0,4.0,5,0.1259154934995554,tyrell shavers,700.0,0.125,0.0009154934995553865
00-0037005,Tommy Tremble,TE,CAR,NE,0.003440014834627318,0.12038896432623974,0.032145035396527626,0.5570465257709706,2.0253657881263236,11.094009698823598,1.1234785091953203,18.197177696160136,2.1574816376739077,0.13872228297140998,0.07449990506112986,0.13872228297140998,0.14014053037387705,227.75354829419817,233.97746679311174,0.04060371560989919,8.859096541128268,3.0725428174391576,1.2707031555694577,0.6666666666666666,18.5,5.5,2025.0,4.0,2,0.12392407165053736,tommy tremble,370.0,0.2127659574468085,-0.08884188579627116
00-0036422,Adam Trautman,TE,DEN,CIN,0.008730397059433959,0.26795387526321035,0.019378302791536062,0.49595382222958967,1.041808851225763,5.6044648977120035,0.31516071760646,5.870237380230811,1.1299910171402956,0.266729567531991,0.045081195230778734,0.266729567531991,0.08809796630002024,231.8892817981643,231.806285290214,0.7892864205454694,5.6237584839764905,2.751971930946851,0.7043681432797678,0.3333333333333333,26.0,-7.5,2025.0,4.0,3,0.1230480230944713,adam trautman,475.0,0.17391304347826086,-0.050865020383789566
00-0036754,Brock Wright,TE,DET,CLE,0.0051136645803595985,0.19743136550015125,0.001060808629047818,0.5155605273189829,3.452564648427378,5.321410266906779,1.141298527143655,12.521514790071278,1.3400053993461065,0.3763101981335701,0.05294042786244662,0.3764274927906425,0.0957086945462546,195.73163004994095,180.64196753396845,0.6949048616306461,8.810631227672513,2.270306919065801,1.2303873418859184,0.6666666666666666,27.25,-10.0,2025.0,4.0,2,0.12287051304270073,brock wright,850.0,0.10526315789473684,0.017607355147963896
00-0033943,Josh Reynolds,WR,NYJ,MIA,0.010123263591884854,0.3113581383742086,0.11554461499859929,0.6437415689257573,0.4504454426450746,25.03001276138604,0.018050265531614273,13.874980731838274,1.2409860572961005,0.07662823133659047,0.09374270201292557,0.07671033757862074,0.22280984866813167,235.9795772197789,157.75564980311344,0.7788053390377815,11.261163342402728,2.5063946570399014,1.2649144653986988,0.5,21.5,2.5,2025.0,4.0,2,0.12260744437139393,josh reynolds,330.0,0.23255813953488372,-0.10995069516348979
00-0036182,Nick Westbrook-Ikhine,WR,MIA,NYJ,0.005916088111294419,0.19586086877900713,0.042490935728245444,0.5220989521925606,0.5024782912483233,25.571380409475676,0.26119836039928734,17.494454212607366,1.5374869829669224,0.09890676516885866,0.09237141042555216,0.11620155797354116,0.20606462642649837,221.94266784720395,198.65994012040045,0.34453832343980006,9.352302345647217,3.8154722142689987,0.9355981054798019,1.0,24.0,-2.5,2025.0,4.0,4,0.12199848378723457,nick westbrookikhine,700.0,0.125,-0.003001516212765426
00-0033589,David Moore,WR,CAR,NE,0.004780796673771287,0.1422598933326541,0.08959568805876499,0.6366047559527852,0.6098362626373641,22.673082307475415,0.5300266704011418,12.347964806926278,1.1703605003924353,0.23658921917268738,0.06704710163248244,0.23658921917268738,0.1618607094019015,227.75354829419817,233.97746679311174,0.04060371560989919,8.859096541128268,3.0725428174391576,1.2707031555694577,0.6666666666666666,18.5,5.5,2025.0,4.0,4,0.12158234384190365,david moore,650.0,0.13333333333333333,-0.011750989491429678
00-0038465,Malik Heath,WR,GB,DAL,0.00817865529875541,0.23005387737861077,0.35740740495475554,0.3531496994265809,0.7401280846270928,18.716165074616438,1.3596677015981886,19.04004845997195,1.2234738694066278,0.1810683781754207,0.06111898627789361,0.1810683781754207,0.1395150815661382,286.1780683327508,287.5668674185902,0.4287761720996243,14.06023533716177,4.058339509587674,2.070984460710486,0.5,27.25,-7.0,2025.0,4.0,5,0.12035107263839197,malik heath,650.0,0.13333333333333333,-0.012982260694941364
00-0037741,Jahan Dotson,WR,PHI,TB,0.0024742861351094757,0.07794146355979259,0.1680670287373035,0.5980409193883153,0.5542242363976019,31.599050126527043,0.1279630907420688,22.797101671280373,1.8391332882738252,0.00015917629701702436,0.10485012523766048,0.00015920839909075609,0.2663422630303729,228.58361534779192,227.04592058201942,0.023104560073326372,4.351440955616023,2.7956899219975573,1.2319525841007237,0.75,23.5,-3.5,2025.0,4.0,3,0.12030682728234493,jahan dotson,500.0,0.16666666666666666,-0.04635983938432173
00-0032211,Tyler Lockett,WR,TEN,HOU,0.0015094439987572217,0.04896037184719117,0.053773991053569635,0.5683137115491633,0.8546270243570454,26.159491393392564,0.9674877772801573,20.675391731096514,2.3328101120482803,0.00822885800456957,0.10109357185744508,0.00823000733768008,0.24419145802573272,228.1792960150865,280.83206424062024,0.3579077905768634,4.12456020440072,2.944665327419502,0.6954456008193758,1.0,15.75,7.0,2025.0,4.0,3,0.11970478714190734,tyler lockett,900.0,0.1,0.019704787141907334
00-0036534,Shane Zylstra,TE,DET,CLE,0.005773024242910503,0.2346216946416846,0.30293510828593617,0.30720521838950143,1.1297170959444232,6.966195382639675,0.3632206041353972,10.411530767942196,0.9442583503631228,0.08495924380572635,0.03821463377691202,0.23042868280463294,0.07727408009449208,195.73163004994095,180.64196753396845,0.6949048616306461,8.810631227672513,2.270306919065801,1.2303873418859184,0.6666666666666666,27.25,-10.0,2025.0,4.0,4,0.11863433162245446,shane zylstra,1200.0,0.07692307692307693,0.04171125469937753
00-0032398,Chris Moore,WR,WAS,ATL,3.224286916220028e-05,0.0011657274447411108,0.4411701726254381,0.5534161399833841,1.0372230488424374,33.31971275205283,1.7972743904211212,28.06636591116613,1.7439526161309609,5.138044477193727e-05,0.09654832138393127,5.138044477193727e-05,0.2602978652316512,178.22542439963303,228.314239768903,0.2674356241384136,3.6248334101329776,2.2256537544183477,0.6659896258550828,0.3333333333333333,23.5,-1.5,2025.0,4.0,5,0.11757840040872669,chris moore,1100.0,0.08333333333333333,0.03424506707539336
00-0040705,Chimere Dike,WR,TEN,HOU,0.009685900096858999,0.319634703196347,0.0,0.3617351598173516,-0.008411439557798602,13.881278538812785,-1.9896111389941515,0.5936073059360731,2.0091324200913245,0.0,0.11422387426026528,0.0,0.2111692733965264,228.1792960150865,280.83206424062024,0.3579077905768634,4.12456020440072,2.944665327419502,0.6954456008193758,1.0,15.75,7.0,2025.0,4.0,4,0.1175086187311423,chimere dike,600.0,0.14285714285714285,-0.025348524126000554
00-0039394,Casey Washington,WR,ATL,WAS,0.0,0.0,0.0,0.4657534246575343,1.1963470319634704,56.42465753424657,1.3947865897454705,18.200913242009133,1.593607305936073,0.0,0.08246857762682036,0.0,0.26733413626490204,246.18541431705694,293.81655725456983,0.3584502896678204,9.674876922049465,3.039717166082489,1.2514299682806516,0.0,22.0,1.5,2025.0,4.0,4,0.11733104385320342,casey washington,1900.0,0.05,0.06733104385320342
00-0038618,Xavier Hutchinson,WR,HOU,TEN,0.0044561810396684925,0.1271162572236829,0.3571287938420461,0.6154633221045028,1.1119189713260793,21.07758079650367,0.09609756311844304,18.633932546455025,2.0050287605792487,0.0,0.08831366814134378,0.0,0.19854334076057495,221.5226446881308,195.49700753024635,0.24573912331386139,7.730181933823634,2.91187989111779,1.0620731932480907,0.0,22.75,-7.0,2025.0,4.0,3,0.11725787190500413,xavier hutchinson,425.0,0.19047619047619047,-0.07321831857118634
00-0037805,Jeremy Ruckert,TE,NYJ,MIA,0.013684468718600084,0.3014381342013164,4.023390929557774e-05,0.39820971818722384,1.2976612503252265,7.756123101530284,1.734784834540403,7.717045839119089,1.1785997303159932,0.30001380023088847,0.057652404715908635,0.30001380023088847,0.11305536572044864,235.9795772197789,157.75564980311344,0.7788053390377815,11.261163342402728,2.5063946570399014,1.2649144653986988,0.5,21.5,2.5,2025.0,4.0,2,0.11710324046952486,jeremy ruckert,800.0,0.1111111111111111,0.005992129358413756
00-0036630,Tylan Wallace,WR,BAL,KC,0.017955712638347592,0.5100013523863177,0.02421222840431289,0.4644900985420857,0.598263695732818,8.743295941487064,0.6685065457725539,8.302576471994115,0.6990567543946837,0.22210667106711074,0.040906540604078,0.22210667106711074,0.08337241470205692,202.51245923579845,247.98951586960504,0.07376652489602777,2.9773785739370506,2.7014999059920397,0.9916837963195584,0.3333333333333333,25.5,-2.5,2025.0,4.0,4,0.11708741127086271,tylan wallace,800.0,0.1111111111111111,0.005976300159751605
00-0039050,Payne Durham,TE,TB,PHI,0.007835414378201483,0.25073326010244745,0.14715800665178194,0.431181630045157,0.4231157989770805,11.917601649712108,0.8139982484068559,9.5399001077981,0.9345919836228471,0.25073326010244745,0.041678847730265686,0.25073326010244745,0.09135047663502657,184.55679873024846,236.22643510303513,0.10311033522107635,-1.9036438020538324,2.058660426518849,0.9695448207280812,0.1428571428571428,20.0,3.5,2025.0,4.0,2,0.11614757578010894,payne durham,1500.0,0.0625,0.05364757578010894
00-0038839,Mitchell Tinsley,WR,CIN,DEN,0.009150326797385611,0.4117647058823529,0.0,0.12823529411764706,0.4117647058823529,5.352941176470588,0.39201857336892687,5.352941176470588,0.4117647058823529,0.4117647058823529,0.032200357781753064,0.4117647058823529,0.05870903340465577,260.2278316781811,311.6096355604024,0.060232214177897564,7.3778953292555505,2.97462350785032,0.6156197035613635,1.0,18.5,7.5,2025.0,4.0,4,0.11583274399915931,mitchell tinsley,1600.0,0.058823529411764705,0.05700921458739461
00-0036415,Van Jefferson,WR,TEN,HOU,0.0018812092318870213,0.050376072716973294,0.11999159785655515,0.4693037806139477,2.9386708350409827,12.94823991609237,0.1803374788744534,11.779858139317124,1.5025369689373846,0.03944912821559245,0.06751797481517513,0.03944912821559245,0.14279289509583468,228.1792960150865,280.83206424062024,0.3579077905768634,4.12456020440072,2.944665327419502,0.6954456008193758,1.0,15.75,7.0,2025.0,4.0,5,0.1157714682016544,van jefferson,1100.0,0.08333333333333333,0.032438134868321075
00-0037475,Stone Smartt,TE,NYJ,MIA,6.450006751241708e-05,0.002421720326233088,0.39576614684662725,0.39266923280302934,1.3389804471854396,24.99324883265689,1.3025790366062822,29.785719779847195,2.4683901336666447,0.001424541368372404,0.08518287123447443,0.001424541368372404,0.18834644057708375,235.9795772197789,157.75564980311344,0.7788053390377815,11.261163342402728,2.5063946570399014,1.2649144653986988,0.5,21.5,2.5,2025.0,4.0,3,0.11520679692898049,stone smartt,2000.0,0.047619047619047616,0.06758774930993287
00-0039074,Davis Allen,TE,LA,IND,0.006206416718171222,0.19687056099793898,0.0020394135166932077,0.3685778748324162,0.49727274527687315,9.215611299019884,0.3305656532822873,6.19178412199416,0.9066555930856698,0.35987184093180186,0.04049116976902389,0.35987184093180186,0.08893925284571821,213.38610731983098,199.04426368592024,0.32977962314678677,3.375509124878027,2.214355419700491,1.2692923254424253,0.2,26.5,-3.5,2025.0,4.0,2,0.11519699532470279,davis allen,800.0,0.1111111111111111,0.004085884213591684
00-0035249,Josh Oliver,TE,MIN,PIT,0.001668446816424114,0.05551427124603996,0.12881310198152585,0.4510119085216824,1.1174633500754045,7.883835347532773,0.9198976994016598,12.495397878050804,1.206483815496574,0.335737035657984,0.05397510271584904,0.335737035657984,0.10024163751584467,266.3661859782383,211.9983189690337,1.0123321386502886,10.89174980416961,2.6811056858469136,0.8155974940757033,0.6666666666666666,21.5,-2.5,2025.0,4.0,2,0.11519108754184779,josh oliver,1200.0,0.07692307692307693,0.03826801061877086
00-0040584,Gunnar Helm,TE,TEN,HOU,0.0,0.0,0.0,0.3730593607305936,1.8731245923026745,10.036529680365296,0.7038444138629592,18.78538812785388,2.2328767123287676,0.0,0.07881122577179342,0.0,0.14631763776836504,228.1792960150865,280.83206424062024,0.3579077905768634,4.12456020440072,2.944665327419502,0.6954456008193758,1.0,15.75,7.0,2025.0,4.0,2,0.11505446796882506,gunnar helm,1100.0,0.08333333333333333,0.03172113463549173
00-0037277,Teagan Quitoriano,TE,ATL,WAS,0.0032867669710523024,0.10066532847259632,0.5205029191697708,0.4290343471130307,2.425772626188572,15.70154337978902,0.8794552429106066,18.193322288559816,0.8928607689017863,0.06434465947057712,0.0435957094687797,0.06434465947057712,0.10076126157070682,246.18541431705694,293.81655725456983,0.3584502896678204,9.674876922049465,3.039717166082489,1.2514299682806516,0.0,22.0,1.5,2025.0,4.0,3,0.11497172662448425,teagan quitoriano,4000.0,0.024390243902439025,0.09058148272204522
00-0040669,Isaac TeSlaa,WR,DET,CLE,0.005737033134293398,0.2237442922374429,0.319634703196347,0.19753424657534246,0.5670556401150009,25.69406392694064,0.6792029010044665,12.178082191780822,0.54337899543379,0.2237442922374429,0.05242822546355348,0.2237442922374429,0.16014192798959515,195.73163004994095,180.64196753396845,0.6949048616306461,8.810631227672513,2.270306919065801,1.2303873418859184,0.6666666666666666,27.25,-10.0,2025.0,4.0,4,0.11482922186594076,isaac teslaa,650.0,0.13333333333333333,-0.018504111467392573
00-0039355,Luke McCaffrey,WR,WAS,ATL,0.00022375036355601363,0.00850251381512852,0.3151882141221749,0.24959662701693197,1.565368710589738,11.574142109584285,2.1267401788263647,23.078934341587466,1.384601086785072,0.3010003122478361,0.06954506654104044,0.3010003122478361,0.14235545272368572,178.22542439963303,228.314239768903,0.2674356241384136,3.6248334101329776,2.2256537544183477,0.6659896258550828,0.3333333333333333,23.5,-1.5,2025.0,4.0,4,0.11475276443700384,luke mccaffrey,750.0,0.11764705882352941,-0.002894294386525567
00-0039792,Devontez Walker,WR,BAL,KC,0.0223561581150934,0.6285384587645595,0.7367206375536404,0.16900580577692834,0.7592585914680322,31.831884894161767,2.880354236679347,21.421153222025893,0.9891457213948289,0.37611337492337094,0.058150067570932294,0.6285384587645595,0.18034076794380985,202.51245923579845,247.98951586960504,0.07376652489602777,2.9773785739370506,2.7014999059920397,0.9916837963195584,0.3333333333333333,25.5,-2.5,2025.0,4.0,5,0.11437754780617666,devontez walker,1200.0,0.07692307692307693,0.037454470883099736
00-0036887,Luke Farrell,TE,SF,JAX,1.285593091607734e-05,0.0004885253748109392,0.0014902492096620053,0.48695366016456937,0.6123032170507788,3.862146100145489,0.6211631159367913,7.945988876193503,1.3537511570064598,0.30000079552136333,0.05472561575947033,0.30000079552136333,0.09141209527826097,235.56450483526405,299.4682841681782,0.11198903421417832,-0.12391193200659034,2.5631025791482687,1.1942897130310721,0.25,25.5,-3.5,2025.0,4.0,2,0.11395894277640599,luke farrell,500.0,0.16666666666666666,-0.05270772389026067
00-0033375,Tim Patrick,WR,JAX,SF,0.00835150686552995,0.3570843477716936,0.05502477123094756,0.4369754047691049,2.030062268260149,13.993763137692278,0.4976034275897463,13.131275795057322,1.211813234847051,0.08614446868778591,0.04690320361619399,0.1214397268467184,0.10991660235413762,190.1111276664321,201.45642505734273,0.6995983201659794,3.577527612706744,2.1485913418991154,1.2423402590598835,0.6666666666666666,22.0,3.5,2025.0,4.0,5,0.11290631299501616,tim patrick,900.0,0.1,0.012906312995016156
00-0037086,Grant Calcaterra,TE,PHI,TB,0.002406631204586773,0.050593313196553455,0.19467420716431988,0.5607727285308742,0.5949557894899804,10.500786167855663,0.06536512132543651,9.927604769403723,0.9484765326566612,0.050425733705836744,0.0643181199891841,0.050425733705836744,0.13379098939568684,228.58361534779192,227.04592058201942,0.023104560073326372,4.351440955616023,2.7956899219975573,1.2319525841007237,0.75,23.5,-3.5,2025.0,4.0,2,0.11268734732671778,grant calcaterra,1500.0,0.0625,0.050187347326717785
00-0036244,Colby Parkinson,TE,LA,IND,0.003612982592684034,0.10125391445970758,0.007631890553927447,0.43012111792177776,0.47835308008182464,4.943650243752294,-1.967936634719564,3.3538461454689874,1.1678735832614917,0.01780628517189091,0.06032025484329224,0.01780628517189091,0.10673097653468852,213.38610731983098,199.04426368592024,0.32977962314678677,3.375509124878027,2.214355419700491,1.2692923254424253,0.2,26.5,-3.5,2025.0,4.0,3,0.11195922140282955,colby parkinson,1100.0,0.08333333333333333,0.028625888069496216
00-0038783,Nate Adkins,TE,DEN,CIN,0.000443800349125634,0.017308213615899754,0.0,0.4409452245085682,2.4405582519237266,3.3338908456860747,0.9019112787070633,14.917230348016199,1.6566222565453934,0.1556132703550761,0.053407684554994464,0.1556132703550761,0.09469271844409433,231.8892817981643,231.806285290214,0.7892864205454694,5.6237584839764905,2.751971930946851,0.7043681432797678,0.3333333333333333,26.0,-7.5,2025.0,4.0,4,0.11116765579297476,nate adkins,1000.0,0.09090909090909091,0.020258564883883848
00-0038558,Darnell Washington,TE,PIT,MIN,0.0016088316657393625,0.05459473172342339,0.08109097534922702,0.4552245888562728,0.7165164343946542,8.242778846667484,0.33310038589758784,7.815441648285753,0.8049805633202657,0.0041540103039922555,0.0493651935543459,0.0041540103039922555,0.10176262092577952,184.8525368663722,190.94997179736117,0.35216730370220917,-7.26818047801894,1.677272919562753,0.4248873546525681,1.0,19.0,2.5,2025.0,4.0,3,0.11089793660789689,darnell washington,900.0,0.1,0.010897936607896883
00-0038824,Ryan Miller,WR,TB,PHI,0.011563995148137064,0.420145844398628,0.3233069647826401,0.2859967931636227,0.6171644379353249,20.599426084256976,0.3859226537145955,9.218517849077626,0.7055076619100024,0.2982644459583567,0.04471920169819967,0.2982644459583567,0.12218217677207778,184.55679873024846,236.22643510303513,0.10311033522107635,-1.9036438020538324,2.058660426518849,0.9695448207280812,0.1428571428571428,20.0,3.5,2025.0,4.0,6,0.11066835699403081,ryan miller,850.0,0.10526315789473684,0.005405199099293975
00-0038752,Jake Bobo,WR,SEA,ARI,0.011120733401335101,0.3002532243410374,0.00040219077772014254,0.29224683162347587,0.9671405245223276,6.146837906536312,0.6430711242604195,5.546671499908909,0.8632539944861861,0.30049262361348983,0.03022613702431971,0.30049262361348983,0.06353455643396635,266.8292278019342,276.4381437035202,0.019376504573782847,6.939515225496161,3.0584598014665407,0.7079521683734823,0.6666666666666666,22.5,-1.5,2025.0,4.0,4,0.11020505267470891,jake bobo,2200.0,0.043478260869565216,0.0667267918051437
00-0040130,Jayden Higgins,WR,HOU,TEN,0.0,0.0,0.54337899543379,0.4345662100456621,2.831752722163681,15.196347031963471,0.22444862864707435,18.392694063926943,1.2237442922374429,0.0,0.051441554717314056,0.0,0.13465170844476762,221.5226446881308,195.49700753024635,0.24573912331386139,7.730181933823634,2.91187989111779,1.0620731932480907,0.0,22.75,-7.0,2025.0,4.0,4,0.11000646416301492,jayden higgins,425.0,0.19047619047619047,-0.08046972631317555
00-0035500,Greg Dortch,WR,ARI,SEA,0.00011285409003390064,0.002953669572656972,0.1385082614240762,0.2521969663485983,1.6233857859905267,1.35442303164186,0.4412844767670956,12.564317504068807,1.8469906286955255,0.10596423465666889,0.058623196636277,0.20886423480907543,0.09293015381568466,234.59202174851598,256.73468515041117,0.7055833666604924,4.067953507892232,2.7893048905672666,0.6117392626031481,0.25,21.0,1.5,2025.0,4.0,4,0.10998572772010516,greg dortch,700.0,0.125,-0.015014272279894839
00-0033757,Robert Tonyan,TE,KC,BAL,0.018895762366016387,0.3039679359225696,0.22004448015014796,0.39068925962860024,0.7651037555199209,20.01485821210865,0.3520886819822833,12.326298015213958,0.978642914897447,0.0029561310750452485,0.06647336332540708,0.002956146490460035,0.1555920456339967,233.055094399398,262.411744518763,0.33776148937950057,3.6423414975841664,2.972457691511078,0.7921279836831893,0.5,23.0,2.5,2025.0,4.0,3,0.10962554045783748,robert tonyan,1700.0,0.05555555555555555,0.05406998490228193
00-0036232,Harrison Bryant,TE,HOU,TEN,0.00021426719138634376,0.008251791945299614,0.008477020657620626,0.38121382860746705,3.108924185725791,8.108597412238883,0.29696276698757124,11.841870631419809,1.2449573954020194,0.014661157409332225,0.05845075654028516,0.014661158316136283,0.11356012937037084,221.5226446881308,195.49700753024635,0.24573912331386139,7.730181933823634,2.91187989111779,1.0620731932480907,0.0,22.75,-7.0,2025.0,4.0,2,0.10935215114062502,harrison bryant,850.0,0.10526315789473684,0.004088993245888184
00-0034854,KhaDarel Hodge,WR,ATL,WAS,0.011356525317158136,0.44750952180490533,0.26073981893991965,0.3737614450508773,0.8476882119759542,25.221087498191746,0.4144200306002548,10.181331575633747,0.61040780035553,0.024713051838690027,0.046269869528343284,0.024713051838690027,0.11705655194994566,246.18541431705694,293.81655725456983,0.3584502896678204,9.674876922049465,3.039717166082489,1.2514299682806516,0.0,22.0,1.5,2025.0,4.0,6,0.10861975983753887,khadarel hodge,1300.0,0.07142857142857142,0.03719118840896744
00-0032464,Kalif Raymond,WR,DET,CLE,3.846965309145097e-09,1.3971123773022389e-07,0.07305720742772674,0.4245001904064545,0.7686395555676923,13.067588531500133,0.2517973413793005,11.03577119693701,1.1602237678153589,0.02940725736023465,0.058611169089457404,0.029407257466919242,0.1318541109822067,195.73163004994095,180.64196753396845,0.6949048616306461,8.810631227672513,2.270306919065801,1.2303873418859184,0.6666666666666666,27.25,-10.0,2025.0,4.0,3,0.10858232070603488,kalif raymond,475.0,0.17391304347826086,-0.06533072277222599
00-0037348,Tanner Conner,TE,MIA,NYJ,0.007188602157445531,0.22284666688081176,0.0,0.2878625416814793,0.9222129896831288,12.748173556677056,-0.7872884350380522,10.309873702288252,1.0588718553032397,0.0,0.0658633023583825,0.0,0.13955998580999388,221.94266784720395,198.65994012040045,0.34453832343980006,9.352302345647217,3.8154722142689987,0.9355981054798019,1.0,24.0,-2.5,2025.0,4.0,3,0.10823896615555124,tanner conner,800.0,0.1111111111111111,-0.0028721449555598605
00-0040134,Pat Bryant,WR,DEN,CIN,0.0,0.0,0.0,0.24,2.25,8.0,2.1824397174059413,18.0,2.0,0.0,0.1,0.0,0.1880952380952381,231.8892817981643,231.806285290214,0.7892864205454694,5.6237584839764905,2.751971930946851,0.7043681432797678,0.3333333333333333,26.0,-7.5,2025.0,4.0,5,0.10814832242685511,pat bryant,1400.0,0.06666666666666667,0.041481655760188446
00-0036862,Ben Skowronek,WR,PIT,MIN,2.7121690037269718e-05,0.0010017532932317297,0.17202336692533318,0.11750878597715914,0.8007809333193121,3.3313367424575184,0.7660437355419393,6.6208869256633225,0.39009005396938246,0.1472416979506721,0.014589200846489995,0.1472416979506721,0.03470912730703178,184.8525368663722,190.94997179736117,0.35216730370220917,-7.26818047801894,1.677272919562753,0.4248873546525681,1.0,19.0,2.5,2025.0,4.0,5,0.10814514505244395,ben skowronek,1200.0,0.07692307692307693,0.031222068129367023
00-0036741,Jack Stoll,TE,NO,BUF,0.00731740976172898,0.30001380023088847,0.001663721780837709,0.3798222047303965,0.5818697492580182,9.354010699736339,0.5767208147298757,7.8834463315294,0.8359023541868855,0.30001380023088847,0.03504625013037353,0.30001380023088847,0.07282402265013568,180.1656505446017,196.4149838143091,0.35739541699579386,6.076421525961082,1.7663538449760061,1.3103762737373588,0.3333333333333333,16.0,15.5,2025.0,4.0,2,0.10807635934004331,jack stoll,2200.0,0.043478260869565216,0.0645980984704781
00-0037004,Hunter Long,TE,JAX,SF,0.006785242729913603,0.21034252462732195,0.0,0.2259300002763718,0.9499017075514312,4.881413902129464,0.339305360708543,6.709654940699426,1.0277859385551724,0.21034252462732195,0.04186754805265339,0.21034252462732195,0.07579424022386186,190.1111276664321,201.45642505734273,0.6995983201659794,3.577527612706744,2.1485913418991154,1.2423402590598835,0.6666666666666666,22.0,3.5,2025.0,4.0,3,0.1079158520955807,hunter long,1500.0,0.0625,0.0454158520955807
00-0039739,Roman Wilson,WR,PIT,MIN,0.0,0.0,0.0,0.35,0.3043478260869565,23.0,-1.351503019221127,7.0,1.0,0.0,0.064516129032258,0.0,0.1833333333333333,184.8525368663722,190.94997179736117,0.35216730370220917,-7.26818047801894,1.677272919562753,0.4248873546525681,1.0,19.0,2.5,2025.0,4.0,3,0.10707353803387305,roman wilson,950.0,0.09523809523809523,0.01183544279577782
00-0038809,Ben Sims,TE,GB,DAL,0.009012774688543832,0.25242508384118856,0.10589116327119301,0.34179757224885926,1.2023570050922054,7.684195925749077,0.14986030950180354,5.61000525431026,0.8124756101277256,0.0363206690020192,0.04216041079337784,0.0363206690020192,0.08589915476145121,286.1780683327508,287.5668674185902,0.4287761720996243,14.06023533716177,4.058339509587674,2.070984460710486,0.5,27.25,-7.0,2025.0,4.0,4,0.1068267913834498,ben sims,1300.0,0.07142857142857142,0.03539821995487838
00-0037306,John FitzPatrick,TE,GB,DAL,0.013076942440857078,0.32692356102142694,0.0,0.2296592246876981,1.5279099547897408,2.336261151771321,0.9705185588178065,5.409669548933755,1.0046687953749471,0.32692356102142694,0.040841056979677014,0.32692356102142694,0.08708293561620047,286.1780683327508,287.5668674185902,0.4287761720996243,14.06023533716177,4.058339509587674,2.070984460710486,0.5,27.25,-7.0,2025.0,4.0,2,0.10669406682862671,john fitzpatrick,1200.0,0.07692307692307693,0.029770989905549786
00-0037614,John Metchie III,WR,PHI,TB,0.003013066431957816,0.09749995264673154,0.12100348812347299,0.23643097648114533,0.8497403215662754,14.019711096604823,-0.18938159626325834,11.620628703087485,1.4150314436914722,0.012106877671532635,0.07185474251661299,0.012106877671532635,0.14771074742986104,228.58361534779192,227.04592058201942,0.023104560073326372,4.351440955616023,2.7956899219975573,1.2319525841007237,0.75,23.5,-3.5,2025.0,4.0,5,0.10617040747045255,john metchie,1100.0,0.08333333333333333,0.022837074137119218
00-0035298,Scott Miller,WR,PIT,MIN,0.00040667385503128815,0.010203300889933042,0.2574133491703657,0.2625259005211465,0.5613148789490775,15.26654000801344,0.5631820496182198,10.79983285496553,0.713432092625826,0.010094513786856243,0.052368070719184756,0.010094513786856243,0.1260768173692112,184.8525368663722,190.94997179736117,0.35216730370220917,-7.26818047801894,1.677272919562753,0.4248873546525681,1.0,19.0,2.5,2025.0,4.0,4,0.10490911055541853,scott miller,1800.0,0.05263157894736842,0.05227753160805011
00-0039041,Elijah Higgins,TE,ARI,SEA,0.008548936399848425,0.21407811510207317,0.22280118104090327,0.280773853543015,1.74832798105263,8.423970300905944,0.8251409471332075,16.409360262701274,1.3141141821540299,0.004071353082255248,0.062316211631095124,0.004071353082255248,0.12586010422389016,234.59202174851598,256.73468515041117,0.7055833666604924,4.067953507892232,2.7893048905672666,0.6117392626031481,0.25,21.0,1.5,2025.0,4.0,3,0.10488051595876358,elijah higgins,1400.0,0.06666666666666667,0.03821384929209691
00-0039066,Michael Mayer,TE,LV,CHI,1.8094673464966753e-05,0.0004885561835541028,0.024907327592814006,0.4328740590354433,1.0469615825514658,9.928041681770535,0.5315148036885612,13.262554587986015,1.7837278899528783,0.002523359113808593,0.06856678172112278,0.002523359113808593,0.12507297514637222,258.85848927896586,217.12406394782903,0.2955174323930029,7.289545554292404,3.6184107412170703,1.5194850312260302,0.5,24.5,-1.5,2025.0,4.0,2,0.10470016291083918,michael mayer,360.0,0.21739130434782608,-0.1126911414369869
00-0038046,Charlie Kolar,TE,BAL,KC,0.000782867474651292,0.029114314639220183,0.036832944989085646,0.39054163822012083,1.427785196378252,13.374678648393163,0.6690094163949037,11.93066449815758,1.1595420284649465,0.028874804062685427,0.05676713370393141,0.028874804062685427,0.11918812043147156,202.51245923579845,247.98951586960504,0.07376652489602777,2.9773785739370506,2.7014999059920397,0.9916837963195584,0.3333333333333333,25.5,-2.5,2025.0,4.0,3,0.10429639235046084,charlie kolar,850.0,0.10526315789473684,-0.0009667655442759937
00-0039890,Adonai Mitchell,WR,IND,LA,0.0056376811987936875,0.19272716506016363,0.06900264518276975,0.3001704927987013,0.3864547027294778,36.29790625713345,-0.4507322596786901,12.213527500176863,1.016032355360339,0.0,0.08694243949021295,0.0,0.21961275862202517,217.30422375236017,238.56161255347456,0.5843214394395838,7.4971543839070796,3.243662175540963,1.1804125011756565,0.4285714285714285,23.0,3.5,2025.0,4.0,4,0.10367737289791043,adonai mitchell,400.0,0.2,-0.09632262710208958
00-0036849,Tutu Atwell,WR,LA,IND,4.684754298462235e-06,0.00014836137965664435,0.1830673437524883,0.3963599651387556,0.3904379721041342,17.97120017374082,-0.6802629412449561,9.643803855197886,1.0658152530757896,7.319163200951525e-05,0.06434295761005625,7.319163200951525e-05,0.1604872438198584,213.38610731983098,199.04426368592024,0.32977962314678677,3.375509124878027,2.214355419700491,1.2692923254424253,0.2,26.5,-3.5,2025.0,4.0,4,0.10359571499036495,tutu atwell,550.0,0.15384615384615385,-0.050250438855788906
00-0033576,Eric Saubert,TE,SEA,ARI,0.003654477460930131,0.1533545336990011,0.0005090854962418364,0.3727561480961142,0.8001217262069437,4.400479045650968,0.5145415505901786,5.911558235794849,0.8182903943356217,0.05043008295115701,0.031362648123660186,0.05043008295115701,0.06079657558953787,266.8292278019342,276.4381437035202,0.019376504573782847,6.939515225496161,3.0584598014665407,0.7079521683734823,0.6666666666666666,22.5,-1.5,2025.0,4.0,3,0.10351446319034723,eric saubert,1900.0,0.05,0.05351446319034722
00-0037539,Lucas Krull,TE,DEN,CIN,8.192642942205824e-05,0.0027356791324778134,0.013118023114139765,0.3737734693980813,1.0678525275312725,8.64120919754639,-0.37594505219091456,10.189768795803685,1.4434185590239723,0.0020369911634235374,0.0677854778275412,0.0020369911634235374,0.12898783276835538,231.8892817981643,231.806285290214,0.7892864205454694,5.6237584839764905,2.751971930946851,0.7043681432797678,0.3333333333333333,26.0,-7.5,2025.0,4.0,2,0.10350181799657905,lucas krull,1000.0,0.09090909090909091,0.01259272708748814
00-0039623,Mason Tipton,WR,NO,BUF,0.0,0.0,0.0,0.6065237725329522,0.3816276525674686,33.88830995689471,-1.3896023954370569,8.812720883118036,1.183615851927659,0.0,0.08306656274883988,0.0,0.21567994994419665,180.1656505446017,196.4149838143091,0.35739541699579386,6.076421525961082,1.7663538449760061,1.3103762737373588,0.3333333333333333,16.0,15.5,2025.0,4.0,5,0.1034708818065404,mason tipton,2200.0,0.043478260869565216,0.05999262093697519
00-0031484,Chris Manhertz,TE,NYG,LAC,0.002823930340130075,0.07406471637411327,0.0010003018369835102,0.3363587235095739,4.147721249952184,2.1355991798461655,0.5945135266651552,7.4608465196085625,0.7402986864144961,0.07203335914526333,0.028988762833158627,0.07203335914526333,0.05205585062613881,195.2173371655382,256.1146811063748,0.26216652691603776,-1.127752611246544,2.6809934898311463,0.7168373821221911,0.3333333333333333,18.75,6.0,0.0,0.0,4,0.1031065434176646,chris manhertz,1300.0,0.07142857142857142,0.03167797198909318
00-0040126,Colston Loveland,TE,CHI,LV,0.0,0.0,0.4566210045662101,0.3426027397260274,0.7547593958552862,37.8310502283105,-0.02830207300453219,16.840182648401825,0.904109589041096,0.0,0.07177100811266805,0.0,0.2083455729504298,245.52583879284495,224.5241359653417,0.21483667681656474,10.648149482022042,2.7553854810459755,1.1696458519579582,0.4,23.0,1.5,2025.0,4.0,2,0.10282270039794085,colston loveland,425.0,0.19047619047619047,-0.08765349007824962
00-0040782,Isaiah Bond,WR,CLE,DET,0.0,0.0,0.0,0.4809132420091324,0.323785803237858,32.118721461187214,-1.6607121103390048,10.342465753424657,1.45662100456621,0.0,0.08406315071868026,0.0,0.21330876175770164,257.45097167420505,301.05402311809496,0.8232112770395787,10.820458726705004,3.877722600236799,1.162400031145099,0.5,17.25,10.0,2025.0,4.0,3,0.10251899265139611,isaiah bond,750.0,0.11764705882352941,-0.015128066172133303
00-0039751,Jordan Whittington,WR,LA,IND,0.00010046372003414796,0.0029134478809902963,0.42235919097010893,0.4502580225826042,1.6301354728625534,10.22167704534032,0.38332531548275234,20.888253022076867,1.4595847089675167,0.0,0.05548478738909821,0.0,0.11403568442383685,213.38610731983098,199.04426368592024,0.32977962314678677,3.375509124878027,2.214355419700491,1.2692923254424253,0.2,26.5,-3.5,2025.0,4.0,3,0.10214910801968008,jordan whittington,360.0,0.21739130434782608,-0.115242196328146
00-0039144,Luke Musgrave,TE,GB,DAL,0.00014841793175634038,0.005936717270253614,0.32076664661101906,0.3058071100225494,2.037921048145791,13.028358192227556,0.6405880386301789,15.728740054243957,1.372268098845441,0.0041557020891775315,0.055718543032427445,0.0041557020891775315,0.11236403881140394,286.1780683327508,287.5668674185902,0.4287761720996243,14.06023533716177,4.058339509587674,2.070984460710486,0.5,27.25,-7.0,2025.0,4.0,3,0.10212884060607931,luke musgrave,900.0,0.1,0.0021288406060793047
00-0033217,Mo Alie-Cox,TE,IND,LA,0.004242471541066469,0.1680556468769182,0.22664111253735697,0.41240556401586836,2.355299115047361,8.972663643602997,0.22347286141548173,10.029992287676428,0.8324926313625041,0.009715099962126635,0.04898232517420495,0.009715490673365034,0.09509466210206259,217.30422375236017,238.56161255347456,0.5843214394395838,7.4971543839070796,3.243662175540963,1.1804125011756565,0.4285714285714285,23.0,3.5,2025.0,4.0,2,0.10129415384709681,mo aliecox,1200.0,0.07692307692307693,0.02437107692401988
00-0033246,Johnny Mundt,TE,JAX,SF,0.0022380815912808683,0.07111391440334898,0.0074175247164584065,0.3114905210283133,2.7979854678576177,0.8890063921495602,0.12276191754559991,5.39701236887224,0.6933685056672098,0.054028877970111196,0.03189352725415287,0.054028877970111196,0.049801002123283075,190.1111276664321,201.45642505734273,0.6995983201659794,3.577527612706744,2.1485913418991154,1.2423402590598835,0.6666666666666666,22.0,3.5,2025.0,4.0,2,0.1007979517076651,johnny mundt,1500.0,0.0625,0.038297951707665104
00-0040164,Jaylin Lane,WR,WAS,ATL,0.02174385736029571,0.4566210045662101,0.0,0.3429223744292237,0.102130898021309,16.438356164383563,-2.3759707335828044,2.1872146118721463,1.0,0.0,0.09812977833761961,0.0,0.20159826031261316,178.22542439963303,228.314239768903,0.2674356241384136,3.6248334101329776,2.2256537544183477,0.6659896258550828,0.3333333333333333,23.5,-1.5,2025.0,4.0,6,0.10069327148772114,jaylin lane,380.0,0.20833333333333334,-0.1076400618456122
00-0040739,Elijah Arroyo,TE,SEA,ARI,0.0,0.0,0.319634703196347,0.420958904109589,1.9646879756468796,7.602739726027397,0.1693693936986372,11.474885844748858,0.8630136986301371,0.0,0.06496471564964715,0.0,0.12609762537175853,266.8292278019342,276.4381437035202,0.019376504573782847,6.939515225496161,3.0584598014665407,0.7079521683734823,0.6666666666666666,22.5,-1.5,2025.0,4.0,2,0.10059582558549708,elijah arroyo,950.0,0.09523809523809523,0.005357730347401848
00-0036646,Simi Fehoko,WR,ARI,SEA,0.006447729881078478,0.18485330772223832,0.17738524005278902,0.33020387264077333,0.15060548762555723,23.05961690700185,0.08827404119998408,8.96269854257172,0.5442643517640321,0.025053056550985067,0.052292155681830134,0.025053056550985067,0.13665727140685965,234.59202174851598,256.73468515041117,0.7055833666604924,4.067953507892232,2.7893048905672666,0.6117392626031481,0.25,21.0,1.5,2025.0,4.0,6,0.09976995405238663,simi fehoko,1800.0,0.05263157894736842,0.04713837510501821
00-0038573,Derius Davis,WR,LAC,NYG,0.0034272468540194525,0.12245146386903408,0.0720302728641377,0.13044577040868852,0.3766065167377977,2.7302490798519115,0.3794986043216076,4.544520215349411,0.45715665888640283,0.12245146386903408,0.015770221903039342,0.12245146386903408,0.029954245641996325,266.8335187833287,299.370982477232,0.3185646031879392,11.500807435615581,2.603653118320644,1.1391214738305775,0.5,24.75,-6.0,2025.0,4.0,5,0.09944060506234648,derius davis,1100.0,0.08333333333333333,0.016107271729013148
00-0038720,Julian Hill,TE,MIA,NYJ,0.00010578880134581823,0.004109956317025064,0.0,0.5501935127400728,1.492225459652803,1.67922724620825,0.1528980059729849,2.978076175120134,0.4863124817658627,0.0,0.01978091439155519,0.0,0.03521839044278145,221.94266784720395,198.65994012040045,0.34453832343980006,9.352302345647217,3.8154722142689987,0.9355981054798019,1.0,24.0,-2.5,2025.0,4.0,2,0.09937710725359587,julian hill,900.0,0.1,-0.0006228927464041328
00-0038840,Brycen Tremayne,WR,CAR,NE,0.0,0.0,0.2524250838411886,0.22897731780318056,0.7964379757447024,18.722656954311063,1.0131110771019893,17.352349356316036,1.565071580541632,0.0,0.05707102584651923,0.0,0.1315096517735488,227.75354829419817,233.97746679311174,0.04060371560989919,8.859096541128268,3.0725428174391576,1.2707031555694577,0.6666666666666666,18.5,5.5,2025.0,4.0,5,0.09920214527927028,brycen tremayne,750.0,0.11764705882352941,-0.01844491354425913
00-0040582,Arian Smith,WR,NYJ,MIA,0.0,0.0,0.0,0.5265296803652968,1.0294728102947281,7.488584474885844,0.23436489718068884,3.470319634703196,1.2328767123287672,0.0,0.056534029136768825,0.0,0.11540480840451749,235.9795772197789,157.75564980311344,0.7788053390377815,11.261163342402728,2.5063946570399014,1.2649144653986988,0.5,21.5,2.5,2025.0,4.0,4,0.09761063299393712,arian smith,1500.0,0.0625,0.035110632993937116
00-0036876,Kylen Granson,TE,PHI,TB,1.3828915342211048e-07,5.869717546536073e-06,0.08198800882543743,0.31418424568259457,0.6767543036752285,13.689404822058307,-0.46326090513179274,7.272498260636912,0.8868778636582164,3.3132830276391034e-06,0.05100126840853943,3.3132830276391034e-06,0.1035958706306578,228.58361534779192,227.04592058201942,0.023104560073326372,4.351440955616023,2.7956899219975573,1.2319525841007237,0.75,23.5,-3.5,2025.0,4.0,3,0.09758766342460551,kylen granson,1400.0,0.06666666666666667,0.030920996757938843
00-0036590,Quintin Morris,TE,JAX,SF,0.006258905814360763,0.18377530177596535,0.000488715158254385,0.27298496986797893,0.5364221462324962,7.5020458174573195,0.07428666106301889,5.133105940808267,0.7200263197605543,0.03029478933378286,0.037678146977720296,0.03029478933378286,0.08124758798312803,190.1111276664321,201.45642505734273,0.6995983201659794,3.577527612706744,2.1485913418991154,1.2423402590598835,0.6666666666666666,22.0,3.5,0.0,0.0,4,0.09753023698016791,quintin morris,1400.0,0.06666666666666667,0.030863570313501246
00-0040727,Tre Harris,WR,LAC,NYG,0.0,0.0,0.319634703196347,0.24940639269406395,0.8318493150684931,26.87214611872146,0.3356054437246972,13.328767123287673,0.8630136986301371,0.0,0.052242814934192826,0.0,0.13532987100533658,266.8335187833287,299.370982477232,0.3185646031879392,11.500807435615581,2.603653118320644,1.1391214738305775,0.5,24.75,-6.0,2025.0,4.0,4,0.09678405023250601,tre harris,800.0,0.1111111111111111,-0.014327060878605094
00-0039912,Ben Sinnott,TE,WAS,ATL,0.0,0.0,0.0,0.28540509178528933,1.3016261577587371,3.5147376300441624,0.11058968114996304,5.494641126613422,0.8806390911319666,0.053505484718082884,0.028650574802697698,0.053505484718082884,0.053276620285757914,178.22542439963303,228.314239768903,0.2674356241384136,3.6248334101329776,2.2256537544183477,0.6659896258550828,0.3333333333333333,23.5,-1.5,2025.0,4.0,3,0.09670939707315407,ben sinnott,1400.0,0.06666666666666667,0.030042730406487403
00-0039737,Tip Reiman,TE,ARI,SEA,0.0,0.0,0.0,0.45539991129784363,1.0176356971956633,5.9931298918489375,0.17301650593248166,8.104994334271698,1.359328354542207,0.0,0.055451895512402476,0.0,0.10652475718462548,234.59202174851598,256.73468515041117,0.7055833666604924,4.067953507892232,2.7893048905672666,0.6117392626031481,0.25,21.0,1.5,2025.0,4.0,2,0.09664466059902045,tip reiman,1100.0,0.08333333333333333,0.013311327265687123
00-0038938,Jalin Hyatt,WR,NYG,LAC,4.092208335590178e-05,0.0011867404173211543,0.007418213604975929,0.3153105500049301,0.40821205772001085,32.90658378593074,-0.9374609118786954,6.270448166018874,0.7873239469545165,0.0,0.05406914474817516,0.0,0.2053139809226335,195.2173371655382,256.1146811063748,0.26216652691603776,-1.127752611246544,2.6809934898311463,0.7168373821221911,0.3333333333333333,18.75,6.0,2025.0,4.0,4,0.09518147325772058,jalin hyatt,1200.0,0.07692307692307693,0.018258396334643656
00-0039410,Ryan Flournoy,WR,DAL,GB,0.0,0.0,0.07348299899059955,0.22432958094355673,0.669403353981865,14.65037093160941,0.8881931879561109,12.871560435369979,1.335760408244627,0.0,0.0484717920303339,0.0,0.11189292904773558,195.5698074517025,223.10865049677298,0.22829996872062927,1.3947909643956107,1.2116413227740488,0.6882572454839503,0.25,20.25,7.0,2025.0,4.0,5,0.0948344250103919,ryan flournoy,1500.0,0.0625,0.032334425010391896
00-0039650,Bryce Oliver,WR,TEN,HOU,0.0,0.0,0.02542446830141343,0.13213459815760856,0.6310850045251747,8.860030500168262,-0.023289159344434224,7.279383402930938,0.6084112067110082,0.0,0.03656326194071368,0.0,0.07808283896843479,228.1792960150865,280.83206424062024,0.3579077905768634,4.12456020440072,2.944665327419502,0.6954456008193758,1.0,15.75,7.0,2025.0,4.0,6,0.09417924619101946,bryce oliver,1900.0,0.05,0.044179246191019456
00-0039379,Jamari Thrash,WR,CLE,DET,0.0,0.0,0.0,0.2732778696225454,0.7135614263700986,14.85685192274776,-0.15463428131309534,4.682982873463477,1.0667543695962187,0.0,0.04654696521174389,0.0,0.11001778233988167,257.45097167420505,301.05402311809496,0.8232112770395787,10.820458726705004,3.877722600236799,1.162400031145099,0.5,17.25,10.0,2025.0,4.0,4,0.09381972660527133,jamari thrash,950.0,0.09523809523809523,-0.0014183686328239076
00-0038547,Luke Schoonmaker,TE,DAL,GB,0.0006081618751810004,0.020630032626377807,0.046697956733054456,0.34896412883569505,0.920482112727674,11.704550697457613,-0.053064575877551465,6.748452698205884,0.9194056783200202,0.017665693151003876,0.039610679730520695,0.017665693151003876,0.0864684437739213,195.5698074517025,223.10865049677298,0.22829996872062927,1.3947909643956107,1.2116413227740488,0.6882572454839503,0.25,20.25,7.0,2025.0,4.0,2,0.09336034430513604,luke schoonmaker,1100.0,0.08333333333333333,0.01002701097180271
00-0039920,Malachi Corley,WR,CLE,DET,0.00924634006744279,0.3606072626302694,0.0,0.34052215931628865,0.28187467695599394,15.015650355198153,-0.831497294914968,3.2239731708196606,0.5157044462875483,0.0,0.041378165238775515,0.0,0.10670184084251312,257.45097167420505,301.05402311809496,0.8232112770395787,10.820458726705004,3.877722600236799,1.162400031145099,0.5,17.25,10.0,0.0,0.0,4,0.09314173834943307,malachi corley,1700.0,0.05555555555555555,0.037586182793877515
00-0039521,Xavier Weaver,WR,ARI,SEA,0.012867647058823529,0.4117647058823529,0.0,0.4394117647058823,0.0,19.23529411764706,-0.7772709798840065,0.0,0.0,0.0,0.03125,0.0,0.11163734832498012,234.59202174851598,256.73468515041117,0.7055833666604924,4.067953507892232,2.7893048905672666,0.6117392626031481,0.25,21.0,1.5,2025.0,4.0,5,0.09308627244386135,xavier weaver,2000.0,0.047619047619047616,0.04546722482481373
00-0034798,Durham Smythe,TE,CHI,LV,0.007506819944848137,0.3060807621111129,0.00252324593697007,0.2884685361984337,0.5817955335445111,5.9357513293089115,-0.21408101124508933,3.8235417091695227,0.5882220965122115,4.449809305548608e-06,0.03481503248319108,4.449809305548608e-06,0.07096013385847258,245.52583879284495,224.5241359653417,0.21483667681656474,10.648149482022042,2.7553854810459755,1.1696458519579582,0.4,23.0,1.5,2025.0,4.0,3,0.09223120068138117,durham smythe,1600.0,0.058823529411764705,0.03340767126961647
00-0040187,Mitchell Evans,TE,CAR,NE,0.0,0.0,0.0,0.22882352941176473,1.4974789915966387,6.176470588235294,0.8101261765011312,9.0,1.0,0.0,0.03227894931557521,0.0,0.07393338785365186,227.75354829419817,233.97746679311174,0.04060371560989919,8.859096541128268,3.0725428174391576,1.2707031555694577,0.6666666666666666,18.5,5.5,2025.0,4.0,3,0.09132303966188154,mitchell evans,900.0,0.1,-0.008676960338118461
00-0036429,Charlie Woerner,TE,ATL,WAS,0.0,0.0,0.0029082956725465002,0.4410666450086349,0.3807257433414973,0.9373422764566507,-0.9203178344998382,0.8646351499801358,0.6989845319207196,0.0,0.03691796175237334,0.0,0.06049537149815052,246.18541431705694,293.81655725456983,0.3584502896678204,9.674876922049465,3.039717166082489,1.2514299682806516,0.0,22.0,1.5,2025.0,4.0,2,0.09109771899509193,charlie woerner,1500.0,0.0625,0.028597718995091934
00-0038115,Daniel Bellinger,TE,NYG,LAC,4.2090992605813376e-08,1.1364568003569613e-06,0.0015312736032972792,0.3754066024504435,1.5864073938016525,5.583216094175426,0.47824714025316634,7.671155156350314,0.9600785639731914,2.204839838372542e-06,0.03250742847258994,2.204839838372542e-06,0.0649471124859629,195.2173371655382,256.1146811063748,0.26216652691603776,-1.127752611246544,2.6809934898311463,0.7168373821221911,0.3333333333333333,18.75,6.0,2025.0,4.0,2,0.09105576425792584,daniel bellinger,650.0,0.13333333333333333,-0.04227756907540749
00-0037654,Tucker Fisk,TE,LAC,NYG,0.0007062352305948159,0.02542446830141343,0.0,0.36181618788449027,0.9313637880951767,8.552940681159269,0.035892340814375645,4.553604433520624,0.673482279561626,0.0,0.028538009358272883,0.0,0.05849184199924433,266.8335187833287,299.370982477232,0.3185646031879392,11.500807435615581,2.603653118320644,1.1391214738305775,0.5,24.75,-6.0,2025.0,4.0,4,0.09099177528610895,tucker fisk,1700.0,0.05555555555555555,0.0354362197305534
00-0037304,Connor Heyward,TE,PIT,MIN,9.872393173957832e-07,3.5832610746491716e-05,1.4072462273545672e-05,0.1436329439607904,0.5709595208555184,3.0371389284102404,0.03438068488890092,3.1307660984558643,0.516351885223147,0.00847657861924334,0.017756890827053257,0.00847657861924334,0.036229164128808646,184.8525368663722,190.94997179736117,0.35216730370220917,-7.26818047801894,1.677272919562753,0.4248873546525681,1.0,19.0,2.5,0.0,0.0,4,0.09089879301900435,connor heyward,1900.0,0.05,0.04089879301900434
00-0036628,John Bates,TE,WAS,ATL,4.749640195012496e-05,0.0016989529577177056,0.02473871362338743,0.3853613313873651,1.3321741564367438,12.048122191109387,-0.001799843245166495,6.003620420279409,0.5340661424692901,1.4072459561935788e-05,0.032908656520746045,1.4072459561935788e-05,0.07774181731002405,178.22542439963303,228.314239768903,0.2674356241384136,3.6248334101329776,2.2256537544183477,0.6659896258550828,0.3333333333333333,23.5,-1.5,2025.0,4.0,2,0.0906674879810916,john bates,1300.0,0.07142857142857142,0.019238916552520177
00-0034365,Ian Thomas,TE,LV,CHI,0.00037833358090709663,0.012106744874228803,0.017394901648125547,0.2648286082144702,0.6706724277139076,6.336054088717538,-0.7832484474428839,2.7335327779427567,0.6819103610331153,7.707707393555745e-09,0.04877119583199218,7.707707393555745e-09,0.09813207964412539,258.85848927896586,217.12406394782903,0.2955174323930029,7.289545554292404,3.6184107412170703,1.5194850312260302,0.5,24.5,-1.5,2025.0,4.0,3,0.09065669243162011,ian thomas,1100.0,0.08333333333333333,0.007323359098286783
00-0040729,Jack Bech,WR,LV,CHI,0.0,0.0,0.4117647058823529,0.16588235294117645,1.3167420814479638,11.23529411764706,2.4264413649079337,15.352941176470587,1.0,0.0,0.03426421073479895,0.0,0.07560268061521669,258.85848927896586,217.12406394782903,0.2955174323930029,7.289545554292404,3.6184107412170703,1.5194850312260302,0.5,24.5,-1.5,2025.0,4.0,4,0.0903754466328572,jack bech,800.0,0.1111111111111111,-0.02073566447825391
00-0040138,Jaylin Noel,WR,HOU,TEN,0.0,0.0,0.0,0.2234246575342466,0.7831050228310502,-1.3789954337899544,-0.2813802631622389,3.3926940639269407,0.680365296803653,0.0,0.0292575680703534,0.0,0.04126815569950323,221.5226446881308,195.49700753024635,0.24573912331386139,7.730181933823634,2.91187989111779,1.0620731932480907,0.0,22.75,-7.0,2025.0,4.0,5,0.0895618057196588,jaylin noel,600.0,0.14285714285714285,-0.05329533713748405
00-0036841,Austin Trammell,WR,JAX,SF,0.0,0.0,0.30048932089617425,0.2227645912684802,0.3083556190712858,13.65437572987037,0.7762907915863486,12.501333174454425,0.6667699478087394,0.0,0.03419668978200417,0.0,0.08576099316562698,190.1111276664321,201.45642505734273,0.6995983201659794,3.577527612706744,2.1485913418991154,1.2423402590598835,0.6666666666666666,22.0,3.5,0.0,0.0,4,0.08947872091208024,austin trammell,1500.0,0.0625,0.026978720912080242
00-0036620,Dee Eskridge,WR,MIA,NYJ,0.0,0.0,0.0,0.0,0.0,0.0,0.0,0.0,0.0,0.0,0.0,0.0,0.0,221.94266784720395,198.65994012040045,0.34453832343980006,9.352302345647217,3.8154722142689987,0.9355981054798019,1.0,24.0,-2.5,2025.0,4.0,5,0.08910183753455476,dee eskridge,1500.0,0.0625,0.026601837534554765
00-0038576,Charlie Jones,WR,CIN,DEN,0.0,0.0,0.008478993376682132,0.03592146112301695,0.025513821650453537,0.46146705410263844,0.03296834875171689,0.5038959369595558,0.04800992111696797,0.0,0.0016693897999521556,0.0,0.005022411288833613,260.2278316781811,311.6096355604024,0.060232214177897564,7.3778953292555505,2.97462350785032,0.6156197035613635,1.0,18.5,7.5,2025.0,4.0,5,0.08848675358807681,charlie jones,1700.0,0.05555555555555555,0.03293119803252126
00-0040237,Tez Johnson,WR,TB,PHI,0.0,0.0,0.0,0.22823529411764706,0.0,26.176470588235293,-0.4722747560658985,0.0,0.0,0.0,0.03400946585530759,0.0,0.12809786107298582,184.55679873024846,236.22643510303513,0.10311033522107635,-1.9036438020538324,2.058660426518849,0.9695448207280812,0.1428571428571428,20.0,3.5,2025.0,4.0,5,0.08807713787396536,tez johnson,850.0,0.10526315789473684,-0.017186020020771478
00-0038519,Nikko Remigio,WR,KC,BAL,0.0,0.0,0.4412364004240072,0.13721291022052176,0.34188392810631196,10.999711477236866,0.44122512265981306,9.921133609533737,0.4412364004240072,0.0,0.04622373256639309,0.0,0.11918863390936231,233.055094399398,262.411744518763,0.33776148937950057,3.6423414975841664,2.972457691511078,0.7921279836831893,0.5,23.0,2.5,2025.0,4.0,7,0.08804381854171853,nikko remigio,1800.0,0.05263157894736842,0.03541223959435011
00-0039648,David Martin-Robinson,TE,TEN,HOU,0.0,0.0,0.0,0.1564307093144856,0.0,0.0,0.05367266626819589,0.7421297464930944,0.12368829108218239,0.0,0.006453811400216144,0.0,0.009680717100324211,228.1792960150865,280.83206424062024,0.3579077905768634,4.12456020440072,2.944665327419502,0.6954456008193758,1.0,15.75,7.0,2025.0,4.0,3,0.08785992398859879,david martinrobinson,2200.0,0.043478260869565216,0.044381663119033576
00-0037311,Ko Kieft,TE,TB,PHI,0.0,0.0,0.0,0.1566378479271024,0.0026863767930549176,0.3624983746327333,0.023598960447722847,0.08534160970752784,0.03676138578179525,0.035535711393773595,0.002423245854316943,0.035535711393773595,0.004559037987441621,184.55679873024846,236.22643510303513,0.10311033522107635,-1.9036438020538324,2.058660426518849,0.9695448207280812,0.1428571428571428,20.0,3.5,2025.0,4.0,3,0.08732911629943864,ko kieft,1600.0,0.058823529411764705,0.028505586887673934
00-0040184,KeAndre Lambert-Smith,WR,LAC,NYG,0.012110726643598593,0.4117647058823529,0.0,0.14941176470588236,0.0,12.352941176470589,-0.2667174402021748,0.0,0.0,0.0,0.012110726643598593,0.0,0.04344988769501606,266.8335187833287,299.370982477232,0.3185646031879392,11.500807435615581,2.603653118320644,1.1391214738305775,0.5,24.75,-6.0,2025.0,4.0,6,0.08626020108420386,keandre lambertsmith,1100.0,0.08333333333333333,0.002926867750870532
00-0038090,Skyy Moore,WR,SF,JAX,0.00022712792711567802,0.008843417303188819,0.01018045872047881,0.28990698128646186,0.34238114814282117,6.300512067275636,-0.20333595106120894,4.34503230056448,0.4377803522702688,0.0006978941857152476,0.022947052779201272,0.0006978941857152476,0.05090607993179945,235.56450483526405,299.4682841681782,0.11198903421417832,-0.12391193200659034,2.5631025791482687,1.1942897130310721,0.25,25.5,-3.5,2025.0,4.0,6,0.08623709860636444,skyy moore,800.0,0.1111111111111111,-0.024874012504746662
00-0040131,Kyle Williams,WR,NE,CAR,0.0,0.0,0.0,0.11176470588235295,1.084033613445378,9.058823529411764,0.8403792905515087,9.647058823529411,1.0,0.0,0.025490196078431317,0.0,0.061958071400338245,224.96814434244754,256.55860699074987,0.2887671459068964,0.18556312285056417,2.825242883882747,0.8733033595020957,0.5,24.0,-5.5,2025.0,4.0,5,0.08603012630896688,kyle williams,950.0,0.09523809523809523,-0.009207968929128355
00-0038710,Blake Whiteheart,TE,CLE,DET,0.000819302734745644,0.02621768751186061,0.037453839302658026,0.23698443444683556,0.4913042772195274,5.342207543913606,-0.6132920022613912,2.8977792788446277,0.4949462355356197,0.02621768751186061,0.020642634306460614,0.02621768751186061,0.04471027966624429,257.45097167420505,301.05402311809496,0.8232112770395787,10.820458726705004,3.877722600236799,1.162400031145099,0.5,17.25,10.0,2025.0,4.0,3,0.08552587079626987,blake whiteheart,2200.0,0.043478260869565216,0.04204760992670466
00-0034487,Trent Sherfield,WR,DEN,CIN,8.51013144435818e-05,0.0033541895950574283,4.410853910278119e-05,0.2503656175008442,0.5545071696782526,1.3273954529331453,0.043963916695548305,2.857116321574864,0.6596149315703524,0.009908602860439951,0.02046670486132536,0.009908602860439951,0.035554033000300904,231.8892817981643,231.806285290214,0.7892864205454694,5.6237584839764905,2.751971930946851,0.7043681432797678,0.3333333333333333,26.0,-7.5,2025.0,4.0,4,0.08485032233903725,trent sherfield,1400.0,0.06666666666666667,0.018183655672370583
00-0034419,Braxton Berrios,WR,HOU,TEN,0.0018649455014285935,0.0727058451321697,0.0004522884035485229,0.22953797077020419,0.3303912548710799,2.3766907289840953,-0.5603761138821319,0.9250761302705093,0.16276807642589836,0.0004928851129095499,0.013694968642068314,0.0004931579760135916,0.02796413991956996,221.5226446881308,195.49700753024635,0.24573912331386139,7.730181933823634,2.91187989111779,1.0620731932480907,0.0,22.75,-7.0,2025.0,4.0,6,0.08443149306406875,braxton berrios,1100.0,0.08333333333333333,0.001098159730735418
00-0036825,Feleipe Franks,TE,ATL,WAS,0.0,0.0,0.0,0.06578598679131539,0.21023964997338562,6.000788642314966,0.008519817845447033,2.5228757996806275,0.21023964997338562,0.0,0.010384415958778308,0.0,0.027240593442918477,246.18541431705694,293.81655725456983,0.3584502896678204,9.674876922049465,3.039717166082489,1.2514299682806516,0.0,22.0,1.5,2025.0,4.0,4,0.0838445789315555,feleipe franks,2800.0,0.034482758620689655,0.04936182031086585
00-0040154,Tai Felton,WR,MIN,PIT,0.0,0.0,0.0,0.11764705882352942,0.7563025210084034,4.11764705882353,-0.28636419447138906,5.294117647058823,0.5882352941176471,0.0,0.02450980392156859,0.0,0.05209637046307882,266.3661859782383,211.9983189690337,1.0123321386502886,10.89174980416961,2.6811056858469136,0.8155974940757033,0.6666666666666666,21.5,-2.5,2025.0,4.0,5,0.08310860838198637,tai felton,2200.0,0.043478260869565216,0.03963034751242116
00-0039530,Brevyn Spann-Ford,TE,DAL,GB,0.00032075655284379836,0.012188749008064338,0.0,0.20643348141104323,0.8528645126755613,5.319285813954282,-0.08840432807327263,2.278313080382893,0.4204200930137122,0.0,0.01566255562902303,0.0,0.035554069755542296,195.5698074517025,223.10865049677298,0.22829996872062927,1.3947909643956107,1.2116413227740488,0.6882572454839503,0.25,20.25,7.0,2025.0,4.0,3,0.08253234017025725,brevyn spannford,1500.0,0.0625,0.02003234017025725
00-0040241,Dominic Lovett,WR,DET,CLE,0.0,0.0,0.0,0.0,0.0,0.0,0.0,0.0,0.0,0.0,0.0,0.0,0.0,195.73163004994095,180.64196753396845,0.6949048616306461,8.810631227672513,2.270306919065801,1.2303873418859184,0.6666666666666666,27.25,-10.0,2025.0,4.0,5,0.08214905114810865,dominic lovett,2500.0,0.038461538461538464,0.04368751268657019
00-0040629,Dalevon Campbell,WR,CAR,NE,0.0,0.0,0.0,0.0,0.0,0.0,0.0,0.0,0.0,0.0,0.0,0.0,0.0,227.75354829419817,233.97746679311174,0.04060371560989919,8.859096541128268,3.0725428174391576,1.2707031555694577,0.6666666666666666,18.5,5.5,2025.0,4.0,7,0.08198184054552217,dalevon campbell,2000.0,0.047619047619047616,0.03436279292647455
00-0040737,Terrance Ferguson,TE,LA,IND,0.0,0.0,0.0,0.0,0.0,0.0,0.0,0.0,0.0,0.0,0.0,0.0,0.0,213.38610731983098,199.04426368592024,0.32977962314678677,3.375509124878027,2.214355419700491,1.2692923254424253,0.2,26.5,-3.5,2025.0,4.0,4,0.08159958933263674,terrance ferguson,1600.0,0.058823529411764705,0.022776059920872033
00-0040590,Konata Mumpfield,WR,LA,IND,0.0,0.0,0.0,0.0,0.0,0.0,0.0,0.0,0.0,0.0,0.0,0.0,0.0,213.38610731983098,199.04426368592024,0.32977962314678677,3.375509124878027,2.214355419700491,1.2692923254424253,0.2,26.5,-3.5,2025.0,4.0,5,0.08159958933263674,konata mumpfield,1000.0,0.09090909090909091,-0.009309501576454174
00-0037093,Dareke Young,WR,SEA,ARI,0.0,0.0,0.0,0.12405954671974737,0.5050606438109206,3.7766748818833586,0.22136665479298226,3.816064078537117,0.3180053398780931,0.0,0.016351420788176783,0.0,0.04071520404333165,266.8292278019342,276.4381437035202,0.019376504573782847,6.939515225496161,3.0584598014665407,0.7079521683734823,0.6666666666666666,22.5,-1.5,2025.0,4.0,5,0.08150984611082167,dareke young,3500.0,0.027777777777777776,0.05373206833304389
00-0040506,Myles Price,WR,MIN,PIT,0.0,0.0,0.0,0.07762557077625572,0.0,0.0,0.0,0.0,0.0,0.0,0.0,0.0,0.0,266.3661859782383,211.9983189690337,1.0123321386502886,10.89174980416961,2.6811056858469136,0.8155974940757033,0.6666666666666666,21.5,-2.5,2025.0,4.0,6,0.0814000535512882,myles price,1800.0,0.05263157894736842,0.028768474603919778
00-0038488,Brady Russell,TE,SEA,ARI,0.0,0.0,0.0,0.0,0.0,0.0,0.0,0.0,0.0,0.0,0.0,0.0,0.0,266.8292278019342,276.4381437035202,0.019376504573782847,6.939515225496161,3.0584598014665407,0.7079521683734823,0.6666666666666666,22.5,-1.5,0.0,0.0,4,0.08135216730905062,brady russell,2800.0,0.034482758620689655,0.04686940868836097
00-0039589,Kameron Johnson,WR,TB,PHI,0.0011690647425717255,0.054946042900871225,0.0,0.06756226177488764,0.0,0.16483812870261366,-0.0905425358571752,0.0,0.0,0.0,0.0011690647425717255,0.0,0.002135672246611992,184.55679873024846,236.22643510303513,0.10311033522107635,-1.9036438020538324,2.058660426518849,0.9695448207280812,0.1428571428571428,20.0,3.5,2025.0,4.0,7,0.08112699931061329,kameron johnson,1600.0,0.058823529411764705,0.022303469898848585
00-0040563,Efton Chism III,WR,NE,CAR,0.0,0.0,0.0,0.0,0.0,0.0,0.0,0.0,0.0,0.0,0.0,0.0,0.0,224.96814434244754,256.55860699074987,0.2887671459068964,0.18556312285056417,2.825242883882747,0.8733033595020957,0.5,24.0,-5.5,2025.0,4.0,6,0.08104530050885653,efton chism,1300.0,0.07142857142857142,0.009616729080285102
00-0040646,Jalen Royals,WR,KC,BAL,0.0,0.0,0.0,0.0,0.0,0.0,0.0,0.0,0.0,0.0,0.0,0.0,0.0,233.055094399398,262.411744518763,0.33776148937950057,3.6423414975841664,2.972457691511078,0.7921279836831893,0.5,23.0,2.5,2025.0,4.0,5,0.08100133055606916,jalen royals,500.0,0.16666666666666666,-0.0856653361105975
00-0040218,Jimmy Horn Jr.,WR,CAR,NE,0.0,0.0,0.0,0.0,0.0,0.0,0.0,0.0,0.0,0.0,0.0,0.0,0.0,227.75354829419817,233.97746679311174,0.04060371560989919,8.859096541128268,3.0725428174391576,1.2707031555694577,0.6666666666666666,18.5,5.5,2025.0,4.0,6,0.08095288016404696,jimmy horn,800.0,0.1111111111111111,-0.030158230947064144
00-0038456,Travis Vokolek,TE,ARI,SEA,0.0,0.0,0.0,0.0,0.0,0.0,0.0,0.0,0.0,0.0,0.0,0.0,0.0,234.59202174851598,256.73468515041117,0.7055833666604924,4.067953507892232,2.7893048905672666,0.6117392626031481,0.25,21.0,1.5,2025.0,4.0,4,0.08080181252038927,travis vokolek,1900.0,0.05,0.03080181252038927
00-0035602,Alex Bachman,WR,LV,CHI,0.0,0.0,0.0,0.16811074384211783,0.1611924223771205,3.566501727236762,-0.2587321445196022,3.38504086991953,0.32758460031479314,0.0,0.01850067970265795,0.0,0.03704222743406378,258.85848927896586,217.12406394782903,0.2955174323930029,7.289545554292404,3.6184107412170703,1.5194850312260302,0.5,24.5,-1.5,0.0,0.0,4,0.08076248448534905,alex bachman,1600.0,0.058823529411764705,0.021938955073584343
00-0040432,Beaux Collins,WR,NYG,LAC,0.0,0.0,0.0,0.0,0.0,0.0,0.0,0.0,0.0,0.0,0.0,0.0,0.0,195.2173371655382,256.1146811063748,0.26216652691603776,-1.127752611246544,2.6809934898311463,0.7168373821221911,0.3333333333333333,18.75,6.0,2025.0,4.0,5,0.08060603043762392,beaux collins,1300.0,0.07142857142857142,0.009177459009052494
00-0038590,Justin Shorter,TE,LV,CHI,0.0,0.0,0.0,0.004117647058823529,0.0,0.0,0.0,0.0,0.0,0.0,0.0,0.0,0.0,258.85848927896586,217.12406394782903,0.2955174323930029,7.289545554292404,3.6184107412170703,1.5194850312260302,0.5,24.5,-1.5,2025.0,4.0,5,0.0805564471957009,justin shorter,1300.0,0.07142857142857142,0.009127875767129479
00-0039686,Colson Yankoff,TE,WAS,ATL,0.0,0.0,0.0,0.14270851395873074,0.0,0.0,0.0,0.0,0.0,0.0,0.0,0.0,0.0,178.22542439963303,228.314239768903,0.2674356241384136,3.6248334101329776,2.2256537544183477,0.6659896258550828,0.3333333333333333,23.5,-1.5,2025.0,4.0,4,0.080526484189638,colson yankoff,2000.0,0.047619047619047616,0.03290743657059038
00-0040075,LaJohntay Wester,WR,BAL,KC,0.0,0.0,0.0,0.015981735159817354,0.0,0.0,0.0,0.0,0.0,0.0,0.0,0.0,0.0,202.51245923579845,247.98951586960504,0.07376652489602777,2.9773785739370506,2.7014999059920397,0.9916837963195584,0.3333333333333333,25.5,-2.5,2025.0,4.0,6,0.0804478390058349,lajohntay wester,2200.0,0.043478260869565216,0.03696957813626968
00-0038359,Xavier Smith,WR,LA,IND,0.0,0.0,0.14734276422975062,0.021522943736089532,0.1595792453299099,5.306378925787715,0.39666331811413136,5.316575993371182,0.15142159126313706,0.0,0.005352882180375868,0.0,0.024462583330856137,213.38610731983098,199.04426368592024,0.32977962314678677,3.375509124878027,2.214355419700491,1.2692923254424253,0.2,26.5,-3.5,2025.0,4.0,6,0.08043404682573123,xavier smith,2200.0,0.043478260869565216,0.03695578595616601
00-0038643,Brayden Willis,TE,SF,JAX,0.0,0.0,0.0,0.05495051355491912,0.0,2.1616126687438735,-0.3881424301231761,0.0,0.0,0.0,0.013292608199908063,0.0,0.024752704102975774,235.56450483526405,299.4682841681782,0.11198903421417832,-0.12391193200659034,2.5631025791482687,1.1942897130310721,0.25,25.5,-3.5,2025.0,4.0,3,0.080389593063149,brayden willis,1500.0,0.0625,0.017889593063148995
00-0040009,Savion Williams,WR,GB,DAL,0.0,0.0,0.0,0.105662100456621,0.0,-0.6712328767123287,-0.08842506825490153,0.2237442922374429,0.2237442922374429,0.0,0.010170195101701938,0.0,0.013398126590502985,286.1780683327508,287.5668674185902,0.4287761720996243,14.06023533716177,4.058339509587674,2.070984460710486,0.5,27.25,-7.0,2025.0,4.0,4,0.08006124861689018,savion williams,600.0,0.14285714285714285,-0.06279589424025267
00-0040244,Moliki Matavao,TE,NO,BUF,0.0,0.0,0.0,0.0,0.0,0.0,0.0,0.0,0.0,0.0,0.0,0.0,0.0,180.1656505446017,196.4149838143091,0.35739541699579386,6.076421525961082,1.7663538449760061,1.3103762737373588,0.3333333333333333,16.0,15.5,0.0,0.0,4,0.07979979633221544,moliki matavao,1700.0,0.05555555555555555,0.02424424077665989
00-0035021,Ashton Dulin,WR,IND,LA,0.0001608726586455919,0.0034745760993226864,0.001548461416439504,0.15278147490088279,0.007016818635828337,2.860540732173604,-0.10894790348096771,0.1407615341101449,0.006284461129352331,0.0019292140687118384,0.003942701446167136,0.0019292140687118384,0.012088115107771654,217.30422375236017,238.56161255347456,0.5843214394395838,7.4971543839070796,3.243662175540963,1.1804125011756565,0.4285714285714285,23.0,3.5,2025.0,4.0,5,0.07971581487903782,ashton dulin,1600.0,0.058823529411764705,0.02089228546727312
00-0039451,Isaiah Williams,WR,NYJ,MIA,0.0,0.0,0.0,0.024117072464969323,0.004983195787077033,0.18686984201538873,-0.029240041908323678,0.07474793680615548,0.024915978935385157,0.0,0.0020763315779487625,0.0,0.005038157505316852,235.9795772197789,157.75564980311344,0.7788053390377815,11.261163342402728,2.5063946570399014,1.2649144653986988,0.5,21.5,2.5,2025.0,4.0,6,0.07966467917312042,isaiah williams,1100.0,0.08333333333333333,-0.003668654160212906
00-0036331,Devin Duvernay,WR,CHI,LV,7.08373905182767e-08,2.2057612012329195e-06,0.03529658420631089,0.08012144127479646,0.21477782684657123,4.127915187555608,0.13149202100525717,2.5176527195446496,0.34058137546725425,1.4254638337455033e-06,0.013229489092970089,1.519055878431188e-06,0.02961235022705252,245.52583879284495,224.5241359653417,0.21483667681656474,10.648149482022042,2.7553854810459755,1.1696458519579582,0.4,23.0,1.5,2025.0,4.0,5,0.07965071312249519,devin duvernay,1400.0,0.06666666666666667,0.012984046455828527
00-0035645,Gunner Olszewski,WR,NYG,LAC,0.0,0.0,0.00016784201784596255,0.014257039265433055,0.0010534329400501599,0.01604896004705617,-0.012675511449590166,0.012566632418910826,0.003678565061787147,5.395395131857904e-09,0.00015285643764136048,5.395395131857904e-09,0.0002611451545026729,195.2173371655382,256.1146811063748,0.26216652691603776,-1.127752611246544,2.6809934898311463,0.7168373821221911,0.3333333333333333,18.75,6.0,2025.0,4.0,6,0.07920276078882374,gunner olszewski,2200.0,0.043478260869565216,0.03572449991925852
00-0039816,Anthony Gould,WR,IND,LA,0.0,0.0,0.03600666950539376,0.019615316893866624,0.046008522145780925,0.6481200510970879,0.0680026751614665,0.8281533986240567,0.03600666950539376,0.0,0.0010001852640387128,0.0,0.0028077246850147335,217.30422375236017,238.56161255347456,0.5843214394395838,7.4971543839070796,3.243662175540963,1.1804125011756565,0.4285714285714285,23.0,3.5,2025.0,4.0,6,0.07915037890586261,anthony gould,3500.0,0.027777777777777776,0.05137260112808484
00-0031763,DeAndre Carter,WR,CLE,DET,5.59554073906152e-05,0.0029085178933922744,3.237070881721696e-06,0.011480803559954667,0.04157926964862854,0.5119050584877997,-0.00594298716228545,0.3500387868341284,0.05414119141897982,4.1524682377972404e-07,0.0022692035265828624,4.1524682377972404e-07,0.004658318528924065,257.45097167420505,301.05402311809496,0.8232112770395787,10.820458726705004,3.877722600236799,1.162400031145099,0.5,17.25,10.0,2025.0,4.0,5,0.07874256472948758,deandre carter,2200.0,0.043478260869565216,0.035264303859922366
