player_id,player_display_name,position,team,opponent_team,avg_endzone_target_share,avg_endzone_targets,avg_explosive_receiving_plays,avg_offense_snap_share,avg_racr,avg_receiving_air_yards,avg_receiving_epa,avg_receiving_yards,avg_receptions,avg_scored_touchdown,avg_target_share,avg_wopr,avg_receiving_epa_allowed,avg_receiving_yards_allowed,passing_tds_allowed_to_WR,avg_receiving_air_yards_allowed,passing_tds_allowed_to_TE,avg_explosive_receiving_plays_allowed,redzone_td_rate,implied_total,spread_line,season,week,depth_chart_rank,predicted_touchdown_probability,merge_name,price,market_implied_prob,model_edge
00-0036358,CeeDee Lamb,WR,DAL,CHI,0.015405589363744173,0.49243668537325086,1.7126723284987555,0.8266695331415704,1.0256222784423987,111.01659332931322,4.233535671451181,101.24664133258176,7.644445499755165,0.1899969803428495,0.2912678041061482,0.7037798817944242,9.658071814998499,244.65498468423627,1.7421214731800538,200.89151992546925,0.4221677605614388,3.45487248745295,0.75,26.0,-1.5,2025.0,3.0,1,0.48638560679803966,ceedee lamb,-115.0,0.5348837209302325,-0.04849811413219285
00-0036963,Amon-Ra St. Brown,WR,DET,BAL,0.03771444748716044,1.1889784723838492,1.2102688038189116,0.8648998698990549,1.1751239426045919,70.03340046578107,7.401899937018913,84.17754348638066,7.085103923900962,0.5643633210317759,0.2760892535511008,0.6456324009578506,-1.1224292398194406,246.3644205705692,0.7030399766902661,287.87392074109124,0.48251641339929346,3.3892252735872743,0.75,24.0,4.5,2025.0,3.0,1,0.44007700459996746,amonra st brown,135.0,0.425531914893617,0.014545089706350434
00-0031408,Mike Evans,WR,TB,NYJ,0.029560225450908726,1.0170423184563495,0.8658862083699288,0.779989353786284,0.5947802173274743,128.5535147213804,2.4577997628249015,71.849425616725,6.059730934052825,0.20296201462411623,0.30336657503081427,0.7643800459759049,9.150112936299884,217.20381121029115,0.9079972935425729,184.37134302914276,0.4921976049140071,2.8792460203842394,0.75,25.25,-7.0,2025.0,3.0,1,0.43518678789967924,mike evans,115.0,0.46511627906976744,-0.029929491170088196
00-0038543,Jaxon Smith-Njigba,WR,SEA,NO,0.0029632364296033387,0.09780488059873091,1.3817314259689826,0.805399305982238,0.8555030313513435,94.41528521837608,3.070587377042836,82.39613717215394,6.924967924085787,0.1355014819517113,0.3450607680406886,0.8377927342558668,9.783358481835723,231.9923422062492,1.1474359596436583,248.91679247395217,0.4503978134916653,2.407534651129448,0.4,24.5,-7.5,2025.0,3.0,1,0.4211506295732098,jaxon smithnjigba,125.0,0.4444444444444444,-0.023293814871234608
00-0039064,Zay Flowers,WR,BAL,DET,0.014788011050399393,0.3047830855628538,1.212872366602014,0.7224963377581266,1.3312626623579713,89.93473686551533,3.876645460994403,75.19110920721322,5.043779690525627,0.23725785503426455,0.32872133614724336,0.7635559650480215,6.179361023510649,244.35853096314946,1.2320000444930022,308.3628901687074,0.3188732529136597,3.825318000338281,0.3333333333333333,28.5,-4.5,2025.0,3.0,1,0.42089295158510914,zay flowers,115.0,0.46511627906976744,-0.04422332748465829
00-0036912,DeVonta Smith,WR,PHI,LA,0.015390494096656044,0.3474533772601435,1.1048667768941471,0.8285417273237496,1.5607959709397627,61.94822248113647,4.382751133771898,57.14099352101515,4.7674706668100075,0.3094889464362309,0.2782129111198874,0.6584605530751323,5.747307381363946,213.5774625033715,0.8291607159652068,230.65944650496326,0.4061734849136826,2.9195173936299317,1.0,24.0,-3.5,2025.0,3.0,2,0.4115244237032503,devonta smith,215.0,0.31746031746031744,0.09406410624293288
00-0039919,Rome Odunze,WR,CHI,DAL,0.035309121211606134,1.1681440146554154,1.0472813850911724,0.9214611299635406,0.689602221318859,102.99271566426994,3.7647203581664663,62.83931537688027,4.593615123202996,0.5469151107193266,0.23355127070968665,0.5979304323965952,12.380518455106754,281.1115261896437,1.6728349438721037,303.66695345512966,0.18396596014230868,3.654770727982373,0.6666666666666666,24.5,1.5,2025.0,3.0,2,0.40980944703971384,rome odunze,160.0,0.38461538461538464,0.0251940624243292
00-0037238,Drake London,WR,ATL,CAR,0.03365345011767498,1.2627501984731913,1.2592515437508798,0.8923367285458432,0.9685563373442698,105.29600591776008,0.5836656194344766,79.8768764317387,5.96100491883758,0.21669115748733792,0.3075981164476436,0.7176884416018718,9.029731868012524,235.240206203497,1.2475762278601545,229.7980099867842,0.412524494152715,3.178918405546798,0.2,24.5,-5.5,2025.0,3.0,1,0.3906790090332492,drake london,130.0,0.43478260869565216,-0.04410359966240296
00-0038544,Quentin Johnston,WR,LAC,DEN,0.02223135719997547,0.7618981863561023,1.277871546611926,0.7495000867568814,0.7899509585903091,94.81002392700015,4.335512195089764,77.59755534867328,5.169707193691128,0.6259699538868603,0.2528519262942801,0.6186396844460723,6.826193173818093,243.182616683115,0.45088529080194006,279.2994793720019,0.08604602025414061,2.5351764397861496,0.2,24.0,-2.5,2025.0,3.0,2,0.3842990463734629,quentin johnston,205.0,0.32786885245901637,0.056430193914446536
00-0030279,Keenan Allen,WR,LAC,DEN,0.030108531161154257,0.9247225710311742,0.6826693453827993,0.7352917396271461,0.9400192995965345,66.62955156239448,4.388102122502675,59.15470353109679,5.431627707171642,0.6778564474752241,0.26481280334715673,0.5725527547854505,6.826193173818093,243.182616683115,0.45088529080194006,279.2994793720019,0.08604602025414061,2.5351764397861496,0.2,24.0,-2.5,2025.0,3.0,3,0.37557233320680994,keenan allen,200.0,0.3333333333333333,0.042238999873476624
00-0031381,Davante Adams,WR,LA,PHI,0.07101396211171239,2.4607685892613094,1.5213446062405995,0.866500699395133,1.118345207436772,98.73186697721691,2.003516208089872,84.12233198355284,5.766574532658139,0.6421290614894779,0.33749064842859827,0.7827731563366704,-2.4692825243399605,179.6525696146404,0.9564926010401154,265.46633586148016,0.14730047888725403,2.0838006093126427,0.4285714285714285,20.5,3.5,2025.0,3.0,2,0.3733123782213441,davante adams,165.0,0.37735849056603776,-0.004046112344693653
00-0036900,Ja'Marr Chase,WR,CIN,MIN,0.028157786017865522,1.2035723393602689,1.209140095453455,0.9405144987927345,1.0541367597324969,99.536898867884,5.005571313589467,106.0246066940735,8.987948101352242,0.6231453230700489,0.307092147291632,0.7299550119770777,0.5994744373114015,204.07505266624693,0.6069819352179632,219.64281685337448,0.07452471957457124,1.9675327422325182,0.6,19.25,3.0,2025.0,3.0,1,0.3705876933338832,jamarr chase,130.0,0.43478260869565216,-0.06419491536176897
00-0036252,Michael Pittman,WR,IND,TEN,0.006698789442713017,0.2612929817862398,0.5733106945601025,0.8710268716089954,1.0462425036515646,64.00999174308656,3.281766996432717,60.9044289585771,5.224825794047729,0.3201295932402195,0.2312146448172404,0.5019097177139256,6.406556985218197,218.74663526875815,1.0886759903544163,204.28143932892377,0.3510558904483784,3.302685558739719,0.3333333333333333,24.0,-4.5,2025.0,3.0,1,0.3639555740989328,michael pittman,230.0,0.30303030303030304,0.06092527106862977
00-0036322,Justin Jefferson,WR,MIN,CIN,0.0476358187686845,1.409718502585343,1.2917631221218506,0.973931165576697,0.8989591674212194,88.64681834737263,-0.5503632616355983,76.12571539540045,4.782070807278551,0.37484988890453036,0.2982564495442544,0.7246507090942583,3.6119887771090062,244.69897399737843,1.0062402046854033,250.58040755744986,0.27040917220777794,2.6456741870669225,0.0,22.25,-3.0,2025.0,3.0,1,0.35696921608162696,justin jefferson,135.0,0.425531914893617,-0.06856269881199006
00-0038996,Tucker Kraft,TE,GB,CLE,0.023095640989271055,0.5932206298152636,0.7911209368809262,0.8877634056598993,2.1369958751720763,40.93045083016589,4.354248395162243,62.66340895970237,3.7147515013348325,0.5762943890791801,0.2040882012366616,0.4071926209875001,9.10118571228429,201.18804292848736,1.7576962026941942,237.4885250485291,0.5641498023294882,2.386152741522578,0.75,25.0,-8.5,2025.0,3.0,1,0.3556584701295995,tucker kraft,185.0,0.3508771929824561,0.004781277147143381
00-0034827,DJ Moore,WR,CHI,DAL,0.010064293110440109,0.3655941085897265,0.736346015485386,0.9057650972322698,2.313456898838597,54.665298601466375,1.727228827097434,61.24359374847456,5.697693441962877,0.192833123443414,0.24557335643190648,0.509890220830083,12.380518455106754,281.1115261896437,1.6728349438721037,303.66695345512966,0.18396596014230868,3.654770727982373,0.6666666666666666,24.5,1.5,2025.0,3.0,1,0.35546765804417435,dj moore,195.0,0.3389830508474576,0.01648460719671674
00-0039075,Puka Nacua,WR,LA,PHI,0.007834438286313455,0.2499070674664706,1.8537017280066566,0.7420442060972986,3.1581495447714625,72.43860481316563,6.250989052296691,104.34614095402465,8.648400519927137,0.4081465364967363,0.37142339558348647,0.7791200429145515,-2.4692825243399605,179.6525696146404,0.9564926010401154,265.46633586148016,0.14730047888725403,2.0838006093126427,0.4285714285714285,20.5,3.5,2025.0,3.0,1,0.3550543186510253,puka nacua,145.0,0.40816326530612246,-0.05310894665509713
00-0040128,Tyler Warren,TE,IND,TEN,0.014198782961460422,0.4117647058823529,1.0,0.8476470588235294,1.5107520764592106,51.70588235294118,1.443547963897997,77.76470588235294,5.235294117647058,0.0,0.252566230253857,0.5168030374959295,6.406556985218197,218.74663526875815,1.0886759903544163,204.28143932892377,0.3510558904483784,3.302685558739719,0.3333333333333333,24.0,-4.5,2025.0,3.0,1,0.35386150248009646,tyler warren,225.0,0.3076923076923077,0.04616919478778875
00-0035676,A.J. Brown,WR,PHI,LA,0.03155103284357594,0.741161092827547,0.5210744950819093,0.9254639430272185,0.7641348225236597,62.876007002070054,1.1826666593722324,44.608432751475846,4.338890391557681,0.3560955817860305,0.30252509688142526,0.6920499204598894,5.747307381363946,213.5774625033715,0.8291607159652068,230.65944650496326,0.4061734849136826,2.9195173936299317,1.0,24.0,-3.5,2025.0,3.0,1,0.3520748983493561,aj brown,185.0,0.3508771929824561,0.0011977053669000037
00-0039893,Brian Thomas Jr.,WR,JAX,HOU,0.02329566976403865,0.8818688385148067,0.7543588719160658,0.8877153656640595,0.5468846235971806,128.82638201582893,-0.9319726964269691,64.36439910820118,4.900513155944533,0.47463014406660653,0.31398394477051744,0.8300998887713624,8.372756031823586,230.827565735838,0.9934937154562653,264.47437748659956,0.5112968436812407,3.349521896313593,0.5,23.0,-1.5,2025.0,3.0,1,0.34902080834228477,brian thomas,155.0,0.39215686274509803,-0.04313605440281326
00-0037744,Trey McBride,TE,ARI,SF,0.010638670998836733,0.3970069899773571,0.903145087155703,0.9227493900108702,1.368410073438604,57.07449570270231,3.5592232021128423,74.08974939686453,6.951109634394108,0.2590005989890711,0.29992746502152895,0.6559790440931007,4.252473002895718,203.44446809490367,1.7747717986570017,211.08060722477575,0.5708547430942501,2.640844774141617,0.4,21.5,2.5,2025.0,3.0,1,0.34747611980584037,trey mcbride,170.0,0.37037037037037035,-0.022894250564529983
00-0039915,Ladd McConkey,WR,LAC,DEN,0.0110922993756543,0.41459534290206757,0.810873421483575,0.7667930031894228,1.2557033207899142,67.65199931225234,4.478232623428949,73.59422862667591,5.735975528517927,0.16224975068978945,0.2304927623310961,0.5104954718804148,6.826193173818093,243.182616683115,0.45088529080194006,279.2994793720019,0.08604602025414061,2.5351764397861496,0.2,24.0,-2.5,2025.0,3.0,1,0.3416875325175507,ladd mcconkey,150.0,0.4,-0.05831246748244934
00-0037247,George Pickens,WR,DAL,CHI,0.03636572636670076,1.6290990328850694,0.7563024069069499,0.8946396340365874,0.5587204709834342,89.66816426656307,1.2017557343238994,49.267415936566195,3.649493928606425,0.40938144481624344,0.1898114241796858,0.5064407703709203,9.658071814998499,244.65498468423627,1.7421214731800538,200.89151992546925,0.4221677605614388,3.45487248745295,0.75,26.0,-1.5,2025.0,3.0,2,0.3390455267207451,george pickens,140.0,0.4166666666666667,-0.07762113994592157
00-0039337,Malik Nabers,WR,NYG,KC,0.04035081690342902,1.5246195859512077,2.0018999538760935,0.9058461381744543,0.9022554197071109,144.79946368764578,4.3703973030720125,109.33702869941054,6.98528337630613,0.6051877891359848,0.34107920793325514,0.8535227848270528,8.191704374595512,220.7320846225701,1.4166911375993896,238.5564512422925,0.10538074985146975,3.002142722845786,0.125,19.75,6.0,2025.0,3.0,1,0.3364712610046927,malik nabers,145.0,0.40816326530612246,-0.07169200430142975
00-0036554,Nico Collins,WR,HOU,JAX,0.048688585726853834,1.2263319755619793,0.6522654218784358,0.7245709093649793,0.837904843690731,69.58804480994851,0.29423875031661084,49.44433499971383,3.9985498808060282,0.550962783429348,0.26562778033079826,0.6125696227886451,1.5674617646081483,249.09214976466356,1.2775567329015354,309.526120240255,0.1599843345916856,3.2330036844975587,0.0,21.5,1.5,2025.0,3.0,1,0.33177755172327655,nico collins,130.0,0.43478260869565216,-0.10300505697237561
00-0030506,Travis Kelce,TE,KC,NYG,0.015726378687660126,0.512944349343638,0.7533157055924936,0.8354565215746683,1.4127003242836715,43.48977989753652,1.375045750624919,54.64400155939051,4.628847580732113,0.37513364563780155,0.1977461154274181,0.4087883222005764,11.790662879587133,285.1907411190419,1.1987449626151134,293.1014035389026,0.4550922902684911,2.433790169029483,0.3333333333333333,25.75,-6.0,2025.0,3.0,1,0.32723617808319005,travis kelce,140.0,0.4166666666666667,-0.08943048858347663
00-0040129,Emeka Egbuka,WR,TB,NYJ,0.028347523219814236,1.0,0.8235294117647058,0.9241176470588237,0.5991694539057146,76.88235294117646,3.573886453081607,44.64705882352941,4.0,1.0,0.19673202614379082,0.46608323600477064,9.150112936299884,217.20381121029115,0.9079972935425729,184.37134302914276,0.4921976049140071,2.8792460203842394,0.75,25.25,-7.0,2025.0,3.0,3,0.32574378116990066,emeka egbuka,155.0,0.39215686274509803,-0.06641308157519737
00-0036259,Jauan Jennings,WR,SF,ARI,0.012326481795503002,0.4242036059276048,0.712964494228918,0.7559184826692728,0.7404836094213261,75.42933061344728,-0.3706371218828376,57.96065504330721,4.71046287202736,0.34977824708114663,0.23363450862754429,0.5523175656093605,7.998468280474132,259.47032543133423,1.0113602405335607,273.1973481478859,0.027680720819690183,3.0835140020950593,0.6666666666666666,24.0,-2.5,2025.0,3.0,1,0.31871664749938866,jauan jennings,190.0,0.3448275862068966,-0.026110938707507914
00-0034960,Jakobi Meyers,WR,LV,WAS,0.03247723021541431,1.271544111323889,1.9674611242138773,0.9205338712554928,0.8307933198085676,98.5146522153925,1.279055122313984,80.2332638514708,6.505105108732178,0.25901329606374157,0.2736295448239816,0.6359321176768706,5.205153438202956,227.83630616722328,0.5020428118294664,295.4522246493855,0.512071842382608,3.056738808689271,0.0,20.5,3.5,2025.0,3.0,1,0.31549240990791927,jakobi meyers,185.0,0.3508771929824561,-0.03538478307453685
00-0037740,Garrett Wilson,WR,NYJ,TB,0.008811074974874307,0.29198881126902954,0.8444563650537749,0.9582462442047536,1.2646327036824705,66.99325262051342,1.8302667209418217,64.21791687087588,5.2617340733785,0.3777766766404185,0.3055873927153675,0.7097296233231531,6.394502719666518,242.1194504968462,0.902789405858161,255.35131511717196,0.03300651439046672,3.5652713171394046,1.0,18.25,7.0,2025.0,3.0,1,0.3140217840667822,garrett wilson,190.0,0.3448275862068966,-0.030805802140114358
00-0038117,Wan'Dale Robinson,WR,NYG,KC,0.02140893963595275,0.7711544287671283,1.2775622981861012,0.7473364696751701,1.6803465023610356,72.83898603998735,3.3156069516603703,77.91050889294527,6.826936204161388,0.40589229949628797,0.27214381147578187,0.5576437483449301,8.191704374595512,220.7320846225701,1.4166911375993896,238.5564512422925,0.10538074985146975,3.002142722845786,0.125,19.75,6.0,2025.0,3.0,2,0.31034270835719224,wandale robinson,235.0,0.29850746268656714,0.011835245670625105
00-0039901,Keon Coleman,WR,BUF,MIA,0.021414216317933242,0.7787430401722046,0.7668831843957065,0.7399276137752165,0.7182344679062516,84.95574448011764,2.199442632054466,49.20875812131092,3.6252453447543442,0.3519036177009065,0.18714177966973763,0.5131051031010323,10.757370924887677,245.82796745682745,1.3784492362838612,185.9366425758777,0.2554361986253772,2.723420938628441,0.4,31.0,-12.5,2025.0,3.0,1,0.3095324063191292,keon coleman,180.0,0.35714285714285715,-0.047610450823727946
00-0035659,Terry McLaurin,WR,WAS,LV,0.014566082963621104,0.45699366754585774,0.19435698868341977,0.860348399934074,0.5117002398312354,96.39319568873215,0.9646092018222999,46.29615204858669,4.51704022724075,0.3436276703668345,0.22747968107222838,0.5867572801469646,8.547879610507932,262.0369125612079,1.2423512170828008,262.4630513790614,0.3069095383093826,3.0791221157799806,1.0,24.0,-3.5,2025.0,3.0,1,0.30610599575221364,terry mclaurin,205.0,0.32786885245901637,-0.021762856706802725
00-0037240,Jameson Williams,WR,DET,BAL,0.004059512325532052,0.15934354207179194,0.8933259231734911,0.8594224133163034,1.1419447965936838,75.37888069404808,3.7959928600768347,69.76528400799823,3.852632485878171,0.5457868970404542,0.17534400332608377,0.4977449225987117,-1.1224292398194406,246.3644205705692,0.7030399766902661,287.87392074109124,0.48251641339929346,3.3892252735872743,0.75,24.0,4.5,2025.0,3.0,2,0.30196352705324364,jameson williams,220.0,0.3125,-0.010536472946756359
00-0034348,Courtland Sutton,WR,DEN,LAC,0.03778388414575333,1.2090328634579566,0.6709339616077806,0.8388348243368924,0.5132980477285695,89.73859934917155,0.6024874415135004,50.34749271268796,4.076653594884601,0.5537801382980286,0.21387289178576246,0.6525525260256363,-2.249064787097675,213.31048166505545,0.5954819744602671,263.8781158662501,0.3745236098800593,2.9728478426159377,0.75,21.5,2.5,2025.0,3.0,1,0.2996701879295303,courtland sutton,180.0,0.35714285714285715,-0.05747266921332683
00-0036410,Tee Higgins,WR,CIN,MIN,0.024053941838061088,1.022658605529686,0.7083020391660342,0.7916054804070329,0.7786815671846471,80.9535297584634,4.079264041215694,61.63085525110962,4.644347132969294,0.5879221429819993,0.2005748311306603,0.508945932872944,0.5994744373114015,204.07505266624693,0.6069819352179632,219.64281685337448,0.07452471957457124,1.9675327422325182,0.6,19.25,3.0,2025.0,3.0,2,0.2950463716294004,tee higgins,215.0,0.31746031746031744,-0.022413945830917048
00-0030061,Zach Ertz,TE,WAS,LV,0.011339174406727976,0.3981877328454602,0.4513464041019868,0.751614601738334,1.1618561941235384,39.38507397639862,2.879467165952279,45.06062685563198,4.461040014469299,0.8415534433072595,0.17317399565451025,0.36230722570380075,8.547879610507932,262.0369125612079,1.2423512170828008,262.4630513790614,0.3069095383093826,3.0791221157799806,1.0,24.0,-3.5,2025.0,3.0,1,0.2863968192239087,zach ertz,320.0,0.23809523809523808,0.04830158112867061
00-0035719,Deebo Samuel Sr.,WR,WAS,LV,0.00023996554413463207,0.006780141404259454,0.4200039276042129,0.813117243197953,3.680642116862846,27.58495936149994,1.8204531133162574,46.10027053019339,5.130506513830686,0.7662044658453829,0.20921129825164747,0.3869141442903781,8.547879610507932,262.0369125612079,1.2423512170828008,262.4630513790614,0.3069095383093826,3.0791221157799806,1.0,24.0,-3.5,2025.0,3.0,2,0.2861594053377255,deebo samuel,195.0,0.3389830508474576,-0.05282364550973212
00-0039849,Marvin Harrison Jr.,WR,ARI,SF,0.03907988111100767,1.2247200067408706,0.764685602104247,0.8564961454170663,0.815806965811262,72.48780564812733,2.645768938706145,52.638028676047654,3.857336071787274,0.40332324417965537,0.20981064125283388,0.5611458182221112,4.252473002895718,203.44446809490367,1.7747717986570017,211.08060722477575,0.5708547430942501,2.640844774141617,0.4,21.5,2.5,2025.0,3.0,1,0.28337975329352705,marvin harrison,170.0,0.37037037037037035,-0.0869906170768433
00-0040124,Tetairoa McMillan,WR,CAR,ATL,0.0,0.0,2.1764705882352944,0.841764705882353,0.9865908840083876,91.05882352941177,2.341947544123019,86.82352941176471,5.588235294117648,0.0,0.21998433113533977,0.5314524060258466,5.310292797663825,202.7506062851912,0.9514137512215605,269.1631996698634,0.3820508916263106,2.32236250631193,0.75,19.0,5.5,2025.0,3.0,1,0.2828285466986972,tetairoa mcmillan,170.0,0.37037037037037035,-0.08754182367167312
00-0039338,Brock Bowers,TE,LV,WAS,0.015893996897354053,0.6266700504709601,1.0396984013393582,0.7896720801723119,1.0820492167876503,65.24648261289838,1.445476192679315,66.32545347946251,5.558777176807117,0.1945430563794181,0.23154467062520895,0.4955457730201837,5.205153438202956,227.83630616722328,0.5020428118294664,295.4522246493855,0.512071842382608,3.056738808689271,0.0,20.5,3.5,2025.0,3.0,1,0.279519027658269,brock bowers,155.0,0.39215686274509803,-0.11263783508682901
00-0036407,Jerry Jeudy,WR,CLE,GB,0.01151873543718919,0.42444899484458,0.8697081235705014,0.9074443023138874,0.6738544433546643,99.60492831272641,-1.0406119839529413,67.7878956658028,5.759674424977295,0.07295175942876175,0.25204171224832395,0.6214815003315727,3.474574074470003,218.5282963595761,0.9832246364056573,215.01235785253246,0.3261428124580465,1.7309161753915232,0.6666666666666666,16.5,8.5,2025.0,3.0,1,0.2753362001179756,jerry jeudy,250.0,0.2857142857142857,-0.010378085596310094
00-0035640,DK Metcalf,WR,PIT,NE,0.01821263506539076,0.6023704884793929,1.092356107410355,0.8973797583643871,1.1384535501826127,58.21087906018063,2.74790765294361,48.505406287156504,3.37288209148223,0.5316616965321704,0.19484747759214913,0.5102164235618734,12.348639732784902,265.7907832774278,0.9581473650992105,286.25352399016214,0.05800530801414254,3.9607754534845534,0.5,23.0,-1.5,2025.0,3.0,1,0.2749414107840131,dk metcalf,155.0,0.39215686274509803,-0.11721545196108496
00-0038608,Kayshon Boutte,WR,NE,PIT,0.019013378784138314,0.554553415063271,0.9933090718398175,0.7849294874938791,0.8435215098058507,73.09769073853873,4.448998948698721,57.92401607902071,3.768084833837365,0.5223534679823973,0.15592947064503415,0.4366173138925477,10.240063821118685,265.6659799689118,1.1651392772510214,214.99759852719114,0.589045912357535,2.9730081226384617,0.6,21.5,1.5,2025.0,3.0,2,0.26983832795311335,kayshon boutte,300.0,0.25,0.019838327953113355
00-0035662,Marquise Brown,WR,KC,NYG,0.0029479705328332583,0.11377922209940902,0.41366231811597404,0.6999313130122652,0.8802252772065557,62.62837205112225,0.6515529979829721,49.22993401637479,5.358769935505296,0.019829818466874823,0.23707353808745057,0.5239900046444207,11.790662879587133,285.1907411190419,1.1987449626151134,293.1014035389026,0.4550922902684911,2.433790169029483,0.3333333333333333,25.75,-6.0,2025.0,3.0,2,0.2691379271658229,marquise brown,190.0,0.3448275862068966,-0.07568965904107366
00-0033040,Tyreek Hill,WR,MIA,BUF,0.012968736678964853,0.48357486331406785,1.157952713053083,0.7378918245804176,0.7133551788915984,92.46617853092208,3.1696780770619424,67.75635640700872,4.9606872790125465,0.15368063911157348,0.20874388302132119,0.5993315001893649,8.376622928485652,194.80807220657482,1.0148232481962065,197.87854830615598,0.5105648814225732,2.5233626356800607,0.25,18.5,12.5,2025.0,3.0,1,0.2668925462452736,tyreek hill,175.0,0.36363636363636365,-0.09674381739109006
00-0036040,Juwan Johnson,TE,NO,SEA,0.014037541902684754,0.5287072064252145,0.5567255794338251,0.857901942845236,0.9669533494137444,60.554987659748875,2.2938580011469707,56.260257337872126,5.3449951050994775,0.3547012954420861,0.22018922541400898,0.473531247251257,5.634363980187244,241.70288821216602,0.8739132322902243,218.04955021487123,0.5794048095149831,3.5561498436675603,1.0,17.0,7.5,2025.0,3.0,1,0.2668448563798115,juwan johnson,340.0,0.22727272727272727,0.039572129107084214
00-0039065,Sam LaPorta,TE,DET,BAL,0.011406245699799695,0.3829068781588313,0.5270169163653331,0.9052512914921468,1.4904199852866138,39.23193673261269,1.8151230059459937,53.17160591865576,4.8699026676424655,0.22140731861737048,0.19672116058259204,0.4362791742609532,-1.1224292398194406,246.3644205705692,0.7030399766902661,287.87392074109124,0.48251641339929346,3.3892252735872743,0.75,24.0,4.5,2025.0,3.0,1,0.26534841081378163,sam laporta,210.0,0.3225806451612903,-0.05723223434750868
00-0037664,Alec Pierce,WR,IND,TEN,0.029215902044792724,0.9772112066928015,0.9695009160566049,0.8173474985236131,0.6874566772063788,86.43483926761533,2.7266756219906503,55.64196582449076,2.6788926762933714,0.32264132526520906,0.13829446953773672,0.3988394196154338,6.406556985218197,218.74663526875815,1.0886759903544163,204.28143932892377,0.3510558904483784,3.302685558739719,0.3333333333333333,24.0,-4.5,2025.0,3.0,2,0.2649999592101388,alec pierce,350.0,0.2222222222222222,0.04277773698791659
00-0034837,Calvin Ridley,WR,TEN,IND,0.010735292346708655,0.3502562019079582,1.4118829128780679,0.8345541610439664,0.6891853967042839,83.9903108231451,1.9821005170587749,57.81138551293331,3.6289702164904885,0.08178574157218046,0.2254422805913579,0.5721640122821009,5.758191881437528,210.98015331404417,1.3847033220606133,200.34894812274328,0.47111374735255923,2.306222028143563,0.3333333333333333,19.5,4.5,2025.0,3.0,1,0.26395991129921,calvin ridley,215.0,0.31746031746031744,-0.05350040616110746
00-0034351,Dallas Goedert,TE,PHI,LA,0.01766339440659356,0.37036812983688133,0.1590368693371819,0.6313896697250856,1.2174860332975317,34.23954091607915,2.3056633619243776,43.40086946391283,4.7444491741400325,0.20232657684160252,0.23986791300935162,0.5036329739778875,5.747307381363946,213.5774625033715,0.8291607159652068,230.65944650496326,0.4061734849136826,2.9195173936299317,1.0,24.0,-3.5,2025.0,3.0,1,0.2639495522982422,dallas goedert,300.0,0.25,0.013949552298242185
00-0040170,Elic Ayomanor,WR,TEN,IND,0.017825311942959,0.5882352941176471,0.5882352941176471,0.7547058823529411,0.5176560326647822,95.3529411764706,3.0563452352516305,38.29411764705882,3.1764705882352944,0.5882352941176471,0.229146110056926,0.6062590647661915,5.758191881437528,210.98015331404417,1.3847033220606133,200.34894812274328,0.47111374735255923,2.306222028143563,0.3333333333333333,19.5,4.5,2025.0,3.0,2,0.25999411707347164,elic ayomanor,320.0,0.23809523809523808,0.02189887897823356
00-0037816,Romeo Doubs,WR,GB,CLE,0.025564243598811702,0.6804006978594407,0.6085461713012924,0.740270540274429,0.5548087178114292,78.54399589633451,2.444736801199118,43.69331695357787,3.286714076127952,0.3814851623437604,0.20763904952926251,0.5042953126581391,9.10118571228429,201.18804292848736,1.7576962026941942,237.4885250485291,0.5641498023294882,2.386152741522578,0.75,25.0,-8.5,2025.0,3.0,2,0.255493264573654,romeo doubs,180.0,0.35714285714285715,-0.10164959256920314
00-0034753,Mark Andrews,TE,BAL,DET,0.04220005253739197,1.1179670877737293,0.2948808358961339,0.7326096229129585,1.0293156862523658,34.7632635097995,0.6338676088912351,26.119930256822357,2.2235222376066335,0.4576914205551287,0.13925094437347432,0.3014190317698455,6.179361023510649,244.35853096314946,1.2320000444930022,308.3628901687074,0.3188732529136597,3.825318000338281,0.3333333333333333,28.5,-4.5,2025.0,3.0,1,0.25229876395484074,mark andrews,140.0,0.4166666666666667,-0.16436790271182594
00-0033908,Cooper Kupp,WR,SEA,NO,0.004952782204132622,0.13923810510909546,0.317875590017298,0.7991100129050819,1.0405140633879344,42.985532198198214,0.1077331550936091,48.44333664174088,3.93678497394626,0.1055863262135704,0.20600236401228156,0.45016996658441366,9.783358481835723,231.9923422062492,1.1474359596436583,248.91679247395217,0.4503978134916653,2.407534651129448,0.4,24.5,-7.5,2025.0,3.0,2,0.24772988288622616,cooper kupp,210.0,0.3225806451612903,-0.07485076227506415
00-0038933,Dalton Kincaid,TE,BUF,MIA,0.017614155523652815,0.5794388467049535,0.32190839960529827,0.47849363825247176,0.8801625596046957,36.54027534999363,0.6276764732999853,35.80361366009819,3.592691982274125,0.2390372165799883,0.17906578742994306,0.37602392220577047,10.757370924887677,245.82796745682745,1.3784492362838612,185.9366425758777,0.2554361986253772,2.723420938628441,0.4,31.0,-12.5,2025.0,3.0,1,0.2448605330197805,dalton kincaid,255.0,0.28169014084507044,-0.036829607825289934
00-0039894,Xavier Worthy,WR,KC,NYG,0.010473847740852747,0.42527443471147053,0.2391663220736222,0.5589722765548772,3.1915014893629765,34.75545081760285,1.7280323899629597,40.818109811713825,4.287709875683849,0.5023051068113573,0.16483018240177527,0.3381380163116588,11.790662879587133,285.1907411190419,1.1987449626151134,293.1014035389026,0.4550922902684911,2.433790169029483,0.3333333333333333,25.75,-6.0,2025.0,3.0,1,0.2437317077873139,xavier worthy,125.0,0.4444444444444444,-0.20071273665713052
00-0038997,Josh Downs,WR,IND,TEN,0.014186729791163479,0.49455788065490575,0.2644280231390347,0.6041867257725146,0.8794584476358577,43.45508642200998,1.6727034235688398,46.662054509113005,4.915888636497158,0.11144634058952814,0.22185879013278081,0.4244613177616786,6.406556985218197,218.74663526875815,1.0886759903544163,204.28143932892377,0.3510558904483784,3.302685558739719,0.3333333333333333,24.0,-4.5,2025.0,3.0,3,0.23929287619677644,josh downs,285.0,0.2597402597402597,-0.020447383543483272
00-0036613,Jaylen Waddle,WR,MIA,BUF,0.02365402574986163,0.7945226786149904,0.6851512027645302,0.7537405031013743,0.8063769948880989,71.7185090212087,1.6321681318414178,51.05485241399954,4.283738989031365,0.34799912288057466,0.17435023914834152,0.46222251353069777,8.376622928485652,194.80807220657482,1.0148232481962065,197.87854830615598,0.5105648814225732,2.5233626356800607,0.25,18.5,12.5,2025.0,3.0,2,0.23299503033168367,jaylen waddle,185.0,0.3508771929824561,-0.11788216265077245
00-0037545,Rashid Shaheed,WR,NO,SEA,0.009639905271325846,0.3876915780691306,0.6875807063949966,0.765685094168352,0.6039517715938962,97.61754297452637,-1.0919692800010568,46.784565562880964,3.989245447006078,0.4909430701283301,0.20236023842003567,0.546601495586826,5.634363980187244,241.70288821216602,0.8739132322902243,218.04955021487123,0.5794048095149831,3.5561498436675603,1.0,17.0,7.5,2025.0,3.0,2,0.23066441448457847,rashid shaheed,340.0,0.22727272727272727,0.0033916872118512076
00-0036309,Darnell Mooney,WR,ATL,CAR,0.02879279154642214,0.6067911749786087,0.7230090240180241,0.9032307511712288,0.6374860588157996,58.82565810350962,1.2235960957274086,44.48307182677844,2.80004252797767,0.03499103473857749,0.17517306389890805,0.4594491906384374,9.029731868012524,235.240206203497,1.2475762278601545,229.7980099867842,0.412524494152715,3.178918405546798,0.2,24.5,-5.5,2025.0,3.0,2,0.23037840544814978,darnell mooney,260.0,0.2777777777777778,-0.047399372329628014
00-0037239,Chris Olave,WR,NO,SEA,0.02063243212841788,0.7872219010728061,0.27404368865415696,0.7128407310843553,1.002420922640402,84.67457962406525,-1.5141131945251451,49.8971684053443,5.0682847110582525,0.03798392601422952,0.23617393984263932,0.5750115187272741,5.634363980187244,241.70288821216602,0.8739132322902243,218.04955021487123,0.5794048095149831,3.5561498436675603,1.0,17.0,7.5,2025.0,3.0,1,0.22819719706396113,chris olave,260.0,0.2777777777777778,-0.04958058071381666
00-0038979,Cedric Tillman,WR,CLE,GB,0.019082696386166123,0.8828727541423477,0.6999082431400723,0.8270510495017299,0.5932195532749518,73.46780864604875,-0.8985214008883528,40.38520085691854,3.403820063194254,0.6326983737419061,0.1733423310420666,0.41296576011375,3.474574074470003,218.5282963595761,0.9832246364056573,215.01235785253246,0.3261428124580465,1.7309161753915232,0.6666666666666666,16.5,8.5,2025.0,3.0,2,0.22809297193617548,cedric tillman,340.0,0.22727272727272727,0.0008202446634482108
00-0037261,Khalil Shakir,WR,BUF,MIA,0.006284554304509295,0.19963904270001137,0.37548906656125747,0.6153713998571528,0.9578417199159412,48.652190403088845,0.5610432821908894,37.47806856240065,3.5747990239287826,0.1255682950866356,0.18259415445926497,0.39336046724107476,10.757370924887677,245.82796745682745,1.3784492362838612,185.9366425758777,0.2554361986253772,2.723420938628441,0.4,31.0,-12.5,2025.0,3.0,2,0.2242070580334941,khalil shakir,240.0,0.29411764705882354,-0.06991058902532943
00-0031588,Stefon Diggs,WR,NE,PIT,0.0051852633462664425,0.16666889973155177,0.31812810814735676,0.6002425784085823,0.8946687927880161,63.25884661876712,2.0033690956882637,52.81514071986448,5.159681484971209,0.12184270438801159,0.2286317297550824,0.5375929733799822,10.240063821118685,265.6659799689118,1.1651392772510214,214.99759852719114,0.589045912357535,2.9730081226384617,0.6,21.5,1.5,2025.0,3.0,1,0.22175631637753473,stefon diggs,240.0,0.29411764705882354,-0.0723613306812888
00-0038041,Jake Ferguson,TE,DAL,CHI,0.00438697252036297,0.14919045822264346,0.12888472334468146,0.6826600628310814,1.1507156746717553,39.25678309343779,-0.8291804347563189,39.64493152912369,5.316779857144412,0.0002985725013699645,0.18776830173511694,0.36922721270454223,9.658071814998499,244.65498468423627,1.7421214731800538,200.89151992546925,0.4221677605614388,3.45487248745295,0.75,26.0,-1.5,2025.0,3.0,1,0.2181316428825545,jake ferguson,220.0,0.3125,-0.09436835711744551
00-0037837,Calvin Austin III,WR,PIT,NE,0.008781785601485672,0.2674049315959529,0.9167378945932126,0.7627634386525569,0.5339626820045579,64.15194475689974,0.8220154419371037,35.528438245355446,2.2941019779053202,0.25910151971332435,0.14245986465462934,0.4627356146134327,12.348639732784902,265.7907832774278,0.9581473650992105,286.25352399016214,0.05800530801414254,3.9607754534845534,0.5,23.0,-1.5,2025.0,3.0,2,0.21631608560957083,calvin austin,340.0,0.22727272727272727,-0.010956641663156436
00-0038563,Tre Tucker,WR,LV,WAS,0.019066636235900478,0.7170994427920002,0.5539171672039206,0.8932474847922557,0.46622816304019105,68.20831370878224,-1.2468776447100167,28.83763218195598,2.529091596221205,0.34014859769677497,0.14241064032900166,0.36922956921781075,5.205153438202956,227.83630616722328,0.5020428118294664,295.4522246493855,0.512071842382608,3.056738808689271,0.0,20.5,3.5,2025.0,3.0,2,0.2147891663649533,tre tucker,350.0,0.2222222222222222,-0.0074330558572689165
00-0033885,David Njoku,TE,CLE,GB,0.01705141322897967,0.7351716949158111,0.5018076550514374,0.8139238730674175,0.9513347169620703,54.79040934254805,-2.625561239984803,44.887539636831285,5.198937974937204,0.20908513092717132,0.20436881596527587,0.43632539994609715,3.474574074470003,218.5282963595761,0.9832246364056573,215.01235785253246,0.3261428124580465,1.7309161753915232,0.6666666666666666,16.5,8.5,2025.0,3.0,1,0.2121336931043594,david njoku,390.0,0.20408163265306123,0.008052060451298165
00-0033858,Jonnu Smith,TE,PIT,NE,0.006714017346440608,0.274623889184046,0.12805047569256114,0.5940442936296484,5.740228320327685,16.20280489740625,1.5686400960536349,37.34512754198352,5.46042712151323,0.5782912979782032,0.1968109812890758,0.3408983676949645,12.348639732784902,265.7907832774278,0.9581473650992105,286.25352399016214,0.05800530801414254,3.9607754534845534,0.5,23.0,-1.5,2025.0,3.0,1,0.2119748451635512,jonnu smith,310.0,0.24390243902439024,-0.03192759386083904
00-0033090,Hunter Henry,TE,NE,PIT,0.024776360842673224,0.7058637232671413,0.22435934262281648,0.8175872780471153,0.7716923951313486,47.38216172232802,0.5628260380837856,31.598249017095164,2.7503613490694985,0.10801753269337538,0.16813903902011468,0.3800602819899635,10.240063821118685,265.6659799689118,1.1651392772510214,214.99759852719114,0.589045912357535,2.9730081226384617,0.6,21.5,1.5,2025.0,3.0,1,0.20941955497313508,hunter henry,310.0,0.24390243902439024,-0.03448288405125516
00-0036550,Rashod Bateman,WR,BAL,DET,0.014124468429784707,0.3770833133887813,0.4574121590985554,0.658292662266175,0.6064574577975209,47.56333421336938,0.5508509013142685,29.179126268947655,2.41649573578965,0.3323862127915409,0.1730834950017496,0.39891101065159607,6.179361023510649,244.35853096314946,1.2320000444930022,308.3628901687074,0.3188732529136597,3.825318000338281,0.3333333333333333,28.5,-4.5,2025.0,3.0,2,0.2090613736984006,rashod bateman,220.0,0.3125,-0.10343862630159939
00-0036970,Kyle Pitts,TE,ATL,CAR,0.007381883705544293,0.24043753662220613,0.13321139588961148,0.6437749258578953,1.7509897709402116,30.058781325026064,1.0743396538404992,34.86054374531544,3.8427718795993435,0.1095773430078584,0.17086013665723646,0.3555595834512243,9.029731868012524,235.240206203497,1.2475762278601545,229.7980099867842,0.412524494152715,3.178918405546798,0.2,24.5,-5.5,2025.0,3.0,1,0.20736586026929,kyle pitts,245.0,0.2898550724637681,-0.08248921219447813
00-0036894,Pat Freiermuth,TE,PIT,NE,0.01593946009681214,0.503852702919856,0.42268159488156076,0.594387382914872,1.1954739498042708,36.08430281745311,0.16966491099722564,41.42298619935948,4.217823422889753,0.2693869671161226,0.17855576704650167,0.3946190051251719,12.348639732784902,265.7907832774278,0.9581473650992105,286.25352399016214,0.05800530801414254,3.9607754534845534,0.5,23.0,-1.5,2025.0,3.0,2,0.2049954126737339,pat freiermuth,350.0,0.2222222222222222,-0.01722680954848832
00-0034775,Christian Kirk,WR,HOU,JAX,0.01740317478793442,0.4602847719352012,1.124802271493492,0.6513127573393265,0.7169195858447253,78.03954827989699,0.5519456118703175,50.05388752074562,2.8257729690342264,0.07794983425999169,0.1757261042662742,0.46733060524801984,1.5674617646081483,249.09214976466356,1.2775567329015354,309.526120240255,0.1599843345916856,3.2330036844975587,0.0,21.5,1.5,2025.0,3.0,2,0.20364862197670275,christian kirk,340.0,0.22727272727272727,-0.023624105296024517
00-0030035,Adam Thielen,WR,MIN,CIN,0.01202866011777431,0.35712041643421094,0.5235853988887952,0.730706091457205,0.5661500479843755,55.52607184430993,2.9451125513268424,39.810265980006044,3.159541772824189,0.21194654291226855,0.16402002230808033,0.3908168947428158,3.6119887771090062,244.69897399737843,1.0062402046854033,250.58040755744986,0.27040917220777794,2.6456741870669225,0.0,22.25,-3.0,2025.0,3.0,3,0.20361595867178842,adam thielen,450.0,0.18181818181818182,0.021797776853606593
00-0040663,Harold Fannin Jr.,TE,CLE,GB,0.0,0.0,1.0,0.6670588235294117,1.4448466566113625,42.64705882352941,1.1279901207102847,54.17647058823529,5.823529411764706,0.0,0.15997130559540884,0.34421789353640136,3.474574074470003,218.5282963595761,0.9832246364056573,215.01235785253246,0.3261428124580465,1.7309161753915232,0.6666666666666666,16.5,8.5,2025.0,3.0,2,0.20117115175796083,harold fannin,425.0,0.19047619047619047,0.01069496128177036
00-0036626,Dyami Brown,WR,JAX,HOU,0.014978315173670596,0.6226237560909095,0.3692319120824252,0.6412128101671469,1.3458703078762022,43.187000939419406,2.2674085874318557,41.4544906673707,3.57429990147117,0.3029890520874189,0.13933037237913198,0.32421300761486127,8.372756031823586,230.827565735838,0.9934937154562653,264.47437748659956,0.5112968436812407,3.349521896313593,0.5,23.0,-1.5,2025.0,3.0,3,0.1967254032894664,dyami brown,370.0,0.2127659574468085,-0.016040554157342124
00-0030564,DeAndre Hopkins,WR,BAL,DET,0.018423299938429456,0.613278966708431,0.9061446412135937,0.3698289672819063,0.8242282393130582,54.776958671925605,2.967916375242383,42.13165059692759,2.7707422279045035,0.5957684618227954,0.11236677902282076,0.32117759140747976,6.179361023510649,244.35853096314946,1.2320000444930022,308.3628901687074,0.3188732529136597,3.825318000338281,0.3333333333333333,28.5,-4.5,2025.0,3.0,3,0.19657035740244455,deandre hopkins,350.0,0.2222222222222222,-0.02565186481977766
00-0038104,Tyquan Thornton,WR,KC,NYG,0.01856656426602177,0.5842198929935319,0.5125564132648994,0.5316068038570263,0.35800810934647576,88.20296242641427,0.10029404520062926,32.30084471393274,1.6281996792604956,0.30105700314256056,0.11229817920987867,0.39099918562512037,11.790662879587133,285.1907411190419,1.1987449626151134,293.1014035389026,0.4550922902684911,2.433790169029483,0.3333333333333333,25.75,-6.0,2025.0,3.0,3,0.19486196175300094,tyquan thornton,310.0,0.24390243902439024,-0.0490404772713893
00-0038393,Dontayvion Wicks,WR,GB,CLE,0.002951288317897771,0.0936061744611483,0.059246453064085575,0.5834137699846054,0.8730682778068418,66.04828850230776,1.7999447310391328,36.19364951432106,3.385871891553248,0.07888963001938522,0.1809324395375243,0.41943998572099817,9.10118571228429,201.18804292848736,1.7576962026941942,237.4885250485291,0.5641498023294882,2.386152741522578,0.75,25.0,-8.5,2025.0,3.0,3,0.19322897730594094,dontayvion wicks,255.0,0.28169014084507044,-0.0884611635391295
00-0039868,Troy Franklin,WR,DEN,LAC,0.0021934056337555054,0.07242879851113283,0.3696967348812407,0.5587896795391951,0.7715218101497336,40.25445610763566,0.9884209362046427,42.59065214654977,4.103039003689974,0.3207233435660403,0.16828906717212144,0.40737604601694266,-2.249064787097675,213.31048166505545,0.5954819744602671,263.8781158662501,0.3745236098800593,2.9728478426159377,0.75,21.5,2.5,2025.0,3.0,2,0.19179959525462867,troy franklin,270.0,0.2702702702702703,-0.07847067501564162
00-0038976,Marvin Mims Jr.,WR,DEN,LAC,0.01844017976372541,0.577852615175862,0.802383807802479,0.39247151753502685,0.9505694767305422,22.846139337572463,3.8729042099616295,39.29912748270873,3.497069883761162,0.602493704656889,0.12251319694968645,0.2698069927723877,-2.249064787097675,213.31048166505545,0.5954819744602671,263.8781158662501,0.3745236098800593,2.9728478426159377,0.75,21.5,2.5,2025.0,3.0,3,0.18901989949889267,marvin mims,310.0,0.24390243902439024,-0.05488253952549757
00-0039342,Xavier Legette,WR,CAR,ATL,0.024317954583187452,1.0835777933731985,0.15007010989096342,0.7131015613716561,0.2565705995774783,61.19579882065324,-3.8839799755780606,16.29887428371939,2.556830789022997,0.02682980927205836,0.19360667009866728,0.4247197424099098,5.310292797663825,202.7506062851912,0.9514137512215605,269.1631996698634,0.3820508916263106,2.32236250631193,0.75,19.0,5.5,2025.0,3.0,2,0.18629520614970205,xavier legette,340.0,0.22727272727272727,-0.04097752112302522
00-0037291,Jalen Nailor,WR,MIN,CIN,0.004856705243823678,0.18195800643491844,0.5770337460956574,0.732796466974569,0.8634937255644167,46.97219386308744,0.13712696987615725,33.580047462893056,2.314797234873217,0.14071050931182624,0.14555649909090723,0.3526680422804845,3.6119887771090062,244.69897399737843,1.0062402046854033,250.58040755744986,0.27040917220777794,2.6456741870669225,0.0,22.25,-3.0,2025.0,3.0,2,0.18490467817767975,jalen nailor,330.0,0.23255813953488372,-0.04765346135720397
00-0034521,Allen Lazard,WR,NYJ,TB,0.0031426195874444496,0.1261519999996658,0.46293638857748026,0.827789374747487,0.8955348760394362,46.68805666413376,1.6847422036653623,37.542413938048796,2.176975560268407,0.37818829848171054,0.10583992478088661,0.30526741176104866,6.394502719666518,242.1194504968462,0.902789405858161,255.35131511717196,0.03300651439046672,3.5652713171394046,1.0,18.25,7.0,2025.0,3.0,5,0.18149692808650766,allen lazard,425.0,0.19047619047619047,-0.008979262389682802
00-0038129,Cade Otton,TE,TB,NYJ,0.008586122838456415,0.2822211021035046,0.3055812955811608,0.9084931515808765,1.1339354363735223,29.579835663481628,0.3742420339826932,27.755467184277283,2.5557988618481424,0.050764743856371454,0.1354105665813302,0.2826402523374527,9.150112936299884,217.20381121029115,0.9079972935425729,184.37134302914276,0.4921976049140071,2.8792460203842394,0.75,25.25,-7.0,2025.0,3.0,1,0.1807519255862374,cade otton,270.0,0.2702702702702703,-0.08951834468403289
00-0034270,Tyler Conklin,TE,LAC,DEN,0.006502407307365756,0.23781428570571633,0.5731731590455637,0.5747131515950674,1.7405854043095261,25.416384365284163,1.7720247495702806,38.38141710829925,3.3450223759822912,0.37758041072791637,0.1171401128011755,0.24802250941907525,6.826193173818093,243.182616683115,0.45088529080194006,279.2994793720019,0.08604602025414061,2.5351764397861496,0.2,24.0,-2.5,2025.0,3.0,2,0.17734280922713777,tyler conklin,600.0,0.14285714285714285,0.03448566636999492
00-0040718,Travis Hunter,WR,JAX,HOU,0.014005602240896354,0.5882352941176471,0.0,0.6105882352941175,0.6616816218012629,41.94117647058823,-5.002661943203434,26.52941176470588,4.235294117647059,0.0,0.19967347746499772,0.4158767301899668,8.372756031823586,230.827565735838,0.9934937154562653,264.47437748659956,0.5112968436812407,3.349521896313593,0.5,23.0,-1.5,2025.0,3.0,2,0.17698476657589626,travis hunter,225.0,0.3076923076923077,-0.13070754111641145
00-0035644,Noah Fant,TE,CIN,MIN,0.01154276595023881,0.2875578032850028,0.47288368045287316,0.4859274222428966,3.5575197038037003,21.095146334366216,0.4518921520669656,35.449594111265405,3.642271199675952,0.35700479245106653,0.16678946174440049,0.30569597938334625,0.5994744373114015,204.07505266624693,0.6069819352179632,219.64281685337448,0.07452471957457124,1.9675327422325182,0.6,19.25,3.0,2025.0,3.0,2,0.1769049175728089,noah fant,500.0,0.16666666666666666,0.010238250906142249
00-0035229,T.J. Hockenson,TE,MIN,CIN,0.005095223811938528,0.19092663027387585,0.1742182398417991,0.7245696404116393,0.786802290439536,37.80847671638697,-1.2493100048411916,25.679648711525264,2.6550073613023595,0.002516743092599933,0.17369025163970386,0.3632059566151365,3.6119887771090062,244.69897399737843,1.0062402046854033,250.58040755744986,0.27040917220777794,2.6456741870669225,0.0,22.25,-3.0,2025.0,3.0,1,0.176752594278441,tj hockenson,280.0,0.2631578947368421,-0.08640530045840109
00-0035208,Olamide Zaccheaus,WR,CHI,DAL,0.009455752775990851,0.3222163321487157,0.3763697241661602,0.522668260976479,1.3349383373882555,55.165416867394654,-0.30575596816605327,37.26151085081299,3.289750412757127,0.17512128183003944,0.17186439571237808,0.3904771696315879,12.380518455106754,281.1115261896437,1.6728349438721037,303.66695345512966,0.18396596014230868,3.654770727982373,0.6666666666666666,24.5,1.5,2025.0,3.0,3,0.17446382192307708,olamide zaccheaus,370.0,0.2127659574468085,-0.038302135523731434
00-0038935,Brenton Strange,TE,JAX,HOU,0.0009785254932863866,0.03860212583467868,0.4243139633625272,0.7478233225066535,1.0657777839675346,28.10644589736128,2.4395460750303064,33.92603587769883,3.2126692059867312,0.00653080963519651,0.1196399214318616,0.25527183908463,8.372756031823586,230.827565735838,0.9934937154562653,264.47437748659956,0.5112968436812407,3.349521896313593,0.5,23.0,-1.5,2025.0,3.0,1,0.17068192754658384,brenton strange,350.0,0.2222222222222222,-0.051540294675638365
00-0033591,Noah Brown,WR,WAS,LV,0.007876146051286007,0.2428960240313366,0.08374056027120852,0.5305730589577868,0.5286763892862711,55.78125007597298,-0.37642068708455584,27.503198014298768,2.4014695644969484,0.026501244640510603,0.14455575184073693,0.37831465744674725,8.547879610507932,262.0369125612079,1.2423512170828008,262.4630513790614,0.3069095383093826,3.0791221157799806,1.0,24.0,-3.5,2025.0,3.0,3,0.16964943451189468,noah brown,500.0,0.16666666666666666,0.0029827678452280237
00-0034383,Dalton Schultz,TE,HOU,JAX,0.0037911326804643776,0.14719643630757398,0.12522417666805002,0.6345832034237998,1.1205394227985024,29.49123169803131,0.9568938811167428,29.796453152848876,3.0735313719009167,0.1074419941514452,0.16953446717510778,0.3463424512807444,1.5674617646081483,249.09214976466356,1.2775567329015354,309.526120240255,0.1599843345916856,3.2330036844975587,0.0,21.5,1.5,2025.0,3.0,1,0.16721025496477945,dalton schultz,295.0,0.25316455696202533,-0.08595430199724588
00-0031236,Brandin Cooks,WR,NO,SEA,0.01640604399866758,0.564262269030231,0.4901239669327629,0.6992306039993658,0.9016595096394096,44.795458576948384,-0.17348282975540696,27.910977005285716,2.6991982712696605,0.07667319849084227,0.1385283357543012,0.3320155694863143,5.634363980187244,241.70288821216602,0.8739132322902243,218.04955021487123,0.5794048095149831,3.5561498436675603,1.0,17.0,7.5,2025.0,3.0,3,0.16680129900598817,brandin cooks,650.0,0.13333333333333333,0.03346796567265484
00-0034407,Ray-Ray McCloud,WR,ATL,CAR,0.014662884162220688,0.30917248611046877,0.473956321838704,0.6179431596035935,1.2574955790061786,34.863796160812235,0.16521211977939046,31.502657587457673,2.1973774297139754,0.008476710471040325,0.12778901762791733,0.2888995285237977,9.029731868012524,235.240206203497,1.2475762278601545,229.7980099867842,0.412524494152715,3.178918405546798,0.2,24.5,-5.5,2025.0,3.0,3,0.1624782051876379,rayray mccloud,450.0,0.18181818181818182,-0.01933997663054393
00-0039847,Theo Johnson,TE,NYG,KC,0.00017114334028782308,0.0059900169100738235,0.20268558265269856,0.8346583335920166,1.0355185842568235,27.224802857064564,0.4163151457394229,31.27867980277523,3.160561713029872,0.05091430364961729,0.13560011484425594,0.2681855565546811,8.191704374595512,220.7320846225701,1.4166911375993896,238.5564512422925,0.10538074985146975,3.002142722845786,0.125,19.75,6.0,2025.0,3.0,1,0.16230716524207056,theo johnson,425.0,0.19047619047619047,-0.028169025234119904
00-0034829,Mike Gesicki,TE,CIN,MIN,0.012836173489881343,0.38004329506008344,0.048587380542921214,0.47370930183214294,0.8985912954734909,40.283210798955785,-0.21415883148756512,34.132923103597626,4.001784497510672,0.00874357090019188,0.1357568663286982,0.3126237394286469,0.5994744373114015,204.07505266624693,0.6069819352179632,219.64281685337448,0.07452471957457124,1.9675327422325182,0.6,19.25,3.0,2025.0,3.0,1,0.16097075497869384,mike gesicki,400.0,0.2,-0.03902924502130617
00-0039356,Ja'Tavion Sanders,TE,CAR,ATL,0.006457819914204213,0.32546341722032,0.23182904880681093,0.5832393327016324,0.9271842599184378,36.82731376476052,1.6116758842131682,32.04395685850425,3.4110369567982675,0.02476389838409418,0.11383116752332315,0.25325818955440416,5.310292797663825,202.7506062851912,0.9514137512215605,269.1631996698634,0.3820508916263106,2.32236250631193,0.75,19.0,5.5,2025.0,3.0,1,0.16068773523663207,jatavion sanders,400.0,0.2,-0.03931226476336794
00-0032385,Sterling Shepard,WR,TB,NYJ,0.002202764243506422,0.06876118737376177,0.1906891821732204,0.6102644657221704,0.8302951955861271,41.29847857865796,1.2911167661907355,29.469178678499276,2.7438665894015117,0.003271952392153376,0.12482342016782512,0.2838702311930118,9.150112936299884,217.20381121029115,0.9079972935425729,184.37134302914276,0.4921976049140071,2.8792460203842394,0.75,25.25,-7.0,2025.0,3.0,4,0.1606131530930437,sterling shepard,215.0,0.31746031746031744,-0.15684716436727375
00-0038606,Parker Washington,WR,JAX,HOU,0.005603684361633185,0.13942086876204537,0.8360743036146121,0.5288258481039205,1.0773482275071682,34.356727924424106,2.9329215745701043,39.04703793313727,2.99734133632466,0.27506592802732016,0.10500958321509488,0.24721685116210348,8.372756031823586,230.827565735838,0.9934937154562653,264.47437748659956,0.5112968436812407,3.349521896313593,0.5,23.0,-1.5,2025.0,3.0,4,0.16049122803026536,parker washington,650.0,0.13333333333333333,0.027157894696932028
00-0033282,Curtis Samuel,WR,BUF,MIA,0.001450143255409817,0.037907759521342524,0.09214772083415926,0.5067299993604542,8.59022792839223,7.730396919608503,-0.695726886398273,25.176449690348853,3.2946150346298664,0.07285831451540772,0.13490532019691445,0.22415961669670173,10.757370924887677,245.82796745682745,1.3784492362838612,185.9366425758777,0.2554361986253772,2.723420938628441,0.4,31.0,-12.5,2025.0,3.0,6,0.1581967166231059,curtis samuel,750.0,0.11764705882352941,0.04054965779957648
00-0034983,Hunter Renfrow,WR,CAR,ATL,0.01639374552085894,0.9010782373713149,0.10907442867519676,0.5601645225299824,0.8309818144046879,38.64374161658665,0.4175583233631523,24.704780985904378,3.2441410877718893,0.3015571768737618,0.1324650649424382,0.2894566386338043,5.310292797663825,202.7506062851912,0.9514137512215605,269.1631996698634,0.3820508916263106,2.32236250631193,0.75,19.0,5.5,2025.0,3.0,3,0.15631143234635916,hunter renfrow,370.0,0.2127659574468085,-0.05645452510044935
00-0040581,Dont'e Thornton Jr.,WR,LV,WAS,0.0,0.0,1.0,0.7235294117647059,0.29733893557422963,102.94117647058823,0.5786975328913232,30.294117647058826,1.411764705882353,0.0,0.1046304356837872,0.38787348857722725,5.205153438202956,227.83630616722328,0.5020428118294664,295.4522246493855,0.512071842382608,3.056738808689271,0.0,20.5,3.5,2025.0,3.0,3,0.15146486068324827,donte thornton,360.0,0.21739130434782608,-0.06592644366457781
00-0036182,Nick Westbrook-Ikhine,WR,MIA,BUF,0.008451554444758293,0.27980124111458815,0.06070133675500968,0.6387127888489058,0.7178261303591624,36.53054344233278,0.3731405148584197,24.992077446735657,2.1964099756805404,0.14129537881352422,0.1319591577516004,0.29437803775395105,8.376622928485652,194.80807220657482,1.0148232481962065,197.87854830615598,0.5105648814225732,2.5233626356800607,0.25,18.5,12.5,2025.0,3.0,4,0.14962160433215135,nick westbrookikhine,800.0,0.1111111111111111,0.03851049322104025
00-0033881,Evan Engram,TE,DEN,LAC,0.0010329165359760609,0.03622893536670521,0.056167750113950615,0.5618116091328496,1.539363498100889,22.689567816239958,0.3298717970302527,26.840844780276438,3.5507164048924635,0.03306573493537777,0.16216529740057295,0.30944579197835176,-2.249064787097675,213.31048166505545,0.5954819744602671,263.8781158662501,0.3745236098800593,2.9728478426159377,0.75,21.5,2.5,2025.0,3.0,1,0.147179326509149,evan engram,275.0,0.26666666666666666,-0.11948734015751766
00-0032392,Austin Hooper,TE,NE,PIT,0.002258415957142185,0.0799968438890657,0.4717133439765925,0.5344186242976527,1.8285284987430068,22.282536473101878,0.8908984003790046,30.025144685053657,2.8476229730387423,0.06142535384363522,0.12075944104591305,0.26663598625679663,10.240063821118685,265.6659799689118,1.1651392772510214,214.99759852719114,0.589045912357535,2.9730081226384617,0.6,21.5,1.5,2025.0,3.0,2,0.14679202360347735,austin hooper,700.0,0.125,0.021792023603477345
00-0038621,DeMario Douglas,WR,NE,PIT,0.022586556803507234,0.7948048086179736,0.18533545175672717,0.5567908062763454,1.03699145257561,21.59315606090229,0.3584533307601874,19.47573575403216,2.5216966572420683,0.36623171507662317,0.1274093261142988,0.25164757651721337,10.240063821118685,265.6659799689118,1.1651392772510214,214.99759852719114,0.589045912357535,2.9730081226384617,0.6,21.5,1.5,2025.0,3.0,4,0.1452511626142552,demario douglas,450.0,0.18181818181818182,-0.03656701920392663
00-0036290,Cole Kmet,TE,CHI,DAL,0.001983930160261651,0.07701655347066771,0.5573765338002075,0.9194988933862638,0.982136396661424,21.022128894826952,0.6952408354225204,20.237978803603006,1.6142975371512664,0.07790573776675004,0.07150161834837196,0.1601458149274057,12.380518455106754,281.1115261896437,1.6728349438721037,303.66695345512966,0.18396596014230868,3.654770727982373,0.6666666666666666,24.5,1.5,2025.0,3.0,1,0.14362898751307793,cole kmet,400.0,0.2,-0.056371012486922084
00-0037801,KaVontae Turpin,WR,DAL,CHI,0.010091367385141155,0.4315766596019444,0.19282300502456082,0.3359937134024875,1.4460571710105028,27.352033584489867,2.8031191411144207,31.383769367833345,2.470135198141047,0.31317140385497166,0.0872772440550596,0.20330533483975302,9.658071814998499,244.65498468423627,1.7421214731800538,200.89151992546925,0.4221677605614388,3.45487248745295,0.75,26.0,-1.5,2025.0,3.0,4,0.14135333726122107,kavontae turpin,425.0,0.19047619047619047,-0.0491228532149694
00-0037666,Jalen Tolbert,WR,DAL,CHI,0.014442308785658713,0.4706843861964415,0.4757439206151958,0.6000997802783818,0.7497232321227113,29.40603936256723,1.23608840141707,26.81078485499928,2.104581136662214,0.25197138908921,0.10020572808947122,0.22835248841402214,9.658071814998499,244.65498468423627,1.7421214731800538,200.89151992546925,0.4221677605614388,3.45487248745295,0.75,26.0,-1.5,2025.0,3.0,3,0.14120662685158314,jalen tolbert,450.0,0.18181818181818182,-0.040611554966598684
00-0037741,Jahan Dotson,WR,PHI,LA,0.003534694592198849,0.11134495151696469,0.2400957630465769,0.5200584479243588,0.7106678447988964,29.284357075921925,0.880028057039167,29.56728882628587,2.1987618788739214,0.0002273947173241625,0.10692875056194222,0.27569228499594006,5.747307381363946,213.5774625033715,0.8291607159652068,230.65944650496326,0.4061734849136826,2.9195173936299317,1.0,24.0,-3.5,2025.0,3.0,3,0.13994558267227442,jahan dotson,850.0,0.10526315789473684,0.03468242477753758
00-0033110,Tyler Higbee,TE,LA,PHI,0.0036011591019925577,0.11542181314498641,0.3589462075707024,0.5934346580982374,1.3421756020955184,4.581266594672158,1.6035090436217097,26.191498367798136,2.868653108629001,0.23133644848595686,0.10680297669904824,0.17997159531810436,-2.4692825243399605,179.6525696146404,0.9564926010401154,265.46633586148016,0.14730047888725403,2.0838006093126427,0.4285714285714285,20.5,3.5,2025.0,3.0,1,0.13982414379202793,tyler higbee,400.0,0.2,-0.060175856207972084
00-0039793,AJ Barner,TE,SEA,NO,0.007855742554540524,0.25048269919057603,0.008494017145744305,0.670341459802997,1.2237772985050273,5.144813282677798,-0.44838545573887706,17.224221314330997,2.144242261631918,0.5885986292350581,0.10205426898341109,0.17071627857354071,9.783358481835723,231.9923422062492,1.1474359596436583,248.91679247395217,0.4503978134916653,2.407534651129448,0.4,24.5,-7.5,2025.0,3.0,1,0.13889635748527096,aj barner,360.0,0.21739130434782608,-0.07849494686255512
00-0038619,Andrei Iosivas,WR,CIN,MIN,0.004984986459108454,0.16034628665810427,0.33413177441929354,0.8037026824839828,0.6745971078812069,42.634074279541295,-1.9336121573077587,26.124222945607617,1.9989440686186404,0.15328389264592895,0.0961733419825221,0.2437076741253336,0.5994744373114015,204.07505266624693,0.6069819352179632,219.64281685337448,0.07452471957457124,1.9675327422325182,0.6,19.25,3.0,2025.0,3.0,3,0.13880016021535072,andrei iosivas,600.0,0.14285714285714285,-0.004056982641792134
00-0038465,Malik Heath,WR,GB,CLE,0.01168951040813671,0.32880921078294006,0.5108318455234961,0.3931361136014038,1.0578432068067805,26.750461836119566,1.9433328791663338,27.213378790782265,1.7486750581955024,0.2587956838807119,0.08735556153576053,0.1994047845869714,9.10118571228429,201.18804292848736,1.7576962026941942,237.4885250485291,0.5641498023294882,2.386152741522578,0.75,25.0,-8.5,2025.0,3.0,5,0.13847579821829456,malik heath,700.0,0.125,0.01347579821829456
00-0036980,Elijah Moore,WR,BUF,MIA,0.0045277644712250365,0.19707535947316052,0.5208543875518789,0.5428691863435793,1.2111259451654084,33.20234221958591,-1.1921081719189508,22.95034503501361,1.8466817155010165,0.31247636214389213,0.09209349726920336,0.22933412093689842,10.757370924887677,245.82796745682745,1.3784492362838612,185.9366425758777,0.2554361986253772,2.723420938628441,0.4,31.0,-12.5,2025.0,3.0,4,0.1355643262084316,elijah moore,1000.0,0.09090909090909091,0.04465523529934068
00-0039880,Malik Washington,WR,MIA,BUF,0.0021255933814913323,0.07227017497070544,0.19807927548093346,0.6212459809262154,0.7968507381880198,25.77075705635933,-0.4279757833658754,21.314193494779662,2.3142229368657463,0.00850251381512852,0.11726889657395895,0.2585305622727514,8.376622928485652,194.80807220657482,1.0148232481962065,197.87854830615598,0.5105648814225732,2.5233626356800607,0.25,18.5,12.5,2025.0,3.0,3,0.13444344696541843,malik washington,500.0,0.16666666666666666,-0.032223219701248224
00-0039424,Devaughn Vele,WR,NO,SEA,0.021773790801444898,0.7801345187136227,0.2247396752165351,0.4116527784378197,0.9551884568038879,20.398580972379904,1.983674460264341,20.169906457118678,1.8244569789141554,0.5336697118831588,0.07079135688076403,0.17542314100363857,5.634363980187244,241.70288821216602,0.8739132322902243,218.04955021487123,0.5794048095149831,3.5561498436675603,1.0,17.0,7.5,2025.0,3.0,4,0.13376160263988787,devaughn vele,800.0,0.1111111111111111,0.022650491528776767
00-0035535,Darius Slayton,WR,NYG,KC,0.011068714476134906,0.4455378737355062,0.5480645715695047,0.9064750892767672,0.7082308935161975,33.05777877370011,0.8469960824346845,27.513257591340828,1.0884715465921173,0.10693416309997847,0.07092543363443433,0.19240418280144692,8.191704374595512,220.7320846225701,1.4166911375993896,238.5564512422925,0.10538074985146975,3.002142722845786,0.125,19.75,6.0,2025.0,3.0,3,0.1337587778204898,darius slayton,380.0,0.20833333333333334,-0.07457455551284353
00-0035689,Dawson Knox,TE,BUF,MIA,0.0003562811778886402,0.01043200367911181,0.1677623412831147,0.5792996430898781,2.259288732212479,15.876633116702864,-0.019517581605471443,20.371770735923583,1.823993624447182,0.005280239368657049,0.11334525991225602,0.22494413196159585,10.757370924887677,245.82796745682745,1.3784492362838612,185.9366425758777,0.2554361986253772,2.723420938628441,0.4,31.0,-12.5,2025.0,3.0,2,0.13285756586272168,dawson knox,500.0,0.16666666666666666,-0.033809100803944975
00-0033857,JuJu Smith-Schuster,WR,KC,NYG,0.0003837748908648386,0.013171550204562229,0.058839330956233074,0.6818409514264622,1.3248416330315294,17.325393524064562,0.30385194502551427,18.95199862274768,1.9743636583690862,0.05685938818364919,0.09503056031613252,0.19302595909389494,11.790662879587133,285.1907411190419,1.1987449626151134,293.1014035389026,0.4550922902684911,2.433790169029483,0.3333333333333333,25.75,-6.0,2025.0,3.0,4,0.13284882218251057,juju smithschuster,320.0,0.23809523809523808,-0.10524641591272751
00-0037086,Grant Calcaterra,TE,PHI,LA,0.0034381829161440978,0.0722790699181454,0.27811720051273375,0.7196966392596368,0.8499710414237339,15.001726703947856,0.09338250207363626,14.182863187072856,1.3550209956259804,0.07203966101287555,0.09188672569517732,0.19113767543509014,5.747307381363946,213.5774625033715,0.8291607159652068,230.65944650496326,0.4061734849136826,2.9195173936299317,1.0,24.0,-3.5,2025.0,3.0,2,0.13266524300919302,grant calcaterra,400.0,0.2,-0.06733475699080699
00-0033555,Mack Hollins,WR,NE,PIT,0.016372910135825876,0.3899982916245087,0.15244568590639287,0.6711775321059334,0.6368374785067388,24.050550000517376,1.5214060915026086,16.32601923905325,1.6538901946900144,0.37187275281712745,0.08661137355220164,0.20231539334087414,10.240063821118685,265.6659799689118,1.1651392772510214,214.99759852719114,0.589045912357535,2.9730081226384617,0.6,21.5,1.5,2025.0,3.0,3,0.13082138567062054,mack hollins,550.0,0.15384615384615385,-0.02302476817553331
00-0040648,Tory Horton,WR,SEA,NO,0.0,0.0,0.5882352941176471,0.45764705882352946,0.23827252419955325,46.470588235294116,1.1056720773237483,18.823529411764707,1.1764705882352942,0.5882352941176471,0.07843137254901959,0.2403995560488346,9.783358481835723,231.9923422062492,1.1474359596436583,248.91679247395217,0.4503978134916653,2.407534651129448,0.4,24.5,-7.5,2025.0,3.0,3,0.12884072582680037,tory horton,340.0,0.22727272727272727,-0.0984320014459269
00-0033943,Josh Reynolds,WR,NYJ,TB,0.010123263591884854,0.3113581383742086,0.11554461499859929,0.6437415689257573,0.4504454426450746,25.03001276138604,0.018050265531614273,13.874980731838274,1.2409860572961005,0.07662823133659047,0.09374270201292557,0.22280984866813167,6.394502719666518,242.1194504968462,0.902789405858161,255.35131511717196,0.03300651439046672,3.5652713171394046,1.0,18.25,7.0,2025.0,3.0,2,0.1273737874221334,josh reynolds,550.0,0.15384615384615385,-0.026472366424020455
00-0034159,Will Dissly,TE,LAC,DEN,0.005044137958554458,0.16429453677421108,0.0819931807369574,0.5043564783388322,2.273447029268424,9.914441492318613,0.9548265464695469,20.98964309528705,2.073107472238999,0.17240445666396884,0.07831930565292945,0.1441771908225869,6.826193173818093,243.182616683115,0.45088529080194006,279.2994793720019,0.08604602025414061,2.5351764397861496,0.2,24.0,-2.5,2025.0,3.0,1,0.1245079644225752,will dissly,500.0,0.16666666666666666,-0.04215870224409146
00-0036427,Tyler Johnson,WR,NYJ,TB,0.00905498776937591,0.28040594761418625,0.4152933573257542,0.6036895420398752,0.7784390660792178,21.066077795301748,0.24786502876678468,16.992186106681014,1.5168882560747539,0.14990771242345072,0.0859011589882922,0.20426352829526803,6.394502719666518,242.1194504968462,0.902789405858161,255.35131511717196,0.03300651439046672,3.5652713171394046,1.0,18.25,7.0,2025.0,3.0,3,0.12386490851789887,tyler johnson,800.0,0.1111111111111111,0.012753797406787767
00-0037475,Stone Smartt,TE,NYJ,TB,6.450006751241708e-05,0.002421720326233088,0.39576614684662725,0.39266923280302934,1.3389804471854396,24.99324883265689,1.3025790366062822,29.785719779847195,2.4683901336666447,0.001424541368372404,0.08518287123447443,0.18834644057708375,6.394502719666518,242.1194504968462,0.902789405858161,255.35131511717196,0.03300651439046672,3.5652713171394046,1.0,18.25,7.0,2025.0,3.0,3,0.12307995631505617,stone smartt,2000.0,0.047619047619047616,0.07546090869600855
00-0037005,Tommy Tremble,TE,CAR,ATL,0.004914306908794048,0.1719842348281895,0.04592147915830109,0.5514950368074498,1.179093981784181,14.134299574251012,1.4025369777021164,19.13882528162345,2.2249737682055457,0.1981746900472129,0.07071415008172126,0.13760677271080846,5.310292797663825,202.7506062851912,0.9514137512215605,269.1631996698634,0.3820508916263106,2.32236250631193,0.75,19.0,5.5,2025.0,3.0,2,0.12223398053350489,tommy tremble,750.0,0.11764705882352941,0.004586921709975475
00-0034386,Justin Watson,WR,HOU,JAX,0.017941861444916635,0.5193944306468818,0.10473203230949475,0.5538770462623739,0.6787672608346147,29.291073440190008,0.41950229067420075,15.391555116926067,1.2537638937758089,0.13873617734464713,0.08380129517634922,0.23300013659753274,1.5674617646081483,249.09214976466356,1.2775567329015354,309.526120240255,0.1599843345916856,3.2330036844975587,0.0,21.5,1.5,2025.0,3.0,5,0.12220752982388534,justin watson,900.0,0.1,0.02220752982388534
00-0039394,Casey Washington,WR,ATL,CAR,0.0,0.0,0.0,0.4657534246575343,1.1963470319634704,56.42465753424657,1.3947865897454705,18.200913242009133,1.593607305936073,0.0,0.08246857762682036,0.26733413626490204,9.029731868012524,235.240206203497,1.2475762278601545,229.7980099867842,0.412524494152715,3.178918405546798,0.2,24.5,-5.5,2025.0,3.0,4,0.1213693313805343,casey washington,1000.0,0.09090909090909091,0.030460240471443384
00-0037614,John Metchie III,WR,PHI,LA,0.004304501850328568,0.13928956963026543,0.17286699456714552,0.32490970089592225,0.35672560629236383,18.314276146599404,-0.4125565538846205,13.172472397718114,1.5929187615533762,0.017296026661101995,0.08836546782196736,0.18521074030332066,5.747307381363946,213.5774625033715,0.8291607159652068,230.65944650496326,0.4061734849136826,2.9195173936299317,1.0,24.0,-3.5,2025.0,3.0,5,0.12111955124442099,john metchie,1700.0,0.05555555555555555,0.06556399568886544
00-0040667,Matthew Golden,WR,GB,CLE,0.018975332068311174,0.5882352941176471,0.0,0.5447058823529412,0.6588235294117647,51.76470588235294,-1.2013876543530977,6.588235294117647,0.8235294117647058,0.0,0.08100613982966919,0.21464931396103348,9.10118571228429,201.18804292848736,1.7576962026941942,237.4885250485291,0.5641498023294882,2.386152741522578,0.75,25.0,-8.5,2025.0,3.0,1,0.12052816872613072,matthew golden,225.0,0.3076923076923077,-0.187164138966177
00-0036637,Noah Gray,TE,KC,NYG,0.0030331770256645883,0.11798761758740249,0.07416193540218656,0.4818367845740589,0.5345600678844384,21.14285646560052,-1.0039349683235272,7.857776267059836,1.34651130721298,0.07994565223392466,0.09105862104727551,0.185252221880535,11.790662879587133,285.1907411190419,1.1987449626151134,293.1014035389026,0.4550922902684911,2.433790169029483,0.3333333333333333,25.75,-6.0,2025.0,3.0,2,0.1201303917460143,noah gray,450.0,0.18181818181818182,-0.06168779007216753
00-0038492,Jason Brownlee,WR,KC,NYG,0.00924634006744279,0.3606072626302694,0.176697558688832,0.6032447441491471,0.4788503840467347,14.028055245032634,-0.7660605293983567,7.668674047095309,0.6502470159749016,0.12368829108218239,0.04460097406904035,0.12263877549603323,11.790662879587133,285.1907411190419,1.1987449626151134,293.1014035389026,0.4550922902684911,2.433790169029483,0.3333333333333333,25.75,-6.0,2025.0,3.0,6,0.11982661618044985,jason brownlee,1200.0,0.07692307692307693,0.04290353925737292
00-0036422,Adam Trautman,TE,DEN,LAC,0.012471995799647757,0.3827912503900222,0.027683289703207384,0.549934031763141,1.4882983589484082,8.00637842559584,0.4502295965971323,8.3860534006366,1.6142728816880645,0.38104223934535913,0.0644017074748977,0.12585423757606284,-2.249064787097675,213.31048166505545,0.5954819744602671,263.8781158662501,0.3745236098800593,2.9728478426159377,0.75,21.5,2.5,2025.0,3.0,2,0.11899850911208354,adam trautman,475.0,0.17391304347826086,-0.054914534366177326
00-0035249,Josh Oliver,TE,MIN,CIN,0.0023834954704057346,0.07930610239132534,0.18401871853482799,0.49430272757178945,0.7392333475329571,8.691193374361179,0.2595032499719272,12.707711259813122,1.2949768815544158,0.05105290076862759,0.05925014687245554,0.10684215710711176,3.6119887771090062,244.69897399737843,1.0062402046854033,250.58040755744986,0.27040917220777794,2.6456741870669225,0.0,22.25,-3.0,2025.0,3.0,2,0.11890648789237868,josh oliver,850.0,0.10526315789473684,0.01364332999764184
00-0039792,Devontez Walker,WR,BAL,DET,0.03496467321017738,0.9830240821160678,0.5882352941176471,0.1966442953020134,0.5882352941176471,31.737070667193052,2.9183566970478614,14.326885116462693,0.9830240821160678,0.5882352941176471,0.07080348918090724,0.2073534011487964,6.179361023510649,244.35853096314946,1.2320000444930022,308.3628901687074,0.3188732529136597,3.825318000338281,0.3333333333333333,28.5,-4.5,2025.0,3.0,5,0.11880548819965175,devontez walker,450.0,0.18181818181818182,-0.06301269361853007
00-0033589,David Moore,WR,CAR,ATL,0.006829710838462833,0.2032284578641495,0.1279938645313231,0.4937209889612312,0.4426231258777352,30.24726526158576,0.8871381470571574,15.497094586313017,1.2433721899028893,0.3379846633746347,0.07792443782893504,0.19316569501669947,5.310292797663825,202.7506062851912,0.9514137512215605,269.1631996698634,0.3820508916263106,2.32236250631193,0.75,19.0,5.5,2025.0,3.0,5,0.11870130885204204,david moore,1600.0,0.058823529411764705,0.059877779440277334
00-0036630,Tylan Wallace,WR,BAL,DET,0.010344866774495915,0.300001136460382,0.034588937029358904,0.4235571285698095,0.8546633937654374,8.204706447560985,1.1517762920906336,11.860837010776207,0.9986536412071284,0.31729560497506143,0.043131801129406094,0.08558089398533984,6.179361023510649,244.35853096314946,1.2320000444930022,308.3628901687074,0.3188732529136597,3.825318000338281,0.3333333333333333,28.5,-4.5,2025.0,3.0,4,0.11802931708883968,tylan wallace,600.0,0.14285714285714285,-0.02482782576830317
00-0040736,Mason Taylor,TE,NYJ,TB,0.0,0.0,0.4117647058823529,0.7858823529411764,0.8251633986928104,12.11764705882353,0.5504132720970494,11.176470588235295,1.0,0.0,0.07563025210084032,0.16329684206144265,6.394502719666518,242.1194504968462,0.902789405858161,255.35131511717196,0.03300651439046672,3.5652713171394046,1.0,18.25,7.0,2025.0,3.0,1,0.11785973587878133,mason taylor,500.0,0.16666666666666666,-0.048806930787885325
00-0038679,Tyrell Shavers,WR,BUF,MIA,0.0,0.0,0.4117647058823529,0.251764705882353,0.0,13.882352941176471,1.9327082332388004,28.41176470588235,0.4117647058823529,0.4117647058823529,0.062309368191721115,0.16114587118758325,10.757370924887677,245.82796745682745,1.3784492362838612,185.9366425758777,0.2554361986253772,2.723420938628441,0.4,31.0,-12.5,2025.0,3.0,5,0.11755820808056341,tyrell shavers,900.0,0.1,0.01755820808056341
00-0039066,Michael Mayer,TE,LV,WAS,2.585026157569004e-05,0.0006979570625436318,0.03558289872830415,0.5841199968047315,1.495701529019193,13.754704486890613,1.0665949874663982,18.947040184233384,2.548254469715035,0.003604900263475044,0.08208079806850127,0.15388525316056434,5.205153438202956,227.83630616722328,0.5020428118294664,295.4522246493855,0.512071842382608,3.056738808689271,0.0,20.5,3.5,2025.0,3.0,2,0.11737034039400614,michael mayer,425.0,0.19047619047619047,-0.07310585008218433
00-0036754,Brock Wright,TE,DET,BAL,0.0051136645803595985,0.19743136550015125,0.001060808629047818,0.5155605273189829,3.452564648427378,5.321410266906779,1.141298527143655,12.521514790071278,1.3400053993461065,0.3763101981335701,0.05294042786244662,0.0957086945462546,-1.1224292398194406,246.3644205705692,0.7030399766902661,287.87392074109124,0.48251641339929346,3.3892252735872743,0.75,24.0,4.5,2025.0,3.0,2,0.1171620451912939,brock wright,850.0,0.10526315789473684,0.011898887296557067
00-0033375,Tim Patrick,WR,JAX,HOU,0.011930724281284694,0.5101205048409087,0.07860681728069727,0.49139343823775716,0.614374594713775,18.70537615803478,0.33448444811142536,11.901822499903206,1.3025903402555379,0.12306352863262823,0.05572638156847011,0.13724928299168745,8.372756031823586,230.827565735838,0.9934937154562653,264.47437748659956,0.5112968436812407,3.349521896313593,0.5,23.0,-1.5,2025.0,3.0,5,0.11687160782689313,tim patrick,700.0,0.125,-0.008128392173106874
00-0038618,Xavier Hutchinson,WR,HOU,JAX,0.006366060765708173,0.18159715922483177,0.5101910318597972,0.6135189421390006,0.8265377842678255,26.253924957010337,0.20029019495350256,19.762812707617588,1.578592899637739,0.0,0.09044819553016292,0.22068793399372438,1.5674617646081483,249.09214976466356,1.2775567329015354,309.526120240255,0.1599843345916856,3.2330036844975587,0.0,21.5,1.5,2025.0,3.0,4,0.11644754592346557,xavier hutchinson,500.0,0.16666666666666666,-0.05021912074320109
00-0039050,Payne Durham,TE,TB,NYJ,0.007835414378201483,0.25073326010244745,0.14715800665178194,0.431181630045157,0.4231157989770805,11.917601649712108,0.8139982484068559,9.5399001077981,0.9345919836228471,0.25073326010244745,0.041678847730265686,0.09135047663502657,9.150112936299884,217.20381121029115,0.9079972935425729,184.37134302914276,0.4921976049140071,2.8792460203842394,0.75,25.25,-7.0,2025.0,3.0,2,0.11596758120202881,payne durham,1100.0,0.08333333333333333,0.03263424786869548
00-0036415,Van Jefferson,WR,TEN,IND,0.002687441759846701,0.07196581816732159,0.17141656836702396,0.5247196865919105,0.7695297643224706,18.06891416589768,0.16868172436570625,13.39979734189788,1.7179099556269986,0.05635589745101619,0.08384920771932183,0.1834606654904835,5.758191881437528,210.98015331404417,1.3847033220606133,200.34894812274328,0.47111374735255923,2.306222028143563,0.3333333333333333,19.5,4.5,2025.0,3.0,5,0.11592250328827342,van jefferson,950.0,0.09523809523809523,0.020684408050178182
00-0038824,Ryan Miller,WR,TB,NYJ,0.016619966135213007,0.6038405945613518,0.4646621463544646,0.30173518975853736,0.8869989935956775,20.424288506782084,1.0780832154523443,13.249007155905707,1.013967344232802,0.4286706218451281,0.049194744842913196,0.12528465280706683,9.150112936299884,217.20381121029115,0.9079972935425729,184.37134302914276,0.4921976049140071,2.8792460203842394,0.75,25.25,-7.0,2025.0,3.0,6,0.11558530397990736,ryan miller,650.0,0.13333333333333333,-0.017748029353425968
00-0032394,Nick Vannett,TE,MIN,CIN,0.0034686914309685593,0.1114859582398643,0.024881124978918232,0.34381809043319084,0.8128203478077226,1.03485188484276,0.7887754843213761,12.964742584005794,1.3106741771095285,0.24329146129650564,0.05094355166750663,0.079290239914466,3.6119887771090062,244.69897399737843,1.0062402046854033,250.58040755744986,0.27040917220777794,2.6456741870669225,0.0,22.25,-3.0,2025.0,3.0,4,0.11473416875994254,nick vannett,3000.0,0.03225806451612903,0.0824761042438135
00-0033757,Robert Tonyan,TE,KC,NYG,0.018895762366016387,0.3039679359225696,0.22004448015014796,0.39068925962860024,0.7651037555199209,20.01485821210865,0.3520886819822833,12.326298015213958,0.978642914897447,0.0029561310750452485,0.06647336332540708,0.1555920456339967,11.790662879587133,285.1907411190419,1.1987449626151134,293.1014035389026,0.4550922902684911,2.433790169029483,0.3333333333333333,25.75,-6.0,2025.0,3.0,3,0.11455788649818195,robert tonyan,1200.0,0.07692307692307693,0.037634809575105024
00-0032211,Tyler Lockett,WR,TEN,IND,0.002156348569653237,0.06994338835313228,0.07681998721938745,0.5804481593559488,0.654569218469229,25.370701990560732,-0.14910468133243598,13.679131044422912,1.6183001600689022,0.011755511435099732,0.0939992203005511,0.2278092825305137,5.758191881437528,210.98015331404417,1.3847033220606133,200.34894812274328,0.47111374735255923,2.306222028143563,0.3333333333333333,19.5,4.5,2025.0,3.0,3,0.11449740875269526,tyler lockett,650.0,0.13333333333333333,-0.01883592458063807
00-0040130,Jayden Higgins,WR,HOU,JAX,0.0,0.0,1.0,0.43,4.371040723981901,23.764705882352942,-0.1963827533866552,29.647058823529413,1.411764705882353,0.0,0.07132708155726057,0.20257798071394684,1.5674617646081483,249.09214976466356,1.2775567329015354,309.526120240255,0.1599843345916856,3.2330036844975587,0.0,21.5,1.5,2025.0,3.0,3,0.11280487055850744,jayden higgins,360.0,0.21739130434782608,-0.10458643378931864
00-0037277,Teagan Quitoriano,TE,ATL,CAR,0.0032867669710523024,0.10066532847259632,0.5205029191697708,0.4290343471130307,2.425772626188572,15.70154337978902,0.8794552429106066,18.193322288559816,0.8928607689017863,0.06434465947057712,0.0435957094687797,0.10076126157070682,9.029731868012524,235.240206203497,1.2475762278601545,229.7980099867842,0.412524494152715,3.178918405546798,0.2,24.5,-5.5,2025.0,3.0,3,0.11236143604911977,teagan quitoriano,1700.0,0.05555555555555555,0.05680588049356422
00-0039890,Adonai Mitchell,WR,IND,TEN,0.008056587570009856,0.27541878082059573,0.09860895532657227,0.2487563833079169,0.552267154632364,52.300964943337306,0.3373683140120729,17.453869840130952,1.451971716079915,0.0,0.0899211661195676,0.264068901694416,6.406556985218197,218.74663526875815,1.0886759903544163,204.28143932892377,0.3510558904483784,3.302685558739719,0.3333333333333333,24.0,-4.5,2025.0,3.0,4,0.11054564831638483,adonai mitchell,600.0,0.14285714285714285,-0.03231149454075802
00-0040669,Isaac TeSlaa,WR,DET,BAL,0.010558069381598775,0.4117647058823529,0.5882352941176471,0.18705882352941175,1.0435729847494555,21.23529411764706,2.245860533145092,22.411764705882355,1.0,0.4117647058823529,0.03184431667403802,0.11132992018223818,-1.1224292398194406,246.3644205705692,0.7030399766902661,287.87392074109124,0.48251641339929346,3.3892252735872743,0.75,24.0,4.5,2025.0,3.0,4,0.11041253786394906,isaac teslaa,450.0,0.18181818181818182,-0.07140564395423277
00-0034854,KhaDarel Hodge,WR,ATL,CAR,0.011356525317158136,0.44750952180490533,0.26073981893991965,0.3737614450508773,0.8476882119759542,25.221087498191746,0.4144200306002548,10.181331575633747,0.61040780035553,0.024713051838690027,0.046269869528343284,0.11705655194994566,9.029731868012524,235.240206203497,1.2475762278601545,229.7980099867842,0.412524494152715,3.178918405546798,0.2,24.5,-5.5,2025.0,3.0,5,0.11002235147010049,khadarel hodge,1400.0,0.06666666666666667,0.043355684803433825
00-0039912,Ben Sinnott,TE,WAS,LV,0.0,0.0,0.0,0.28540509178528933,1.3016261577587371,3.5147376300441624,0.11058968114996304,5.494641126613422,0.8806390911319666,0.053505484718082884,0.028650574802697698,0.053276620285757914,8.547879610507932,262.0369125612079,1.2423512170828008,262.4630513790614,0.3069095383093826,3.0791221157799806,1.0,24.0,-3.5,2025.0,3.0,3,0.10949561502087857,ben sinnott,2500.0,0.038461538461538464,0.0710340765593401
00-0039074,Davis Allen,TE,LA,PHI,0.008875178675470833,0.28152499004477655,0.002916362238589083,0.3636663559153068,0.7111002475635553,13.178328268390842,0.491303231597411,7.564252718205485,0.8665174564745235,0.5146168930599104,0.04487207428400756,0.10763769642107365,-2.4692825243399605,179.6525696146404,0.9564926010401154,265.46633586148016,0.14730047888725403,2.0838006093126427,0.4285714285714285,20.5,3.5,2025.0,3.0,3,0.10926819801630634,davis allen,900.0,0.1,0.009268198016306337
00-0040705,Chimere Dike,WR,TEN,IND,0.017825311942959,0.5882352941176471,0.0,0.32117647058823534,-0.015479876160990705,30.58823529411765,-2.1866183123861322,-0.5882352941176471,1.1764705882352942,0.0,0.11134724857685006,0.25940573378638776,5.758191881437528,210.98015331404417,1.3847033220606133,200.34894812274328,0.47111374735255923,2.306222028143563,0.3333333333333333,19.5,4.5,2025.0,3.0,4,0.10906844660867245,chimere dike,550.0,0.15384615384615385,-0.04477770723748141
00-0039623,Mason Tipton,WR,NO,SEA,0.0,0.0,0.0,0.6065237725329522,0.3816276525674686,33.88830995689471,-1.3896023954370569,8.812720883118036,1.183615851927659,0.0,0.08306656274883988,0.21567994994419665,5.634363980187244,241.70288821216602,0.8739132322902243,218.04955021487123,0.5794048095149831,3.5561498436675603,1.0,17.0,7.5,2025.0,3.0,5,0.10899400308923596,mason tipton,1800.0,0.05263157894736842,0.05636242414186754
00-0036876,Kylen Granson,TE,PHI,LA,1.97555933585559e-07,8.385310786088503e-06,0.11712572696782911,0.4359774940899773,0.9667918630068671,19.55629261535405,-0.6618012934655051,10.389283236076034,1.2669683774588194,4.733261471060361e-06,0.0728589549155902,0.14799410099488086,5.747307381363946,213.5774625033715,0.8291607159652068,230.65944650496326,0.4061734849136826,2.9195173936299317,1.0,24.0,-3.5,2025.0,3.0,3,0.10894961365529195,kylen granson,1500.0,0.0625,0.046449613655291946
00-0040134,Pat Bryant,WR,DEN,LAC,0.0,0.0,0.0,0.24,2.25,8.0,2.1824397174059413,18.0,2.0,0.0,0.1,0.1880952380952381,-2.249064787097675,213.31048166505545,0.5954819744602671,263.8781158662501,0.3745236098800593,2.9728478426159377,0.75,21.5,2.5,2025.0,3.0,4,0.1087640046797648,pat bryant,850.0,0.10526315789473684,0.003500846785027961
00-0032464,Kalif Raymond,WR,DET,BAL,5.495664727351094e-09,1.9958748247178308e-07,0.10436743918248491,0.3964288434377759,0.9075803174777363,14.810840759286913,0.9602105018716295,14.05110170991176,1.2288910968791238,0.04201036765748537,0.05076320858933022,0.12611625770750826,-1.1224292398194406,246.3644205705692,0.7030399766902661,287.87392074109124,0.48251641339929346,3.3892252735872743,0.75,24.0,4.5,2025.0,3.0,3,0.10851329893549162,kalif raymond,650.0,0.13333333333333333,-0.02482003439784171
00-0036534,Shane Zylstra,TE,DET,BAL,0.005773024242910503,0.2346216946416846,0.30293510828593617,0.30720521838950143,1.1297170959444232,6.966195382639675,0.3632206041353972,10.411530767942196,0.9442583503631228,0.08495924380572635,0.03821463377691202,0.07727408009449208,-1.1224292398194406,246.3644205705692,0.7030399766902661,287.87392074109124,0.48251641339929346,3.3892252735872743,0.75,24.0,4.5,2025.0,3.0,3,0.10787677743133728,shane zylstra,1100.0,0.08333333333333333,0.02454344409800395
00-0038752,Jake Bobo,WR,SEA,NO,0.011120733401335101,0.3002532243410374,0.00040219077772014254,0.29224683162347587,0.9671405245223276,6.146837906536312,0.6430711242604195,5.546671499908909,0.8632539944861861,0.30049262361348983,0.03022613702431971,0.06353455643396635,9.783358481835723,231.9923422062492,1.1474359596436583,248.91679247395217,0.4503978134916653,2.407534651129448,0.4,24.5,-7.5,2025.0,3.0,4,0.10741937714101527,jake bobo,950.0,0.09523809523809523,0.012181281902920033
00-0040727,Tre Harris,WR,LAC,DEN,0.0,0.0,0.5882352941176471,0.21529411764705883,1.5308823529411766,20.88235294117647,1.2183095219517954,24.529411764705884,1.5882352941176472,0.0,0.07747020376778159,0.17442120058025065,6.826193173818093,243.182616683115,0.45088529080194006,279.2994793720019,0.08604602025414061,2.5351764397861496,0.2,24.0,-2.5,2025.0,3.0,4,0.1072677530638426,tre harris,750.0,0.11764705882352941,-0.010379305759686805
00-0040739,Elijah Arroyo,TE,SEA,NO,0.0,0.0,0.5882352941176471,0.36294117647058827,3.615686274509804,5.588235294117648,0.8768337597892455,21.11764705882353,1.5882352941176472,0.0,0.07754010695187163,0.13294875150258623,9.783358481835723,231.9923422062492,1.1474359596436583,248.91679247395217,0.4503978134916653,2.407534651129448,0.4,24.5,-7.5,2025.0,3.0,2,0.10610085005742437,elijah arroyo,500.0,0.16666666666666666,-0.06056581660924229
00-0035631,Drew Sample,TE,CIN,MIN,0.000310412832031754,0.012106102551777048,0.00011729840858863463,0.5846600822544066,0.7811046495923751,-1.1459863116784306,-0.2500675909391459,6.9720732848554805,1.3372353084155766,0.012565534629173099,0.04866703510559801,0.07077759030524479,0.5994744373114015,204.07505266624693,0.6069819352179632,219.64281685337448,0.07452471957457124,1.9675327422325182,0.6,19.25,3.0,2025.0,3.0,3,0.10527351099079509,drew sample,1300.0,0.07142857142857142,0.03384493956222366
00-0033217,Mo Alie-Cox,TE,IND,TEN,0.004242471541066469,0.1680556468769182,0.22664111253735697,0.41240556401586836,2.355299115047361,8.972663643602997,0.22347286141548173,10.029992287676428,0.8324926313625041,0.009715099962126635,0.04898232517420495,0.09509466210206259,6.406556985218197,218.74663526875815,1.0886759903544163,204.28143932892377,0.3510558904483784,3.302685558739719,0.3333333333333333,24.0,-4.5,2025.0,3.0,2,0.10501512269890496,mo aliecox,800.0,0.1111111111111111,-0.006095988412206141
00-0038839,Mitchell Tinsley,WR,CIN,MIN,0.0222222222222222,1.0,0.0,0.14,1.0,13.0,1.734047771722544,13.0,1.0,1.0,0.0232558139534883,0.0601614987080103,0.5994744373114015,204.07505266624693,0.6069819352179632,219.64281685337448,0.07452471957457124,1.9675327422325182,0.6,19.25,3.0,2025.0,3.0,4,0.10488720790084734,mitchell tinsley,1200.0,0.07692307692307693,0.02796413097777041
00-0036849,Tutu Atwell,WR,LA,PHI,6.692506192244215e-06,0.00021194482971452925,0.2615247788050255,0.4033713789497906,0.5577685358764514,24.38742898447779,-0.37575657938318197,13.776862756470722,1.5225932304154026,0.00010455947510522136,0.07893149825930995,0.20442982996255266,-2.4692825243399605,179.6525696146404,0.9564926010401154,265.46633586148016,0.14730047888725403,2.0838006093126427,0.4285714285714285,20.5,3.5,2025.0,3.0,4,0.10482563780130953,tutu atwell,550.0,0.15384615384615385,-0.04902051604484432
00-0040164,Jaylin Lane,WR,WAS,LV,0.0,0.0,0.0,0.4294117647058823,0.3,17.647058823529413,-2.2640129449941657,5.705882352941177,1.0,0.0,0.0872210953346856,0.17510741782808786,8.547879610507932,262.0369125612079,1.2423512170828008,262.4630513790614,0.3069095383093826,3.0791221157799806,1.0,24.0,-3.5,2025.0,3.0,4,0.10476127818117573,jaylin lane,550.0,0.15384615384615385,-0.04908487566497813
00-0031484,Chris Manhertz,TE,NYG,KC,0.0040341873009673915,0.1058067665480858,0.0014290030141846037,0.39479822959553185,2.9253149595283467,2.622284985299378,0.671510525856524,7.658352350509555,0.6289980222164644,0.10290482685789598,0.0271268023538351,0.051880591278337565,8.191704374595512,220.7320846225701,1.4166911375993896,238.5564512422925,0.10538074985146975,3.002142722845786,0.125,19.75,6.0,0.0,0.0,4,0.10286151605725478,chris manhertz,1400.0,0.06666666666666667,0.03619484939058812
00-0039144,Luke Musgrave,TE,GB,CLE,0.00014841793175634038,0.005936717270253614,0.32076664661101906,0.3058071100225494,2.037921048145791,13.028358192227556,0.6405880386301789,15.728740054243957,1.372268098845441,0.0041557020891775315,0.055718543032427445,0.11236403881140394,9.10118571228429,201.18804292848736,1.7576962026941942,237.4885250485291,0.5641498023294882,2.386152741522578,0.75,25.0,-8.5,2025.0,3.0,2,0.10216893878784704,luke musgrave,255.0,0.28169014084507044,-0.17952120205722338
00-0037539,Lucas Krull,TE,DEN,LAC,0.00011709502533703343,0.003910025367775089,0.018749202909951444,0.353929785415286,1.1750287873885348,7.628649988452921,0.06939504244988474,10.700501392195838,1.6337650471295064,0.002911411293950176,0.05955591501916379,0.116079032549836,-2.249064787097675,213.31048166505545,0.5954819744602671,263.8781158662501,0.3745236098800593,2.9728478426159377,0.75,21.5,2.5,2025.0,3.0,4,0.1020411558309478,lucas krull,1500.0,0.0625,0.039541155830947805
00-0039355,Luke McCaffrey,WR,WAS,LV,0.00032010080616137006,0.012163830634132065,0.020297436641158063,0.20205518984121143,0.5169780014644576,10.529529364717224,0.1278791687075851,8.902603198179158,0.6889847856589015,0.0,0.02772297065737535,0.06929292800838073,8.547879610507932,262.0369125612079,1.2423512170828008,262.4630513790614,0.3069095383093826,3.0791221157799806,1.0,24.0,-3.5,2025.0,3.0,5,0.10196328631617431,luke mccaffrey,1200.0,0.07692307692307693,0.025040209393097382
00-0040584,Gunnar Helm,TE,TEN,IND,0.0,0.0,0.0,0.3588235294117647,0.20588235294117646,12.588235294117647,0.1290195723173811,11.882352941176471,1.5882352941176472,0.0,0.07089184060721059,0.1357951252519012,5.758191881437528,210.98015331404417,1.3847033220606133,200.34894812274328,0.47111374735255923,2.306222028143563,0.3333333333333333,19.5,4.5,2025.0,3.0,2,0.10195212484542035,gunnar helm,1100.0,0.08333333333333333,0.01861879151208702
00-0033246,Johnny Mundt,TE,JAX,HOU,0.003197259487962587,0.10159130857340268,0.010596464118772792,0.3335578888362572,2.4971220744033316,0.4128662388341728,0.02200343245701033,4.710017618358258,0.561954998252507,0.07718411312031216,0.03428398648198211,0.05232223379855511,8.372756031823586,230.827565735838,0.9934937154562653,264.47437748659956,0.5112968436812407,3.349521896313593,0.5,23.0,-1.5,2025.0,3.0,2,0.10183970659330102,johnny mundt,1200.0,0.07692307692307693,0.024916629670224094
00-0038558,Darnell Washington,TE,PIT,NE,0.0016088316657393625,0.05459473172342339,0.08109097534922702,0.4552245888562728,0.7165164343946542,8.242778846667484,0.33310038589758784,7.815441648285753,0.8049805633202657,0.0041540103039922555,0.0493651935543459,0.10176262092577952,12.348639732784902,265.7907832774278,0.9581473650992105,286.25352399016214,0.05800530801414254,3.9607754534845534,0.5,23.0,-1.5,2025.0,3.0,3,0.10172993781791705,darnell washington,1000.0,0.09090909090909091,0.010820846908826134
00-0040126,Colston Loveland,TE,CHI,DAL,0.0,0.0,0.0,0.5464705882352942,0.9882352941176471,15.0,-0.5705417268361677,4.941176470588235,0.8235294117647058,0.0,0.042046765230156234,0.09543068827492061,12.380518455106754,281.1115261896437,1.6728349438721037,303.66695345512966,0.18396596014230868,3.654770727982373,0.6666666666666666,24.5,1.5,2025.0,3.0,2,0.101171964798815,colston loveland,400.0,0.2,-0.09882803520118501
00-0038547,Luke Schoonmaker,TE,DAL,CHI,0.0008688271487313023,0.029472305247143404,0.066713245692822,0.3442340257277795,0.8863998187137423,14.578199330997037,-0.026604945107445422,7.49785991932108,0.8848620119629987,0.025237415295361634,0.046847104907046154,0.10332052569857342,9.658071814998499,244.65498468423627,1.7421214731800538,200.89151992546925,0.4221677605614388,3.45487248745295,0.75,26.0,-1.5,2025.0,3.0,2,0.1004773886981729,luke schoonmaker,1000.0,0.09090909090909091,0.009568297789081984
00-0039751,Jordan Whittington,WR,LA,PHI,0.00014366316446251615,0.004166231769412976,0.6039738314883178,0.42886895010480286,1.8294272662655442,12.037000057993119,1.1705658488981807,26.860208016679852,1.2272058927613985,0.0,0.04025232107384118,0.09368464397822228,-2.4692825243399605,179.6525696146404,0.9564926010401154,265.46633586148016,0.14730047888725403,2.0838006093126427,0.4285714285714285,20.5,3.5,2025.0,3.0,3,0.10047275433043856,jordan whittington,800.0,0.1111111111111111,-0.010638356780672542
00-0039739,Roman Wilson,WR,PIT,NE,0.0,0.0,0.0,0.35,0.3043478260869565,23.0,-1.351503019221127,7.0,1.0,0.0,0.064516129032258,0.1833333333333333,12.348639732784902,265.7907832774278,0.9581473650992105,286.25352399016214,0.05800530801414254,3.9607754534845534,0.5,23.0,-1.5,2025.0,3.0,3,0.1004179665844904,roman wilson,800.0,0.1111111111111111,-0.010693144526620707
00-0036590,Quintin Morris,TE,JAX,HOU,0.006258905814360763,0.18377530177596535,0.000488715158254385,0.27298496986797893,0.5364221462324962,7.5020458174573195,0.07428666106301889,5.133105940808267,0.7200263197605543,0.03029478933378286,0.037678146977720296,0.08124758798312803,8.372756031823586,230.827565735838,0.9934937154562653,264.47437748659956,0.5112968436812407,3.349521896313593,0.5,23.0,-1.5,0.0,0.0,4,0.09996115494292039,quintin morris,1400.0,0.06666666666666667,0.033294488276253725
00-0034613,Tanner Hudson,TE,CIN,MIN,0.0009005541305293226,0.050428557440578774,0.003372907101427815,0.1356660107135178,2.85297113705182,6.929162021089398,1.2627141841519511,15.6885212098639,1.7285599604667128,0.05332851170484073,0.04727061137314528,0.08875047211511058,0.5994744373114015,204.07505266624693,0.6069819352179632,219.64281685337448,0.07452471957457124,1.9675327422325182,0.6,19.25,3.0,2025.0,3.0,4,0.09979392877682249,tanner hudson,3000.0,0.03225806451612903,0.06753586426069345
00-0036628,John Bates,TE,WAS,LV,4.749640195012496e-05,0.0016989529577177056,0.02473871362338743,0.3853613313873651,1.3321741564367438,12.048122191109387,-0.001799843245166495,6.003620420279409,0.5340661424692901,1.4072459561935788e-05,0.032908656520746045,0.07774181731002405,8.547879610507932,262.0369125612079,1.2423512170828008,262.4630513790614,0.3069095383093826,3.0791221157799806,1.0,24.0,-3.5,2025.0,3.0,2,0.0996900759986686,john bates,3000.0,0.03225806451612903,0.06743201148253956
00-0037348,Tanner Conner,TE,MIA,BUF,0.010545921323271824,0.32692356102142694,0.0,0.22147956449858588,0.4855692731470932,15.432764083131433,-1.1172453726007465,9.053494175366376,1.0863669932742017,0.0,0.06831861120812478,0.15106362592065925,8.376622928485652,194.80807220657482,1.0148232481962065,197.87854830615598,0.5105648814225732,2.5233626356800607,0.25,18.5,12.5,2025.0,3.0,3,0.09966644719134132,tanner conner,900.0,0.1,-0.00033355280865868253
00-0036429,Charlie Woerner,TE,ATL,CAR,0.0,0.0,0.004154709237305439,0.5400952972260775,0.5438940674679998,3.4819198521996686,-0.562552960102691,3.3780525003202038,0.5699777854066143,0.0,0.0422869885714239,0.0756444913374613,9.029731868012524,235.240206203497,1.2475762278601545,229.7980099867842,0.412524494152715,3.178918405546798,0.2,24.5,-5.5,2025.0,3.0,2,0.09862573990870463,charlie woerner,1200.0,0.07692307692307693,0.021702662985627702
00-0038046,Charlie Kolar,TE,BAL,DET,0.0011186500351595646,0.04160184213722403,0.05263109854630741,0.3393043140351581,1.7626494090577858,4.528196403319268,0.4347812087179027,7.61178886862459,0.7990581166670614,0.041259602200661286,0.035160297359997796,0.06543280691246398,6.179361023510649,244.35853096314946,1.2320000444930022,308.3628901687074,0.3188732529136597,3.825318000338281,0.3333333333333333,28.5,-4.5,2025.0,3.0,3,0.09857510421590707,charlie kolar,550.0,0.15384615384615385,-0.05527104963024679
00-0040194,Jackson Hawes,TE,BUF,MIA,0.0,0.0,0.4117647058823529,0.35470588235294115,0.45927601809954754,9.529411764705882,1.250534176686094,14.88235294117647,1.0,0.0,0.03267973856209149,0.06211428955143695,10.757370924887677,245.82796745682745,1.3784492362838612,185.9366425758777,0.2554361986253772,2.723420938628441,0.4,31.0,-12.5,2025.0,3.0,3,0.09836290337857741,jackson hawes,1300.0,0.07142857142857142,0.026934331950005982
00-0038938,Jalin Hyatt,WR,NYG,KC,4.092208335590178e-05,0.0011867404173211543,0.007418213604975929,0.3153105500049301,0.40821205772001085,32.90658378593074,-0.9374609118786954,6.270448166018874,0.7873239469545165,0.0,0.05406914474817516,0.2053139809226335,8.191704374595512,220.7320846225701,1.4166911375993896,238.5564512422925,0.10538074985146975,3.002142722845786,0.125,19.75,6.0,2025.0,3.0,4,0.09809227746391243,jalin hyatt,1500.0,0.0625,0.03559227746391243
00-0038519,Nikko Remigio,WR,KC,NYG,0.0,0.0,0.6473086508224253,0.16860360158610238,0.5015552298670392,16.136946972017633,0.6472921059627588,14.554636936673925,0.6473086508224253,0.0,0.06781177150111785,0.17485373766783077,11.790662879587133,285.1907411190419,1.1987449626151134,293.1014035389026,0.4550922902684911,2.433790169029483,0.3333333333333333,25.75,-6.0,2025.0,3.0,7,0.09795201099875164,nikko remigio,1400.0,0.06666666666666667,0.03128534433208498
00-0038840,Brycen Tremayne,WR,CAR,ATL,0.0,0.0,0.3947887879984209,0.2002013422818792,0.3056429326439387,24.206079747335178,1.0934754924960726,18.679036715357284,1.319778918278721,0.0,0.042259505071146106,0.10846596034098288,5.310292797663825,202.7506062851912,0.9514137512215605,269.1631996698634,0.3820508916263106,2.32236250631193,0.75,19.0,5.5,2025.0,3.0,4,0.09752079380537686,brycen tremayne,900.0,0.1,-0.0024792061946231486
00-0040729,Jack Bech,WR,LV,WAS,0.0,0.0,1.0,0.06,1.7692307692307692,13.0,2.974110698560253,23.0,1.0,0.0,0.0303030303030303,0.0714545454545454,5.205153438202956,227.83630616722328,0.5020428118294664,295.4522246493855,0.512071842382608,3.056738808689271,0.0,20.5,3.5,2025.0,3.0,4,0.09751600964888228,jack bech,600.0,0.14285714285714285,-0.04534113320826057
00-0035298,Scott Miller,WR,PIT,NE,0.00040667385503128815,0.010203300889933042,0.2574133491703657,0.2625259005211465,0.5613148789490775,15.26654000801344,0.5631820496182198,10.79983285496553,0.713432092625826,0.010094513786856243,0.052368070719184756,0.1260768173692112,12.348639732784902,265.7907832774278,0.9581473650992105,286.25352399016214,0.05800530801414254,3.9607754534845534,0.5,23.0,-1.5,2025.0,3.0,4,0.09655745612110485,scott miller,1600.0,0.058823529411764705,0.03773392670934014
00-0038573,Derius Davis,WR,LAC,DEN,0.004896074883163692,0.17493094667303508,0.10290055686649123,0.1520655032975399,0.538010183092937,3.9003621606556895,0.5421417434917436,6.492182276367658,0.6530820015546054,0.17493094667303508,0.022528925008957233,0.04279184896176763,6.826193173818093,243.182616683115,0.45088529080194006,279.2994793720019,0.08604602025414061,2.5351764397861496,0.2,24.0,-2.5,2025.0,3.0,6,0.09653524858380166,derius davis,1300.0,0.07142857142857142,0.02510667715523024
00-0036741,Jack Stoll,TE,NO,SEA,0.0,0.0,0.002376792258742362,0.4054619773220225,0.4979036479958202,1.790946869975236,-0.044865232639100194,2.2616967694548005,0.33697057713839407,0.0,0.01870611284837561,0.033650476877987154,5.634363980187244,241.70288821216602,0.8739132322902243,218.04955021487123,0.5794048095149831,3.5561498436675603,1.0,17.0,7.5,2025.0,3.0,2,0.09617409112464946,jack stoll,2000.0,0.047619047619047616,0.048555043505601844
00-0039920,Malachi Corley,WR,CLE,GB,0.00924634006744279,0.3606072626302694,0.0,0.34052215931628865,0.28187467695599394,15.015650355198153,-0.831497294914968,3.2239731708196606,0.5157044462875483,0.0,0.041378165238775515,0.10670184084251312,3.474574074470003,218.5282963595761,0.9832246364056573,215.01235785253246,0.3261428124580465,1.7309161753915232,0.6666666666666666,16.5,8.5,0.0,0.0,4,0.09574775154821717,malachi corley,1600.0,0.058823529411764705,0.03692422213645247
00-0038710,Blake Whiteheart,TE,CLE,GB,0.0012019446884565578,0.03846223003060985,0.054946042900871225,0.33365313214021497,0.7207599112961934,7.837198278158988,-0.8997200098688984,4.251139737264611,0.7261027867291265,0.03846223003060985,0.030283439329790867,0.06559148515589068,3.474574074470003,218.5282963595761,0.9832246364056573,215.01235785253246,0.3261428124580465,1.7309161753915232,0.6666666666666666,16.5,8.5,2025.0,3.0,3,0.09513783353176913,blake whiteheart,1200.0,0.07692307692307693,0.018214756608692206
00-0034365,Ian Thomas,TE,LV,WAS,0.00037833358090709663,0.012106744874228803,0.017394901648125547,0.2648286082144702,0.6706724277139076,6.336054088717538,-0.7832484474428839,2.7335327779427567,0.6819103610331153,7.707707393555745e-09,0.04877119583199218,0.09813207964412539,5.205153438202956,227.83630616722328,0.5020428118294664,295.4522246493855,0.512071842382608,3.056738808689271,0.0,20.5,3.5,2025.0,3.0,3,0.0948346351559609,ian thomas,1300.0,0.07142857142857142,0.023406063727389473
00-0038115,Daniel Bellinger,TE,NYG,KC,6.013000584414674e-08,1.6235101577919621e-06,0.002187534315893897,0.43343805628277565,1.8377250768724855,5.404594257786245,0.6190099599561446,8.38736516049616,0.9429693615429922,3.149772057132188e-06,0.032153468924615396,0.06501498972981308,8.191704374595512,220.7320846225701,1.4166911375993896,238.5564512422925,0.10538074985146975,3.002142722845786,0.125,19.75,6.0,2025.0,3.0,2,0.09386086591838282,daniel bellinger,650.0,0.13333333333333333,-0.039472467414950516
00-0037654,Tucker Fisk,TE,LAC,DEN,0.0010216349902263746,0.03677885964814958,0.0,0.37155914620313696,1.3473044013202475,3.4407633197866874,0.3793765020014156,6.587212616137036,0.9742547982462955,0.0,0.03135859612355893,0.055153324801964755,6.826193173818093,243.182616683115,0.45088529080194006,279.2994793720019,0.08604602025414061,2.5351764397861496,0.2,24.0,-2.5,2025.0,3.0,4,0.0938141237873931,tucker fisk,1500.0,0.0625,0.031314123787393094
00-0034798,Durham Smythe,TE,CHI,DAL,0.007506819944848137,0.3060807621111129,0.00252324593697007,0.2884685361984337,0.5817955335445111,5.9357513293089115,-0.21408101124508933,3.8235417091695227,0.5882220965122115,4.449809305548608e-06,0.03481503248319108,0.07096013385847258,12.380518455106754,281.1115261896437,1.6728349438721037,303.66695345512966,0.18396596014230868,3.654770727982373,0.6666666666666666,24.5,1.5,2025.0,3.0,3,0.09354052530474931,durham smythe,2000.0,0.047619047619047616,0.04592147768570169
00-0040244,Moliki Matavao,TE,NO,SEA,0.0,0.0,0.0,0.0,0.0,0.0,0.0,0.0,0.0,0.0,0.0,0.0,5.634363980187244,241.70288821216602,0.8739132322902243,218.04955021487123,0.5794048095149831,3.5561498436675603,1.0,17.0,7.5,2025.0,3.0,3,0.09346838252799623,moliki matavao,2500.0,0.038461538461538464,0.05500684406645777
00-0040782,Isaiah Bond,WR,CLE,GB,0.0,0.0,0.0,0.33882352941176475,0.39215686274509803,3.647058823529412,-0.8045305432066979,5.588235294117648,1.0,0.0,0.05284552845528451,0.08692289298458593,3.474574074470003,218.5282963595761,0.9832246364056573,215.01235785253246,0.3261428124580465,1.7309161753915232,0.6666666666666666,16.5,8.5,2025.0,3.0,3,0.09339137353846383,isaiah bond,1000.0,0.09090909090909091,0.002482282629372917
00-0036862,Ben Skowronek,WR,PIT,NE,3.874527169085994e-05,0.0014310761409094066,0.24574766836209608,0.13786969461926832,1.143972768056917,4.759052514901995,1.0943481995357829,9.458409944836607,0.5572715086772464,0.21034528392157037,0.020841715607435002,0.04958446784900177,12.348639732784902,265.7907832774278,0.9581473650992105,286.25352399016214,0.05800530801414254,3.9607754534845534,0.5,23.0,-1.5,2025.0,3.0,5,0.09303098764606506,ben skowronek,2000.0,0.047619047619047616,0.04541194002701744
00-0039686,Colson Yankoff,TE,WAS,LV,0.0,0.0,0.0,0.04107316721358768,0.0,0.0,0.0,0.0,0.0,0.0,0.0,0.0,8.547879610507932,262.0369125612079,1.2423512170828008,262.4630513790614,0.3069095383093826,3.0791221157799806,1.0,24.0,-3.5,2025.0,3.0,4,0.09255755246918992,colson yankoff,3000.0,0.03225806451612903,0.06029948795306089
00-0040735,Luther Burden III,WR,CHI,DAL,0.0,0.0,0.0,0.21705882352941178,0.4901960784313726,1.4705882352941178,-1.1087602022898329,1.7058823529411766,1.0,0.0,0.0477613505295166,0.07349338971089682,12.380518455106754,281.1115261896437,1.6728349438721037,303.66695345512966,0.18396596014230868,3.654770727982373,0.6666666666666666,24.5,1.5,2025.0,3.0,4,0.09170077016720833,luther burden,750.0,0.11764705882352941,-0.02594628865632108
00-0038720,Julian Hill,TE,MIA,BUF,0.00015113294002560155,0.005871602416008893,0.0,0.5459901687885512,0.4173207902690225,1.9703636808340093,0.32590241983519846,2.540050079295021,0.2661311604108761,0.0,0.015270831310690965,0.029360092993129628,8.376622928485652,194.80807220657482,1.0148232481962065,197.87854830615598,0.5105648814225732,2.5233626356800607,0.25,18.5,12.5,2025.0,3.0,2,0.09154381345871221,julian hill,1200.0,0.07692307692307693,0.014620736535635281
00-0039410,Ryan Flournoy,WR,DAL,CHI,0.0,0.0,0.10589116327119301,0.18213611170353475,0.5941652144690611,10.085880046656339,0.04863195996550791,9.286679464615032,1.0428112076542113,0.0,0.03977909066720897,0.08733715829289458,9.658071814998499,244.65498468423627,1.7421214731800538,200.89151992546925,0.4221677605614388,3.45487248745295,0.75,26.0,-1.5,2025.0,3.0,5,0.09054498469843077,ryan flournoy,1100.0,0.08333333333333333,0.007211651365097438
00-0040138,Jaylin Noel,WR,HOU,JAX,0.0,0.0,0.0,0.29352941176470587,1.4411764705882353,0.8235294117647058,-0.3058361780507874,2.8823529411764706,0.4117647058823529,0.0,0.030501089324618702,0.049103207174342585,1.5674617646081483,249.09214976466356,1.2775567329015354,309.526120240255,0.1599843345916856,3.2330036844975587,0.0,21.5,1.5,2025.0,3.0,6,0.08964666819920951,jaylin noel,700.0,0.125,-0.03535333180079049
00-0037311,Ko Kieft,TE,TB,NYJ,0.0,0.0,0.0,0.12948085534572334,0.0038377567928353606,0.5178650304138886,0.03371346528761124,0.12191898888246301,0.052517300760959125,0.05076630282924856,0.003461848040884582,0.006513039812706889,9.150112936299884,217.20381121029115,0.9079972935425729,184.37134302914276,0.4921976049140071,2.8792460203842394,0.75,25.25,-7.0,2025.0,3.0,3,0.08902805724230889,ko kieft,1200.0,0.07692307692307693,0.012104980319231962
00-0039379,Jamari Thrash,WR,CLE,GB,0.0,0.0,0.0,0.31569962949831515,0.9319639363206524,7.96991299397585,0.06703957592912824,3.629228702536088,0.6423244142562908,0.0,0.02637155327827167,0.06043529972419092,3.474574074470003,218.5282963595761,0.9832246364056573,215.01235785253246,0.3261428124580465,1.7309161753915232,0.6666666666666666,16.5,8.5,2025.0,3.0,4,0.08814563084783723,jamari thrash,900.0,0.1,-0.011854369152162772
00-0039530,Brevyn Spann-Ford,TE,DAL,CHI,0.00045956858294259794,0.01746360615181872,0.0,0.2092176633937717,1.221953946247852,7.621283562602974,-0.12666257764159017,3.2642859656901164,0.6023629593032727,0.0,0.022440752751183873,0.05094060685754363,9.658071814998499,244.65498468423627,1.7421214731800538,200.89151992546925,0.4221677605614388,3.45487248745295,0.75,26.0,-1.5,2025.0,3.0,3,0.08728244273695998,brevyn spannford,1200.0,0.07692307692307693,0.010359365813883054
00-0034487,Trent Sherfield,WR,DEN,LAC,8.51013144435818e-05,0.0033541895950574283,4.410853910278119e-05,0.2503656175008442,0.5545071696782526,1.3273954529331453,0.043963916695548305,2.857116321574864,0.6596149315703524,0.009908602860439951,0.02046670486132536,0.035554033000300904,-2.249064787097675,213.31048166505545,0.5954819744602671,263.8781158662501,0.3745236098800593,2.9728478426159377,0.75,21.5,2.5,2025.0,3.0,5,0.08653400413476192,trent sherfield,1300.0,0.07142857142857142,0.015105432706190497
00-0037306,John FitzPatrick,TE,GB,CLE,0.0,0.0,0.0,0.22949370488615076,1.1043224295093448,1.0424422933730455,-0.15296276953340598,2.2086448590186896,0.5212211466865228,0.0,0.02182095709701468,0.035677867443395496,9.10118571228429,201.18804292848736,1.7576962026941942,237.4885250485291,0.5641498023294882,2.386152741522578,0.75,25.0,-8.5,2025.0,3.0,3,0.08652537791191689,john fitzpatrick,600.0,0.14285714285714285,-0.05633176494522596
00-0040187,Mitchell Evans,TE,CAR,ATL,0.0,0.0,0.0,0.07,1.8,5.0,0.8130568566266447,9.0,1.0,0.0,0.0188679245283018,0.0376352201257861,5.310292797663825,202.7506062851912,0.9514137512215605,269.1631996698634,0.3820508916263106,2.32236250631193,0.75,19.0,5.5,2025.0,3.0,3,0.086359655107212,mitchell evans,1400.0,0.06666666666666667,0.01969298844054533
00-0040131,Kyle Williams,WR,NE,PIT,0.0,0.0,0.0,0.1,1.0,12.0,0.7949473195185419,12.0,1.0,0.0,0.0222222222222222,0.0571293673276676,10.240063821118685,265.6659799689118,1.1651392772510214,214.99759852719114,0.589045912357535,2.9730081226384617,0.6,21.5,1.5,2025.0,3.0,5,0.08627745461338435,kyle williams,1600.0,0.058823529411764705,0.02745392520161964
00-0039631,Cam Grandy,TE,CIN,MIN,0.0,0.0,0.0,0.12710225029609157,3.3767601000131595,3.066324516383735,0.77760683570316,7.8089222266087654,1.1934465061192263,0.0,0.027783930743130163,0.05138630070639126,0.5994744373114015,204.07505266624693,0.6069819352179632,219.64281685337448,0.07452471957457124,1.9675327422325182,0.6,19.25,3.0,2025.0,3.0,5,0.0859145890558542,cam grandy,2800.0,0.034482758620689655,0.05143183043516454
00-0036497,Tim Jones,WR,MIN,CIN,0.0,0.0,0.050545073072595106,0.20256277032032155,0.3787275624211211,5.190387458602977,0.20458185557358385,4.5656606446399195,0.3933841133974177,0.0,0.021313400489435468,0.05180779882014107,3.6119887771090062,244.69897399737843,1.0062402046854033,250.58040755744986,0.27040917220777794,2.6456741870669225,0.0,22.25,-3.0,2025.0,3.0,6,0.0857826578786055,tim jones,1700.0,0.05555555555555555,0.030227102323049954
00-0040184,KeAndre Lambert-Smith,WR,LAC,DEN,0.012110726643598593,0.4117647058823529,0.0,0.14941176470588236,0.0,12.352941176470589,-0.2667174402021748,0.0,0.0,0.0,0.012110726643598593,0.04344988769501606,6.826193173818093,243.182616683115,0.45088529080194006,279.2994793720019,0.08604602025414061,2.5351764397861496,0.2,24.0,-2.5,2025.0,3.0,5,0.08545739714995382,keandre lambertsmith,1100.0,0.08333333333333333,0.002124063816620489
00-0040237,Tez Johnson,WR,TB,NYJ,0.0,0.0,0.0,0.14,0.0,5.0,-0.7956633317517117,0.0,0.0,0.0,0.0333333333333333,0.0604790419161676,9.150112936299884,217.20381121029115,0.9079972935425729,184.37134302914276,0.4921976049140071,2.8792460203842394,0.75,25.25,-7.0,2025.0,3.0,5,0.08505000446896673,tez johnson,800.0,0.1111111111111111,-0.02606110664214438
00-0039589,Kameron Johnson,WR,TB,NYJ,0.0017368974381956367,0.08163417959519512,0.0,0.09552113614649954,0.0,0.24490253878558535,-0.1345204357391829,0.0,0.0,0.0,0.0017368974381956367,0.003173001048518324,9.150112936299884,217.20381121029115,0.9079972935425729,184.37134302914276,0.4921976049140071,2.8792460203842394,0.75,25.25,-7.0,2025.0,3.0,7,0.08402565138792221,kameron johnson,600.0,0.14285714285714285,-0.058831491469220634
00-0040241,Dominic Lovett,WR,DET,BAL,0.0,0.0,0.0,0.0,0.0,0.0,0.0,0.0,0.0,0.0,0.0,0.0,-1.1224292398194406,246.3644205705692,0.7030399766902661,287.87392074109124,0.48251641339929346,3.3892252735872743,0.75,24.0,4.5,2025.0,3.0,5,0.08363058225950695,dominic lovett,1500.0,0.0625,0.021130582259506953
00-0040154,Tai Felton,WR,MIN,CIN,0.0,0.0,0.0,0.0,0.0,0.0,0.0,0.0,0.0,0.0,0.0,0.0,3.6119887771090062,244.69897399737843,1.0062402046854033,250.58040755744986,0.27040917220777794,2.6456741870669225,0.0,22.25,-3.0,2025.0,3.0,4,0.08244607063280175,tai felton,1800.0,0.05263157894736842,0.029814491685433334
00-0040506,Myles Price,WR,MIN,CIN,0.0,0.0,0.0,0.0,0.0,0.0,0.0,0.0,0.0,0.0,0.0,0.0,3.6119887771090062,244.69897399737843,1.0062402046854033,250.58040755744986,0.27040917220777794,2.6456741870669225,0.0,22.25,-3.0,2025.0,3.0,5,0.08244607063280175,myles price,1500.0,0.0625,0.019946070632801752
00-0040009,Savion Williams,WR,GB,CLE,0.0,0.0,0.0,0.11882352941176472,0.0,-1.2352941176470587,-0.16273184830103726,0.4117647058823529,0.4117647058823529,0.0,0.01871657754010693,0.024657056498488688,9.10118571228429,201.18804292848736,1.7576962026941942,237.4885250485291,0.5641498023294882,2.386152741522578,0.75,25.0,-8.5,2025.0,3.0,4,0.08205546979449012,savion williams,600.0,0.14285714285714285,-0.06080167306265273
00-0040509,Ben Yurosek,TE,MIN,CIN,0.0,0.0,0.0,0.09,0.0,0.0,0.0,0.0,0.0,0.0,0.0,0.0,3.6119887771090062,244.69897399737843,1.0062402046854033,250.58040755744986,0.27040917220777794,2.6456741870669225,0.0,22.25,-3.0,0.0,0.0,4,0.08186045803432977,ben yurosek,2200.0,0.043478260869565216,0.038382197164764556
00-0038590,Justin Shorter,TE,LV,WAS,0.0,0.0,0.0,0.004117647058823529,0.0,0.0,0.0,0.0,0.0,0.0,0.0,0.0,5.205153438202956,227.83630616722328,0.5020428118294664,295.4522246493855,0.512071842382608,3.056738808689271,0.0,20.5,3.5,2025.0,3.0,5,0.08184926747969323,justin shorter,1300.0,0.07142857142857142,0.010420696051121808
00-0040432,Beaux Collins,WR,NYG,KC,0.0,0.0,0.0,0.0,0.0,0.0,0.0,0.0,0.0,0.0,0.0,0.0,8.191704374595512,220.7320846225701,1.4166911375993896,238.5564512422925,0.10538074985146975,3.002142722845786,0.125,19.75,6.0,2025.0,3.0,5,0.08174625004392622,beaux collins,1100.0,0.08333333333333333,-0.0015870832894071124
00-0037304,Connor Heyward,TE,PIT,NE,9.872393173957832e-07,3.5832610746491716e-05,1.4072462273545672e-05,0.1436329439607904,0.5709595208555184,3.0371389284102404,0.03438068488890092,3.1307660984558643,0.516351885223147,0.00847657861924334,0.017756890827053257,0.036229164128808646,12.348639732784902,265.7907832774278,0.9581473650992105,286.25352399016214,0.05800530801414254,3.9607754534845534,0.5,23.0,-1.5,0.0,0.0,4,0.08159597316340207,connor heyward,2000.0,0.047619047619047616,0.033976925544354455
00-0040737,Terrance Ferguson,TE,LA,PHI,0.0,0.0,0.0,0.0,0.0,0.0,0.0,0.0,0.0,0.0,0.0,0.0,-2.4692825243399605,179.6525696146404,0.9564926010401154,265.46633586148016,0.14730047888725403,2.0838006093126427,0.4285714285714285,20.5,3.5,2025.0,3.0,4,0.08158408690794287,terrance ferguson,1700.0,0.05555555555555555,0.02602853135238732
00-0040590,Konata Mumpfield,WR,LA,PHI,0.0,0.0,0.0,0.0,0.0,0.0,0.0,0.0,0.0,0.0,0.0,0.0,-2.4692825243399605,179.6525696146404,0.9564926010401154,265.46633586148016,0.14730047888725403,2.0838006093126427,0.4285714285714285,20.5,3.5,2025.0,3.0,5,0.08158408690794287,konata mumpfield,1700.0,0.05555555555555555,0.02602853135238732
00-0040189,Oronde Gadsden II,TE,LAC,DEN,0.0,0.0,0.0,0.0,0.0,0.0,0.0,0.0,0.0,0.0,0.0,0.0,6.826193173818093,243.182616683115,0.45088529080194006,279.2994793720019,0.08604602025414061,2.5351764397861496,0.2,24.0,-2.5,2025.0,3.0,3,0.08116592684259114,oronde gadsden,1900.0,0.05,0.031165926842591132
00-0036331,Devin Duvernay,WR,CHI,DAL,1.0119627216911615e-07,3.151087430337396e-06,0.05042369172337574,0.11445920182130684,0.3068254669241263,5.8970216965167195,0.18784574429350193,3.5966467422119535,0.486544822096796,2.036376905353726e-06,0.018899270132842323,0.04230335746728036,12.380518455106754,281.1115261896437,1.6728349438721037,303.66695345512966,0.18396596014230868,3.654770727982373,0.6666666666666666,24.5,1.5,2025.0,3.0,5,0.08111403411820253,devin duvernay,1400.0,0.06666666666666667,0.014447367451535867
00-0035645,Gunner Olszewski,WR,NYG,KC,0.0,0.0,0.00023977431128309587,0.011795770376638285,0.0015049042005397333,0.022927085788639914,-0.018107873505046685,0.017952332032599248,0.0052550929470447216,7.707707333622934e-09,0.00021836633955557715,0.0003730645065484256,8.191704374595512,220.7320846225701,1.4166911375993896,238.5564512422925,0.10538074985146975,3.002142722845786,0.125,19.75,6.0,2025.0,3.0,6,0.08092961330304603,gunner olszewski,1500.0,0.0625,0.01842961330304603
00-0040646,Jalen Royals,WR,KC,NYG,0.0,0.0,0.0,0.0,0.0,0.0,0.0,0.0,0.0,0.0,0.0,0.0,11.790662879587133,285.1907411190419,1.1987449626151134,293.1014035389026,0.4550922902684911,2.433790169029483,0.3333333333333333,25.75,-6.0,2025.0,3.0,5,0.08071129058418053,jalen royals,500.0,0.16666666666666666,-0.08595537608248613
00-0038359,Xavier Smith,WR,LA,PHI,0.0,0.0,0.21070021857348525,0.030777819143311756,0.2281983920050198,7.588124230884057,0.5672287218421546,7.6027060420770045,0.21653294305066342,0.0,0.0076546239056887455,0.034981505075108145,-2.4692825243399605,179.6525696146404,0.9564926010401154,265.46633586148016,0.14730047888725403,2.0838006093126427,0.4285714285714285,20.5,3.5,2025.0,3.0,6,0.08062104972069085,xavier smith,1800.0,0.05263157894736842,0.027989470773322436
00-0036825,Feleipe Franks,TE,ATL,CAR,0.0,0.0,0.0,0.06578598679131539,0.21023964997338562,6.000788642314966,0.008519817845447033,2.5228757996806275,0.21023964997338562,0.0,0.010384415958778308,0.027240593442918477,9.029731868012524,235.240206203497,1.2475762278601545,229.7980099867842,0.412524494152715,3.178918405546798,0.2,24.5,-5.5,2025.0,3.0,4,0.08041554940762861,feleipe franks,2000.0,0.047619047619047616,0.032796501788581
00-0040075,LaJohntay Wester,WR,BAL,DET,0.0,0.0,0.0,0.029411764705882356,0.0,0.0,0.0,0.0,0.0,0.0,0.0,0.0,6.179361023510649,244.35853096314946,1.2320000444930022,308.3628901687074,0.3188732529136597,3.825318000338281,0.3333333333333333,28.5,-4.5,2025.0,3.0,6,0.08034860515131376,lajohntay wester,1900.0,0.05,0.030348605151313754
00-0036620,Dee Eskridge,WR,MIA,BUF,0.0,0.0,0.0,0.0,0.0,0.0,0.0,0.0,0.0,0.0,0.0,0.0,8.376622928485652,194.80807220657482,1.0148232481962065,197.87854830615598,0.5105648814225732,2.5233626356800607,0.25,18.5,12.5,2025.0,3.0,5,0.07993903680639115,dee eskridge,2200.0,0.043478260869565216,0.03646077593682594
00-0038576,Charlie Jones,WR,CIN,MIN,0.0,0.0,0.012115749531129826,0.02988298336605777,0.036457048492208176,0.6593965811733769,0.047108924159466645,0.7200237918271505,0.06860203250802599,0.0,0.0023854139032194565,0.007176592139483188,0.5994744373114015,204.07505266624693,0.6069819352179632,219.64281685337448,0.07452471957457124,1.9675327422325182,0.6,19.25,3.0,2025.0,3.0,5,0.07991707655676711,charlie jones,2000.0,0.047619047619047616,0.03229802893771949
00-0035021,Ashton Dulin,WR,IND,TEN,0.00022981808464738861,0.004963680160636264,0.0022120877461252815,0.14968782124802862,0.01002402666047042,4.086486775681753,-0.15563986270348515,0.20108790663109966,0.008977801647267624,0.0027560201085686416,0.005632430658654056,0.017268735933465378,6.406556985218197,218.74663526875815,1.0886759903544163,204.28143932892377,0.3510558904483784,3.302685558739719,0.3333333333333333,24.0,-4.5,2025.0,3.0,5,0.0798129979384004,ashton dulin,1400.0,0.06666666666666667,0.01314633127173373
00-0039648,David Martin-Robinson,TE,TEN,IND,0.0,0.0,0.0,0.1564307093144856,0.0,0.0,0.05367266626819589,0.7421297464930944,0.12368829108218239,0.0,0.006453811400216144,0.009680717100324211,5.758191881437528,210.98015331404417,1.3847033220606133,200.34894812274328,0.47111374735255923,2.306222028143563,0.3333333333333333,19.5,4.5,2025.0,3.0,3,0.07968534762758488,david martinrobinson,1900.0,0.05,0.029685347627584874
00-0037093,Dareke Young,WR,SEA,NO,0.0,0.0,0.0,0.05690912311888957,0.2919319352191697,0.23558112799574146,-0.018346050590177614,0.2919319352191697,0.02432766126826413,0.0,0.0018618108113467443,0.003760385215878084,9.783358481835723,231.9923422062492,1.1474359596436583,248.91679247395217,0.4503978134916653,2.407534651129448,0.4,24.5,-7.5,2025.0,3.0,5,0.07960209251856677,dareke young,1300.0,0.07142857142857142,0.008173521089995348
00-0031763,DeAndre Carter,WR,CLE,GB,7.993629627232132e-05,0.004155025561989685,4.62438697388894e-06,0.016401147942795232,0.05939895664090824,0.7312929406969838,-0.008489981660409261,0.5000554097631276,0.07734455916998462,5.932097482568517e-07,0.0032417193236903667,0.006654740755606963,3.474574074470003,218.5282963595761,0.9832246364056573,215.01235785253246,0.3261428124580465,1.7309161753915232,0.6666666666666666,16.5,8.5,2025.0,3.0,5,0.07934130302867318,deandre carter,850.0,0.10526315789473684,-0.02592185486606366
00-0039816,Anthony Gould,WR,IND,TEN,0.0,0.0,0.05188667000288455,0.0062147777862655,0.0662996338925747,0.9339600600519221,0.09799385541303149,1.1933934100663448,0.05188667000288455,0.0,0.0014412963889690112,0.004046013868860857,6.406556985218197,218.74663526875815,1.0886759903544163,204.28143932892377,0.3510558904483784,3.302685558739719,0.3333333333333333,24.0,-4.5,2025.0,3.0,6,0.07909618422441024,anthony gould,1800.0,0.05263157894736842,0.026464605277041822
