player_id,player_display_name,position,team,opponent_team,avg_endzone_target_share,avg_endzone_targets,avg_explosive_receiving_plays,avg_offense_snap_share,avg_racr,avg_receiving_air_yards,avg_receiving_epa,avg_receiving_yards,avg_receptions,avg_scored_touchdown,avg_target_share,avg_wopr,avg_receiving_air_yards_allowed,avg_receiving_epa_allowed,passing_tds_allowed_to_TE,avg_explosive_receiving_plays_allowed,avg_receiving_yards_allowed,passing_tds_allowed_to_WR,redzone_td_rate,implied_total,spread_line,season,week,depth_chart_rank,predicted_touchdown_probability,merge_name,price,market_implied_prob,model_edge
00-0036900,Ja'Marr Chase,WR,CIN,NYJ,0.021173436542687985,0.9492844030710674,0.4222501758267305,0.9610420718125156,0.9253997731499909,118.93646659312296,4.685498471167234,107.9977556471134,10.167254437418446,0.7617320344512242,0.3587368000401862,0.8219254808069748,192.62255162290808,6.91456961573791,0.7925236514578996,2.519894878645976,202.2807345501135,0.6716371051256983,0.3333333333333333,25.0,-5.5,2025.0,8.0,1,0.4765023554401068,jamarr chase,-125.0,0.5555555555555556,-0.07905320011544881
00-0036912,DeVonta Smith,WR,PHI,NYG,0.008706038895360632,0.2774264891151074,1.48259495919802,0.911700808112496,1.149818944707518,94.37947775287002,6.944671668880144,98.85758678167568,6.299308794992741,0.42404580722918134,0.2929637345714261,0.6781820896547889,311.0179728927835,2.827296348775329,0.28648736122542395,3.107937113708791,263.95342785987725,0.8234030658667191,0.0,26.0,-7.5,2025.0,8.0,2,0.4676069183358912,devonta smith,160.0,0.38461538461538464,0.08299153372050655
00-0037238,Drake London,WR,ATL,MIA,0.013734039484952899,0.45018632093412864,1.289346295718263,0.925394048593802,0.7285784444501401,122.72847105773911,-0.5847674702593506,86.78793804588342,6.421737281987755,0.4090275473196699,0.3421912482587503,0.8181024428187235,166.9866315177276,8.05515681390707,0.33399116190296774,2.1785853571552773,199.26009649046864,0.7636059631422236,0.5,25.75,-7.0,2025.0,8.0,1,0.4474778252173643,drake london,145.0,0.40816326530612246,0.03931455991124183
00-0040128,Tyler Warren,TE,IND,TEN,0.020557081501301717,0.6923093520734638,1.2003714505500327,0.8482446558622789,2.1158987309244965,37.71424624994156,4.002980763981188,62.11961348481228,4.606720109950932,0.8280973800672744,0.20072167630497742,0.404455012200205,168.8456315080119,10.239849697549785,0.5690019635076607,3.024742361857382,216.24328698962015,0.6579037736988632,0.6666666666666666,31.5,-15.5,2025.0,8.0,1,0.4442239271037542,tyler warren,110.0,0.47619047619047616,-0.031966549086721974
00-0036358,CeeDee Lamb,WR,DAL,DEN,0.01078391255462047,0.3447056797612612,1.498870629949108,0.812668673199098,1.115525956355471,102.61161533051843,4.188160777313174,103.8726489328075,6.851111849828539,0.43299788624001834,0.283887462874303,0.6948628983881715,269.02787349805226,5.156361686023726,0.7614617546241189,2.6051071042348584,210.85320238593084,0.14781029082507963,0.5,24.0,3.5,2025.0,8.0,1,0.42680664827085446,ceedee lamb,150.0,0.4,0.02680664827085444
00-0037247,George Pickens,WR,DAL,DEN,0.03694919317650171,1.3376626735760748,1.9568717491577883,0.8450966831427769,0.8740133806517844,106.49570841914554,7.081285715848453,95.22601473537685,5.180720449209291,0.6007347400086657,0.2253630338361014,0.6612836590267098,269.02787349805226,5.156361686023726,0.7614617546241189,2.6051071042348584,210.85320238593084,0.14781029082507963,0.5,24.0,3.5,2025.0,8.0,2,0.4197066529929834,george pickens,190.0,0.3448275862068966,0.0748790667860868
00-0036252,Michael Pittman,WR,IND,TEN,0.008837797359818739,0.2938155114488155,0.16838632843468881,0.8604747863113232,1.0924842006153517,54.14631931225989,2.9101539865991413,47.0462973750671,5.079816471205592,0.675734180735908,0.2221303082576588,0.4658139829407467,168.8456315080119,10.239849697549785,0.5690019635076607,3.024742361857382,216.24328698962015,0.6579037736988632,0.6666666666666666,31.5,-15.5,2025.0,8.0,1,0.3853261753681853,michael pittman,170.0,0.37037037037037035,0.014955804997814959
00-0034348,Courtland Sutton,WR,DEN,DAL,0.021800337408264363,0.8161021533586158,1.2096238709312075,0.876442268926566,0.8135206097203644,84.76984639258032,3.3959272454842893,69.51934310035628,4.817843169697467,0.26800382784174004,0.2019881223258487,0.5193322425996153,256.32670486720326,6.531169978689614,0.5499491589211208,3.0630073162519924,252.47965420669317,1.3729433690165822,0.8,27.5,-3.5,2025.0,8.0,1,0.377863038862005,courtland sutton,135.0,0.425531914893617,-0.04766887603161202
00-0039915,Ladd McConkey,WR,LAC,MIN,0.03266923115420938,1.4739709771222629,0.556213798800035,0.8155741508350952,0.8837877423305097,85.42923693165835,1.672288565726287,63.28429030431505,6.260208883180318,0.38433009620708947,0.23141763221660527,0.5422673406076969,205.10684032649505,5.099733940630261,0.5407933851698599,2.9423046114100386,230.5044201451662,1.1927363626458398,0.6,23.75,-3.0,2025.0,8.0,1,0.37759537213694966,ladd mcconkey,160.0,0.38461538461538464,-0.007020012478434978
00-0040129,Emeka Egbuka,WR,TB,NO,0.02057915516914435,0.9074479398748342,1.3137416761174818,0.7390015460215202,0.632087273711001,119.72266060855515,0.6476864122002178,72.7333042589313,4.179873343273989,0.3657355992623296,0.22208568369684475,0.5796084451588722,242.7241153110971,7.964960191542192,0.4725983605135444,2.741454348815329,213.38404295460413,1.069809561737309,0.0,25.5,-4.5,2025.0,8.0,1,0.3698015651332173,emeka egbuka,-105.0,0.5121951219512195,-0.1423935568180022
00-0036410,Tee Higgins,WR,CIN,NYJ,0.020884502505894024,0.7938082318305858,0.7190443237226726,0.8491067330922081,0.6265047251541852,92.1401297465435,3.8767877837562086,59.78554784204764,4.452305422637488,0.5458120745708397,0.2017066841292062,0.533164917715677,192.62255162290808,6.91456961573791,0.7925236514578996,2.519894878645976,202.2807345501135,0.6716371051256983,0.3333333333333333,25.0,-5.5,2025.0,8.0,2,0.3687671109655433,tee higgins,125.0,0.4444444444444444,-0.0756773334789011
00-0039064,Zay Flowers,WR,BAL,CHI,0.003550591232276716,0.07317820818888865,0.6482101416361854,0.8392554768932633,1.174995178965783,65.51240810823545,-0.9745492341646081,59.18907076609896,5.295811732929354,0.05696544700990662,0.27540094431172774,0.6385075324188435,235.6125539341056,3.053690784867085,0.31136247931080013,3.0711148842374487,220.19746182268483,1.5411833657105287,0.0,24.25,-3.0,2025.0,8.0,1,0.35891197377723033,zay flowers,210.0,0.3225806451612903,0.03633132861594002
00-0037816,Romeo Doubs,WR,GB,PIT,0.02673861645794235,0.9043642133102026,0.6561119369515169,0.847119959465104,0.7987840406415705,87.52541364546371,1.518294991526731,54.739265684350514,4.726940086681123,0.23859458380754095,0.2491593969319916,0.6569669512822651,283.71742340637934,11.085342017631477,0.6472299235570448,2.917619250245494,291.82360179053603,1.0267499404679687,0.75,24.0,-2.5,2025.0,8.0,2,0.353636282303874,romeo doubs,195.0,0.3389830508474576,0.014653231456416393
00-0037239,Chris Olave,WR,NO,TB,0.03748327574354125,1.1892684150285335,0.8560585663478316,0.812607649146372,0.7582798074448037,104.17581805815365,2.9659236815395604,73.20292883960032,5.6698266564459585,0.4092839862573806,0.2896578244073337,0.6974247767587195,230.02302553174286,6.379379523396381,0.5053474048736095,3.9520451502716227,263.5569260450051,0.889791815442581,0.5,21.0,4.5,2025.0,8.0,1,0.3443884783709564,chris olave,175.0,0.36363636363636365,-0.019247885265407272
00-0036322,Justin Jefferson,WR,MIN,LAC,0.02458021722921507,0.8484734124706628,1.6370523256215044,0.9701608728549646,0.863522982636533,117.19020108520813,2.1315653664683722,94.04728426643814,6.102675200827763,0.0900014583259381,0.2830650500061616,0.7081770384186417,247.0539349336405,8.284399039472426,0.6758461831125442,2.551706536908457,224.20378265344593,0.6191126554475374,0.1666666666666666,20.75,3.0,2025.0,8.0,1,0.34345777531017496,justin jefferson,145.0,0.40816326530612246,-0.0647054899959475
00-0034351,Dallas Goedert,TE,PHI,NYG,0.006837107750230692,0.209247771576966,0.6216593266430488,0.8458699617969766,1.1342871578987745,50.60253964224464,1.9389590428142818,44.77167413083997,4.51202957269091,0.5659350277804169,0.20934129167795312,0.4357140281215861,311.0179728927835,2.827296348775329,0.28648736122542395,3.107937113708791,263.95342785987725,0.8234030658667191,0.0,26.0,-7.5,2025.0,8.0,1,0.34219961382677383,dallas goedert,140.0,0.4166666666666667,-0.07446705283989286
00-0039067,Rashee Rice,WR,KC,WAS,0.010244767398070545,0.37336308033885257,0.4889611979604337,0.5143994003589106,2.6141586428671695,26.84144877832191,3.84995409823756,58.33441362427683,5.927410183191556,0.6081380435538466,0.23688113942661757,0.4684460091194486,232.6689553968217,7.2155954461128475,0.7889639145492471,3.175436091576406,254.3068179775254,0.8503683353841811,0.6666666666666666,29.5,-11.5,2025.0,8.0,1,0.3358686074680343,rashee rice,-105.0,0.5121951219512195,-0.1763265144831852
00-0038996,Tucker Kraft,TE,GB,PIT,0.005545230824249183,0.1424314364585184,0.6999479677087882,0.9035540230096688,9.604689904582374,25.81437318568428,3.8081518885323398,52.69156598137401,3.8556120969375636,0.6483684166025566,0.20917895652981136,0.39256744260733745,283.71742340637934,11.085342017631477,0.6472299235570448,2.917619250245494,291.82360179053603,1.0267499404679687,0.75,24.0,-2.5,2025.0,8.0,1,0.3352579561411802,tucker kraft,140.0,0.4166666666666667,-0.08140871052548648
00-0030279,Keenan Allen,WR,LAC,MIN,0.030547952559834366,1.3285081225141833,0.633766236878369,0.6455219826789179,0.8379037095274348,83.1506687311315,3.207824675051391,68.32738102249357,6.8066036687476545,0.48595733312669803,0.23887542265381564,0.5597894015481906,205.10684032649505,5.099733940630261,0.5407933851698599,2.9423046114100386,230.5044201451662,1.1927363626458398,0.6,23.75,-3.0,2025.0,8.0,2,0.33223873825047223,keenan allen,165.0,0.37735849056603776,-0.04511975231556553
00-0038994,Jordan Addison,WR,MIN,LAC,0.02630085415760287,1.0220473490894149,1.3824565930694486,0.8767796629343929,0.7265205407218053,112.33656405645435,3.420408287557614,80.16713488515033,5.8210336168753765,0.38359842225947,0.22826381277665903,0.5703781757996739,247.0539349336405,8.284399039472426,0.6758461831125442,2.551706536908457,224.20378265344593,0.6191126554475374,0.1666666666666666,20.75,3.0,2025.0,8.0,2,0.3296813356291691,jordan addison,215.0,0.31746031746031744,0.012221018168851683
00-0038544,Quentin Johnston,WR,LAC,MIN,0.01843619654369781,0.8858319155771577,1.106616735821908,0.8439180935121864,0.8549946847631551,78.96256615350838,-0.0024534586885820416,59.59524964795449,4.47464579407852,0.5972953486699409,0.19116247436472747,0.47605507591488944,205.10684032649505,5.099733940630261,0.5407933851698599,2.9423046114100386,230.5044201451662,1.1927363626458398,0.6,23.75,-3.0,2025.0,8.0,3,0.32929392658686885,quentin johnston,145.0,0.40816326530612246,-0.07886933871925361
00-0031588,Stefon Diggs,WR,NE,CLE,0.005771487210607163,0.17501204197788428,0.9561677911365073,0.5632856701531199,1.4554929206094522,53.49417435121342,4.919011717993092,68.9682307007922,5.900677667179321,0.020478103326464343,0.26354922305524076,0.5831256856070254,225.00953640490616,0.9616982744968154,0.5238466572775167,3.2388006912677065,198.92836437499082,0.8582160007868062,0.4,23.75,-7.0,2025.0,8.0,1,0.3261166380759731,stefon diggs,155.0,0.39215686274509803,-0.06604022466912496
00-0030506,Travis Kelce,TE,KC,WAS,0.0026431324660344127,0.08621055679416485,0.42660977063891486,0.7122313775810487,1.9296357106578066,33.55965730737849,3.8793372463169167,57.542997342086906,4.769590412893653,0.2100487118223374,0.17071177785517894,0.3646927958064765,232.6689553968217,7.2155954461128475,0.7889639145492471,3.175436091576406,254.3068179775254,0.8503683353841811,0.6666666666666666,29.5,-11.5,2025.0,8.0,1,0.31822058947242504,travis kelce,-110.0,0.5238095238095238,-0.2055889343370988
00-0037664,Alec Pierce,WR,IND,TEN,0.010021054318478353,0.33518344112328136,1.0525388145659826,0.7908301918790945,0.5704491136525763,136.74415008603344,3.3655315225467617,68.41419433295228,3.4268601911984358,0.11066597365063281,0.19858500331178514,0.6400930656824296,168.8456315080119,10.239849697549785,0.5690019635076607,3.024742361857382,216.24328698962015,0.6579037736988632,0.6666666666666666,31.5,-15.5,2025.0,8.0,3,0.31532935312840654,alec pierce,310.0,0.24390243902439024,0.0714269141040163
00-0035640,DK Metcalf,WR,PIT,GB,0.01584676672267849,0.4575291542838973,1.5492747013892414,0.8914718799832891,1.2083639899833885,82.08303206235017,3.4561971265447937,68.41094804954693,3.5935289901648906,0.587551973337376,0.20952802043570623,0.5987713339592363,257.07526712039356,11.125682842897172,1.0353068892711852,2.20359297371151,243.6634439559345,0.7400722352009955,0.6,21.5,2.5,2025.0,8.0,1,0.3050759475193957,dk metcalf,155.0,0.39215686274509803,-0.08708091522570233
00-0038117,Wan'Dale Robinson,WR,NYG,PHI,0.008498199103076197,0.23250786720399003,1.006749866477338,0.8972309564980507,0.9865808760504708,73.22418842495999,2.012862102036494,66.95779805762163,5.323133006916079,0.2782183051143422,0.27308219650913435,0.5699472494707105,309.7430670682393,3.576968651682368,0.17175679148658096,3.3340843684071855,244.47418737513314,0.5456877114568088,0.4,18.5,7.5,2025.0,8.0,1,0.30105431245221953,wandale robinson,370.0,0.2127659574468085,0.08828835500541102
00-0038997,Josh Downs,WR,IND,TEN,0.013406232374089987,0.4187432064171657,0.16638898637448565,0.5466841261209887,1.0309319755141204,40.43686064745892,3.1751659174468023,42.170150949714575,5.034105081057703,0.3267586660407802,0.2127785770431806,0.43333083280969253,168.8456315080119,10.239849697549785,0.5690019635076607,3.024742361857382,216.24328698962015,0.6579037736988632,0.6666666666666666,31.5,-15.5,2025.0,8.0,2,0.2945488261434287,josh downs,300.0,0.25,0.0445488261434287
00-0038933,Dalton Kincaid,TE,BUF,CAR,0.01129162112898132,0.3457462597466536,1.3674202390564427,0.4846733513633241,1.1294501722734707,48.83038095535829,4.5209804043630255,60.26277185093254,3.977295431276819,0.4389908473751208,0.17317710897831093,0.4229265711278124,264.3640215384791,7.204607661049406,0.5292329917322478,2.863840816420248,218.94555145662162,0.6695801366164515,0.6666666666666666,27.25,-7.0,2025.0,8.0,1,0.29049532320334176,dalton kincaid,215.0,0.31746031746031744,-0.026964994256975683
00-0035719,Deebo Samuel Sr.,WR,WAS,KC,0.013578983248608028,0.35862791195363686,0.6678429430195143,0.7456964500913545,1.6071096304381687,46.42354874282861,1.9090557046507646,47.444574954308884,5.199634613971233,0.5409656922478927,0.267066415319323,0.5334512129917275,147.26738276029135,0.7135200617574916,0.22771134262753753,2.0724301274286843,166.7173414625149,0.5951032794963229,1.0,18.0,11.5,2025.0,8.0,2,0.288411379744855,deebo samuel,265.0,0.273972602739726,0.014438777005128967
00-0038041,Jake Ferguson,TE,DAL,DEN,0.031224887450411413,1.004004462275667,0.16866165647450382,0.6556037760648802,2.4081379586053684,22.75654711058412,2.5938879885113706,39.51858363885364,6.309281216089962,0.7599502005975467,0.20921153030978515,0.3795437067462657,269.02787349805226,5.156361686023726,0.7614617546241189,2.6051071042348584,210.85320238593084,0.14781029082507963,0.5,24.0,3.5,2025.0,8.0,1,0.28043008705460976,jake ferguson,155.0,0.39215686274509803,-0.11172677569048828
00-0035659,Terry McLaurin,WR,WAS,KC,0.010196258074534564,0.3198955672820939,0.4360498920784054,0.782243879953848,0.7476638520924024,84.57523698211193,2.2856016747649948,54.60730643401108,4.061928159068503,0.2405393692567792,0.22590244341722646,0.5864895897737612,147.26738276029135,0.7135200617574916,0.22771134262753753,2.0724301274286843,166.7173414625149,0.5951032794963229,1.0,18.0,11.5,2025.0,8.0,1,0.279454970246375,terry mclaurin,300.0,0.25,0.029454970246375
00-0040189,Oronde Gadsden II,TE,LAC,MIN,0.008484931401636003,0.3390068875987162,1.6948541343622663,0.6464483790703546,1.6487948324716222,51.38033247989615,2.188080226695381,84.74003822436984,5.14820958494104,0.3606072626302694,0.14199827773127838,0.31759241552586803,205.10684032649505,5.099733940630261,0.5407933851698599,2.9423046114100386,230.5044201451662,1.1927363626458398,0.6,23.75,-3.0,2025.0,8.0,1,0.27513509279977255,oronde gadsden,180.0,0.35714285714285715,-0.0820077643430846
00-0038608,Kayshon Boutte,WR,NE,CLE,0.02572015783102181,0.6752499787070844,1.1689990169313336,0.7024958440458529,0.9539186755103276,59.010079637108795,5.264063065604249,55.95506533259504,2.9711551442831716,0.5978020655384596,0.1348655648464152,0.3877949733798014,225.00953640490616,0.9616982744968154,0.5238466572775167,3.2388006912677065,198.92836437499082,0.8582160007868062,0.4,23.75,-7.0,2025.0,8.0,2,0.2729634110574906,kayshon boutte,285.0,0.2597402597402597,0.013223151317230897
00-0036613,Jaylen Waddle,WR,MIA,ATL,0.01577148087422105,0.5055654265888977,0.5750533626463774,0.8045872663572904,0.6952916376523525,92.34137981161733,2.234860742150727,56.94915904534173,3.830818011877217,0.27751821258109327,0.2020071730364747,0.5865438222993632,219.06578424073362,3.01669583078046,0.3017304190794763,1.1203992377654806,167.463320569074,0.5224344416682918,0.0,18.75,7.0,2025.0,8.0,1,0.271470576344165,jaylen waddle,185.0,0.3508771929824561,-0.07940661663829113
00-0039919,Rome Odunze,WR,CHI,BAL,0.01612044127454973,0.5301967797518813,1.0113424245170743,0.9112700281273333,0.5353307265746035,91.84660047888786,0.7298972346147571,47.626356025581146,3.0191960923144014,0.3811689554372452,0.2226712455892008,0.5922561236476974,249.40622836993555,12.158177983692147,0.41585219085716957,3.143552988188302,229.99789737899349,1.5526998984033424,0.3333333333333333,21.25,3.0,2025.0,8.0,1,0.2665181358177491,rome odunze,155.0,0.39215686274509803,-0.12563872692734895
00-0036970,Kyle Pitts,TE,ATL,MIA,0.001772390277466495,0.05772905253534754,0.32598405616116094,0.7890283597045578,1.9607573808536263,40.94131339659406,2.0326267601472194,45.053116553676674,4.79924952833182,0.1733095200588532,0.19478139369388162,0.3879649280832883,166.9866315177276,8.05515681390707,0.33399116190296774,2.1785853571552773,199.26009649046864,0.7636059631422236,0.5,25.75,-7.0,2025.0,8.0,1,0.2654132962817773,kyle pitts,145.0,0.40816326530612246,-0.14274996902434517
00-0040124,Tetairoa McMillan,WR,CAR,BUF,0.02484891500063696,0.6146816794324869,0.7928089239670606,0.896103420960835,0.6468941762063141,73.98379439908017,0.8897476008414876,47.94920261708848,3.834475004895681,0.22884649271499882,0.2294281586695677,0.59534474079638,200.5283394483081,4.4059522809276155,0.12258662802955345,3.2458593688267943,212.64881813679895,0.8964590618919073,0.3333333333333333,20.25,7.0,2025.0,8.0,1,0.26098742727129454,tetairoa mcmillan,195.0,0.3389830508474576,-0.07799562357616308
00-0038129,Cade Otton,TE,TB,NO,0.002061528053264888,0.06776128529210564,0.8773700725962503,0.9531532059700646,1.423011536420153,35.36361857848056,0.23545823060011664,49.70718780635932,4.660347319712141,0.012188614761948862,0.1748172821287653,0.3398056756268393,242.7241153110971,7.964960191542192,0.4725983605135444,2.741454348815329,213.38404295460413,1.069809561737309,0.0,25.5,-4.5,2025.0,8.0,1,0.25157307489459196,cade otton,185.0,0.3508771929824561,-0.09930411808786416
00-0039894,Xavier Worthy,WR,KC,WAS,0.02225424460400313,0.812124465258807,0.2632372786631243,0.6384546381451597,1.241074389555054,61.453095600380635,1.876169760651411,39.21423232665671,3.7456763905903987,0.3305074993022733,0.16146296369564328,0.41818921854254515,232.6689553968217,7.2155954461128475,0.7889639145492471,3.175436091576406,254.3068179775254,0.8503683353841811,0.6666666666666666,29.5,-11.5,2025.0,8.0,2,0.2510129447879726,xavier worthy,165.0,0.37735849056603776,-0.12634554577806517
00-0039342,Xavier Legette,WR,CAR,BUF,0.031997185854699066,1.118695204104895,0.4987522690896005,0.754056514435689,0.4480977159523934,58.87530742280848,-0.2661048076638897,40.07648657503445,4.292377792921959,0.45654550447215275,0.20920447992635632,0.47237889121917426,200.5283394483081,4.4059522809276155,0.12258662802955345,3.2458593688267943,212.64881813679895,0.8964590618919073,0.3333333333333333,20.25,7.0,2025.0,8.0,2,0.24751754364532425,xavier legette,320.0,0.23809523809523808,0.009422305550086163
00-0037261,Khalil Shakir,WR,BUF,CAR,0.001508921238110083,0.047933326197828766,0.23715491762803048,0.6099906728235727,2.418893597541611,30.887389984313042,0.7878216295956182,43.121984557762005,4.164909276586777,0.28004895575024485,0.21318670113558325,0.3972249788096346,264.3640215384791,7.204607661049406,0.5292329917322478,2.863840816420248,218.94555145662162,0.6695801366164515,0.6666666666666666,27.25,-7.0,2025.0,8.0,2,0.24598343650541685,khalil shakir,200.0,0.3333333333333333,-0.08734989682791647
00-0033881,Evan Engram,TE,DEN,DAL,0.000248003260287534,0.00869856738153476,0.31348587680246387,0.5061079673527746,13.479007683129122,22.690565232679216,0.973342886936506,35.699586831747965,4.402127008815025,0.1549390829580336,0.1780270182041571,0.3376259729223772,256.32670486720326,6.531169978689614,0.5499491589211208,3.0630073162519924,252.47965420669317,1.3729433690165822,0.8,27.5,-3.5,2025.0,8.0,1,0.23923964566184436,evan engram,185.0,0.3508771929824561,-0.11163754732061176
00-0030061,Zach Ertz,TE,WAS,KC,0.019357698119626218,0.5769234122630007,0.3758577901358734,0.6314584661116985,0.7627369992094896,44.14383938331087,1.75515502856198,32.60137955537065,3.3316569952087027,0.6514398872127537,0.18489359328159083,0.3920720344940845,147.26738276029135,0.7135200617574916,0.22771134262753753,2.0724301274286843,166.7173414625149,0.5951032794963229,1.0,18.0,11.5,2025.0,8.0,1,0.23798555642613292,zach ertz,260.0,0.2777777777777778,-0.03979222135164487
00-0038976,Marvin Mims Jr.,WR,DEN,DAL,0.005980433080010632,0.16914942881922695,1.0477568028015825,0.4242359081758825,0.9023839638918992,64.82431736515636,1.6711161366731282,47.26322942660787,3.79118272261967,0.2041608633309004,0.13532233644298194,0.37269197875953486,256.32670486720326,6.531169978689614,0.5499491589211208,3.0630073162519924,252.47965420669317,1.3729433690165822,0.8,27.5,-3.5,2025.0,8.0,3,0.23336422035141086,marvin mims,265.0,0.273972602739726,-0.040608382388315156
00-0039901,Keon Coleman,WR,BUF,CAR,0.01868683151736276,0.6067801852894879,0.33063137370696205,0.7503535044309093,0.5445270790657656,63.978662694018766,-2.02565012299266,28.59452487651833,3.359818850396658,0.2944265410928059,0.20515576165043728,0.4896554411462114,264.3640215384791,7.204607661049406,0.5292329917322478,2.863840816420248,218.94555145662162,0.6695801366164515,0.6666666666666666,27.25,-7.0,2025.0,8.0,1,0.23327241183812664,keon coleman,250.0,0.2857142857142857,-0.05244187387615906
00-0040667,Matthew Golden,WR,GB,PIT,0.006507787760493899,0.24823454611600143,0.9972221938888266,0.6691087560392632,1.551937081923918,47.51537653382838,5.018333277665158,49.68945011679027,3.487775273105601,0.0,0.15200871429855128,0.4051662466791627,283.71742340637934,11.085342017631477,0.6472299235570448,2.917619250245494,291.82360179053603,1.0267499404679687,0.75,24.0,-2.5,2025.0,8.0,1,0.23192426609719635,matthew golden,220.0,0.3125,-0.08057573390280365
00-0034383,Dalton Schultz,TE,HOU,SF,0.0036181456934215937,0.1382418643574481,0.5400663248180186,0.7075044271420579,1.644776404848835,37.231144730697686,3.411556619764469,57.57722840200034,5.737454882393538,0.02579682279575809,0.19521777816341496,0.3932006643606419,301.0440876562688,7.755285618306432,0.27087355667184815,2.787776781189983,246.7932817527108,0.865285896200275,0.25,22.0,-2.5,2025.0,8.0,1,0.23082438395810795,dalton schultz,145.0,0.40816326530612246,-0.1773388813480145
00-0036309,Darnell Mooney,WR,ATL,MIA,0.009875927500407142,0.20812937301733292,0.6949920952381592,0.7841381476516329,0.6746141723863041,79.08220072952055,1.0966219292605586,45.27569363658567,2.6584145870962237,0.012001924915313057,0.14926697505113765,0.4144914069287555,166.9866315177276,8.05515681390707,0.33399116190296774,2.1785853571552773,199.26009649046864,0.7636059631422236,0.5,25.75,-7.0,2025.0,8.0,2,0.23045408116637528,darnell mooney,200.0,0.3333333333333333,-0.10287925216695804
00-0035662,Marquise Brown,WR,KC,WAS,0.018847975060913225,0.6320228738892223,0.42652422580652044,0.5047658557663067,0.7584514380259648,56.064600490239805,2.5444516441837433,35.91553500933633,3.525468462950802,0.6162327976253736,0.1615870671889049,0.3936394981616725,232.6689553968217,7.2155954461128475,0.7889639145492471,3.175436091576406,254.3068179775254,0.8503683353841811,0.6666666666666666,29.5,-11.5,2025.0,8.0,3,0.23030924889008683,marquise brown,270.0,0.2702702702702703,-0.039961021380183454
00-0037545,Rashid Shaheed,WR,NO,TB,0.00529517611274707,0.16805918369039935,0.2625614187222821,0.71161085934886,0.637441443252028,91.40591649290673,-0.28643538573728267,50.362644212246586,3.9981924879747184,0.22951263534878863,0.22439966498752795,0.5629806526555675,230.02302553174286,6.379379523396381,0.5053474048736095,3.9520451502716227,263.5569260450051,0.889791815442581,0.5,21.0,4.5,2025.0,8.0,2,0.22936675411469096,rashid shaheed,245.0,0.2898550724637681,-0.06048831834907717
00-0034827,DJ Moore,WR,CHI,BAL,0.017629898314278313,0.4906791454723954,0.4767966783180369,0.8802041998454677,1.6625310957507589,38.70613819421181,1.3975070544657526,44.17148685900845,3.8976161954152575,0.14919923293876294,0.19396072609769072,0.4008017852967809,249.40622836993555,12.158177983692147,0.41585219085716957,3.143552988188302,229.99789737899349,1.5526998984033424,0.3333333333333333,21.25,3.0,2025.0,8.0,2,0.22668502066099844,dj moore,275.0,0.26666666666666666,-0.039981646005668225
00-0033090,Hunter Henry,TE,NE,CLE,0.012957676480339245,0.4096945159694495,0.43460807471465857,0.7801501938213713,1.504773340041346,34.39132992066909,2.2469463344323617,38.138517712304484,3.3682932319382335,0.19308450671979246,0.17212417730771928,0.3683310136983831,225.00953640490616,0.9616982744968154,0.5238466572775167,3.2388006912677065,198.92836437499082,0.8582160007868062,0.4,23.75,-7.0,2025.0,8.0,1,0.22616076809443036,hunter henry,155.0,0.39215686274509803,-0.16599609465066767
00-0033307,Kendrick Bourne,WR,SF,HOU,0.005631797232258558,0.21919131877110265,0.5846698164103457,0.7338227877537864,1.0627842917652706,56.91621324149684,3.1880995492361777,63.83979902783489,3.940471647948802,0.005036934785878331,0.14911465066050983,0.3588518724096216,244.56139803453235,-3.035580017916247,0.12276237216786143,2.624020207304885,195.63149853317432,0.5385378410810441,1.0,19.5,2.5,2025.0,8.0,3,0.2240543810135896,kendrick bourne,450.0,0.18181818181818182,0.042236199195407775
00-0036259,Jauan Jennings,WR,SF,HOU,0.00809640430743611,0.29250183680038383,0.24454682140391532,0.7832900395623741,0.551787599648818,57.699260395998856,-2.7411812421791275,34.17850467393426,3.319688764759178,0.11997393869162791,0.20055555536993222,0.48444136634826146,244.56139803453235,-3.035580017916247,0.12276237216786143,2.624020207304885,195.63149853317432,0.5385378410810441,1.0,19.5,2.5,2025.0,8.0,1,0.2216228497965095,jauan jennings,300.0,0.25,-0.028377150203490492
00-0036040,Juwan Johnson,TE,NO,TB,0.006953039667438991,0.23585982017788223,0.7655988681397251,0.7886745795325795,1.7454349403610183,37.24506677549613,0.6005462443068594,45.35939145055269,3.853213327283487,0.059614646718901966,0.16627336083376962,0.33457875387926017,230.02302553174286,6.379379523396381,0.5053474048736095,3.9520451502716227,263.5569260450051,0.889791815442581,0.5,21.0,4.5,2025.0,8.0,1,0.21372570395331594,juwan johnson,290.0,0.2564102564102564,-0.042684552456940444
00-0039847,Theo Johnson,TE,NYG,PHI,0.01332612330946422,0.5148654017383725,0.5446221800813151,0.8478182559232819,1.2086653889782184,32.66894793606248,0.6786766061144133,38.0586483073587,3.113849540371786,0.5592850047768861,0.17571130023025627,0.3543614794185758,309.7430670682393,3.576968651682368,0.17175679148658096,3.3340843684071855,244.47418737513314,0.5456877114568088,0.4,18.5,7.5,2025.0,8.0,1,0.21311978474605758,theo johnson,370.0,0.2127659574468085,0.00035382729924907097
00-0035229,T.J. Hockenson,TE,MIN,LAC,0.012653720380116338,0.4487414839291929,0.041829799385792434,0.8081511706629757,2.069630530874465,28.759315259589233,0.24476343127025962,37.82078365565771,4.799967267452319,0.10350427001670374,0.1894868529481313,0.35423043828688244,247.0539349336405,8.284399039472426,0.6758461831125442,2.551706536908457,224.20378265344593,0.6191126554475374,0.1666666666666666,20.75,3.0,2025.0,8.0,1,0.21291166714035423,tj hockenson,210.0,0.3225806451612903,-0.10966897802093609
00-0033288,George Kittle,TE,SF,HOU,0.0039491697302302215,0.13877475808014794,0.7816597741756395,0.6658541773128199,1.0036592537258648,34.69534549499404,2.812385339263147,41.51875721540176,3.2736763136131954,0.25879172512393506,0.13541211905619077,0.3015250018436775,244.56139803453235,-3.035580017916247,0.12276237216786143,2.624020207304885,195.63149853317432,0.5385378410810441,1.0,19.5,2.5,2025.0,8.0,1,0.2120540122937378,george kittle,155.0,0.39215686274509803,-0.18010285045136024
00-0040736,Mason Taylor,TE,NYJ,CIN,0.0,0.0,0.15059701146095927,0.8806161855278133,1.2200813115558182,25.71546142481788,1.876626827576542,31.07085773953935,3.619409647971979,0.0,0.16031403366558616,0.3109096030555661,226.85168909818034,12.007721982351718,1.8935076695729802,3.6232484606203483,256.6790165597395,0.419018791201469,0.0,19.5,5.5,2025.0,8.0,1,0.2118299160562419,mason taylor,275.0,0.26666666666666666,-0.054836750610424756
00-0032398,Chris Moore,WR,WAS,KC,0.01373851124672127,0.35727990423007217,0.6159249648614573,0.6714352195417084,0.6640029937532936,48.20156357798194,1.7612405696831557,34.09873467667924,1.6487230196377969,0.21001234415106432,0.13457215448190424,0.33385718147021565,147.26738276029135,0.7135200617574916,0.22771134262753753,2.0724301274286843,166.7173414625149,0.5951032794963229,1.0,18.0,11.5,2025.0,8.0,3,0.20755883650248763,chris moore,950.0,0.09523809523809523,0.1123207412643924
00-0039868,Troy Franklin,WR,DEN,DAL,0.014822102000866349,0.7152490400135139,0.3120191445975335,0.6050441407067629,0.5378645387439845,84.87473845034712,-1.7089416200682959,28.225019212489094,3.2160149979912087,0.35391305596167294,0.17436181084550748,0.4516499681451571,256.32670486720326,6.531169978689614,0.5499491589211208,3.0630073162519924,252.47965420669317,1.3729433690165822,0.8,27.5,-3.5,2025.0,8.0,2,0.20501902843234937,troy franklin,255.0,0.28169014084507044,-0.07667111241272107
00-0033885,David Njoku,TE,CLE,NE,0.016821317043549614,0.5965147239486037,0.12048401797597313,0.7307071219230774,1.6356622187927146,42.16877728308366,0.1502682556665922,38.98049826677412,4.216765007777588,0.2602013399358654,0.17822343132275967,0.37753340721129747,217.59868977702598,6.153786803309556,0.2155489521179382,2.9085175304671407,237.44782694543704,0.8990958276522237,0.4,16.75,7.0,2025.0,8.0,1,0.20438408533935915,david njoku,310.0,0.24390243902439024,-0.039518353685031093
00-0035644,Noah Fant,TE,CIN,NYJ,0.01034214744433581,0.39863232652678754,0.46219910239533246,0.5206131058293234,3.0450684192436848,15.356635192685982,0.6234355526393522,34.85121078016387,4.02429902148896,0.4224526438107344,0.13314468281421724,0.24323937714824861,192.62255162290808,6.91456961573791,0.7925236514578996,2.519894878645976,202.2807345501135,0.6716371051256983,0.3333333333333333,25.0,-5.5,2025.0,8.0,1,0.20392116202113975,noah fant,295.0,0.25316455696202533,-0.04924339494088559
00-0034753,Mark Andrews,TE,BAL,CHI,0.013807232614211365,0.3713238977740399,0.17370088869859157,0.69589857046138,0.8595566358257201,37.77215956870461,0.2579605203502855,31.86529525466637,3.800267689250266,0.21279171007514458,0.18243415174409616,0.39976769649149935,235.6125539341056,3.053690784867085,0.31136247931080013,3.0711148842374487,220.19746182268483,1.5411833657105287,0.0,24.25,-3.0,2025.0,8.0,1,0.20188592999563945,mark andrews,300.0,0.25,-0.04811407000436055
00-0037837,Calvin Austin III,WR,PIT,GB,0.013433518361936946,0.3410285531430367,0.44920070050271466,0.6779539275153552,1.3372065854545685,47.544422103804806,0.09387575780252864,28.4489215991433,2.3541100805613424,0.33695988918113695,0.14480533803446322,0.44229989412157655,257.07526712039356,11.125682842897172,1.0353068892711852,2.20359297371151,243.6634439559345,0.7400722352009955,0.6,21.5,2.5,2025.0,8.0,2,0.1960568909750083,calvin austin,390.0,0.20408163265306123,-0.008024741678052921
00-0036407,Jerry Jeudy,WR,CLE,NE,0.005974415403388346,0.2813371425634879,0.24907184432831797,0.8198770638898701,0.40660796226708185,85.29840030151585,-2.410688724849048,33.891821624541855,3.292758480605234,0.012261002207174765,0.2236773506666943,0.6049865100486458,217.59868977702598,6.153786803309556,0.2155489521179382,2.9085175304671407,237.44782694543704,0.8990958276522237,0.4,16.75,7.0,2025.0,8.0,1,0.1949695818738399,jerry jeudy,340.0,0.22727272727272727,-0.03230314539888737
00-0040237,Tez Johnson,WR,TB,NO,0.017147863812256907,0.5780012716027976,0.7446016381236039,0.531529561365035,0.6713549252566977,63.00365160803355,2.390473281009437,41.19245062339137,2.3810252382555244,0.5780012716027976,0.12077875923497099,0.3153220674359177,242.7241153110971,7.964960191542192,0.4725983605135444,2.741454348815329,213.38404295460413,1.069809561737309,0.0,25.5,-4.5,2025.0,8.0,4,0.19444060287870543,tez johnson,280.0,0.2631578947368421,-0.06871729185813666
00-0037112,Jake Tonges,TE,SF,HOU,0.005967108642812642,0.27137183227030587,0.3063628458821291,0.67958192200489,1.494791904208365,29.859359080610854,1.4897391822055588,41.354967089424576,4.539362656678063,0.4245532552113703,0.15409608210062972,0.29607180344111567,244.56139803453235,-3.035580017916247,0.12276237216786143,2.624020207304885,195.63149853317432,0.5385378410810441,1.0,19.5,2.5,2025.0,8.0,3,0.19416219381294242,jake tonges,1000.0,0.09090909090909091,0.1032531029038515
00-0038104,Tyquan Thornton,WR,KC,WAS,0.020306837784042953,0.7471737673187245,1.258876569919686,0.4493214953464734,0.5267647150396519,91.40968187272063,2.741410396649161,47.27856912743439,1.9824363319727663,0.32218411978841877,0.10571974786036933,0.3829509281134277,232.6689553968217,7.2155954461128475,0.7889639145492471,3.175436091576406,254.3068179775254,0.8503683353841811,0.6666666666666666,29.5,-11.5,2025.0,8.0,5,0.1932160601704721,tyquan thornton,650.0,0.13333333333333333,0.05988272683713877
00-0036894,Pat Freiermuth,TE,PIT,GB,0.014290764224770153,0.47282147709772554,0.44497978704709523,0.5773748723377259,1.620538248064526,33.397915866058746,2.5944687589191315,50.70008426751189,3.3037134339396856,0.3923997297358347,0.1430769164938764,0.31955830139408153,257.07526712039356,11.125682842897172,1.0353068892711852,2.20359297371151,243.6634439559345,0.7400722352009955,0.6,21.5,2.5,2025.0,8.0,2,0.19271475425509604,pat freiermuth,330.0,0.23255813953488372,-0.039843385279787674
00-0040663,Harold Fannin Jr.,TE,CLE,NE,0.004854319542439369,0.16019254490049917,0.32225476564647987,0.785566383627145,1.8017666290415875,35.223618984974266,1.0567629114144912,42.10244117092251,4.554108301275755,0.16019254490049917,0.19995363023105092,0.41554197357443984,217.59868977702598,6.153786803309556,0.2155489521179382,2.9085175304671407,237.44782694543704,0.8990958276522237,0.4,16.75,7.0,2025.0,8.0,2,0.19087893383128746,harold fannin,400.0,0.2,-0.009121066168712555
00-0032385,Sterling Shepard,WR,TB,NO,0.007308557189394541,0.23058669418799202,0.4581391332047501,0.5654734483592053,1.1372258749739093,32.045005213169006,-1.0125348452761096,33.893884899488,4.063081669306267,0.14754991830999575,0.13631193834776228,0.2841029931723961,242.7241153110971,7.964960191542192,0.4725983605135444,2.741454348815329,213.38404295460413,1.069809561737309,0.0,25.5,-4.5,2025.0,8.0,3,0.1861222323375218,sterling shepard,220.0,0.3125,-0.1263777676624782
00-0040164,Jaylin Lane,WR,WAS,KC,0.018107327382573805,0.5175526894530209,0.5557700537364257,0.4844468077385422,0.5989887412090461,55.33233578057414,0.5266482727789521,33.04022859803081,1.7659819034732034,0.0,0.12716146918074925,0.3290044885250988,147.26738276029135,0.7135200617574916,0.22771134262753753,2.0724301274286843,166.7173414625149,0.5951032794963229,1.0,18.0,11.5,2025.0,8.0,4,0.18052065439940415,jaylin lane,1000.0,0.09090909090909091,0.08961156349031324
00-0040170,Elic Ayomanor,WR,TEN,IND,0.0057963130241748375,0.2119347369033604,0.49400438535264757,0.8625445997295034,0.5788827599789144,60.812374645247075,-0.3176976392628485,30.036807342964725,2.4957272725192308,0.13344038990211582,0.16912922102947375,0.43271342601617124,320.2703277109905,8.249577770138544,0.5891800875175456,4.507266736270107,316.53750436749226,1.4234570873387276,0.0,16.0,15.5,2025.0,8.0,2,0.17617150956870617,elic ayomanor,390.0,0.20408163265306123,-0.02791012308435506
00-0039491,Jalen Coker,WR,CAR,BUF,0.011390210847638301,0.3099233176498786,0.33193220647102706,0.6898566930936413,0.745351250789065,42.914236259611855,2.1737962078258755,33.75606420033219,2.7035275403214016,0.09809403774919229,0.1420855849049875,0.3384288217700383,200.5283394483081,4.4059522809276155,0.12258662802955345,3.2458593688267943,212.64881813679895,0.8964590618919073,0.3333333333333333,20.25,7.0,2025.0,8.0,3,0.1754378701034937,jalen coker,500.0,0.16666666666666666,0.008771203436827052
00-0033858,Jonnu Smith,TE,PIT,GB,0.01043556497664582,0.36593719579310763,0.13364491921378502,0.6196870349004836,2.493689201065965,26.0674934558692,1.204548798047988,24.395265122827674,3.443748551874926,0.4388477406445389,0.1648425611216073,0.3167501523594476,257.07526712039356,11.125682842897172,1.0353068892711852,2.20359297371151,243.6634439559345,0.7400722352009955,0.6,21.5,2.5,2025.0,8.0,1,0.1751496536718456,jonnu smith,250.0,0.2857142857142857,-0.1105646320424401
00-0037291,Jalen Nailor,WR,MIN,LAC,0.018647613699278903,0.7906948404030818,0.7514477287138591,0.6674607101344143,0.707579425426648,41.440562653661374,1.1659917884870397,28.933818081597526,2.2414820063793868,0.18078503587993117,0.12509127176103374,0.2917209557302653,247.0539349336405,8.284399039472426,0.6758461831125442,2.551706536908457,224.20378265344593,0.6191126554475374,0.1666666666666666,20.75,3.0,2025.0,8.0,3,0.16741706331210263,jalen nailor,390.0,0.20408163265306123,-0.0366645693409586
00-0038619,Andrei Iosivas,WR,CIN,NYJ,0.004871894374517744,0.1854993378846919,0.7771284638426963,0.820869146778232,0.908298360491474,37.77400366134244,0.680835703003078,36.34030490970589,2.4278497867427484,0.03680256210785267,0.1011601973572905,0.23619066118577917,192.62255162290808,6.91456961573791,0.7925236514578996,2.519894878645976,202.2807345501135,0.6716371051256983,0.3333333333333333,25.0,-5.5,2025.0,8.0,3,0.1654075297373315,andrei iosivas,450.0,0.18181818181818182,-0.016410652080850324
00-0038124,Christian Watson,WR,GB,PIT,0.0021148834403411196,0.07077497805736646,0.7251078663244094,0.517224665832859,0.35877458798714024,54.628098434937996,0.16051048685998676,33.05832222736748,1.3644388700531627,0.01600573604515938,0.12977673182126245,0.384582474340407,283.71742340637934,11.085342017631477,0.6472299235570448,2.917619250245494,291.82360179053603,1.0267499404679687,0.75,24.0,-2.5,2025.0,8.0,6,0.16520677970060252,christian watson,390.0,0.20408163265306123,-0.03887485295245871
00-0035535,Darius Slayton,WR,NYG,PHI,0.003796569065311324,0.15281949069115996,0.1879861480481941,0.8303409556219002,0.6496144586119542,59.77381811938997,-0.730713744115852,32.38704735383188,2.4913457404816652,0.03667841794326413,0.1320812698904819,0.38215321463844565,309.7430670682393,3.576968651682368,0.17175679148658096,3.3340843684071855,244.47418737513314,0.5456877114568088,0.4,18.5,7.5,2025.0,8.0,2,0.1647925538734193,darius slayton,500.0,0.16666666666666666,-0.0018741127932473678
00-0037755,Jelani Woods,TE,NYJ,CIN,0.018010979221041723,0.6379889517705207,0.23710712528852193,0.48445058124953627,1.5691482424242857,31.4949972645108,-1.3763168928221952,25.012837548710664,2.1662395577935882,0.023552378463581068,0.12712633550538577,0.2845500444448433,226.85168909818034,12.007721982351718,1.8935076695729802,3.6232484606203483,256.6790165597395,0.419018791201469,0.0,19.5,5.5,2025.0,8.0,4,0.16143500863085533,jelani woods,1400.0,0.06666666666666667,0.09476834196418867
00-0038621,DeMario Douglas,WR,NE,CLE,0.010322999768869611,0.33783142277875233,0.2544992253705022,0.3364758883710869,1.1295161398944447,25.05682595494294,1.7574347926746843,27.905446507867147,2.6352596685423606,0.29793205367757836,0.1331326610434536,0.27178249346362876,225.00953640490616,0.9616982744968154,0.5238466572775167,3.2388006912677065,198.92836437499082,0.8582160007868062,0.4,23.75,-7.0,2025.0,8.0,4,0.15752512639222813,demario douglas,500.0,0.16666666666666666,-0.009141540274438531
00-0036415,Van Jefferson,WR,TEN,IND,0.006171570556021278,0.22727899294234852,0.6711571180661277,0.627231196750965,2.137838672688312,34.456246291271555,1.9128585543241325,32.97249134183689,2.7023701803484173,0.013531050977885694,0.10410879323893117,0.25561036749032184,320.2703277109905,8.249577770138544,0.5891800875175456,4.507266736270107,316.53750436749226,1.4234570873387276,0.0,16.0,15.5,2025.0,8.0,3,0.15506269271703094,van jefferson,550.0,0.15384615384615385,0.001216538870877082
00-0040782,Isaiah Bond,WR,CLE,NE,0.02096275008075413,0.8160017952039496,0.4046008901219583,0.6459156050143311,0.35385652825347363,57.14957652906836,-0.9068049189242209,22.26629198584237,2.027822261208975,0.0,0.13626567687244182,0.3582388752997953,217.59868977702598,6.153786803309556,0.2155489521179382,2.9085175304671407,237.44782694543704,0.8990958276522237,0.4,16.75,7.0,2025.0,8.0,2,0.1547703948240403,isaiah bond,600.0,0.14285714285714285,0.011913251966897465
00-0035208,Olamide Zaccheaus,WR,CHI,BAL,0.002270326241490645,0.07736414134806298,0.09036637077130957,0.605774649460739,1.0997894080551252,32.85291658978458,-0.23347144030887,25.183088755238575,2.8535690741014834,0.04204661976693394,0.15991291727256973,0.32887176395092543,249.40622836993555,12.158177983692147,0.41585219085716957,3.143552988188302,229.99789737899349,1.5526998984033424,0.3333333333333333,21.25,3.0,2025.0,8.0,3,0.154633536860357,olamide zaccheaus,500.0,0.16666666666666666,-0.012033129806309661
00-0039880,Malik Washington,WR,MIA,ATL,0.0003562602259110134,0.012112847680974476,0.03319909068479331,0.5623281036776112,1.1758222981333006,21.446485834656258,-1.8454995352484442,19.403269161784845,3.7396376084684535,0.0014250644168189654,0.17962349477257555,0.3368573606988462,219.06578424073362,3.01669583078046,0.3017304190794763,1.1203992377654806,167.463320569074,0.5224344416682918,0.0,18.75,7.0,2025.0,8.0,2,0.1532779933889038,malik washington,500.0,0.16666666666666666,-0.013388673277762858
00-0033555,Mack Hollins,WR,NE,CLE,0.012097802390274913,0.24063858981892094,0.6366022091865255,0.6104777254585845,0.9721276237952247,33.453437055132,2.5674180783707983,27.866177219306238,1.9756990357453388,0.23628664795128015,0.0921257829467509,0.23750161968989364,225.00953640490616,0.9616982744968154,0.5238466572775167,3.2388006912677065,198.92836437499082,0.8582160007868062,0.4,23.75,-7.0,2025.0,8.0,3,0.15144295754690065,mack hollins,850.0,0.10526315789473684,0.04617979965216382
00-0036550,Rashod Bateman,WR,BAL,CHI,0.007066284848656676,0.19343770298954435,0.3597246591042851,0.6754960682621091,1.1314493845724884,38.05545651589071,0.009398270472869286,19.41660818766536,1.5417006235188686,0.18270592923881335,0.11795734698329134,0.306502185565937,235.6125539341056,3.053690784867085,0.31136247931080013,3.0711148842374487,220.19746182268483,1.5411833657105287,0.0,24.25,-3.0,2025.0,8.0,2,0.1510908835266047,rashod bateman,500.0,0.16666666666666666,-0.015575783140061944
00-0038115,Daniel Bellinger,TE,NYG,PHI,0.009090925513399746,0.3000004553189651,0.6005253576551202,0.48900448944817204,1.4471889251834322,33.86504929652956,3.8032569913237735,41.862213685320675,2.216307221779825,0.30000082177419385,0.07640215545398983,0.1914891179805527,309.7430670682393,3.576968651682368,0.17175679148658096,3.3340843684071855,244.47418737513314,0.5456877114568088,0.4,18.5,7.5,2025.0,8.0,2,0.15099941438976738,daniel bellinger,650.0,0.13333333333333333,0.017666081056434052
00-0033857,JuJu Smith-Schuster,WR,KC,WAS,0.005626663208383168,0.20801374245452614,0.2919191263677449,0.5797797087001455,2.72086537577129,19.239018889703907,0.9328140779937962,35.82031240953339,2.855551300114759,0.1124563573753488,0.10183937450803343,0.21163324294220467,232.6689553968217,7.2155954461128475,0.7889639145492471,3.175436091576406,254.3068179775254,0.8503683353841811,0.6666666666666666,29.5,-11.5,2025.0,8.0,4,0.15088013869560715,juju smithschuster,550.0,0.15384615384615385,-0.0029660151505467025
00-0038558,Darnell Washington,TE,PIT,GB,0.009376400357375636,0.3187614195466743,0.23783522502424007,0.6469377440273393,0.8760975135248739,22.50918636755111,1.2554928276615742,19.242228895942155,2.2473017583882697,0.3014646969374829,0.11864844930087974,0.2503552201484111,257.07526712039356,11.125682842897172,1.0353068892711852,2.20359297371151,243.6634439559345,0.7400722352009955,0.6,21.5,2.5,2025.0,8.0,3,0.14844169855540557,darnell washington,320.0,0.23809523809523808,-0.08965353953983252
00-0036427,Tyler Johnson,WR,NYJ,CIN,0.003105859505716755,0.09617919979996384,0.8894457251088095,0.4248654738678201,0.7806499902189185,26.197665804432066,1.6992597803904994,28.532322354743133,1.7142927149431102,0.05141832385298932,0.0842213552306624,0.1989730451944409,226.85168909818034,12.007721982351718,1.8935076695729802,3.6232484606203483,256.6790165597395,0.419018791201469,0.0,19.5,5.5,2025.0,8.0,5,0.14577855648012703,tyler johnson,800.0,0.1111111111111111,0.03466744536901592
00-0035406,Lil'Jordan Humphrey,WR,NYG,PHI,0.018066731803322175,0.48722487318844176,0.3103241853601258,0.6582135860319259,0.6177960991383402,41.96201227533403,0.08551382755197129,20.521232422350245,1.742947225654439,0.05163821110838762,0.12184689863975681,0.3040510678802685,309.7430670682393,3.576968651682368,0.17175679148658096,3.3340843684071855,244.47418737513314,0.5456877114568088,0.4,18.5,7.5,0.0,0.0,4,0.1430826515792425,liljordan humphrey,850.0,0.10526315789473684,0.037819493684505656
00-0040584,Gunnar Helm,TE,TEN,IND,0.006022276124078914,0.22884649271499882,0.0,0.4978266775510418,1.0866235419982875,26.218418938812658,1.2441138265607108,25.223366926908724,2.9021295473841375,0.0,0.11134506667472925,0.23980829731704856,320.2703277109905,8.249577770138544,0.5891800875175456,4.507266736270107,316.53750436749226,1.4234570873387276,0.0,16.0,15.5,2025.0,8.0,2,0.13859672155227662,gunnar helm,425.0,0.19047619047619047,-0.051879468923913846
00-0037801,KaVontae Turpin,WR,DAL,DEN,0.006728005669603712,0.29503079383073244,0.3601382912291649,0.43036584398231,0.7951445902881391,26.682747517456985,2.168821675906196,31.57263289373771,2.071256371756696,0.1074177909003279,0.0720640850955229,0.17362521012153073,269.02787349805226,5.156361686023726,0.7614617546241189,2.6051071042348584,210.85320238593084,0.14781029082507963,0.5,24.0,3.5,2025.0,8.0,4,0.13850361239194992,kavontae turpin,600.0,0.14285714285714285,-0.004353530465192934
00-0034981,Foster Moreau,TE,NO,TB,0.007417850327306877,0.2556511939894382,0.3361608928231883,0.5997297544839757,2.074372165809439,20.735922468510903,0.776381598110959,26.551942653143644,2.3676743995915577,0.2350547307424556,0.09050519851788663,0.18852641206925436,230.02302553174286,6.379379523396381,0.5053474048736095,3.9520451502716227,263.5569260450051,0.889791815442581,0.5,21.0,4.5,2025.0,8.0,2,0.1344784043751178,foster moreau,750.0,0.11764705882352941,0.016831345551588384
00-0038618,Xavier Hutchinson,WR,HOU,SF,0.02054773932379995,0.8536088998135194,0.12249258490059642,0.6857646959096722,0.8447189665412866,36.71078287061084,0.35280560402890043,16.570416073387083,1.9117238343932559,0.2100023193237312,0.09245117103510829,0.21796117624525924,301.0440876562688,7.755285618306432,0.27087355667184815,2.787776781189983,246.7932817527108,0.865285896200275,0.25,22.0,-2.5,2025.0,8.0,3,0.13447160748168696,xavier hutchinson,290.0,0.2564102564102564,-0.12193864892856943
00-0035689,Dawson Knox,TE,BUF,CAR,0.01166066598263955,0.30357817726614217,0.05754248305852663,0.6195697775804061,1.4030610351365929,19.749685159084663,1.0922942286077875,15.83751736235672,1.3456298131785185,0.3018111221077048,0.08263616540820436,0.18049776012591115,264.3640215384791,7.204607661049406,0.5292329917322478,2.863840816420248,218.94555145662162,0.6695801366164515,0.6666666666666666,27.25,-7.0,2025.0,8.0,2,0.1342303870145889,dawson knox,425.0,0.19047619047619047,-0.05624580346160157
00-0039355,Luke McCaffrey,WR,WAS,KC,0.00952610228466388,0.2521358541307067,0.4327705117908088,0.3972489652937179,0.8714353267639326,32.542482634621116,-0.21905877213932598,21.981276289178936,0.8948519389928992,0.38523738964382254,0.07044843870295445,0.1936816319497848,147.26738276029135,0.7135200617574916,0.22771134262753753,2.0724301274286843,166.7173414625149,0.5951032794963229,1.0,18.0,11.5,2025.0,8.0,5,0.13322622346572224,luke mccaffrey,950.0,0.09523809523809523,0.03798812822762701
00-0030564,DeAndre Hopkins,WR,BAL,CHI,0.004423434315168673,0.14724827990508849,0.4275653283537348,0.3166309350442024,0.7770829761209718,40.791547777081156,1.5636623058145045,27.11350930827057,1.7881552089164858,0.14304400768209324,0.0977292636433288,0.27896598932737887,235.6125539341056,3.053690784867085,0.31136247931080013,3.0711148842374487,220.19746182268483,1.5411833657105287,0.0,24.25,-3.0,2025.0,8.0,3,0.13316915858525868,deandre hopkins,750.0,0.11764705882352941,0.015522099761729274
00-0033282,Curtis Samuel,WR,BUF,CAR,0.0007105701951356486,0.018574802165061497,0.34515238321392483,0.4666976996858019,4.659950766578539,19.357894490846537,0.6579134013131792,22.02646034820636,2.4243613669507935,0.3357005741179383,0.10519451598678806,0.2155378380126927,264.3640215384791,7.204607661049406,0.5292329917322478,2.863840816420248,218.94555145662162,0.6695801366164515,0.6666666666666666,27.25,-7.0,2025.0,8.0,4,0.13284537690909154,curtis samuel,850.0,0.10526315789473684,0.027582219014354703
00-0040705,Chimere Dike,WR,TEN,IND,0.0016650316030567029,0.054946042900871225,0.32692356102142694,0.500031946970383,1.344091131651814,36.69685587803659,0.6804152607167706,27.54073712762998,2.4311474461221803,0.32692356102142694,0.10234080716715421,0.24464652519489055,320.2703277109905,8.249577770138544,0.5891800875175456,4.507266736270107,316.53750436749226,1.4234570873387276,0.0,16.0,15.5,2025.0,8.0,4,0.1327558950252192,chimere dike,475.0,0.17391304347826086,-0.041157148453041664
00-0037666,Jalen Tolbert,WR,DAL,DEN,0.005628648242898457,0.22316781447574044,0.18285815020551927,0.6988842140972789,0.9302263971340303,32.774174536765045,0.4952021406882364,18.991705125800397,1.4914066783614313,0.042348737940354306,0.07433767692777803,0.20048914897107373,269.02787349805226,5.156361686023726,0.7614617546241189,2.6051071042348584,210.85320238593084,0.14781029082507963,0.5,24.0,3.5,2025.0,8.0,3,0.13191496029745858,jalen tolbert,750.0,0.11764705882352941,0.014267901473929173
00-0037838,Isaiah Likely,TE,BAL,CHI,0.008288565327932856,0.17162034739623058,0.04267524642778515,0.6637460175398099,1.5422734380069727,19.07112554826335,1.4295591668655154,18.23085722443339,2.05882989678138,0.2169717134252467,0.09218317445093104,0.19292802125712089,235.6125539341056,3.053690784867085,0.31136247931080013,3.0711148842374487,220.19746182268483,1.5411833657105287,0.0,24.25,-3.0,2025.0,8.0,2,0.13184122991998595,isaiah likely,500.0,0.16666666666666666,-0.034825436746680705
00-0032775,Demarcus Robinson,WR,SF,HOU,0.007253254459774835,0.3360217786880064,0.482468190472544,0.49920298122177204,0.4052162155239772,50.21460675228494,-0.25419800869343373,23.63478642314625,1.2690201365063782,0.026820597489418233,0.07945384067416134,0.28328497957572735,244.56139803453235,-3.035580017916247,0.12276237216786143,2.624020207304885,195.63149853317432,0.5385378410810441,1.0,19.5,2.5,2025.0,8.0,4,0.13062457424300472,demarcus robinson,1000.0,0.09090909090909091,0.03971548333391381
00-0037005,Tommy Tremble,TE,CAR,BUF,0.00368428089518815,0.13180539033757208,0.007718022992625648,0.6739418708667089,1.8343344046289451,10.395871728513756,0.4239443053455744,17.909942364776544,2.319511341245839,0.13620722014080944,0.10417873545629283,0.19026853524807147,200.5283394483081,4.4059522809276155,0.12258662802955345,3.2458593688267943,212.64881813679895,0.8964590618919073,0.3333333333333333,20.25,7.0,2025.0,8.0,2,0.13053653750254532,tommy tremble,750.0,0.11764705882352941,0.012889478679015909
00-0032392,Austin Hooper,TE,NE,CLE,0.013042245671310869,0.31920724221778796,0.2602583738887592,0.5781489116938707,1.1162708690187149,12.247637007190784,1.1250592523646628,17.96823723888021,1.8465142758265043,0.3147482274578815,0.07996640061864912,0.16299435317973596,225.00953640490616,0.9616982744968154,0.5238466572775167,3.2388006912677065,198.92836437499082,0.8582160007868062,0.4,23.75,-7.0,2025.0,8.0,2,0.13026843011434025,austin hooper,650.0,0.13333333333333333,-0.0030649032189930814
00-0040582,Arian Smith,WR,NYJ,CIN,0.010000022000048384,0.34000074800164565,0.0,0.683372025418456,0.8460269521683855,33.92704263949381,-1.0483273570115585,3.2187190811819786,0.8214758072467759,0.0,0.0660034013169648,0.20240596096908617,226.85168909818034,12.007721982351718,1.8935076695729802,3.6232484606203483,256.6790165597395,0.419018791201469,0.0,19.5,5.5,2025.0,8.0,3,0.12795332553940672,arian smith,500.0,0.16666666666666666,-0.03871334112725994
00-0034521,Allen Lazard,WR,NYJ,CIN,0.006471209629680309,0.23608909520217353,0.11115102689024121,0.5249872288706641,0.7117452341081917,30.78960240473259,0.19985171232935686,16.957633586103512,1.685491832010369,0.19370301046167665,0.07825432299374044,0.19640350956374866,226.85168909818034,12.007721982351718,1.8935076695729802,3.6232484606203483,256.6790165597395,0.419018791201469,0.0,19.5,5.5,2025.0,8.0,4,0.12793996766381116,allen lazard,450.0,0.18181818181818182,-0.05387821415437066
00-0030035,Adam Thielen,WR,MIN,LAC,0.010250830420394479,0.2694923028368308,0.17958979181845014,0.43048218936946653,0.6541894664587449,29.218442642567215,1.7626285586338142,18.964921231117437,1.8037228280770943,0.07269766421874353,0.0935088676515882,0.21661068112717452,247.0539349336405,8.284399039472426,0.6758461831125442,2.551706536908457,224.20378265344593,0.6191126554475374,0.1666666666666666,20.75,3.0,2025.0,8.0,4,0.12748537743156094,adam thielen,1300.0,0.07142857142857142,0.05605680600298951
00-0039424,Devaughn Vele,WR,NO,TB,0.015219872971390921,0.545313784985507,0.15709296280188076,0.40212528224452443,1.3198437762540336,16.0646036037678,1.8249882234578139,18.01176237473818,1.877295483073923,0.3730349619691153,0.06890251133893739,0.15701728872598136,230.02302553174286,6.379379523396381,0.5053474048736095,3.9520451502716227,263.5569260450051,0.889791815442581,0.5,21.0,4.5,2025.0,8.0,4,0.12521186295517336,devaughn vele,1300.0,0.07142857142857142,0.05378329152660194
00-0040138,Jaylin Noel,WR,HOU,SF,0.0,0.0,1.020002244004937,0.3146468582230881,0.5624823152388714,45.748508246718146,1.40386105575397,29.80735217617479,2.176368588010894,0.23800052360115193,0.08819390104439952,0.20944669658967258,301.0440876562688,7.755285618306432,0.27087355667184815,2.787776781189983,246.7932817527108,0.865285896200275,0.25,22.0,-2.5,2025.0,8.0,5,0.12288538194392076,jaylin noel,350.0,0.2222222222222222,-0.09933684027830145
00-0039410,Ryan Flournoy,WR,DAL,DEN,0.006205933639917416,0.21100174375719255,0.3127793421659724,0.39100985724880133,0.9564972061295225,20.266517059872175,0.8034237096240462,27.659267208026517,2.041868364976781,0.0,0.10161499087492896,0.2140678299630635,269.02787349805226,5.156361686023726,0.7614617546241189,2.6051071042348584,210.85320238593084,0.14781029082507963,0.5,24.0,3.5,2025.0,8.0,5,0.12203577192400335,ryan flournoy,850.0,0.10526315789473684,0.01677261402926651
00-0036637,Noah Gray,TE,KC,WAS,0.0007282658032883041,0.028328826960416498,0.31780628075071554,0.6024810120062637,1.6274017187249419,11.754699835053684,0.3939048845880141,17.432952084104624,1.498997364899795,0.019194951086242595,0.0675267043193577,0.13549127400749697,232.6689553968217,7.2155954461128475,0.7889639145492471,3.175436091576406,254.3068179775254,0.8503683353841811,0.6666666666666666,29.5,-11.5,2025.0,8.0,2,0.1212093045065302,noah gray,380.0,0.20833333333333334,-0.08712402882680315
00-0040126,Colston Loveland,TE,CHI,BAL,0.0,0.0,0.176697558688832,0.4802015794598103,0.8015843222973914,27.945800728426672,1.252823030140859,17.94785618982366,1.936533121777073,0.0,0.11158316032928935,0.2472336256000935,249.40622836993555,12.158177983692147,0.41585219085716957,3.143552988188302,229.99789737899349,1.5526998984033424,0.3333333333333333,21.25,3.0,2025.0,8.0,2,0.1207117023776107,colston loveland,270.0,0.2702702702702703,-0.1495585678926596
00-0031236,Brandin Cooks,WR,NO,TB,0.00643236381484427,0.19773555955547772,0.29237513512215574,0.6711006876141402,0.8974797961380317,23.09202272300206,0.2904860263570141,14.728517905262793,1.6354442534510345,0.012886464470280475,0.07102688164724177,0.17668293290462805,230.02302553174286,6.379379523396381,0.5053474048736095,3.9520451502716227,263.5569260450051,0.889791815442581,0.5,21.0,4.5,2025.0,8.0,3,0.12041699170898701,brandin cooks,800.0,0.1111111111111111,0.009305880597875904
00-0036182,Nick Westbrook-Ikhine,WR,MIA,ATL,0.002029218222154853,0.06718027799056603,0.014574390954650771,0.6084699406024734,0.4723500538980266,14.032983480393362,-0.2510228099573401,10.947597794892102,1.5743580351578361,0.03392502045259867,0.08456339377592595,0.1653142958280652,219.06578424073362,3.01669583078046,0.3017304190794763,1.1203992377654806,167.463320569074,0.5224344416682918,0.0,18.75,7.0,2025.0,8.0,3,0.119935180979824,nick westbrookikhine,700.0,0.125,-0.005064819020175998
00-0040130,Jayden Higgins,WR,HOU,SF,0.012888803865572576,0.506601114522452,0.30537847183263805,0.5317724238993327,1.1944660432099106,25.04956870905116,-0.3508066063477411,16.311889486156872,1.4311447485184468,0.16660036652080637,0.07197180870419387,0.17262364309450254,301.0440876562688,7.755285618306432,0.27087355667184815,2.787776781189983,246.7932817527108,0.865285896200275,0.25,22.0,-2.5,2025.0,8.0,4,0.11927273219785986,jayden higgins,310.0,0.24390243902439024,-0.12462970682653038
00-0034983,Hunter Renfrow,WR,CAR,BUF,0.003936138297387474,0.21634888467353755,0.026188770310471787,0.4076665018328757,0.6679006734094796,20.984062359065227,-0.25950781835803627,11.5890179124302,1.7887182749204211,0.0724038781274599,0.11004712399353496,0.2333167576342952,200.5283394483081,4.4059522809276155,0.12258662802955345,3.2458593688267943,212.64881813679895,0.8964590618919073,0.3333333333333333,20.25,7.0,2025.0,8.0,6,0.11884460122858147,hunter renfrow,1300.0,0.07142857142857142,0.04741602980001004
00-0040187,Mitchell Evans,TE,CAR,BUF,0.003239451571237892,0.11662025656456444,0.23800052360115193,0.44401340282948626,2.2474049661091073,9.442857774287104,1.621988342766482,17.75569926253838,1.5732412611307744,0.28322062308537077,0.06946418390368693,0.13996101174684517,200.5283394483081,4.4059522809276155,0.12258662802955345,3.2458593688267943,212.64881813679895,0.8964590618919073,0.3333333333333333,20.25,7.0,2025.0,8.0,3,0.11867771045184669,mitchell evans,800.0,0.1111111111111111,0.007566599340735586
00-0034270,Tyler Conklin,TE,LAC,MIN,0.002230325706424722,0.08157029999699736,0.4965983935525973,0.36524661099702316,1.2893284859856768,11.630819837286879,-0.9526817435752747,22.794826068140328,1.9573426749613632,0.12951008087957475,0.0803637078135953,0.16438602934265695,205.10684032649505,5.099733940630261,0.5407933851698599,2.9423046114100386,230.5044201451662,1.1927363626458398,0.6,23.75,-3.0,2025.0,8.0,4,0.11866520369905725,tyler conklin,1500.0,0.0625,0.05616520369905725
00-0036980,Elijah Moore,WR,BUF,CAR,0.0015530232131118341,0.06759684827673222,0.3256530548962802,0.3601141308840023,1.0454161991628599,21.117403379212146,-1.0100962936719673,12.281968345150688,0.9274118282566642,0.10717939217958167,0.0709983259699173,0.1654856894699262,264.3640215384791,7.204607661049406,0.5292329917322478,2.863840816420248,218.94555145662162,0.6695801366164515,0.6666666666666666,27.25,-7.0,2025.0,8.0,6,0.11811148957393694,elijah moore,850.0,0.10526315789473684,0.012848331679200103
00-0040194,Jackson Hawes,TE,BUF,CAR,0.009869719699960516,0.2763521515988946,0.13541255428345833,0.4447177260165811,2.4013331713687025,5.699960521121199,1.0655280776714888,12.197789182787208,1.0,0.2763521515988946,0.03892723790078702,0.0751121130434765,264.3640215384791,7.204607661049406,0.5292329917322478,2.863840816420248,218.94555145662162,0.6695801366164515,0.6666666666666666,27.25,-7.0,2025.0,8.0,3,0.11810244228478639,jackson hawes,750.0,0.11764705882352941,0.0004553834612569807
00-0036422,Adam Trautman,TE,DEN,DAL,0.004277894558936357,0.13129739887325567,0.21949536837622516,0.47821737289175686,2.221395428059066,5.9561877998935975,0.6194360989403115,12.89641631660706,1.2736955984047573,0.1306974880849843,0.04542311899642919,0.08592413556239065,256.32670486720326,6.531169978689614,0.5499491589211208,3.0630073162519924,252.47965420669317,1.3729433690165822,0.8,27.5,-3.5,2025.0,8.0,3,0.11782325347317579,adam trautman,850.0,0.10526315789473684,0.012560095578438957
00-0040735,Luther Burden III,WR,CHI,BAL,0.0,0.0,0.8112417847319265,0.2605313191689022,1.2530668993753837,23.331616329555924,0.968200592573227,30.967026727458805,2.113842450453391,0.11662025656456444,0.08840655140838034,0.2027962041256702,249.40622836993555,12.158177983692147,0.41585219085716957,3.143552988188302,229.99789737899349,1.5526998984033424,0.3333333333333333,21.25,3.0,2025.0,8.0,4,0.11752093818185587,luther burden,600.0,0.14285714285714285,-0.02533620467528698
00-0037741,Jahan Dotson,WR,PHI,NYG,0.0008486801025768985,0.026733920685366338,0.2676469934153392,0.6607080369602581,0.5282148544451206,35.55847429512572,-2.265842058806739,17.959405748957355,1.1408226999366766,5.459746718996263e-05,0.07174061913288328,0.18949257548657983,311.0179728927835,2.827296348775329,0.28648736122542395,3.107937113708791,263.95342785987725,0.8234030658667191,0.0,26.0,-7.5,2025.0,8.0,3,0.11712533290682133,jahan dotson,400.0,0.2,-0.08287466709317869
00-0039356,Ja'Tavion Sanders,TE,CAR,BUF,0.012546271920586258,0.4596300095302688,0.11346130776799425,0.520615889216957,2.7664168092651877,24.241036779519767,0.5241702314946384,17.99552520066843,2.089902161124988,0.012119897444062227,0.09260791863715107,0.19844730682630668,200.5283394483081,4.4059522809276155,0.12258662802955345,3.2458593688267943,212.64881813679895,0.8964590618919073,0.3333333333333333,20.25,7.0,2025.0,8.0,1,0.11681911588664083,jatavion sanders,650.0,0.13333333333333333,-0.0165142174466925
00-0037805,Jeremy Ruckert,TE,NYJ,CIN,0.0032855260905356658,0.0723727661604193,9.659823953208542e-06,0.35264965015875266,1.3577191294989248,5.72292270144953,0.4801453491407794,8.335569537119383,0.9738795342623701,0.07203079552803977,0.04069432191211632,0.07611081597233223,226.85168909818034,12.007721982351718,1.8935076695729802,3.6232484606203483,256.6790165597395,0.419018791201469,0.0,19.5,5.5,2025.0,8.0,2,0.1167255240257027,jeremy ruckert,700.0,0.125,-0.008274475974297299
00-0037252,Greg Dulcich,TE,MIA,ATL,0.002074601238355059,0.07225378896819996,0.0489067075992061,0.37590116023989406,0.44492102876247164,18.469981395281753,-1.6893385290305378,9.08214777919961,1.1855287064011977,0.0368414032325543,0.08281204062299022,0.17021057698305297,219.06578424073362,3.01669583078046,0.3017304190794763,1.1203992377654806,167.463320569074,0.5224344416682918,0.0,18.75,7.0,0.0,0.0,4,0.11624693931656101,greg dulcich,600.0,0.14285714285714285,-0.026610203540581842
00-0036887,Luke Farrell,TE,SF,HOU,3.0867027930723797e-06,0.00011729470613675049,0.00035780811423659836,0.411889526013637,1.4676145469740023,4.699801811964053,-0.04671444350384077,8.441832244867902,0.9778354134589988,0.07203004586013108,0.03732677142850472,0.0707369575109417,244.56139803453235,-3.035580017916247,0.12276237216786143,2.624020207304885,195.63149853317432,0.5385378410810441,1.0,19.5,2.5,2025.0,8.0,2,0.11601384291679102,luke farrell,1500.0,0.0625,0.053513842916791024
00-0037086,Grant Calcaterra,TE,PHI,NYG,0.0011791928297348318,0.024789536527325202,0.09538579437720503,0.41067173253640044,1.6715778600158293,8.415289292200793,0.38826364973823635,13.624696398245188,1.2747685099934198,0.02470742650835464,0.06523213705447083,0.12532204236860248,311.0179728927835,2.827296348775329,0.28648736122542395,3.107937113708791,263.95342785987725,0.8234030658667191,0.0,26.0,-7.5,2025.0,8.0,2,0.11567378265004803,grant calcaterra,1000.0,0.09090909090909091,0.02476469174095712
00-0034613,Tanner Hudson,TE,CIN,NYJ,0.0072971252035383205,0.3353031364420926,0.0023610237954802085,0.16996658632451192,2.4970758653304013,6.650410336151827,0.9919009566344956,13.981945999015819,2.4099994983335384,0.3373330948186006,0.07058968550350977,0.12305972427134151,192.62255162290808,6.91456961573791,0.7925236514578996,2.519894878645976,202.2807345501135,0.6716371051256983,0.3333333333333333,25.0,-5.5,2025.0,8.0,3,0.11563756173000903,tanner hudson,600.0,0.14285714285714285,-0.027219581127133824
00-0039890,Adonai Mitchell,WR,IND,TEN,0.0019327106471569327,0.06607075334232304,0.17069573942371516,0.27668205053753797,0.894900014700731,32.528150111161835,-1.0152090077744274,20.70356354907597,1.0895192103202584,0.0,0.06433926408756334,0.17418389285724575,168.8456315080119,10.239849697549785,0.5690019635076607,3.024742361857382,216.24328698962015,0.6579037736988632,0.6666666666666666,31.5,-15.5,2025.0,8.0,6,0.11557808701256594,adonai mitchell,700.0,0.125,-0.009421912987434056
00-0034418,Cedrick Wilson Jr.,WR,MIA,ATL,0.00012862268777945503,0.0047402625825737656,0.021565566344047257,0.46697665452299975,1.0148761123580914,17.000030694982534,-1.548172323082031,17.69999589012957,2.0790289541443387,0.027323322252057684,0.08682282333027364,0.16945751349216712,219.06578424073362,3.01669583078046,0.3017304190794763,1.1203992377654806,167.463320569074,0.5224344416682918,0.0,18.75,7.0,2025.0,8.0,5,0.11529363316115476,cedrick wilson,500.0,0.16666666666666666,-0.051373033505511895
00-0038679,Tyrell Shavers,WR,BUF,CAR,0.0,0.0,0.057143925716636575,0.3243480655657443,0.48895198478527563,29.58358748389247,0.3592263988159271,15.921837228041902,1.3103866828507023,0.057143925716636575,0.09060382360191618,0.2181041329173332,264.3640215384791,7.204607661049406,0.5292329917322478,2.863840816420248,218.94555145662162,0.6695801366164515,0.6666666666666666,27.25,-7.0,2025.0,8.0,5,0.11487191101054615,tyrell shavers,650.0,0.13333333333333333,-0.018461422322787177
00-0038783,Nate Adkins,TE,DEN,DAL,0.00010649184184588492,0.004153181831989518,0.0,0.3777968503612284,1.7271018556336297,6.309337231731773,0.4389790246227785,14.926128711318087,1.6235486675176367,0.2473803270579771,0.058778740481117274,0.11129631852977015,256.32670486720326,6.531169978689614,0.5499491589211208,3.0630073162519924,252.47965420669317,1.3729433690165822,0.8,27.5,-3.5,2025.0,8.0,2,0.11286545747499027,nate adkins,900.0,0.1,0.012865457474990266
00-0037277,Teagan Quitoriano,TE,ATL,MIA,0.0032867669710523024,0.10066532847259632,0.5205029191697708,0.4290343471130307,2.425772626188572,15.70154337978902,0.8794552429106066,18.193322288559816,0.8928607689017863,0.06434465947057712,0.0435957094687797,0.10076126157070682,166.9866315177276,8.05515681390707,0.33399116190296774,2.1785853571552773,199.26009649046864,0.7636059631422236,0.5,25.75,-7.0,2025.0,8.0,3,0.11254279490139533,teagan quitoriano,2800.0,0.034482758620689655,0.07806003628070568
00-0039062,Jonathan Mingo,WR,DAL,DEN,0.0018175486343448967,0.10137402028587711,0.017284574617535818,0.3663075407600334,0.4172814953353614,33.9649612296185,-0.5614742823459283,11.527450709488589,1.0965077914892896,0.0,0.07379820144973209,0.2037815623469958,269.02787349805226,5.156361686023726,0.7614617546241189,2.6051071042348584,210.85320238593084,0.14781029082507963,0.5,24.0,3.5,2025.0,8.0,6,0.11119398014882428,jonathan mingo,800.0,0.1111111111111111,8.28690377131791e-05
00-0040134,Pat Bryant,WR,DEN,DAL,0.002944959311480532,0.12368829108218239,0.0,0.4873297032202229,0.8703466637818087,10.44996574231005,0.03107132340104649,9.275467887923263,1.0386210378277019,0.0,0.06045778139051779,0.11895066514762322,256.32670486720326,6.531169978689614,0.5499491589211208,3.0630073162519924,252.47965420669317,1.3729433690165822,0.8,27.5,-3.5,2025.0,8.0,4,0.11111308639691649,pat bryant,900.0,0.1,0.01111308639691648
00-0033217,Mo Alie-Cox,TE,IND,TEN,0.002078811055117351,0.08234726696948319,0.11105414514302611,0.42437872636780444,1.5274298997045432,6.28660518535899,-1.1233991190117472,10.074696220961556,0.9179213893678331,0.0047603989814301,0.05675133933537915,0.10220667854767486,168.8456315080119,10.239849697549785,0.5690019635076607,3.024742361857382,216.24328698962015,0.6579037736988632,0.6666666666666666,31.5,-15.5,2025.0,8.0,2,0.11091035078356422,mo aliecox,1200.0,0.07692307692307693,0.03398727386048729
00-0037614,John Metchie III,WR,PHI,NYG,0.0021091049213580277,0.06824862133085395,0.08470077181035668,0.19249966275551708,1.1948340989455368,11.313673293527696,0.012264035145646878,11.134417727110954,1.5905300832851703,0.008474647292365639,0.07529847816883263,0.147184924163441,311.0179728927835,2.827296348775329,0.28648736122542395,3.107937113708791,263.95342785987725,0.8234030658667191,0.0,26.0,-7.5,2025.0,8.0,4,0.11058610464681763,john metchie,750.0,0.11764705882352941,-0.007060954176711778
00-0034159,Will Dissly,TE,LAC,MIN,0.0024716275996854793,0.08050432301916133,0.040176658561008265,0.34523467438564404,1.113989044338731,7.5580763312304375,0.45021472875844754,14.064925116673951,1.4358226613955722,0.08447818376513266,0.05498464690438206,0.09974979156613382,205.10684032649505,5.099733940630261,0.5407933851698599,2.9423046114100386,230.5044201451662,1.1927363626458398,0.6,23.75,-3.0,2025.0,8.0,3,0.10996979818101352,will dissly,1200.0,0.07692307692307693,0.03304672125793659
00-0036630,Tylan Wallace,WR,BAL,CHI,0.008798287294106965,0.24990032470751578,0.011863975873434674,0.33859998471054,0.43314899636760745,8.694214947555363,0.30105075457598945,7.008260789510474,0.5525376192740329,0.10883212163981204,0.03404419597942365,0.08139045531229698,235.6125539341056,3.053690784867085,0.31136247931080013,3.0711148842374487,220.19746182268483,1.5411833657105287,0.0,24.25,-3.0,2025.0,8.0,4,0.10871360141170688,tylan wallace,1400.0,0.06666666666666667,0.04204693474504022
00-0039394,Casey Washington,WR,ATL,MIA,0.0,0.0,0.0,0.4537853983278763,0.512893718842372,47.373837622442764,0.21698160598927982,13.593903106586836,0.9136058099327817,0.0,0.07452926178103823,0.2295838524518761,166.9866315177276,8.05515681390707,0.33399116190296774,2.1785853571552773,199.26009649046864,0.7636059631422236,0.5,25.75,-7.0,2025.0,8.0,4,0.10816947504653956,casey washington,475.0,0.17391304347826086,-0.0657435684317213
00-0035249,Josh Oliver,TE,MIN,LAC,0.0005722772512714914,0.01904139481240019,0.2541828947530364,0.42835708448318544,1.9514717524024587,5.914155512053307,0.9967122166287182,14.33592148352513,1.1338239482671055,0.325157803165428,0.04804287195964774,0.0865901029520793,247.0539349336405,8.284399039472426,0.6758461831125442,2.551706536908457,224.20378265344593,0.6191126554475374,0.1666666666666666,20.75,3.0,2025.0,8.0,2,0.10804086141326345,josh oliver,750.0,0.11764705882352941,-0.009606197410265957
00-0037348,Tanner Conner,TE,MIA,ATL,0.0016493124786691933,0.051128686838745066,0.3042106672145241,0.21750597075302489,0.8196502192394743,20.651224874005543,-1.04255263399418,14.97192952957194,1.0582261956982817,0.0,0.061399046674720785,0.15526085790554067,219.06578424073362,3.01669583078046,0.3017304190794763,1.1203992377654806,167.463320569074,0.5224344416682918,0.0,18.75,7.0,2025.0,8.0,3,0.10799628649158176,tanner conner,550.0,0.15384615384615385,-0.045849867354572096
00-0038465,Malik Heath,WR,GB,PIT,0.004005210035799548,0.1126608305147213,0.17502776103202417,0.34433843122161145,0.5988338421525224,10.846525331831895,0.7377440929878376,11.215253238377935,0.8092708446228639,0.08867189763389381,0.03576747662863833,0.08169185775078003,283.71742340637934,11.085342017631477,0.6472299235570448,2.917619250245494,291.82360179053603,1.0267499404679687,0.75,24.0,-2.5,2025.0,8.0,4,0.10761283887622632,malik heath,1000.0,0.09090909090909091,0.016703747967135404
00-0036628,John Bates,TE,WAS,KC,2.3273236650609613e-05,0.0008324869383735138,0.012121969516624425,0.42492705287791194,1.5977653399976,5.423579790245543,0.11899328634891165,6.33177401006812,0.77169241280149,6.895505094996023e-06,0.04461051533476934,0.08005785538643471,147.26738276029135,0.7135200617574916,0.22771134262753753,2.0724301274286843,166.7173414625149,0.5951032794963229,1.0,18.0,11.5,2025.0,8.0,2,0.1075864362201588,john bates,1200.0,0.07692307692307693,0.030663359297081874
00-0038046,Charlie Kolar,TE,BAL,CHI,0.0003834957595434774,0.014261949266865102,0.0180430004722118,0.3980674624516784,0.9094728906399535,7.15188943825622,0.4362323428624998,7.944934759795462,0.7780711901579115,0.01414462252454795,0.04768841078218824,0.09240924111410774,235.6125539341056,3.053690784867085,0.31136247931080013,3.0711148842374487,220.19746182268483,1.5411833657105287,0.0,24.25,-3.0,2025.0,8.0,3,0.10715889417968844,charlie kolar,1400.0,0.06666666666666667,0.04049222751302177
00-0040727,Tre Harris,WR,LAC,MIN,0.0,0.0,0.08163417959519512,0.43909281000418204,0.8416260537490354,20.00413100908822,0.8892520083139742,17.65017663038859,1.8524158753149256,0.0,0.06163542819053458,0.13929066065144838,205.10684032649505,5.099733940630261,0.5407933851698599,2.9423046114100386,230.5044201451662,1.1927363626458398,0.6,23.75,-3.0,2025.0,8.0,4,0.10700835857130594,tre harris,950.0,0.09523809523809523,0.011770263333210712
00-0038547,Luke Schoonmaker,TE,DAL,DEN,0.009032318809891589,0.3070825576417861,0.01601670762432347,0.38435549388866375,0.7430430436277111,16.662772644279656,-0.27000590259166224,6.520714142407812,1.1193606545170183,0.006059071145191313,0.0539706877414683,0.13241286113631043,269.02787349805226,5.156361686023726,0.7614617546241189,2.6051071042348584,210.85320238593084,0.14781029082507963,0.5,24.0,3.5,2025.0,8.0,2,0.10688601320241645,luke schoonmaker,1000.0,0.09090909090909091,0.015976922293325535
00-0037306,John FitzPatrick,TE,GB,PIT,0.008913866675232468,0.22284666688081176,0.0,0.24886885419534158,2.9516104698839762,1.9108592321219593,1.045925123189085,5.5976026537599815,1.003182473249725,0.22284666688081176,0.03920893713917305,0.07758734474305247,283.71742340637934,11.085342017631477,0.6472299235570448,2.917619250245494,291.82360179053603,1.0267499404679687,0.75,24.0,-2.5,2025.0,8.0,3,0.10600835888662868,john fitzpatrick,1600.0,0.058823529411764705,0.04718482947486398
00-0039589,Kameron Johnson,WR,TB,NO,0.00026277207745425615,0.012350287640350063,0.21423614866064006,0.2123873645396963,0.3116162162336583,14.972370940977102,1.2741300778500122,13.711113514280964,0.8569445946425602,0.21423614866064006,0.043642265532962736,0.10127637548348285,242.7241153110971,7.964960191542192,0.4725983605135444,2.741454348815329,213.38404295460413,1.069809561737309,0.0,25.5,-4.5,2025.0,8.0,6,0.10496296361360709,kameron johnson,800.0,0.1111111111111111,-0.006148147497504017
00-0033757,Robert Tonyan,TE,KC,WAS,0.013227033621242584,0.2127775545832694,0.15403113569788474,0.32148248131310186,0.5355726274480279,14.010400711436146,0.24646207673601578,8.62840858783847,0.6850500386171162,0.002069291747060997,0.04653135420476799,0.10891443165585586,232.6689553968217,7.2155954461128475,0.7889639145492471,3.175436091576406,254.3068179775254,0.8503683353841811,0.6666666666666666,29.5,-11.5,2025.0,8.0,3,0.10474128838874311,robert tonyan,3000.0,0.03225806451612903,0.07248322387261408
00-0039050,Payne Durham,TE,TB,NO,0.003832835190943482,0.12265072611019143,0.07198501053029324,0.3452390486539499,0.20697477451546983,5.82971120477581,0.39818202092028837,4.666615329621797,0.45717263581732304,0.12265072611019143,0.020387965024921288,0.04468574406610493,242.7241153110971,7.964960191542192,0.4725983605135444,2.741454348815329,213.38404295460413,1.069809561737309,0.0,25.5,-4.5,2025.0,8.0,2,0.10454590854711181,payne durham,700.0,0.125,-0.020454091452888193
00-0035631,Drew Sample,TE,CIN,NYJ,7.45301207996333e-05,0.002906675216005225,2.8163347837441804e-05,0.4994288856874269,0.41620989276897524,-0.546051312998591,-0.1921602297255688,3.164994792930831,0.8838701972215522,0.10591698493221387,0.03773303204399568,0.058055281814436976,192.62255162290808,6.91456961573791,0.7925236514578996,2.519894878645976,202.2807345501135,0.6716371051256983,0.3333333333333333,25.0,-5.5,2025.0,8.0,2,0.10449910907414804,drew sample,1300.0,0.07142857142857142,0.03307053764557662
00-0038824,Ryan Miller,WR,TB,NO,0.005626085348279565,0.20440828182917967,0.15729447775264577,0.23126724019426986,0.6023098271908583,14.250659984757899,-0.31430395340637046,8.713649613184726,0.6452903466096842,0.1451108555324295,0.027797642916172424,0.07473695586738885,242.7241153110971,7.964960191542192,0.4725983605135444,2.741454348815329,213.38404295460413,1.069809561737309,0.0,25.5,-4.5,2025.0,8.0,5,0.10420138720748846,ryan miller,1200.0,0.07692307692307693,0.027278310284411536
00-0039379,Jamari Thrash,WR,CLE,NE,0.0,0.0,0.4532738941496408,0.3744344465135515,1.0442622273421316,16.71664209947212,0.39736515130973604,14.607633059188046,1.2352286496679576,0.0,0.0665221153676227,0.18690085733012973,217.59868977702598,6.153786803309556,0.2155489521179382,2.9085175304671407,237.44782694543704,0.8990958276522237,0.4,16.75,7.0,2025.0,8.0,3,0.10405839036205637,jamari thrash,1300.0,0.07142857142857142,0.03262981893348495
00-0040218,Jimmy Horn Jr.,WR,CAR,BUF,0.0,0.0,0.319634703196347,0.22342465753424662,0.8187061459485521,25.730593607305934,1.2940917180139468,19.858447488584478,1.54337899543379,0.0,0.08476129686911829,0.21501657200622945,200.5283394483081,4.4059522809276155,0.12258662802955345,3.2458593688267943,212.64881813679895,0.8964590618919073,0.3333333333333333,20.25,7.0,2025.0,8.0,4,0.10321973244449643,jimmy horn,1100.0,0.08333333333333333,0.019886399111163106
00-0038839,Mitchell Tinsley,WR,CIN,NYJ,0.004972095383054282,0.2237442922374429,0.0,0.13817351598173516,0.3759512937595129,15.237442922374429,0.3140495638142458,7.018264840182648,0.680365296803653,0.2237442922374429,0.0590079984791676,0.13731844114848252,192.62255162290808,6.91456961573791,0.7925236514578996,2.519894878645976,202.2807345501135,0.6716371051256983,0.3333333333333333,25.0,-5.5,2025.0,8.0,4,0.10315796263468881,mitchell tinsley,2200.0,0.043478260869565216,0.05967970176512359
00-0039739,Roman Wilson,WR,PIT,GB,0.0,0.0,0.0,0.42305936073059364,0.8352193766130632,6.744292237442922,0.8213547338363736,13.164383561643834,1.45662100456621,0.0,0.053131002222077506,0.10408030496773978,257.07526712039356,11.125682842897172,1.0353068892711852,2.20359297371151,243.6634439559345,0.7400722352009955,0.6,21.5,2.5,2025.0,8.0,3,0.10278148860592971,roman wilson,1700.0,0.05555555555555555,0.04722593305037416
00-0038938,Jalin Hyatt,WR,NYG,PHI,1.4033750454110029e-05,0.0004069787631691918,0.002543989699696022,0.36144584959386866,0.24818353133333274,49.52951871332209,-0.8226598287911481,5.720712114580737,0.9000626971334051,0.0,0.07933130491215912,0.24743657018707488,309.7430670682393,3.576968651682368,0.17175679148658096,3.3340843684071855,244.47418737513314,0.5456877114568088,0.4,18.5,7.5,2025.0,8.0,3,0.10216622782271984,jalin hyatt,1900.0,0.05,0.05216622782271983
00-0036741,Jack Stoll,TE,NO,TB,0.0035854466672610615,0.14700331335770364,0.0008152045475918146,0.3247116381620808,1.75514262193296,5.993389496685921,-0.7083894089040847,5.332831213267305,0.6195872779524605,0.14700331335770364,0.035250086513059324,0.06616139963377367,230.02302553174286,6.379379523396381,0.5053474048736095,3.9520451502716227,263.5569260450051,0.889791815442581,0.5,21.0,4.5,2025.0,8.0,4,0.10179053792553594,jack stoll,1500.0,0.0625,0.03929053792553594
00-0039912,Ben Sinnott,TE,WAS,KC,0.0,0.0,0.0,0.34311225649550275,0.8947181026918108,2.4159774026264693,0.07601767151496312,3.7769330728886508,0.6053379705664147,0.03677885964814958,0.01969397109584741,0.03662154170440449,147.26738276029135,0.7135200617574916,0.22771134262753753,2.0724301274286843,166.7173414625149,0.5951032794963229,1.0,18.0,11.5,2025.0,8.0,3,0.10079494312318135,ben sinnott,1700.0,0.05555555555555555,0.0452393875676258
00-0039144,Luke Musgrave,TE,GB,PIT,7.269518031986448e-05,0.0029078072127945785,0.1571116706724363,0.31484901913570623,1.2700457939906524,17.845779039534374,0.26680444930457786,11.065259289053998,1.1823371088160064,0.002035465048956206,0.05621253563841471,0.130914230199161,283.71742340637934,11.085342017631477,0.6472299235570448,2.917619250245494,291.82360179053603,1.0267499404679687,0.75,24.0,-2.5,2025.0,8.0,2,0.10029281991913115,luke musgrave,750.0,0.11764705882352941,-0.01735423890439826
00-0039792,Devontez Walker,WR,BAL,CHI,0.00993127491812791,0.27921560576157006,0.32727336923171985,0.09109669450856686,0.33728540328800105,14.140676516001763,1.2795396077801249,9.515917744724353,0.43940815066206934,0.16708082433122062,0.025832001392258466,0.08011276965281036,235.6125539341056,3.053690784867085,0.31136247931080013,3.0711148842374487,220.19746182268483,1.5411833657105287,0.0,24.25,-3.0,2025.0,8.0,5,0.09921608981703414,devontez walker,2200.0,0.043478260869565216,0.055737828947468926
00-0035021,Ashton Dulin,WR,IND,TEN,5.517932159596084e-05,0.0011917795951675173,0.4205311235322895,0.23690404614527844,0.4390420642156104,23.13616553242228,0.8750376900690272,13.215281245719874,0.5691555718687472,0.0006617204217369326,0.03981706444640752,0.11964437375881469,168.8456315080119,10.239849697549785,0.5690019635076607,3.024742361857382,216.24328698962015,0.6579037736988632,0.6666666666666666,31.5,-15.5,2025.0,8.0,4,0.09884000172909775,ashton dulin,650.0,0.13333333333333333,-0.03449333160423558
00-0039648,David Martin-Robinson,TE,TEN,IND,0.00894738810530646,0.34000074800164565,0.0,0.15424426333737937,0.34000074800164565,0.34000074800164565,0.23727928794362435,0.8298058255728163,0.42163492759684074,0.34000074800164565,0.01425953269672949,0.022330012577114606,320.2703277109905,8.249577770138544,0.5891800875175456,4.507266736270107,316.53750436749226,1.4234570873387276,0.0,16.0,15.5,2025.0,8.0,3,0.09700169489994089,david martinrobinson,2000.0,0.047619047619047616,0.04938264728089327
00-0037282,James Mitchell,TE,CAR,BUF,0.00033050763065337947,0.00859319839698788,0.2023904473079279,0.31429070948561644,5.027011697815155,5.827741508705177,1.08310930495583,14.237545108246431,1.2823838027852614,0.00859319839698788,0.04163041795743613,0.08056823158420076,200.5283394483081,4.4059522809276155,0.12258662802955345,3.2458593688267943,212.64881813679895,0.8964590618919073,0.3333333333333333,20.25,7.0,2025.0,8.0,4,0.09699469910854323,james mitchell,1800.0,0.05263157894736842,0.044363120161174815
00-0038840,Brycen Tremayne,WR,CAR,BUF,0.0,0.0,0.23242907355668666,0.3223945367802535,0.6790617180002162,12.131928983351543,0.851019462834483,12.87579115739969,1.1647413086059277,0.0,0.0450342430692203,0.10302725890107552,200.5283394483081,4.4059522809276155,0.12258662802955345,3.2458593688267943,212.64881813679895,0.8964590618919073,0.3333333333333333,20.25,7.0,2025.0,8.0,5,0.0968382425769211,brycen tremayne,1500.0,0.0625,0.0343382425769211
00-0039920,Malachi Corley,WR,CLE,NE,0.004107501151294844,0.16019254490049917,0.0,0.26536646333110925,2.904067441279352,7.324248672445149,0.062468529948684806,6.989885965792681,0.8829384805050577,0.0,0.054706260233998424,0.10720942465242021,217.59868977702598,6.153786803309556,0.2155489521179382,2.9085175304671407,237.44782694543704,0.8990958276522237,0.4,16.75,7.0,2025.0,8.0,4,0.09640791249206149,malachi corley,2500.0,0.038461538461538464,0.057946374030523023
00-0039754,Devin Culp,TE,TB,NO,0.004231642321358073,0.13541255428345833,0.32885906040268453,0.10532175286221872,0.44361489211967253,11.219897354915119,1.3285796606522264,14.00552704303198,0.7931306750888275,0.0,0.02940698903505977,0.07434091701576394,242.7241153110971,7.964960191542192,0.4725983605135444,2.741454348815329,213.38404295460413,1.069809561737309,0.0,25.5,-4.5,2025.0,8.0,3,0.0960810360906108,devin culp,3500.0,0.027777777777777776,0.06830325831283303
00-0037304,Connor Heyward,TE,PIT,GB,0.015823869220060884,0.5100123287851904,4.826853867285409e-06,0.12936609870989546,0.4058391032851254,6.561738916454287,0.25686303610548616,3.5938528064577944,0.3871086869505992,0.21290748177926316,0.022422902304439985,0.05163146745796884,257.07526712039356,11.125682842897172,1.0353068892711852,2.20359297371151,243.6634439559345,0.7400722352009955,0.6,21.5,2.5,2025.0,8.0,4,0.09536770569675679,connor heyward,1100.0,0.08333333333333333,0.01203437236342346
00-0039458,Brenden Bates,TE,HOU,SF,0.0,0.0,0.0,0.1941176470588235,0.5882352941176471,12.705882352941178,1.2069932847174214,13.529411764705882,1.1764705882352942,0.0,0.05042838249669365,0.10987466246629328,301.0440876562688,7.755285618306432,0.27087355667184815,2.787776781189983,246.7932817527108,0.865285896200275,0.25,22.0,-2.5,2025.0,8.0,3,0.09505734516112302,brenden bates,3500.0,0.027777777777777776,0.06727956738334524
00-0036429,Charlie Woerner,TE,ATL,MIA,0.0,0.0,0.00203580658193475,0.48274667008184813,0.2665079694348814,0.3561393344912187,-0.7737031184897757,0.6052444893817984,0.48928907888818846,0.0,0.03417590533792481,0.054258521974971025,166.9866315177276,8.05515681390707,0.33399116190296774,2.1785853571552773,199.26009649046864,0.7636059631422236,0.5,25.75,-7.0,2025.0,8.0,2,0.09491353694492902,charlie woerner,1000.0,0.09090909090909091,0.004004446035838105
00-0039623,Mason Tipton,WR,NO,TB,0.0,0.0,0.0,0.333191986029494,0.18307144476122,20.235307408261814,-2.326314412786695,4.2275698144399145,0.5677949765874747,0.0,0.049720678005041145,0.1254884629732318,230.02302553174286,6.379379523396381,0.5053474048736095,3.9520451502716227,263.5569260450051,0.889791815442581,0.5,21.0,4.5,2025.0,8.0,5,0.09466078711415017,mason tipton,3000.0,0.03225806451612903,0.06240272259802114
00-0036232,Harrison Bryant,TE,HOU,SF,0.00010499092376597934,0.0040433780526834846,0.004153740121706769,0.3184947760100086,1.5817061841526867,7.753212731953704,-0.10479801270604258,6.852516608787123,0.8200291236951582,0.007183967129660751,0.04218925779953039,0.08618326024951987,301.0440876562688,7.755285618306432,0.27087355667184815,2.787776781189983,246.7932817527108,0.865285896200275,0.25,22.0,-2.5,2025.0,8.0,2,0.09454191972436243,harrison bryant,850.0,0.10526315789473684,-0.010721238170374403
00-0039824,Jared Wiley,TE,KC,WAS,0.0,0.0,0.0,0.18,1.75,4.0,-0.145088373683393,7.0,1.0,0.0,0.0434782608695652,0.0921404682274247,232.6689553968217,7.2155954461128475,0.7889639145492471,3.175436091576406,254.3068179775254,0.8503683353841811,0.6666666666666666,29.5,-11.5,2025.0,8.0,4,0.09381714625670892,jared wiley,3000.0,0.03225806451612903,0.06155908174057989
00-0036876,Kylen Granson,TE,PHI,NYG,6.776168512564912e-08,2.8761615956301157e-06,0.04017412429411809,0.2766502803572312,0.3316096085503747,6.707808357741707,-0.22699784334311154,3.563524145020315,0.4345701528642657,1.6235086823168144e-06,0.02499062150130721,0.05076197657067836,311.0179728927835,2.827296348775329,0.28648736122542395,3.107937113708791,263.95342785987725,0.8234030658667191,0.0,26.0,-7.5,2025.0,8.0,3,0.09326395686962735,kylen granson,1700.0,0.05555555555555555,0.0377084013140718
00-0034487,Trent Sherfield,WR,DEN,DAL,5.957092010739316e-05,0.00234793271641746,3.087597737033278e-05,0.24125593224947975,0.5065760714005093,12.329176818395158,0.05887221010537447,6.499981425546748,0.7617304521117024,0.006936022001945381,0.030993360070878405,0.07498216272766144,256.32670486720326,6.531169978689614,0.5499491589211208,3.0630073162519924,252.47965420669317,1.3729433690165822,0.8,27.5,-3.5,2025.0,8.0,5,0.09316120403790666,trent sherfield,1700.0,0.05555555555555555,0.03760564848235111
00-0034798,Durham Smythe,TE,CHI,BAL,0.007506819944848137,0.3060807621111129,0.00252324593697007,0.2884685361984337,0.5817955335445111,5.9357513293089115,-0.21408101124508933,3.8235417091695227,0.5882220965122115,4.449809305548608e-06,0.03481503248319108,0.07096013385847258,249.40622836993555,12.158177983692147,0.41585219085716957,3.143552988188302,229.99789737899349,1.5526998984033424,0.3333333333333333,21.25,3.0,2025.0,8.0,3,0.09265837664584699,durham smythe,700.0,0.125,-0.03234162335415301
00-0038394,Will Mallory,TE,IND,TEN,0.0,0.0,0.0006990298516774374,0.17000556451496718,0.642141506743994,12.04064349307945,-1.4735272951501583,5.053736344921896,0.59989745531687,0.0,0.03923219715108307,0.08301711900987101,168.8456315080119,10.239849697549785,0.5690019635076607,3.024742361857382,216.24328698962015,0.6579037736988632,0.6666666666666666,31.5,-15.5,2025.0,8.0,4,0.09188739605080934,will mallory,1200.0,0.07692307692307693,0.014964319127732412
00-0031484,Chris Manhertz,TE,NYG,PHI,0.001976750860523149,0.051845291559205954,0.00070021115214512,0.28345108287701476,2.9034043204038347,1.4949191403563402,0.41615938917737816,5.2225915661885765,0.5182089815100064,0.05042334177060952,0.020292130107327045,0.03643908847827478,309.7430670682393,3.576968651682368,0.17175679148658096,3.3340843684071855,244.47418737513314,0.5456877114568088,0.4,18.5,7.5,0.0,0.0,4,0.09078848827609429,chris manhertz,3500.0,0.027777777777777776,0.06301071049831651
00-0040131,Kyle Williams,WR,NE,CLE,0.0,0.0,0.0,0.1951858930438859,0.22793985070859324,17.374851249504164,-0.9807291927271827,2.028487973747791,0.21027009483971007,0.0,0.04142055220992146,0.11192235078904822,225.00953640490616,0.9616982744968154,0.5238466572775167,3.2388006912677065,198.92836437499082,0.8582160007868062,0.4,23.75,-7.0,2025.0,8.0,5,0.09039065795439921,kyle williams,2200.0,0.043478260869565216,0.046912397084833996
00-0037654,Tucker Fisk,TE,LAC,MIN,0.0004900907793789696,0.017643268057642946,0.0,0.3153525944606141,0.6463183724330408,7.159505714570822,-0.15818445722103447,3.1599663244328036,0.4673619227552384,0.0,0.02785789531605664,0.05590505678761,205.10684032649505,5.099733940630261,0.5407933851698599,2.9423046114100386,230.5044201451662,1.1927363626458398,0.6,23.75,-3.0,2025.0,8.0,2,0.09020416108599061,tucker fisk,1400.0,0.06666666666666667,0.023537494419323943
00-0040172,Jordan Watkins,WR,SF,HOU,0.0,0.0,0.0,0.0,0.0,0.0,0.0,0.0,0.0,0.0,0.0,0.0,244.56139803453235,-3.035580017916247,0.12276237216786143,2.624020207304885,195.63149853317432,0.5385378410810441,1.0,19.5,2.5,2025.0,8.0,6,0.09018037904655975,jordan watkins,2500.0,0.038461538461538464,0.05171884058502128
00-0034854,KhaDarel Hodge,WR,ATL,MIA,0.005564697401204092,0.21927966551876676,0.12776251118405293,0.20954310795574912,0.41536722355446254,12.358332864778866,0.20306581484073544,4.988852468292118,0.2990998219482792,0.012109395391811065,0.02267223605176233,0.057357710412147205,166.9866315177276,8.05515681390707,0.33399116190296774,2.1785853571552773,199.26009649046864,0.7636059631422236,0.5,25.75,-7.0,2025.0,8.0,5,0.09011110990921137,khadarel hodge,1200.0,0.07692307692307693,0.01318803298613444
00-0038090,Skyy Moore,WR,SF,HOU,5.453325831808405e-05,0.0021232983822539403,0.002444321102431882,0.11558450765297526,0.08220547702795393,1.4359485228198512,0.1211237196469339,5.543243345190815,0.40511103286591854,0.00016756391163168173,0.020790666492039766,0.03225456443105327,244.56139803453235,-3.035580017916247,0.12276237216786143,2.624020207304885,195.63149853317432,0.5385378410810441,1.0,19.5,2.5,2025.0,8.0,5,0.0899627255257999,skyy moore,2000.0,0.047619047619047616,0.04234367790675228
00-0038710,Blake Whiteheart,TE,CLE,NE,0.0002701625421326575,0.00864520134824504,0.012350287640350063,0.34967389995326703,0.570074920073074,6.57882923905004,-0.8269660507867154,2.1797403162103803,0.683494779573516,0.00864520134824504,0.03242116677684063,0.0685035287594326,217.59868977702598,6.153786803309556,0.2155489521179382,2.9085175304671407,237.44782694543704,0.8990958276522237,0.4,16.75,7.0,2025.0,8.0,3,0.08995849959648515,blake whiteheart,2200.0,0.043478260869565216,0.046480238726919934
00-0034419,Braxton Berrios,WR,HOU,SF,0.0013054618509960813,0.05089409159236541,0.00031660188248301186,0.3016765795396502,0.23127387840905894,1.0636835102796336,-0.9022626941950654,0.34755329118529543,0.4139376534998951,0.0003450195790356451,0.02915169544086085,0.047932157993060054,301.0440876562688,7.755285618306432,0.27087355667184815,2.787776781189983,246.7932817527108,0.865285896200275,0.25,22.0,-2.5,2025.0,8.0,6,0.08975917038171768,braxton berrios,700.0,0.125,-0.035240829618282316
00-0039686,Colson Yankoff,TE,WAS,KC,0.0,0.0,0.0,0.08706450877965971,0.0,0.0,0.0,0.0,0.0,0.0,0.0,0.0,147.26738276029135,0.7135200617574916,0.22771134262753753,2.0724301274286843,166.7173414625149,0.5951032794963229,1.0,18.0,11.5,2025.0,8.0,4,0.08950781078731875,colson yankoff,1900.0,0.05,0.03950781078731874
00-0040259,Gage Larvadain,WR,CLE,NE,0.0,0.0,0.0,0.19949771689497717,0.29299847792998474,9.954337899543377,-0.19273172961399132,7.031963470319635,0.639269406392694,0.0,0.050437222072999645,0.11134072065195047,217.59868977702598,6.153786803309556,0.2155489521179382,2.9085175304671407,237.44782694543704,0.8990958276522237,0.4,16.75,7.0,2025.0,8.0,5,0.08924370364863433,gage larvadain,3500.0,0.027777777777777776,0.06146592587085656
00-0040432,Beaux Collins,WR,NYG,PHI,0.0,0.0,0.0,0.15799086757990868,0.1598173515981735,21.36986301369863,-2.065571738225217,2.2374429223744294,0.319634703196347,0.0,0.03842428499962745,0.10176685137998377,309.7430670682393,3.576968651682368,0.17175679148658096,3.3340843684071855,244.47418737513314,0.5456877114568088,0.4,18.5,7.5,2025.0,8.0,4,0.08722450517817851,beaux collins,2000.0,0.047619047619047616,0.03960545755913089
00-0038573,Derius Davis,WR,LAC,MIN,0.002399070071365527,0.08571592729556837,0.050421133703275514,0.10031195937932574,0.2636242621179288,1.9111721839248677,0.26564872112587823,3.1811605354816703,0.32000929754259344,0.08571592729556837,0.011039142786579113,0.020967948120155098,205.10684032649505,5.099733940630261,0.5407933851698599,2.9423046114100386,230.5044201451662,1.1927363626458398,0.6,23.75,-3.0,2025.0,8.0,5,0.08707072630481529,derius davis,1000.0,0.09090909090909091,-0.0038383646042756264
00-0039631,Cam Grandy,TE,CIN,NYJ,0.0,0.0,0.0,0.15699578089502722,2.1590758837882995,1.239371100933973,0.5556304638452111,7.156611734160328,1.1236882910821824,0.0,0.031634353633905196,0.04974672543237368,192.62255162290808,6.91456961573791,0.7925236514578996,2.519894878645976,202.2807345501135,0.6716371051256983,0.3333333333333333,25.0,-5.5,2025.0,8.0,4,0.08676903428612932,cam grandy,3500.0,0.027777777777777776,0.05899125650835155
00-0036862,Ben Skowronek,WR,PIT,GB,0.0066911209502768685,0.14734360201149935,0.059004014367358755,0.15898551376926687,0.2746678578567075,2.7596485001943134,0.1596607941596005,2.270964196719055,0.13380088740481216,0.050503901979355635,0.011685914059627513,0.03743343740285784,257.07526712039356,11.125682842897172,1.0353068892711852,2.20359297371151,243.6634439559345,0.7400722352009955,0.6,21.5,2.5,2025.0,8.0,5,0.08630234545550737,ben skowronek,2000.0,0.047619047619047616,0.038683297836459754
00-0040646,Jalen Royals,WR,KC,WAS,0.0,0.0,0.0,0.19,0.0,0.0,0.0,0.0,0.0,0.0,0.0,0.0,232.6689553968217,7.2155954461128475,0.7889639145492471,3.175436091576406,254.3068179775254,0.8503683353841811,0.6666666666666666,29.5,-11.5,2025.0,8.0,7,0.08498696363581687,jalen royals,3000.0,0.03225806451612903,0.05272889911968784
00-0039816,Anthony Gould,WR,IND,TEN,0.0,0.0,0.008514681443892443,0.2231459116037579,0.31231093324413756,1.0575574535208891,-0.17660550268323916,1.1001308607403515,0.3099457439541675,0.0,0.009656239632443107,0.016688763326554827,168.8456315080119,10.239849697549785,0.5690019635076607,3.024742361857382,216.24328698962015,0.6579037736988632,0.6666666666666666,31.5,-15.5,2025.0,8.0,5,0.08485475777419284,anthony gould,1200.0,0.07692307692307693,0.00793168085111591
00-0039810,Jermaine Burton,WR,CIN,NYJ,0.0034964491461527097,0.16739573076085928,0.06367152681451863,0.1151793751716914,0.055324948726279743,14.41292529132347,-0.43944953986777663,3.967890310286286,0.19361341827271994,0.0,0.016264225800012643,0.05015399092283848,192.62255162290808,6.91456961573791,0.7925236514578996,2.519894878645976,202.2807345501135,0.6716371051256983,0.3333333333333333,25.0,-5.5,2025.0,8.0,6,0.08473993113856194,jermaine burton,2200.0,0.043478260869565216,0.04126167026899673
00-0040184,KeAndre Lambert-Smith,WR,LAC,MIN,0.0025465236399272793,0.08658180375752766,0.0,0.1821146009880639,0.02121219191942761,8.72777757744041,-0.4620822047354994,0.3606072626302694,0.3606072626302694,0.0,0.02152585325204671,0.05711078108504041,205.10684032649505,5.099733940630261,0.5407933851698599,2.9423046114100386,230.5044201451662,1.1927363626458398,0.6,23.75,-3.0,2025.0,8.0,6,0.08472354812736606,keandre lambertsmith,950.0,0.09523809523809523,-0.010514547110729175
00-0039489,Hayden Rucci,TE,MIA,ATL,0.0,0.0,0.0,0.0,0.0,0.0,0.0,0.0,0.0,0.0,0.0,0.0,219.06578424073362,3.01669583078046,0.3017304190794763,1.1203992377654806,167.463320569074,0.5224344416682918,0.0,18.75,7.0,0.0,0.0,4,0.08465125716247499,hayden rucci,1400.0,0.06666666666666667,0.01798459049580832
00-0036620,Dee Eskridge,WR,MIA,ATL,0.0,0.0,0.0,0.0,0.0,0.0,0.0,0.0,0.0,0.0,0.0,0.0,219.06578424073362,3.01669583078046,0.3017304190794763,1.1203992377654806,167.463320569074,0.5224344416682918,0.0,18.75,7.0,2025.0,8.0,4,0.08465125716247499,dee eskridge,1900.0,0.05,0.03465125716247498
00-0039884,Tahj Washington,WR,MIA,ATL,0.0,0.0,0.0,0.0,0.0,0.0,0.0,0.0,0.0,0.0,0.0,0.0,219.06578424073362,3.01669583078046,0.3017304190794763,1.1203992377654806,167.463320569074,0.5224344416682918,0.0,18.75,7.0,2025.0,8.0,6,0.08465125716247499,tahj washington,2000.0,0.047619047619047616,0.03703220954342737
00-0036775,Brandon Smith,WR,NYJ,CIN,0.0,0.0,0.0,0.0,0.0,0.0,0.0,0.0,0.0,0.0,0.0,0.0,226.85168909818034,12.007721982351718,1.8935076695729802,3.6232484606203483,256.6790165597395,0.419018791201469,0.0,19.5,5.5,0.0,0.0,4,0.0845659118830317,brandon smith,3000.0,0.03225806451612903,0.052307847366902666
00-0038564,Cameron Latu,TE,PHI,NYG,0.0,0.0,0.0,0.08161073825503357,0.0,0.0,0.0,0.0,0.0,0.0,0.0,0.0,311.0179728927835,2.827296348775329,0.28648736122542395,3.107937113708791,263.95342785987725,0.8234030658667191,0.0,26.0,-7.5,2025.0,8.0,4,0.0841140255220572,cameron latu,4000.0,0.024390243902439025,0.05972378161961817
00-0039451,Isaiah Williams,WR,NYJ,CIN,0.0,0.0,0.0,0.011085898096585094,0.0016772047348206707,0.06289517755577513,-0.00984138268501815,0.025158071022310054,0.008386023674103349,0.0,0.0006988353061752789,0.001695703316454722,226.85168909818034,12.007721982351718,1.8935076695729802,3.6232484606203483,256.6790165597395,0.419018791201469,0.0,19.5,5.5,2025.0,8.0,6,0.08400866578579931,isaiah williams,1700.0,0.05555555555555555,0.02845311023024376
00-0033572,Jamal Agnew,WR,ATL,MIA,0.0011581092353487891,0.050927962491614076,0.10736022250102203,0.05944680637305113,0.19778356507679615,8.62532562305637,0.23726001059950108,7.595483239937955,0.33958246379944984,0.03549747891309706,0.016910389190856807,0.04945281580019603,166.9866315177276,8.05515681390707,0.33399116190296774,2.1785853571552773,199.26009649046864,0.7636059631422236,0.5,25.75,-7.0,2025.0,8.0,6,0.08399981166875041,jamal agnew,2200.0,0.043478260869565216,0.040521550799185194
00-0040075,LaJohntay Wester,WR,BAL,CHI,0.0,0.0,0.0,0.039720889978724166,0.0,0.0,0.0,0.0,0.0,0.0,0.0,0.0,235.6125539341056,3.053690784867085,0.31136247931080013,3.0711148842374487,220.19746182268483,1.5411833657105287,0.0,24.25,-3.0,2025.0,8.0,6,0.08366239917476713,lajohntay wester,2000.0,0.047619047619047616,0.03604335155571951
00-0039530,Brevyn Spann-Ford,TE,DAL,DEN,0.00010952811582670282,0.004162068401414707,0.0,0.2231555848391421,0.7122053116253441,2.026855837409213,-0.13608218440965772,1.1989504597591896,0.3540496941035833,0.0,0.011539134834000868,0.02220647901734253,269.02787349805226,5.156361686023726,0.7614617546241189,2.6051071042348584,210.85320238593084,0.14781029082507963,0.5,24.0,3.5,2025.0,8.0,3,0.0834422697990584,brevyn spannford,2200.0,0.043478260869565216,0.039964008929493186
00-0036176,Mason Kinsey,WR,TEN,IND,0.0,0.0,0.0,0.2059389875236865,0.17755473563872554,1.3962620313701903,0.05021472766235012,1.493433617828802,0.18970118394605204,0.0,0.005669757585885743,0.01311722219700959,320.2703277109905,8.249577770138544,0.5891800875175456,4.507266736270107,316.53750436749226,1.4234570873387276,0.0,16.0,15.5,0.0,0.0,4,0.08343579714307355,mason kinsey,1800.0,0.05263157894736842,0.030804218195705127
00-0038496,Xavier Gipson,WR,PHI,NYG,0.0002123498425623539,0.005951709720041305,0.0002519577471190192,0.04997021809362759,0.03227793150600555,0.917959303421251,-0.007944724077698116,0.3189656466416326,0.053581417504137335,0.006014102418801132,0.002228820879805313,0.007007842917532162,311.0179728927835,2.827296348775329,0.28648736122542395,3.107937113708791,263.95342785987725,0.8234030658667191,0.0,26.0,-7.5,2025.0,8.0,5,0.08312842345813751,xavier gipson,1800.0,0.05263157894736842,0.03049684451076909
00-0036133,James Proche,WR,TEN,IND,1.9939758700370118e-05,0.0006978915545129559,1.931975365300787e-06,0.03215280751349653,0.07231792219771686,1.91483910792858,-0.02532044241291567,1.4055066400486855,0.17975964845051423,0.0,0.007006280525469413,0.014947449418839078,320.2703277109905,8.249577770138544,0.5891800875175456,4.507266736270107,316.53750436749226,1.4234570873387276,0.0,16.0,15.5,0.0,0.0,4,0.08226308021770833,james proche,3500.0,0.027777777777777776,0.05448530243993055
00-0038953,Dylan Drummond,WR,ATL,MIA,0.0,0.0,0.0,0.0,0.0,0.0,0.0,0.0,0.0,0.0,0.0,0.0,166.9866315177276,8.05515681390707,0.33399116190296774,2.1785853571552773,199.26009649046864,0.7636059631422236,0.5,25.75,-7.0,0.0,0.0,4,0.08156352106555803,dylan drummond,2500.0,0.038461538461538464,0.04310198260401957
00-0040509,Ben Yurosek,TE,MIN,LAC,0.0,0.0,0.0,0.16647058823529415,0.0,0.0,0.0,0.0,0.0,0.0,0.0,0.0,247.0539349336405,8.284399039472426,0.6758461831125442,2.551706536908457,224.20378265344593,0.6191126554475374,0.1666666666666666,20.75,3.0,2025.0,8.0,3,0.08098918540130562,ben yurosek,4000.0,0.024390243902439025,0.056598941498866594
00-0040534,Ke'Shawn Williams,WR,PIT,GB,0.0,0.0,0.0,0.008235294117647058,0.0,0.0,0.0,0.0,0.0,0.0,0.0,0.0,257.07526712039356,11.125682842897172,1.0353068892711852,2.20359297371151,243.6634439559345,0.7400722352009955,0.6,21.5,2.5,2025.0,8.0,6,0.08079035453374282,keshawn williams,2000.0,0.047619047619047616,0.033171306914695206
00-0040009,Savion Williams,WR,GB,PIT,0.0,0.0,0.0,0.09695808130777889,0.0,-1.171033976274748,-0.10258436315791417,3.7223519891743764,0.5569450252790558,0.0,0.016480815045671882,0.021502899361714543,283.71742340637934,11.085342017631477,0.6472299235570448,2.917619250245494,291.82360179053603,1.0267499404679687,0.75,24.0,-2.5,2025.0,8.0,5,0.0807249372560646,savion williams,2200.0,0.043478260869565216,0.03724667638649938
00-0038728,Jared Wayne,WR,HOU,SF,0.0,0.0,0.0,0.0,0.0,0.0,0.0,0.0,0.0,0.0,0.0,0.0,301.0440876562688,7.755285618306432,0.27087355667184815,2.787776781189983,246.7932817527108,0.865285896200275,0.25,22.0,-2.5,0.0,0.0,4,0.08052082774745796,jared wayne,1700.0,0.05555555555555555,0.024965272191902407
00-0040563,Efton Chism III,WR,NE,CLE,0.0,0.0,0.0,0.10058823529411764,0.0,0.0,0.0,0.0,0.0,0.0,0.0,0.0,225.00953640490616,0.9616982744968154,0.5238466572775167,3.2388006912677065,198.92836437499082,0.8582160007868062,0.4,23.75,-7.0,2025.0,8.0,6,0.08029850056209224,efton chism,4000.0,0.024390243902439025,0.05590825665965322
00-0040506,Myles Price,WR,MIN,LAC,0.0,0.0,0.0,0.019825443615975956,0.0,0.0,0.0,0.0,0.0,0.0,0.0,0.0,247.0539349336405,8.284399039472426,0.6758461831125442,2.551706536908457,224.20378265344593,0.6191126554475374,0.1666666666666666,20.75,3.0,2025.0,8.0,6,0.08016122824327,myles price,2500.0,0.038461538461538464,0.04169968978173154
00-0040225,Thomas Fidone II,TE,NYG,PHI,0.0,0.0,0.0,0.04,0.0,0.0,0.0,0.0,0.0,0.0,0.0,0.0,309.7430670682393,3.576968651682368,0.17175679148658096,3.3340843684071855,244.47418737513314,0.5456877114568088,0.4,18.5,7.5,2025.0,8.0,4,0.08000888071523732,thomas fidone,7000.0,0.014084507042253521,0.0659243736729838
00-0038519,Nikko Remigio,WR,KC,WAS,0.0,0.0,0.10123479994071519,0.08658912134288915,0.07843992705844136,2.523711982360456,0.10123221243388014,2.2762491380609293,0.10123479994071519,0.0,0.010605313420142122,0.027345970317558903,232.6689553968217,7.2155954461128475,0.7889639145492471,3.175436091576406,254.3068179775254,0.8503683353841811,0.6666666666666666,29.5,-11.5,2025.0,8.0,6,0.07995007801294188,nikko remigio,3000.0,0.03225806451612903,0.047692013496812846
00-0036825,Feleipe Franks,TE,ATL,MIA,0.0,0.0,0.0,0.05472895766985971,0.102957506489426,2.9386761044409457,0.004172282446352925,1.2354900778731117,0.102957506489426,0.0,0.005085404078631987,0.013340126738843662,166.9866315177276,8.05515681390707,0.33399116190296774,2.1785853571552773,199.26009649046864,0.7636059631422236,0.5,25.75,-7.0,2025.0,8.0,4,0.07988128092548458,feleipe franks,5000.0,0.0196078431372549,0.060273437788229675
00-0040277,Jahdae Walker,WR,CHI,BAL,0.0,0.0,0.0,0.01,0.0,0.0,0.0,0.0,0.0,0.0,0.0,0.0,249.40622836993555,12.158177983692147,0.41585219085716957,3.143552988188302,229.99789737899349,1.5526998984033424,0.3333333333333333,21.25,3.0,2025.0,8.0,6,0.07973210865909916,jahdae walker,2200.0,0.043478260869565216,0.036253847789533944
00-0035039,Stephen Carlson,TE,CHI,BAL,0.0,0.0,0.0,0.16029364274250946,0.0,0.0,0.07603747643620087,2.5173114198649875,0.22884649271499882,0.0,0.009574716884498851,0.01436207532674828,249.40622836993555,12.158177983692147,0.41585219085716957,3.143552988188302,229.99789737899349,1.5526998984033424,0.3333333333333333,21.25,3.0,0.0,0.0,4,0.07949848463903628,stephen carlson,2800.0,0.034482758620689655,0.04501572601834662
00-0035645,Gunner Olszewski,WR,NYG,PHI,0.0,0.0,4.029886846259102e-05,0.00852311512663133,0.00025292924876655433,0.003853355305173083,-0.003043390297368186,0.0030172484421164937,0.0008832234708480014,1.2954343704446584e-09,3.670083065745036e-05,6.270095156151256e-05,309.7430670682393,3.576968651682368,0.17175679148658096,3.3340843684071855,244.47418737513314,0.5456877114568088,0.4,18.5,7.5,2025.0,8.0,5,0.07936867707106116,gunner olszewski,3000.0,0.03225806451612903,0.047110612554932124
00-0038576,Charlie Jones,WR,CIN,NYJ,0.0,0.0,0.0020349421182487603,0.008621081647414403,0.006123268171995104,0.11075120628825115,0.007912340352627417,0.12093405664796794,0.01152228881831585,0.0,0.0004006503443014622,0.0012053690588934996,192.62255162290808,6.91456961573791,0.7925236514578996,2.519894878645976,202.2807345501135,0.6716371051256983,0.3333333333333333,25.0,-5.5,2025.0,8.0,5,0.07936651585200599,charlie jones,1800.0,0.05263157894736842,0.026734936904637574
00-0040154,Tai Felton,WR,MIN,LAC,0.0,0.0,0.0,0.02473765821643648,0.1590278028199488,0.8658180375752768,-0.06021382633019617,1.1131946197396414,0.12368829108218239,0.0,0.005153678795090925,0.010954308758076252,247.0539349336405,8.284399039472426,0.6758461831125442,2.551706536908457,224.20378265344593,0.6191126554475374,0.1666666666666666,20.75,3.0,2025.0,8.0,5,0.07920942102908009,tai felton,3000.0,0.03225806451612903,0.046951356512951056
00-0036331,Devin Duvernay,WR,CHI,BAL,2.4297224947713895e-08,7.565760920211786e-07,0.012106728382737224,0.027481654357192974,0.07366879460820715,1.4158749093283682,0.045101763204701106,0.8635548828018598,0.11681941178500374,4.889340949736007e-07,0.004537714758878468,0.010157036127856024,249.40622836993555,12.158177983692147,0.41585219085716957,3.143552988188302,229.99789737899349,1.5526998984033424,0.3333333333333333,21.25,3.0,2025.0,8.0,5,0.07861935084190891,devin duvernay,2000.0,0.047619047619047616,0.031000303222861292
