player_id,player_display_name,position,team,opponent_team,avg_endzone_target_share,avg_endzone_targets,avg_explosive_receiving_plays,avg_offense_snap_share,avg_racr,avg_rec_touchdown_exp,avg_rec_touchdown_exp_team,avg_receiving_air_yards,avg_receiving_epa,avg_receiving_yards,avg_receptions,avg_scored_touchdown,avg_target_share,avg_wopr,passing_tds_allowed_to_WR,avg_explosive_receiving_plays_allowed,avg_receiving_air_yards_allowed,avg_receiving_epa_allowed,avg_receiving_yards_allowed,passing_tds_allowed_to_TE,redzone_td_rate,implied_total,spread_line,season,week,depth_chart_rank,predicted_touchdown_probability,merge_name,price,market_implied_prob,model_edge
00-0036963,Amon-Ra St. Brown,WR,DET,CLE,0.037114398955280445,1.1322849306670342,1.1471881626713907,0.8604299089292075,1.1149918231125924,0.8054312632618447,1.794113205011913,72.72338032612554,7.802617335333871,82.0242804404034,7.059572746729925,0.6950543247260706,0.28557016979374056,0.6690298115497806,1.2303873418859184,2.270306919065801,180.64196753396845,8.810631227672513,195.73163004994095,0.6949048616306461,0.6666666666666666,27.25,-10.0,2025.0,4.0,1,0.3602956715226144,amonra st brown,125.0,0.4444444444444444,-0.08414877292183004
00-0039075,Puka Nacua,WR,LA,IND,0.005484069717389529,0.17493376433237495,1.5975871687474164,0.7924317392593384,2.467182329196703,0.2287523865451428,1.729813375056564,90.00730055998427,6.289778043010868,106.6423348961049,9.353891494859806,0.2857006436529632,0.3963604067167227,0.9136816076358687,1.2692923254424253,2.214355419700491,199.04426368592024,3.375509124878027,213.38610731983098,0.32977962314678677,0.2,26.5,-3.5,2025.0,4.0,1,0.327548304844452,puka nacua,105.0,0.4878048780487805,-0.16025657320432846
00-0031381,Davante Adams,WR,LA,IND,0.07618036171349424,2.6225380124829627,1.3649412243683754,0.8645504895765924,0.9172416452056833,1.215825165264646,2.0146277773186547,106.61230688405408,-0.1261813516079908,75.68563238848459,4.936602172860462,0.7494903430426649,0.3089707266272834,0.813282118526587,1.2692923254424253,2.214355419700491,199.04426368592024,3.375509124878027,213.38610731983098,0.32977962314678677,0.2,26.5,-3.5,2025.0,4.0,2,0.32437705031789055,davante adams,130.0,0.43478260869565216,-0.11040555837776161
00-0034348,Courtland Sutton,WR,DEN,CIN,0.026448718901695364,0.8463230044099471,1.0696537731371236,0.8301843770355714,0.6017743868372474,0.47123082358100254,1.45639652112816,106.61701954491438,4.070924187660477,70.64324489947596,4.65365751643612,0.6876460968125405,0.25405885033816716,0.7272862025178551,0.7043681432797678,2.751971930946851,231.806285290214,5.6237584839764905,231.8892817981643,0.7892864205454694,0.3333333333333333,26.0,-7.5,2025.0,4.0,1,0.3230853972851875,courtland sutton,135.0,0.425531914893617,-0.10244651760842954
00-0038544,Quentin Johnston,WR,LAC,NYG,0.0219449276783385,0.8333290010425498,1.4945109032987263,0.7856501976731944,0.7892488541942216,0.6245581514515764,2.2581109403270716,100.26703742108727,4.191404819986616,81.01830170249791,5.41879597917867,0.4381782563307493,0.23699628834187575,0.5783623118487198,1.1391214738305775,2.603653118320644,299.370982477232,11.500807435615581,266.8335187833287,0.3185646031879392,0.5,24.75,-6.0,2025.0,4.0,2,0.31898777822276225,quentin johnston,170.0,0.37037037037037035,-0.0513825921476081
00-0030279,Keenan Allen,WR,LAC,NYG,0.04022490798312235,1.5473057997280761,0.7778685417689158,0.7097042177387453,0.8385690652721106,0.6434795607688324,2.0137461328503155,79.04068609380082,4.35418392372273,60.90829247178537,5.902139395024876,0.7744995132336276,0.2587022956762816,0.5636540612168588,1.1391214738305775,2.603653118320644,299.370982477232,11.500807435615581,266.8335187833287,0.3185646031879392,0.5,24.75,-6.0,2025.0,4.0,3,0.3167600608701248,keenan allen,170.0,0.37037037037037035,-0.053610309500245534
00-0036912,DeVonta Smith,WR,PHI,TB,0.0201483458679436,0.543217364093801,0.7734067438060922,0.8679792091289819,1.3572630619986101,0.3541881854844947,1.1257356478803096,63.76375573690404,5.1622417861529515,57.998695464761866,5.737229466824966,0.5166422625177428,0.2847490377843118,0.6480391754731376,1.2319525841007237,2.7956899219975573,227.04592058201942,4.351440955616023,228.58361534779192,0.023104560073326372,0.75,23.5,-3.5,2025.0,4.0,2,0.2969683014411606,devonta smith,220.0,0.3125,-0.015531698558839402
00-0035676,A.J. Brown,WR,PHI,TB,0.04083572299051413,1.1188127649797293,1.2647521465582154,0.9268247601190546,0.8073943757666129,0.5003991738635466,1.1268799532342746,80.0132049014693,2.623353839062301,63.925902926055926,4.837223274090965,0.5492669072504497,0.3117675678170086,0.7264057472416714,1.2319525841007237,2.7956899219975573,227.04592058201942,4.351440955616023,228.58361534779192,0.023104560073326372,0.75,23.5,-3.5,2025.0,4.0,1,0.2952599156300447,aj brown,160.0,0.38461538461538464,-0.08935546898533991
00-0036554,Nico Collins,WR,HOU,TEN,0.034082009945724814,0.8584323813047529,0.7565857957653724,0.765199636730925,0.8109938221219831,0.6034596324468472,1.3403780339794875,90.41163145688259,1.3961705216124263,65.81103457047297,5.198984921747836,0.6856739489822419,0.2776061129499493,0.6676529028565742,1.0620731932480907,2.91187989111779,195.49700753024635,7.730181933823634,221.5226446881308,0.24573912331386139,0.0,22.75,-7.0,2025.0,4.0,1,0.2870522285811258,nico collins,115.0,0.46511627906976744,-0.17806405048864166
00-0033040,Tyreek Hill,WR,MIA,NYJ,0.017901645087040424,0.638502404319858,0.8105668991371343,0.777524277206295,0.5986729495484354,0.37370772762549653,1.2910528316393175,109.1263249716466,3.7701073847782385,62.12944948490572,4.972481095308783,0.40757644737811877,0.23702980902401766,0.7082486276726697,0.9355981054798019,3.8154722142689987,198.65994012040045,9.352302345647217,221.94266784720395,0.34453832343980006,1.0,24.0,-2.5,2025.0,4.0,1,0.28489566810517813,tyreek hill,135.0,0.425531914893617,-0.1406362467884389
00-0034960,Jakobi Meyers,WR,LV,CHI,0.022734061150773567,0.8900808779260783,1.677222786949224,0.9263737098788548,0.8723245546352981,0.3939142707460606,1.3449304932241548,88.46025655075776,2.098019332308282,75.06328469602083,5.45357357611075,0.1813093072444879,0.235985125821168,0.5565732474009979,1.5194850312260302,3.6184107412170703,217.12406394782903,7.289545554292404,258.85848927896586,0.2955174323930029,0.5,24.5,-1.5,2025.0,4.0,1,0.27967216532469386,jakobi meyers,140.0,0.4166666666666667,-0.13699450134197283
00-0039916,Ricky Pearsall,WR,SF,JAX,0.01043630868201852,0.37450193878611426,1.3534926798732225,0.8546307829805609,0.7232435738753674,0.33482409430432897,1.5658525590186025,113.93083298248862,3.5222092694171123,83.76614024776018,5.368794872050007,0.182097004125949,0.20698505879243015,0.5867744344620015,1.1942897130310721,2.5631025791482687,299.4682841681782,-0.12391193200659034,235.56450483526405,0.11198903421417832,0.25,25.5,-3.5,2025.0,4.0,2,0.2795412437830857,ricky pearsall,185.0,0.3508771929824561,-0.07133594919937042
00-0036900,Ja'Marr Chase,WR,CIN,DEN,0.019710450211784605,0.8425006375213586,1.1463980668120615,0.9163601491528517,1.2378957318284378,0.549104452992783,1.9689834686629824,78.67582920573763,2.3314842050855806,89.2172246844164,7.791563670844417,0.4362017261330724,0.2841952723329566,0.6636518715267725,0.6156197035613635,2.97462350785032,311.6096355604024,7.3778953292555505,260.2278316781811,0.060232214177897564,1.0,18.5,7.5,2025.0,4.0,1,0.27626923291972777,jamarr chase,140.0,0.4166666666666667,-0.14039743374693892
00-0036322,Justin Jefferson,WR,MIN,PIT,0.033345073138073354,0.9868029518095686,1.2042341854852598,0.9217518159036667,1.088455090664318,0.5726896083069454,1.9561359993220595,76.75277284315602,1.0434820286596436,75.78800077678018,4.847449565095012,0.26239492223312566,0.2962795146809773,0.6932395389191597,0.8155974940757033,2.6811056858469136,211.9983189690337,10.89174980416961,266.3661859782383,1.0123321386502886,0.6666666666666666,21.5,-2.5,2025.0,4.0,1,0.27323721754890523,justin jefferson,145.0,0.40816326530612246,-0.13492604775721723
00-0039919,Rome Odunze,WR,CHI,LV,0.035430767626841594,1.1176605283409544,1.0330856424590567,0.9150176495754483,0.7181874016611051,0.5146810458356702,1.3463239777774383,95.78915307914812,3.406517375664445,62.58731969074725,4.115148807125028,0.6829491221241641,0.23848983008522884,0.597410888121465,1.1696458519579582,2.7553854810459755,224.5241359653417,10.648149482022042,245.52583879284495,0.21483667681656474,0.4,23.0,1.5,2025.0,4.0,2,0.2727532386166868,rome odunze,145.0,0.40816326530612246,-0.13541002668943564
00-0033921,Chris Godwin Jr.,WR,TB,PHI,0.008584265802125237,0.3019493294181415,1.129990960119284,0.8832048605071697,1.6050587043199955,0.2726838834054424,2.218527313745185,54.019735979880316,4.033640818080755,80.59484102991992,7.258968958696926,0.38992172593453234,0.26336727272648747,0.5639263660290023,0.9695448207280812,2.058660426518849,236.22643510303513,-1.9036438020538324,184.55679873024846,0.10311033522107635,0.1428571428571428,20.0,3.5,2025.0,4.0,2,0.270048263381009,chris godwin,280.0,0.2631578947368421,0.006890368644166922
00-0038543,Jaxon Smith-Njigba,WR,SEA,ARI,0.002074263850601131,0.0684633619550446,1.567212342470115,0.7107793385528861,0.9298867427764685,0.33491089061293416,1.303116656917188,92.19069552355408,4.4106961955322515,86.47730359601618,6.347476474913729,0.3948515187747427,0.3315425125357394,0.8335407956571612,0.7079521683734823,3.0584598014665407,276.4381437035202,6.939515225496161,266.8292278019342,0.019376504573782847,0.6666666666666666,22.5,-1.5,2025.0,4.0,1,0.268994442319427,jaxon smithnjigba,150.0,0.4,-0.13100555768057304
00-0037744,Trey McBride,TE,ARI,SEA,0.024589927354100947,0.8779049106347235,0.6322015510644516,0.9099245725368952,1.418601338963497,0.6723548241953552,1.9191442256975537,48.35214667175203,2.6921417829827,64.7628242354756,6.3657767225921855,0.48130042745150226,0.2805374600975094,0.5982880206719429,0.6117392626031481,2.7893048905672666,256.73468515041117,4.067953507892232,234.59202174851598,0.7055833666604924,0.25,21.0,1.5,2025.0,4.0,1,0.26872779332550045,trey mcbride,165.0,0.37735849056603776,-0.10863069724053731
00-0037740,Garrett Wilson,WR,NYJ,MIA,0.014501085840315443,0.5043921688055027,0.5911194544437045,0.9707723709974168,1.2212428923903673,0.26816402697421543,1.6548806448062214,69.39527684473161,0.9005291448113925,70.15254183523952,6.6832138575030635,0.5644436744543424,0.32533974641462154,0.7617796806503442,1.2649144653986988,2.5063946570399014,157.75564980311344,11.261163342402728,235.9795772197789,0.7788053390377815,0.5,21.5,2.5,2025.0,4.0,1,0.2668149376389879,garrett wilson,145.0,0.40816326530612246,-0.14134832766713457
00-0039915,Ladd McConkey,WR,LAC,NYG,0.00776081203545778,0.2900748003701726,0.5673337867615343,0.8158109773075132,1.0837963696211388,0.2880573525509336,2.272519515242583,65.35377980224588,3.471753173481567,63.804801172926126,5.214588546406538,0.11351927812794599,0.20798594501327775,0.45665608873839153,1.1391214738305775,2.603653118320644,299.370982477232,11.500807435615581,266.8335187833287,0.3185646031879392,0.5,24.75,-6.0,2025.0,4.0,1,0.2665096177743471,ladd mcconkey,170.0,0.37037037037037035,-0.10386075259602323
00-0038994,Jordan Addison,WR,MIN,PIT,0.03836164053428274,1.4928546139805796,0.5494269311876879,0.8721855554841261,0.5249445134865701,0.8005422678663717,3.073466672046502,91.7361108399034,0.2122072689582125,47.8105315227073,4.3236966317288354,0.5061192023063753,0.21342546074867674,0.540708730492754,0.8155974940757033,2.6811056858469136,211.9983189690337,10.89174980416961,266.3661859782383,1.0123321386502886,0.6666666666666666,21.5,-2.5,2025.0,4.0,2,0.2634746262729867,jordan addison,265.0,0.273972602739726,-0.010497976466739334
00-0037238,Drake London,WR,ATL,WAS,0.02355741502009272,0.8839251365943623,0.881476078295219,0.8826357099222473,0.8413557719899857,0.5050005227952992,1.2514655885923156,104.00720413448177,1.201760836702629,72.41381345617943,5.672703441407851,0.15168380984012345,0.27385526667105353,0.659500512301341,1.2514299682806516,3.039717166082489,293.81655725456983,9.674876922049465,246.18541431705694,0.3584502896678204,0.0,22.0,1.5,2025.0,4.0,1,0.2634481686522083,drake london,145.0,0.40816326530612246,-0.14471509665391413
00-0039337,Malik Nabers,WR,NYG,LAC,0.047006409890522655,1.6674663237360714,1.4003503962337835,0.9100992225024708,0.6578931998003892,0.6920666874400482,1.8667532793012849,145.1602120288563,0.6619581618282608,80.38878036836941,5.487258960084914,0.42333532136385565,0.3087027232453603,0.8103533982416811,0.7168373821221911,2.6809934898311463,256.1146811063748,-1.127752611246544,195.2173371655382,0.26216652691603776,0.3333333333333333,18.75,6.0,2025.0,4.0,1,0.26301431184464713,malik nabers,175.0,0.36363636363636365,-0.10062205179171652
00-0038563,Tre Tucker,WR,LV,CHI,0.023691508706197236,0.8019702660902022,0.6877430516498168,0.9072733477884377,0.6688809658750499,0.37980212414401904,1.3477118963217458,85.84595595264899,3.849246001523104,63.68661194461288,4.170376806120494,0.5381055487916883,0.19968789104036672,0.495904300724841,1.5194850312260302,3.6184107412170703,217.12406394782903,7.289545554292404,258.85848927896586,0.2955174323930029,0.5,24.5,-1.5,2025.0,4.0,2,0.2610452192291122,tre tucker,220.0,0.3125,-0.051454780770887776
00-0037240,Jameson Williams,WR,DET,CLE,0.0028416553984436568,0.11154035268906254,0.9253282310829508,0.8745957295569632,1.0382499715337012,0.2270910592684401,1.793060938106672,68.96519947847734,4.000232442985319,61.73567751324354,3.2968412663059987,0.38205039374318156,0.15735613924466918,0.454088482806431,1.2303873418859184,2.270306919065801,180.64196753396845,8.810631227672513,195.73163004994095,0.6949048616306461,0.6666666666666666,27.25,-10.0,2025.0,4.0,2,0.2604144882752564,jameson williams,200.0,0.3333333333333333,-0.07291884505807694
00-0036259,Jauan Jennings,WR,SF,JAX,0.012326481795503002,0.4242036059276048,0.712964494228918,0.7559184826692728,0.7404836094213261,0.2942508825659788,1.6162354132819734,75.42933061344728,-0.3706371218828376,57.96065504330721,4.71046287202736,0.34977824708114663,0.23363450862754429,0.5523175656093605,1.1942897130310721,2.5631025791482687,299.4682841681782,-0.12391193200659034,235.56450483526405,0.11198903421417832,0.25,25.5,-3.5,2025.0,4.0,1,0.25956990582319367,jauan jennings,170.0,0.37037037037037035,-0.11080046454717668
00-0039064,Zay Flowers,WR,BAL,KC,0.010351595971100863,0.2133479174325419,0.8490096917555312,0.7637475458177895,1.365217287022439,0.15287532227042788,1.9792015511174748,65.65425142054852,2.7970856735262664,56.533726970693266,4.13064336197617,0.1660803097802929,0.2622476161755138,0.5893579288990598,0.9916837963195584,2.7014999059920397,247.98951586960504,2.9773785739370506,202.51245923579845,0.07376652489602777,0.3333333333333333,25.5,-2.5,2025.0,4.0,1,0.25881031589823505,zay flowers,125.0,0.4444444444444444,-0.18563412854620936
00-0040124,Tetairoa McMillan,WR,CAR,NE,0.03805175038051749,0.9132420091324202,2.095890410958904,0.8683561643835617,0.8170903047281264,0.620593607305936,2.209360730593607,85.09589041095892,1.3137511980279188,69.0958904109589,4.4063926940639275,0.0,0.2717418663855651,0.7045455155069549,1.2707031555694577,3.0725428174391576,233.97746679311174,8.859096541128268,227.75354829419817,0.04060371560989919,0.6666666666666666,18.5,5.5,2025.0,4.0,1,0.25839442599253026,tetairoa mcmillan,170.0,0.37037037037037035,-0.11197594437784009
00-0036252,Michael Pittman,WR,IND,LA,0.004689152609898542,0.18290508725034557,0.7013174861921081,0.8527188101262916,1.4167447525562005,0.19339419372850639,1.2383797472171363,54.40699422015787,3.9514486048115147,64.533100271005,5.457378055833477,0.5240907152682116,0.23385025137206902,0.4977368023997467,1.1804125011756565,3.243662175540963,238.56161255347456,7.4971543839070796,217.30422375236017,0.5843214394395838,0.4285714285714285,23.0,3.5,2025.0,4.0,1,0.2570585524198212,michael pittman,230.0,0.30303030303030304,-0.045971750610481865
00-0037247,George Pickens,WR,DAL,GB,0.03878934182053537,1.7403693244203586,1.129411689532033,0.8722477435437139,0.6595253835890418,0.7804915425720239,2.0082636404030185,85.56771493497254,0.8821266260213588,54.887191226345124,4.054645755125057,0.5865670136020048,0.19423163334506355,0.5061062326068573,0.6882572454839503,1.2116413227740488,223.10865049677298,1.3947909643956107,195.5698074517025,0.22829996872062927,0.25,20.25,7.0,2025.0,4.0,2,0.25538573434369854,george pickens,155.0,0.39215686274509803,-0.1367711284013995
00-0039893,Brian Thomas Jr.,WR,JAX,SF,0.016301387938847493,0.6170969194456196,0.8281100580841108,0.8643821378535713,0.640706599198644,0.48091011568730696,1.601523466900933,109.36293708727216,-0.5431439828386893,61.55283596579111,4.02966433915423,0.3321273946733473,0.2671197884195601,0.6946811667182502,1.2423402590598835,2.1485913418991154,201.45642505734273,3.577527612706744,190.1111276664321,0.6995983201659794,0.6666666666666666,22.0,3.5,2025.0,4.0,1,0.2547828748892558,brian thomas,175.0,0.36363636363636365,-0.10885348874710787
00-0039338,Brock Bowers,TE,LV,CHI,0.0214750786859978,0.7387584732224428,0.7275398025171076,0.8017801173979249,1.125210826862075,0.30490466335492883,1.3476807424056036,54.96433346920301,1.1238073469654783,57.82103156464241,5.0907705907035075,0.13613353318330085,0.21762571874605255,0.45152451118006887,1.5194850312260302,3.6184107412170703,217.12406394782903,7.289545554292404,258.85848927896586,0.2955174323930029,0.5,24.5,-1.5,2025.0,4.0,1,0.25388556138538404,brock bowers,155.0,0.39215686274509803,-0.138271301359714
00-0033090,Hunter Henry,TE,NE,CAR,0.033559668806094727,1.09410460628732,0.15705153983591585,0.8153110946329788,0.9431697512189515,0.5892721438271457,1.595128495407951,53.267513205634486,3.1652842411088584,49.11877431198111,4.325252944349952,0.3756122728855842,0.20936399398078107,0.47151321188580375,0.8733033595020957,2.825242883882747,256.55860699074987,0.18556312285056417,224.96814434244754,0.2887671459068964,0.5,24.0,-5.5,2025.0,4.0,1,0.2534021146193053,hunter henry,180.0,0.35714285714285715,-0.10374074252355187
00-0040129,Emeka Egbuka,WR,TB,PHI,0.015403448690218695,0.54337899543379,1.360730593607306,0.7943835616438356,0.7474541980027677,0.33319634703196344,1.3471232876712327,83.78538812785389,3.907926114406553,63.073059360730596,4.9132420091324205,0.54337899543379,0.23286446578841474,0.568958155794751,0.9695448207280812,2.058660426518849,236.22643510303513,-1.9036438020538324,184.55679873024846,0.10311033522107635,0.1428571428571428,20.0,3.5,2025.0,4.0,3,0.24505175253751088,emeka egbuka,160.0,0.38461538461538464,-0.13956363207787376
00-0039065,Sam LaPorta,TE,DET,CLE,0.007984362915947656,0.26803451010058016,0.3689114222025174,0.8856758521357063,1.4392938541278906,0.25461419421786496,1.7924138244132057,34.96234439101917,2.592329075817066,47.120108096115594,4.60893117532357,0.15498494689790737,0.18385862445367676,0.3995076102928237,1.2303873418859184,2.270306919065801,180.64196753396845,8.810631227672513,195.73163004994095,0.6949048616306461,0.6666666666666666,27.25,-10.0,2025.0,4.0,1,0.24088527773766635,sam laporta,180.0,0.35714285714285715,-0.1162575794051908
00-0038117,Wan'Dale Robinson,WR,NYG,LAC,0.014986254882727883,0.5398079970313442,1.1942935716193643,0.7541355318028007,1.2648787301249063,0.2978148389730524,1.8649398429951716,77.3872922550639,2.367517210115756,62.33734928447193,5.078854563834232,0.2841245553783913,0.23050064947367266,0.5154210275589921,0.7168373821221911,2.6809934898311463,256.1146811063748,-1.127752611246544,195.2173371655382,0.26216652691603776,0.3333333333333333,18.75,6.0,2025.0,4.0,2,0.2393859507598191,wandale robinson,320.0,0.23809523809523808,0.0012907126645810285
00-0036613,Jaylen Waddle,WR,MIA,NYJ,0.025381347436815315,0.8561658750357566,0.479605841917621,0.7886183521739399,1.0324638964409734,0.3852150602176797,1.3830221965766647,57.702956313649395,1.9059960531496982,47.43839668949089,4.4986172923403025,0.5435993860331033,0.17659062194948488,0.43110923540466073,0.9355981054798019,3.8154722142689987,198.65994012040045,9.352302345647217,221.94266784720395,0.34453832343980006,1.0,24.0,-2.5,2025.0,4.0,2,0.2375180612451159,jaylen waddle,155.0,0.39215686274509803,-0.15463880149998213
00-0034827,DJ Moore,WR,CHI,LV,0.017759290891594153,0.5559158760128177,0.5154422108397596,0.9040355680625888,1.8294198291869948,0.28934895003832434,1.3464843832794668,47.26570902102611,2.5845817895814593,49.17051562393161,5.18838540937399,0.4349831864104014,0.22547277807376212,0.4624802974381987,1.1696458519579582,2.7553854810459755,224.5241359653417,10.648149482022042,245.52583879284495,0.21483667681656474,0.4,23.0,1.5,2025.0,4.0,1,0.23698055242501923,dj moore,200.0,0.3333333333333333,-0.09635278090831409
00-0040170,Elic Ayomanor,WR,TEN,HOU,0.03371858454771215,1.2328767123287672,0.319634703196347,0.7479908675799086,0.7261961886895275,0.45465753424657535,0.916027397260274,69.62100456621005,4.36216871701973,38.15981735159817,3.5525114155251143,0.776255707762557,0.1916633308206181,0.4975361141248645,0.6954456008193758,2.944665327419502,280.83206424062024,4.12456020440072,228.1792960150865,0.3579077905768634,1.0,15.75,7.0,2025.0,4.0,2,0.2346349766625562,elic ayomanor,390.0,0.20408163265306123,0.03055334400949497
00-0034753,Mark Andrews,TE,BAL,KC,0.0402543224904568,1.0825769614415508,0.5064165851276509,0.7558267360391101,1.140520980376844,0.5618990946873971,1.978996315244927,43.83428445687497,3.4603130096273027,45.58395117980851,3.3564655663265563,0.6203839943888648,0.1617613753471843,0.35548527394924473,0.9916837963195584,2.7014999059920397,247.98951586960504,2.9773785739370506,202.51245923579845,0.07376652489602777,0.3333333333333333,25.5,-2.5,2025.0,4.0,1,0.23377024488997275,mark andrews,235.0,0.29850746268656714,-0.06473721779659439
00-0038996,Tucker Kraft,TE,GB,DAL,0.016166911196313177,0.41525347776663013,0.5537833714179887,0.8854343713579048,1.495893643170323,0.21991633793302437,1.6031996276008658,28.651249129814257,3.4725593012277876,52.56433161865921,3.500324890522836,0.40340513673141914,0.19086166928769832,0.3570345632511095,2.070984460710486,4.058339509587674,287.5668674185902,14.06023533716177,286.1780683327508,0.4287761720996243,0.5,27.25,-7.0,2025.0,4.0,1,0.2336955042795957,tucker kraft,200.0,0.3333333333333333,-0.09963782905373761
00-0038933,Dalton Kincaid,TE,BUF,NO,0.023044254552359093,0.7056085861469864,0.5253381264579099,0.4999457837001613,1.0990430383681609,0.37492296297361827,1.7487236365754282,37.878207521488704,1.9343378343816058,44.86262961234793,4.0148890504531485,0.46732857291890917,0.19201286085868877,0.44078502835118527,1.4032051717505694,2.88527425579063,224.9417547317657,11.891073678618568,232.29463954437443,0.31527846944416116,0.8,31.5,-15.5,2025.0,4.0,1,0.232841245130053,dalton kincaid,165.0,0.37735849056603776,-0.14451724543598476
00-0039901,Keon Coleman,WR,BUF,NO,0.01496853051969263,0.5443411419195419,0.536051106434984,0.7429594051739572,0.9651230722575208,0.3488071097429211,1.6876576839010908,63.297042923576726,1.8687813087291387,40.41691280642481,3.437046300751781,0.2459805188917905,0.17540468440606213,0.45022586730423336,1.4032051717505694,2.88527425579063,224.9417547317657,11.891073678618568,232.29463954437443,0.31527846944416116,0.8,31.5,-15.5,2025.0,4.0,1,0.23247873913637193,keon coleman,150.0,0.4,-0.1675212608636281
00-0039849,Marvin Harrison Jr.,WR,ARI,SEA,0.02734655449048275,0.8570106010504194,0.8353362952621987,0.8395337671258899,0.7176532236392151,0.42009720497455444,1.9192595108008428,77.74565931428798,2.420068605055383,50.04455067836307,3.5999298600011165,0.2822296476007071,0.19980063813923113,0.5790077509192129,0.6117392626031481,2.7893048905672666,256.73468515041117,4.067953507892232,234.59202174851598,0.7055833666604924,0.25,21.0,1.5,2025.0,4.0,1,0.22983470992798744,marvin harrison,195.0,0.3389830508474576,-0.10914834091947018
00-0035659,Terry McLaurin,WR,WAS,ATL,0.010196258074534564,0.3198955672820939,0.4360498920784054,0.782243879953848,0.7476638520924024,0.2919157477034169,1.244700086304569,84.57523698211193,2.2856016747649948,54.60730643401108,4.061928159068503,0.2405393692567792,0.22590244341722646,0.5864895897737612,0.6659896258550828,2.2256537544183477,228.314239768903,3.6248334101329776,178.22542439963303,0.2674356241384136,0.3333333333333333,23.5,-1.5,2025.0,4.0,1,0.22916465628713942,terry mclaurin,135.0,0.425531914893617,-0.1963672586064776
00-0035640,DK Metcalf,WR,PIT,MIN,0.02579232280664383,0.7216593419355867,0.7646492751872165,0.8951658308550707,1.0792704263042938,0.3782092057230929,1.2873842376553915,50.94761534212573,2.701350450562227,43.55378440100907,3.26101746403755,0.672163187572533,0.19093868885995854,0.5016012572588607,0.4248873546525681,1.677272919562753,190.94997179736117,-7.26818047801894,184.8525368663722,0.35216730370220917,1.0,19.0,2.5,2025.0,4.0,1,0.22793980364782207,dk metcalf,145.0,0.40816326530612246,-0.1802234616583004
00-0037816,Romeo Doubs,WR,GB,DAL,0.017894969944702528,0.4762804732120171,0.4259823062359888,0.7851893815567387,1.1383661461792722,0.3454731953475763,1.7160947051749882,57.980795587151064,2.777415746348425,38.08532144743854,2.900699824375233,0.26703960506810687,0.16934733180224903,0.43275671350211053,2.070984460710486,4.058339509587674,287.5668674185902,14.06023533716177,286.1780683327508,0.4287761720996243,0.5,27.25,-7.0,2025.0,4.0,2,0.22545783375598438,romeo doubs,195.0,0.3389830508474576,-0.11352521709147323
00-0036040,Juwan Johnson,TE,NO,BUF,0.009826279331519756,0.3700950444841073,0.6897079056150319,0.8705313599927436,1.1405037082408032,0.17527330254008217,1.5483740116150584,52.28849136111839,1.9227963596244444,54.68218013637575,5.541496573586413,0.2482909068003746,0.21266904315501783,0.4392479326779291,1.3103762737373588,1.7663538449760061,196.4149838143091,6.076421525961082,180.1656505446017,0.35739541699579386,0.3333333333333333,16.0,15.5,2025.0,4.0,1,0.22456920796487026,juwan johnson,265.0,0.273972602739726,-0.04940339477485575
00-0036410,Tee Higgins,WR,CIN,DEN,0.027948870397809755,1.0158610238706827,0.4958114274131746,0.8001238362850452,0.6604617124121718,0.46679628568274734,1.9196440185115684,68.36747083074376,3.4204141611418093,47.64159867557598,3.5510429930628162,0.4115455000848684,0.16347930486785295,0.4543659097186854,0.6156197035613635,2.97462350785032,311.6096355604024,7.3778953292555505,260.2278316781811,0.060232214177897564,1.0,18.5,7.5,2025.0,4.0,2,0.22450659388407104,tee higgins,190.0,0.3448275862068966,-0.12032099232282553
00-0040128,Tyler Warren,TE,IND,LA,0.007715320421980777,0.2237442922374429,0.54337899543379,0.7710958904109588,3.29971068472963,0.21077625570776254,1.1665753424657532,31.292237442922374,1.7747007835564605,59.607305936073054,4.2146118721461185,0.0,0.22856338538908208,0.43059160484938636,1.1804125011756565,3.243662175540963,238.56161255347456,7.4971543839070796,217.30422375236017,0.5843214394395838,0.4285714285714285,23.0,3.5,2025.0,4.0,1,0.22078065143670714,tyler warren,225.0,0.3076923076923077,-0.08691165625560057
00-0038608,Kayshon Boutte,WR,NE,CAR,0.02141881680446248,0.6882620729621514,0.9953174720715151,0.7774464616325697,0.8904912916414767,0.3128668561742431,1.5499668914089362,59.56082255524069,2.609339876167673,48.94179427247417,3.237362951173615,0.36555985116148815,0.1341384581716327,0.3715015466837716,0.8733033595020957,2.825242883882747,256.55860699074987,0.18556312285056417,224.96814434244754,0.2887671459068964,0.5,24.0,-5.5,2025.0,4.0,2,0.2203968753505451,kayshon boutte,205.0,0.32786885245901637,-0.10747197710847126
00-0037239,Chris Olave,WR,NO,BUF,0.029076851465790823,1.1510554442573817,0.1918305564095927,0.7539885245960691,0.8875641752334131,0.45006189768099053,1.582934207657206,86.87220642244695,-0.5046079076990974,52.02801854850975,6.547799759310238,0.026588744654966256,0.2677607921343517,0.6118438446145615,1.3103762737373588,1.7663538449760061,196.4149838143091,6.076421525961082,180.1656505446017,0.35739541699579386,0.3333333333333333,16.0,15.5,2025.0,4.0,1,0.2200095833435949,chris olave,215.0,0.31746031746031744,-0.09745073411672253
00-0037664,Alec Pierce,WR,IND,LA,0.02045113135411555,0.6840478421014651,0.6786506386765115,0.7341432482332935,0.6802295749708756,0.3531490205358272,1.2883403059676504,90.80438752583729,3.2960200653410294,59.04937610717126,3.075224876898029,0.22584892683266536,0.1568061288395493,0.4903875945375701,1.1804125011756565,3.243662175540963,238.56161255347456,7.4971543839070796,217.30422375236017,0.5843214394395838,0.4285714285714285,23.0,3.5,2025.0,4.0,2,0.21785511703921273,alec pierce,390.0,0.20408163265306123,0.013773484386151502
00-0030506,Travis Kelce,TE,KC,BAL,0.01100846508136115,0.35906104454051596,0.5273209939147007,0.8068195651022622,1.2405031302243423,0.32295989441908973,1.632696658628564,39.742845928274825,0.98267378781017,46.05080109157164,4.440193306512442,0.26259355194643874,0.1984222807991928,0.3965593490513729,0.7921279836831893,2.972457691511078,262.411744518763,3.6423414975841664,233.055094399398,0.33776148937950057,0.5,23.0,2.5,2025.0,4.0,1,0.21526925616895104,travis kelce,170.0,0.37037037037037035,-0.1551011142014193
00-0036309,Darnell Mooney,WR,ATL,WAS,0.020154954082480914,0.4247538224847187,0.8061063168127572,0.8992615258198535,0.551840241170915,0.2334295926347846,1.1141729387902979,78.67796067249026,-0.9225990043507124,44.33815027874467,3.160029769584977,0.024493724316986515,0.20310894960733158,0.5281304544895855,1.2514299682806516,3.039717166082489,293.81655725456983,9.674876922049465,246.18541431705694,0.3584502896678204,0.0,22.0,1.5,2025.0,4.0,2,0.21335632237257357,darnell mooney,260.0,0.2777777777777778,-0.06442145540520422
00-0037261,Khalil Shakir,WR,BUF,NO,0.004399187724946162,0.13974732073453972,0.26284232937291074,0.6407599837810838,0.6704891600144333,0.18169237076167702,1.713645615396854,34.056531050967436,1.5943632976421158,39.73464833863705,3.702359336249911,0.3878978466621782,0.1722603509862323,0.34201898588700047,1.4032051717505694,2.88527425579063,224.9417547317657,11.891073678618568,232.29463954437443,0.31527846944416116,0.8,31.5,-15.5,2025.0,4.0,2,0.21293301062508216,khalil shakir,205.0,0.32786885245901637,-0.11493584183393421
00-0036550,Rashod Bateman,WR,BAL,KC,0.02060141367221295,0.5639583210189789,0.6201885128034519,0.6408048634322117,0.6234675890292186,0.33142319115683905,1.9872316884265184,61.794334074768955,2.246538703326938,39.32538847767708,3.191547021882878,0.5326703507190784,0.19615844670457222,0.4619841868851877,0.9916837963195584,2.7014999059920397,247.98951586960504,2.9773785739370506,202.51245923579845,0.07376652489602777,0.3333333333333333,25.5,-2.5,2025.0,4.0,2,0.2116031732177263,rashod bateman,280.0,0.2631578947368421,-0.051554721519115804
00-0036407,Jerry Jeudy,WR,CLE,DET,0.00806311480602835,0.2971142963910555,0.6087956864990426,0.8842110116196937,0.5283647770147597,0.19896165099332638,1.1679545126443582,96.72344981890508,-0.7983778482841473,52.55152696604395,4.3317720974824185,0.051066231600107356,0.22188374402833658,0.5776283172327649,1.162400031145099,3.877722600236799,301.05402311809496,10.820458726705004,257.45097167420505,0.8232112770395787,0.5,17.25,10.0,2025.0,4.0,1,0.21075890241457834,jerry jeudy,255.0,0.28169014084507044,-0.0709312384304921
00-0030061,Zach Ertz,TE,WAS,ATL,0.00793742208441913,0.2787314129816226,0.3159424828598295,0.6821302212109009,1.1587538813407574,0.2867233875038099,1.2442252245328331,37.46955178331548,2.636575955520092,42.94243879876153,4.022728010091085,0.5890874102935252,0.17122179695799047,0.37247581748719966,0.6659896258550828,2.2256537544183477,228.314239768903,3.6248334101329776,178.22542439963303,0.2674356241384136,0.3333333333333333,23.5,-1.5,2025.0,4.0,1,0.20919157134157168,zach ertz,235.0,0.29850746268656714,-0.08931589134499546
00-0038104,Tyquan Thornton,WR,KC,BAL,0.021104819850662867,0.7089596629569479,0.9588100163503601,0.6001279145787586,0.37664203663668055,0.47105646533490847,1.2207969889725687,112.44318871626362,2.11009887479982,43.91112535703106,2.639786307105283,0.5107495477745269,0.15575358147977067,0.5006726789802036,0.7921279836831893,2.972457691511078,262.411744518763,3.6423414975841664,233.055094399398,0.33776148937950057,0.5,23.0,2.5,2025.0,4.0,3,0.20881659649878423,tyquan thornton,425.0,0.19047619047619047,0.018340406022593764
00-0040189,Oronde Gadsden II,TE,LAC,NYG,0.0212765957446808,1.0,0.0,0.26,0.7931034482758621,0.85,3.64,58.0,0.4117002264384091,46.0,5.0,0.0,0.1555555555555555,0.3279720279720279,1.1391214738305775,2.603653118320644,299.370982477232,11.500807435615581,266.8335187833287,0.3185646031879392,0.5,24.75,-6.0,2025.0,4.0,2,0.20850590417965792,oronde gadsden,370.0,0.2127659574468085,-0.004260053267150593
00-0034351,Dallas Goedert,TE,PHI,TB,0.012364376083969137,0.25925769087226413,0.41132580856680057,0.7149727688177552,1.182240223303973,0.20221539869219776,1.220436739600785,32.96767864110027,2.347373764067255,40.28060862435838,3.621114421761003,0.4416286038183109,0.1879075391002082,0.40553578250248273,1.2319525841007237,2.7956899219975573,227.04592058201942,4.351440955616023,228.58361534779192,0.023104560073326372,0.75,23.5,-3.5,2025.0,4.0,1,0.20655289496782944,dallas goedert,380.0,0.20833333333333334,-0.0017804383655039002
00-0035662,Marquise Brown,WR,KC,BAL,0.0020635793727631284,0.07964545546108937,0.28956362265028984,0.6939519191070972,0.7643929881334018,0.1931228502654724,1.4868161741494568,69.33986043745627,0.5167203599495762,47.060953810922435,4.951138954752236,0.0138808729253315,0.2173800480848845,0.4998919732406174,0.7921279836831893,2.972457691511078,262.411744518763,3.6423414975841664,233.055094399398,0.33776148937950057,0.5,23.0,2.5,2025.0,4.0,2,0.20476390841595868,marquise brown,205.0,0.32786885245901637,-0.12310494404305769
00-0037545,Rashid Shaheed,WR,NO,BUF,0.006747926021177509,0.2713837962314587,0.4813059474913567,0.7579795454848053,0.6080603686576798,0.3210069735834225,1.5322860355784662,88.7322565207803,-0.8661488568701378,45.34919208779255,3.992471821459731,0.3436597585341306,0.18555456135428292,0.48962729211927214,1.3103762737373588,1.7663538449760061,196.4149838143091,6.076421525961082,180.1656505446017,0.35739541699579386,0.3333333333333333,16.0,15.5,2025.0,4.0,2,0.20444459552719257,rashid shaheed,320.0,0.23809523809523808,-0.03365064256804551
00-0037837,Calvin Austin III,WR,PIT,MIN,0.01919075578369684,0.4871840349121946,0.641715796930669,0.7499343730375608,0.517435805409348,0.2382479618670736,1.1160484837267468,66.20636677760406,-0.16079085852316397,35.06990555584353,2.505871946090681,0.4813716531998962,0.16790379091050278,0.5569773810901398,0.4248873546525681,1.677272919562753,190.94997179736117,-7.26818047801894,184.8525368663722,0.35216730370220917,1.0,19.0,2.5,2025.0,4.0,2,0.2035692051267681,calvin austin,270.0,0.2702702702702703,-0.06670106514350219
00-0033858,Jonnu Smith,TE,PIT,MIN,0.00469981214250726,0.19223672242878448,0.3896353329849443,0.6648310055407948,4.880659824228883,0.26271748914560766,1.3391859279223772,13.74196342818295,2.1456588247028874,33.041589279385974,4.722298985058833,0.40480390858464177,0.17867677781143346,0.31472933585535945,0.4248873546525681,1.677272919562753,190.94997179736117,-7.26818047801894,184.8525368663722,0.35216730370220917,1.0,19.0,2.5,2025.0,4.0,1,0.20087090895712467,jonnu smith,350.0,0.2222222222222222,-0.021351313265097538
00-0038041,Jake Ferguson,TE,DAL,GB,0.009737548003469258,0.404433348068602,0.09021930220380998,0.6488620403651352,1.3912152837196332,0.2482131578236295,2.2501930227360343,40.079748253469404,-0.5932087789074354,52.351453430072155,7.6217461466483964,0.0002090007413741784,0.2268923608556718,0.4345513218263225,0.6882572454839503,1.2116413227740488,223.10865049677298,1.3947909643956107,195.5698074517025,0.22829996872062927,0.25,20.25,7.0,2025.0,4.0,1,0.20072643217568392,jake ferguson,215.0,0.31746031746031744,-0.11673388528463352
00-0034775,Christian Kirk,WR,HOU,TEN,0.012182222351447058,0.32219934035180997,0.7873615900385266,0.6569189301376436,0.5783743223333654,0.2473881687716563,1.5695745055702102,84.02768379605065,-1.9525382186432634,42.537721264367846,2.8780410783250305,0.054564883981514774,0.1896749396533446,0.498589757007588,1.0620731932480907,2.91187989111779,195.49700753024635,7.730181933823634,221.5226446881308,0.24573912331386139,0.0,22.75,-7.0,2025.0,4.0,2,0.2005276191130669,christian kirk,245.0,0.2898550724637681,-0.08932745335070122
00-0035229,T.J. Hockenson,TE,MIN,PIT,0.016066656668410957,0.43364864119290786,0.12195276788900211,0.7111987482880816,0.877428269974788,0.3384749677100114,1.9579379090213649,39.965933701481504,0.9693745417452749,32.67575409810212,3.3585051529151144,0.30176172016629293,0.19658317614790538,0.417010127077669,0.8155974940757033,2.6811056858469136,211.9983189690337,10.89174980416961,266.3661859782383,1.0123321386502886,0.6666666666666666,21.5,-2.5,2025.0,4.0,1,0.2002050666882369,tj hockenson,255.0,0.28169014084507044,-0.08148507415683354
00-0034837,Calvin Ridley,WR,TEN,HOU,0.007514704637926003,0.24517934117993997,1.2883180388316342,0.8451879127465263,0.5734410134766245,0.18796384495915436,0.8821736912101843,85.49321757842755,0.040253237577649176,48.56796984536277,2.840279150375201,0.057250019064186135,0.2195743022876123,0.5941888944806485,0.6954456008193758,2.944665327419502,280.83206424062024,4.12456020440072,228.1792960150865,0.3579077905768634,1.0,15.75,7.0,2025.0,4.0,1,0.19977155785037617,calvin ridley,265.0,0.273972602739726,-0.07420104488934984
00-0033885,David Njoku,TE,CLE,DET,0.01193598926021236,0.5146201864379027,0.35126535853384583,0.7977467111469602,1.165934301876529,0.23859828895336974,1.2146231266766543,45.553286539651076,-1.6783536333666589,43.42127774576086,5.139256582455187,0.14635959164811976,0.2066945348120901,0.42072484510162894,1.162400031145099,3.877722600236799,301.05402311809496,10.820458726705004,257.45097167420505,0.8232112770395787,0.5,17.25,10.0,2025.0,4.0,1,0.19904588367677054,david njoku,300.0,0.25,-0.050954116323229465
00-0039894,Xavier Worthy,WR,KC,BAL,0.010473847740852747,0.42527443471147053,0.2391663220736222,0.5589722765548772,3.1915014893629765,0.34228726318880787,1.920900962864209,34.75545081760285,1.7280323899629597,40.818109811713825,4.287709875683849,0.5023051068113573,0.16483018240177527,0.3381380163116588,0.7921279836831893,2.972457691511078,262.411744518763,3.6423414975841664,233.055094399398,0.33776148937950057,0.5,23.0,2.5,2025.0,4.0,1,0.198839737122003,xavier worthy,190.0,0.3448275862068966,-0.14598784908489357
00-0037291,Jalen Nailor,WR,MIN,PIT,0.003399646754766419,0.12736884678494928,0.7039277081329476,0.7619584658710792,0.7778803512251236,0.22923162346796247,1.951041970564638,52.08070019325057,0.4548868404347437,34.60606626086347,2.5203646834893623,0.09849599725077472,0.16439015578963112,0.4121089052382345,0.8155974940757033,2.6811056858469136,211.9983189690337,10.89174980416961,266.3661859782383,1.0123321386502886,0.6666666666666666,21.5,-2.5,2025.0,4.0,3,0.19858771156249153,jalen nailor,500.0,0.16666666666666666,0.03192104489582487
00-0031588,Stefon Diggs,WR,NE,CAR,0.003629684342384671,0.11666822981202714,0.2226896757030369,0.5791698048859827,1.2012681549519737,0.10385427557700931,1.672682387038774,47.88119263311881,1.6506567716381841,43.870598503894556,4.511777039479081,0.08528989307156491,0.1850422108285061,0.42598899440933385,0.8733033595020957,2.825242883882747,256.55860699074987,0.18556312285056417,224.96814434244754,0.2887671459068964,0.5,24.0,-5.5,2025.0,4.0,1,0.19540458588374307,stefon diggs,195.0,0.3389830508474576,-0.14357846496371454
00-0038979,Cedric Tillman,WR,CLE,DET,0.013356320232895152,0.6179384186907565,0.48987828763018854,0.8009285852599736,0.7544282428740215,0.2541821456970907,1.241711882884138,58.3233211957279,0.04313035502019057,36.06845916171509,3.2826408790112303,0.44283689891199185,0.14860558886570746,0.34898335983873857,1.162400031145099,3.877722600236799,301.05402311809496,10.820458726705004,257.45097167420505,0.8232112770395787,0.5,17.25,10.0,2025.0,4.0,2,0.19474789873772771,cedric tillman,330.0,0.23255813953488372,-0.037810240797156
00-0035719,Deebo Samuel Sr.,WR,WAS,ATL,0.0001679758808927666,0.004746098982939918,0.2940027493203659,0.6981820702362109,3.126449481792631,0.09495121091916692,1.133797708505117,21.109471552917206,1.7861731700862937,35.5701893709195,4.191354559662227,0.5363431260870557,0.19644790877589155,0.3538145845468899,0.6659896258550828,2.2256537544183477,228.314239768903,3.6248334101329776,178.22542439963303,0.2674356241384136,0.3333333333333333,23.5,-1.5,2025.0,4.0,2,0.1936043008292931,deebo samuel,145.0,0.40816326530612246,-0.21455896447682934
00-0030035,Adam Thielen,WR,MIN,PIT,0.020920062082463442,0.5499842915044129,0.36650977922177774,0.7364942640200576,0.3963050335886532,0.28452248151282555,1.4719355186762635,47.56825029099776,1.692817898508758,27.867186185975424,2.211679240974646,0.1483625800384346,0.13981401561559784,0.34346544334113344,0.8155974940757033,2.6811056858469136,211.9983189690337,10.89174980416961,266.3661859782383,1.0123321386502886,0.6666666666666666,21.5,-2.5,2025.0,4.0,4,0.19307065866945983,adam thielen,650.0,0.13333333333333333,0.059737325336126496
00-0031610,Darren Waller,TE,MIA,NYJ,0.003201337589059591,0.10294592031530499,0.694070324289304,0.5856042951327681,1.02552304604974,0.07412857348904484,0.9482356287578128,43.79771745697389,1.7407811904625174,44.03651114606438,4.25342638655799,0.055276219392953886,0.18739640596898802,0.41586229437210953,0.9355981054798019,3.8154722142689987,198.65994012040045,9.352302345647217,221.94266784720395,0.34453832343980006,1.0,24.0,-2.5,2025.0,4.0,1,0.19179501079995417,darren waller,340.0,0.22727272727272727,-0.03547771647277309
00-0038393,Dontayvion Wicks,WR,GB,DAL,0.0020658984685061905,0.06552421574309503,0.04147244981361322,0.6123897487556477,0.8850608833732817,0.3059877570380494,1.603195124261606,53.13375302894104,0.0744170853533396,31.63553739304401,2.9701087490987743,0.05522265135863058,0.17465268388737876,0.4662331672660171,2.070984460710486,4.058339509587674,287.5668674185902,14.06023533716177,286.1780683327508,0.4287761720996243,0.5,27.25,-7.0,2025.0,4.0,3,0.19136189696353012,dontayvion wicks,240.0,0.29411764705882354,-0.10275575009529342
00-0034383,Dalton Schultz,TE,HOU,TEN,0.010548529718431265,0.4030375054153374,0.08765692366762978,0.6812082423966663,1.100593812175165,0.16922318464176148,1.3507536664711102,31.74386218862223,1.2036085655296498,32.557517206994596,3.6514719603307224,0.07520939590600716,0.1686741270225753,0.3444188825631875,1.0620731932480907,2.91187989111779,195.49700753024635,7.730181933823634,221.5226446881308,0.24573912331386139,0.0,22.75,-7.0,2025.0,4.0,1,0.19099736328366818,dalton schultz,295.0,0.25316455696202533,-0.06216719367835716
00-0039342,Xavier Legette,WR,CAR,NE,0.024317954583187452,1.0835777933731985,0.15007010989096342,0.7131015613716561,0.2565705995774783,0.46372761359825004,2.0110840803197605,61.19579882065324,-3.8839799755780606,16.29887428371939,2.556830789022997,0.02682980927205836,0.19360667009866728,0.4247197424099098,1.2707031555694577,3.0725428174391576,233.97746679311174,8.859096541128268,227.75354829419817,0.04060371560989919,0.6666666666666666,18.5,5.5,2025.0,4.0,3,0.1891615177805088,xavier legette,500.0,0.16666666666666666,0.02249485111384214
00-0038997,Josh Downs,WR,IND,LA,0.009930687821410817,0.3461897135350762,0.48510081041127706,0.5759305551269658,0.832641936584138,0.20434055328062323,1.2401428696693935,44.5185662506361,1.6746412379334463,42.863417599312434,4.041117311551877,0.0780122574775891,0.1913009877234216,0.4075228307672394,1.1804125011756565,3.243662175540963,238.56161255347456,7.4971543839070796,217.30422375236017,0.5843214394395838,0.4285714285714285,23.0,3.5,2025.0,4.0,3,0.18871531665091992,josh downs,280.0,0.2631578947368421,-0.07444257808592217
00-0038976,Marvin Mims Jr.,WR,DEN,CIN,0.024908142985905372,0.7044971664503664,0.5616680271482746,0.40673010008444194,0.679034277309479,0.29259725424958544,1.4553172571426292,42.392349367588785,1.8211512450286784,28.70936115668609,2.7479469321603753,0.42174511396320896,0.13793319179793473,0.33582482432577343,0.7043681432797678,2.751971930946851,231.806285290214,5.6237584839764905,231.8892817981643,0.7892864205454694,0.3333333333333333,26.0,-7.5,2025.0,4.0,3,0.18847467319876077,marvin mims,350.0,0.2222222222222222,-0.03374754902346144
00-0036970,Kyle Pitts,TE,ATL,WAS,0.005167318593610881,0.16830627562674597,0.09324797711785345,0.6966424481069752,1.5335875764737354,0.11056213653266161,1.2514553828317678,32.44114692780884,0.4125424145620616,36.102380621872285,3.8899403157252936,0.07670414010149113,0.16350453468355852,0.3408237983231939,1.2514299682806516,3.039717166082489,293.81655725456983,9.674876922049465,246.18541431705694,0.3584502896678204,0.0,22.0,1.5,2025.0,4.0,1,0.1867830914680221,kyle pitts,340.0,0.22727272727272727,-0.04048963580470516
00-0039868,Troy Franklin,WR,DEN,CIN,0.0015346330156263488,0.05067536244402791,0.258661146113047,0.6282319321733578,0.7400293692014634,0.2188669927177966,1.4560197018136314,31.76844616155322,-0.05448405323795725,32.20161414706154,3.47140731223832,0.2243965385808714,0.1699781854722091,0.37275266468738033,0.7043681432797678,2.751971930946851,231.806285290214,5.6237584839764905,231.8892817981643,0.7892864205454694,0.3333333333333333,26.0,-7.5,2025.0,4.0,2,0.18579462853866333,troy franklin,245.0,0.2898550724637681,-0.1040604439251048
00-0037838,Isaiah Likely,TE,BAL,KC,0.016915441328710517,0.35024564593953234,0.08709234934841194,0.6315224777380994,2.22078081943069,0.2153826956859913,1.5930186977584757,29.308421721887193,2.3937476758583367,28.389506758120472,2.548632549374787,0.44279946447015367,0.1284350578165977,0.2682170650947893,0.9916837963195584,2.7014999059920397,247.98951586960504,2.9773785739370506,202.51245923579845,0.07376652489602777,0.3333333333333333,25.5,-2.5,2025.0,4.0,2,0.18512940512071235,isaiah likely,255.0,0.28169014084507044,-0.09656073572435808
00-0038935,Brenton Strange,TE,JAX,SF,0.0006849115943881692,0.02701926902630482,0.29699538250327034,0.7724810497123985,1.1924101725808516,0.08254263705722636,1.6061862068250017,31.975253319042718,2.338340403496291,42.04978147157348,4.049028674967657,0.004571191318547417,0.13901481476296218,0.2889248048112931,1.2423402590598835,2.1485913418991154,201.45642505734273,3.577527612706744,190.1111276664321,0.6995983201659794,0.6666666666666666,22.0,3.5,2025.0,4.0,1,0.18502548997997806,brenton strange,275.0,0.26666666666666666,-0.0816411766866886
00-0033908,Cooper Kupp,WR,SEA,ARI,0.00346694754284932,0.09746667357514346,0.5225129130181017,0.7213770090312809,3.8283598444532014,0.11748673522511738,1.2865588301153406,30.989872538387438,1.1891811200676936,43.21033564906535,3.3557494817453657,0.0739104283485716,0.18920165480810505,0.38648400728207105,0.7079521683734823,3.0584598014665407,276.4381437035202,6.939515225496161,266.8292278019342,0.019376504573782847,0.6666666666666666,22.5,-1.5,2025.0,4.0,2,0.18445625229092408,cooper kupp,310.0,0.24390243902439024,-0.05944618673346616
00-0038606,Parker Washington,WR,JAX,SF,0.003922353575147526,0.0975889981925395,0.5852183710283037,0.5831853836594757,0.8285629501866982,0.20114807336210555,1.4397438878565088,65.15383965110817,-0.3542538223329786,37.53272347323584,3.2981792798598306,0.1925350816663032,0.16035623587963352,0.39466806126062215,1.2423402590598835,2.1485913418991154,201.45642505734273,3.577527612706744,190.1111276664321,0.6995983201659794,0.6666666666666666,22.0,3.5,2025.0,4.0,4,0.1843822656482703,parker washington,350.0,0.2222222222222222,-0.03783995657395192
00-0040667,Matthew Golden,WR,GB,DAL,0.010310796877301506,0.319634703196347,0.4566210045662101,0.6201826484018265,1.0563524039752887,0.09949771689497718,1.8302739726027395,43.65296803652968,1.1136732551680675,27.32420091324201,2.273972602739726,0.0,0.11707639561520838,0.4526328844506681,2.070984460710486,4.058339509587674,287.5668674185902,14.06023533716177,286.1780683327508,0.4287761720996243,0.5,27.25,-7.0,2025.0,4.0,1,0.18412229420814477,matthew golden,210.0,0.3225806451612903,-0.13845835095314554
00-0038129,Cade Otton,TE,TB,PHI,0.008586122838456415,0.2822211021035046,0.3055812955811608,0.9084931515808765,1.1339354363735223,0.2409094674017745,1.4992889160174891,29.579835663481628,0.3742420339826932,27.755467184277283,2.5557988618481424,0.050764743856371454,0.1354105665813302,0.2826402523374527,0.9695448207280812,2.058660426518849,236.22643510303513,-1.9036438020538324,184.55679873024846,0.10311033522107635,0.1428571428571428,20.0,3.5,2025.0,4.0,1,0.18285450931085762,cade otton,330.0,0.23255813953488372,-0.0497036302240261
00-0032385,Sterling Shepard,WR,TB,PHI,0.011886762912096746,0.348132841415514,1.0334824584546063,0.6101851260026073,1.196591265739204,0.17321335865883616,1.52062938283092,40.608934979752,2.7749419756428035,44.62842563134491,3.1207066264123564,0.0022903666384798595,0.1391005325725302,0.31159709388726026,0.9695448207280812,2.058660426518849,236.22643510303513,-1.9036438020538324,184.55679873024846,0.10311033522107635,0.1428571428571428,20.0,3.5,2025.0,4.0,4,0.1827124428193688,sterling shepard,340.0,0.22727272727272727,-0.04456028445335847
00-0031236,Brandin Cooks,WR,NO,BUF,0.01148423079904308,0.3949835883203284,0.34308677685221023,0.6994614227995571,0.7158675390996132,0.2322183994027051,1.727841282353676,56.85682100392324,-0.7448735112342826,26.737683903694226,2.789438789889206,0.05367123894347637,0.1335552008816449,0.33872986961114254,1.3103762737373588,1.7663538449760061,196.4149838143091,6.076421525961082,180.1656505446017,0.35739541699579386,0.3333333333333333,16.0,15.5,2025.0,4.0,3,0.1797935256991656,brandin cooks,650.0,0.13333333333333333,0.046460192365832265
00-0034521,Allen Lazard,WR,NYJ,MIA,0.018866500378817555,0.6883064000333652,0.3240554719959355,0.654452562312881,0.9518744132309727,0.3557828610730856,2.201088210403878,36.28163966427166,1.4563853225775463,30.1796897561941,2.1238828921847115,0.5647318089483468,0.09980223306054546,0.26791079071497337,1.2649144653986988,2.5063946570399014,157.75564980311344,11.261163342402728,235.9795772197789,0.7788053390377815,0.5,21.5,2.5,2025.0,4.0,5,0.1788725558217409,allen lazard,800.0,0.1111111111111111,0.06776144471062978
00-0037666,Jalen Tolbert,WR,DAL,GB,0.02344296619041903,0.929479921959101,0.3330204795057312,0.6840700020613664,0.7048061791103434,0.3879111145052189,2.254499783722207,32.584233453197776,0.6906554698013164,25.967547833273162,2.3732072942905376,0.17637983204852253,0.11105312070677667,0.25255370675812344,0.6882572454839503,1.2116413227740488,223.10865049677298,1.3947909643956107,195.5698074517025,0.22829996872062927,0.25,20.25,7.0,2025.0,4.0,3,0.17742917119829338,jalen tolbert,425.0,0.19047619047619047,-0.013047019277897087
00-0040648,Tory Horton,WR,SEA,ARI,0.02174385736029571,0.4566210045662101,0.319634703196347,0.472420091324201,0.6165346897096508,0.3118721461187215,1.2351598173515983,38.949771689497716,1.1385331494993192,24.840182648401825,2.0091324200913245,0.776255707762557,0.1339421613394216,0.3264428436193306,0.7079521683734823,3.0584598014665407,276.4381437035202,6.939515225496161,266.8292278019342,0.019376504573782847,0.6666666666666666,22.5,-1.5,2025.0,4.0,3,0.17733066108837287,tory horton,380.0,0.20833333333333334,-0.031002672244960477
00-0040663,Harold Fannin Jr.,TE,CLE,DET,0.0,0.0,0.54337899543379,0.6547031963470319,2.6876868438512274,0.03876712328767123,1.149269406392694,25.91324200913242,0.7320332727466761,40.853881278538815,4.534246575342466,0.0,0.14227304788614506,0.27761320009012125,1.162400031145099,3.877722600236799,301.05402311809496,10.820458726705004,257.45097167420505,0.8232112770395787,0.5,17.25,10.0,2025.0,4.0,2,0.17636609556741228,harold fannin,425.0,0.19047619047619047,-0.014110094908778181
00-0036626,Dyami Brown,WR,JAX,SF,0.01048482059385024,0.4358366281113963,0.25846233777438943,0.547848966541066,0.9832856838648883,0.2787930448777949,1.781586220726301,45.53090067205248,1.653167039315107,31.1181434033973,3.102009928116387,0.21209233590047546,0.12121547107996214,0.2964754209487707,1.2423402590598835,2.1485913418991154,201.45642505734273,3.577527612706744,190.1111276664321,0.6995983201659794,0.6666666666666666,22.0,3.5,2025.0,4.0,3,0.17598386543744374,dyami brown,310.0,0.24390243902439024,-0.0679185735869465
00-0036894,Pat Freiermuth,TE,PIT,MIN,0.011157622066578152,0.35269689200627186,0.295877116385527,0.6260711680482975,0.9150926343584114,0.17746204640845228,1.1161816218218188,32.15901197124005,-0.7679875483024414,30.796090336906275,3.252476395782522,0.1885708769611682,0.1658981278384912,0.37996536100024053,0.4248873546525681,1.677272919562753,190.94997179736117,-7.26818047801894,184.8525368663722,0.35216730370220917,1.0,19.0,2.5,2025.0,4.0,2,0.1758294096894259,pat freiermuth,400.0,0.2,-0.024170590310574114
00-0035644,Noah Fant,TE,CIN,DEN,0.00807993616516516,0.201290462299452,0.33101857631692905,0.4361491955699988,3.0902637926623195,0.1737008305668515,1.41575244002824,18.666602434054944,-2.636257654753283,32.614715877884144,4.049589839773402,0.24990335471568453,0.17444493091339247,0.3216884378044876,0.6156197035613635,2.97462350785032,311.6096355604024,7.3778953292555505,260.2278316781811,0.060232214177897564,1.0,18.5,7.5,2025.0,4.0,1,0.17527520923797602,noah fant,500.0,0.16666666666666666,0.008608542571309358
00-0035208,Olamide Zaccheaus,WR,CHI,LV,0.006619026943165099,0.22555143250312995,0.26345880691517787,0.5398677826837082,1.4883029900194735,0.18045964021584104,1.597406236544037,42.51579180704919,-0.04520545613364541,33.28305759552912,3.202825288929116,0.12258489728049986,0.16316221985572008,0.34853973302740454,1.1696458519579582,2.7553854810459755,224.5241359653417,10.648149482022042,245.52583879284495,0.21483667681656474,0.4,23.0,1.5,2025.0,4.0,3,0.17480857614937514,olamide zaccheaus,425.0,0.19047619047619047,-0.01566761432681532
00-0032775,Demarcus Robinson,WR,SF,JAX,0.005219718699574495,0.17501782043919892,0.7062398603636612,0.8048770563216382,0.3913063230383188,0.1413285559514196,1.3880793686837938,46.16704186701787,-0.23723960377399111,27.50431663123527,1.2708044002764864,0.11170594539654609,0.09549001034996858,0.315675173681768,1.1942897130310721,2.5631025791482687,299.4682841681782,-0.12391193200659034,235.56450483526405,0.11198903421417832,0.25,25.5,-3.5,2025.0,4.0,4,0.17322511384555975,demarcus robinson,550.0,0.15384615384615385,0.019378959999405893
00-0040581,Dont'e Thornton Jr.,WR,LV,CHI,0.0,0.0,1.0,0.6625570776255708,0.4114169610292639,0.11420091324200914,1.2664840182648403,80.13698630136986,0.40436223558321394,29.70319634703197,1.6803652968036529,0.0,0.12450153726568716,0.36777672049836424,1.5194850312260302,3.6184107412170703,217.12406394782903,7.289545554292404,258.85848927896586,0.2955174323930029,0.5,24.5,-1.5,2025.0,4.0,3,0.17314214356872853,donte thornton,320.0,0.23809523809523808,-0.06495309452650955
00-0033881,Evan Engram,TE,DEN,CIN,0.0010329165359760609,0.03622893536670521,0.056167750113950615,0.5618116091328496,1.539363498100889,0.04163803586004414,1.4023210713965077,22.689567816239958,0.3298717970302527,26.840844780276438,3.5507164048924635,0.03306573493537777,0.16216529740057295,0.30944579197835176,0.7043681432797678,2.751971930946851,231.806285290214,5.6237584839764905,231.8892817981643,0.7892864205454694,0.3333333333333333,26.0,-7.5,2025.0,4.0,1,0.1726762106453175,evan engram,320.0,0.23809523809523808,-0.06541902744992059
00-0033282,Curtis Samuel,WR,BUF,NO,0.001450143255409817,0.037907759521342524,0.09214772083415926,0.5067299993604542,8.59022792839223,0.18026321317887448,1.9656335688960083,7.730396919608503,-0.695726886398273,25.176449690348853,3.2946150346298664,0.07285831451540772,0.13490532019691445,0.22415961669670173,1.4032051717505694,2.88527425579063,224.9417547317657,11.891073678618568,232.29463954437443,0.31527846944416116,0.8,31.5,-15.5,2025.0,4.0,6,0.17257110404109036,curtis samuel,1000.0,0.09090909090909091,0.08166201313199944
00-0033591,Noah Brown,WR,WAS,ATL,0.007876146051286007,0.2428960240313366,0.08374056027120852,0.5305730589577868,0.5286763892862711,0.16482757615196156,1.2889607707160342,55.78125007597298,-0.37642068708455584,27.503198014298768,2.4014695644969484,0.026501244640510603,0.14455575184073693,0.37831465744674725,0.6659896258550828,2.2256537544183477,228.314239768903,3.6248334101329776,178.22542439963303,0.2674356241384136,0.3333333333333333,23.5,-1.5,2025.0,4.0,3,0.171897629660054,noah brown,475.0,0.17391304347826086,-0.002015413818206857
00-0030564,DeAndre Hopkins,WR,BAL,KC,0.012896309956845098,0.4292952766940535,0.6343012488467847,0.33388027709697327,0.7394597675182892,0.28632689984126514,2.1360470488819145,45.54387107025517,2.2355457314100655,33.39215541776152,2.239519559527816,0.41703792327416134,0.10008531674442257,0.2747136500008657,0.9916837963195584,2.7014999059920397,247.98951586960504,2.9773785739370506,202.51245923579845,0.07376652489602777,0.3333333333333333,25.5,-2.5,2025.0,4.0,3,0.17179882210441316,deandre hopkins,400.0,0.2,-0.02820117789558685
00-0037801,KaVontae Turpin,WR,DAL,GB,0.013730623858715077,0.6021036627732971,0.7349761068615914,0.433195599981354,1.2752537172838474,0.2482100457361232,2.2486452415962637,41.04642359361997,2.1841191055869045,41.168638617843605,2.329094637828691,0.21921998211891872,0.08154861625774874,0.23019704527284657,0.6882572454839503,1.2116413227740488,223.10865049677298,1.3947909643956107,195.5698074517025,0.22829996872062927,0.25,20.25,7.0,2025.0,4.0,4,0.17162937098876963,kavontae turpin,380.0,0.20833333333333334,-0.03670396234456372
00-0034407,Ray-Ray McCloud,WR,ATL,WAS,0.010264018913553233,0.21642074027730182,0.33176942528705244,0.6425602117225224,1.0620650871224513,0.09301660647800485,1.2511782962775966,34.30465731256841,-2.5834835044235525,28.05186031121939,2.138164200799766,0.005933697329727506,0.12603767819320016,0.27975477757067296,1.2514299682806516,3.039717166082489,293.81655725456983,9.674876922049465,246.18541431705694,0.3584502896678204,0.0,22.0,1.5,2025.0,4.0,3,0.17094246332112964,rayray mccloud,550.0,0.15384615384615385,0.017096309474975785
00-0034829,Mike Gesicki,TE,CIN,DEN,0.008985321442916404,0.26603030654204257,0.03401116638004282,0.4215965112824928,0.72901390683142,0.3443732503845615,1.9714327836410561,33.59824755926812,-1.5576733330085106,25.693046172517167,3.101249148257345,0.006120499630133951,0.12964519104547248,0.3000620201045233,0.6156197035613635,2.97462350785032,311.6096355604024,7.3778953292555505,260.2278316781811,0.060232214177897564,1.0,18.5,7.5,2025.0,4.0,3,0.16946048578215658,mike gesicki,650.0,0.13333333333333333,0.03612715244882325
00-0040718,Travis Hunter,WR,JAX,SF,0.007610350076103498,0.319634703196347,0.4566210045662101,0.5737899543378995,0.9588589634445218,0.1976255707762557,1.8449771689497716,30.095890410958905,-2.1152046139548752,24.00456621004566,2.7579908675799087,0.0,0.13253105805055512,0.27826312004688064,1.2423402590598835,2.1485913418991154,201.45642505734273,3.577527612706744,190.1111276664321,0.6995983201659794,0.6666666666666666,22.0,3.5,2025.0,4.0,2,0.1683617800102366,travis hunter,215.0,0.31746031746031744,-0.14909853745008084
00-0038619,Andrei Iosivas,WR,CIN,DEN,0.004984986459108454,0.16034628665810427,0.33413177441929354,0.8037026824839828,0.6745971078812069,0.226249539196052,2.839549520200531,42.634074279541295,-1.9336121573077587,26.124222945607617,1.9989440686186404,0.15328389264592895,0.0961733419825221,0.2437076741253336,0.6156197035613635,2.97462350785032,311.6096355604024,7.3778953292555505,260.2278316781811,0.060232214177897564,1.0,18.5,7.5,2025.0,4.0,3,0.16732189887189064,andrei iosivas,750.0,0.11764705882352941,0.04967484004836123
00-0039847,Theo Johnson,TE,NYG,LAC,0.009558467335459824,0.3062293039555515,0.1414646936623532,0.8423127475157337,1.1542396310831087,0.1383832687637787,1.6819719168566891,21.115930216203914,-0.4027145074969267,24.851485144835596,2.5079671522374585,0.0355357113937736,0.11477886587642397,0.2225967521361021,0.7168373821221911,2.6809934898311463,256.1146811063748,-1.127752611246544,195.2173371655382,0.26216652691603776,0.3333333333333333,18.75,6.0,2025.0,4.0,1,0.1664202101643673,theo johnson,550.0,0.15384615384615385,0.012574056318213456
00-0034983,Hunter Renfrow,WR,CAR,NE,0.011475621862102743,0.6307547660225902,0.07635210005601407,0.47911516572981283,0.65994813956161,0.32177812756333146,1.7700698376342212,33.950619129226446,-0.6679475707059366,19.093346687282335,2.8708987612507073,0.21109002376567398,0.14272554546491928,0.31393543652978295,1.2707031555694577,3.0725428174391576,233.97746679311174,8.859096541128268,227.75354829419817,0.04060371560989919,0.6666666666666666,18.5,5.5,2025.0,4.0,2,0.16565552678264378,hunter renfrow,285.0,0.2597402597402597,-0.09408473295761594
00-0040736,Mason Taylor,TE,NYJ,MIA,0.0,0.0,0.2237442922374429,0.764931506849315,0.9318575223087714,0.03917808219178082,1.3857077625570777,14.347031963470322,-0.4558648995893048,14.292237442922374,2.36986301369863,0.0,0.11937377690802345,0.23989915190604325,1.2649144653986988,2.5063946570399014,157.75564980311344,11.261163342402728,235.9795772197789,0.7788053390377815,0.5,21.5,2.5,2025.0,4.0,1,0.16448428795156547,mason taylor,550.0,0.15384615384615385,0.010638134105411617
00-0033307,Kendrick Bourne,WR,SF,JAX,0.001029495408693565,0.03828121103906403,0.07359357104783315,0.5989578831875128,1.0767226149743554,0.03426243311180321,1.2159728773481717,30.91800600336221,0.7100098854844215,29.972923897202044,2.9886366011891816,0.020978487238372596,0.1175416295501693,0.2602872864324875,1.1942897130310721,2.5631025791482687,299.4682841681782,-0.12391193200659034,235.56450483526405,0.11198903421417832,0.25,25.5,-3.5,2025.0,4.0,3,0.16391115208797669,kendrick bourne,450.0,0.18181818181818182,-0.017907029730205137
00-0035535,Darius Slayton,WR,NYG,LAC,0.007748100133291687,0.3118765116147438,0.38364520009851727,0.8625325624937007,0.8557616254614603,0.13711272379502717,1.868103607920634,30.640445141588074,1.1597534464448864,28.2592803139392,1.961930082615205,0.07485391416995839,0.08964780354411951,0.21316884345398773,0.7168373821221911,2.6809934898311463,256.1146811063748,-1.127752611246544,195.2173371655382,0.26216652691603776,0.3333333333333333,18.75,6.0,2025.0,4.0,3,0.1631257720901783,darius slayton,370.0,0.2127659574468085,-0.0496401853566302
00-0038621,DeMario Douglas,WR,NE,CAR,0.01581053737709143,0.5563615226290349,0.12973438637822177,0.5067531775528484,0.803669990773949,0.2440948731838185,1.5492084340877363,23.21522178281151,-0.717668527810157,15.732986092648385,2.365186450090019,0.2563613511465427,0.13085322157141,0.2660447192140952,0.8733033595020957,2.825242883882747,256.55860699074987,0.18556312285056417,224.96814434244754,0.2887671459068964,0.5,24.0,-5.5,2025.0,4.0,4,0.16305088633799072,demario douglas,340.0,0.22727272727272727,-0.06422184093473654
00-0039880,Malik Washington,WR,MIA,NYJ,0.0014864284744354227,0.050538568130804463,0.13851693265238857,0.5968153535543252,0.7694965885149856,0.11670889903443356,1.2834596720787517,23.13339462968265,-0.9306444300809906,18.513419992551913,2.5204357697791364,0.005945812002021012,0.12756672895671825,0.2666721515938285,0.9355981054798019,3.8154722142689987,198.65994012040045,9.352302345647217,221.94266784720395,0.34453832343980006,1.0,24.0,-2.5,2025.0,4.0,3,0.16206495394581455,malik washington,425.0,0.19047619047619047,-0.028411236530375916
00-0032392,Austin Hooper,TE,NE,CAR,0.0015808911699993372,0.05599779072233917,0.33019934078357455,0.5690930370083668,1.527028772649431,0.056255326872576485,1.5503976465261347,25.797775531172313,1.0876912288323084,29.417601279537386,2.5933360811270476,0.04299774769053942,0.10953160873213594,0.25863794400294376,0.8733033595020957,2.825242883882747,256.55860699074987,0.18556312285056417,224.96814434244754,0.2887671459068964,0.5,24.0,-5.5,2025.0,4.0,2,0.1612761416777931,austin hooper,500.0,0.16666666666666666,-0.005390524988873546
00-0038559,Michael Wilson,WR,ARI,SEA,0.011817553807446039,0.35157371047490066,0.1746100024273158,0.7504876391059426,0.3912032674155592,0.19826859873756283,1.8557087849124299,41.30321132421095,1.5164383387072236,15.687583196011614,1.6463361650501884,0.2548778659572595,0.09876972621139976,0.29961717049604975,0.6117392626031481,2.7893048905672666,256.73468515041117,4.067953507892232,234.59202174851598,0.7055833666604924,0.25,21.0,1.5,2025.0,4.0,2,0.16048610930369056,michael wilson,370.0,0.2127659574468085,-0.05227984814311795
00-0036980,Elijah Moore,WR,BUF,NO,0.0031694351293744824,0.13795275161018744,0.6645980713374325,0.4490084304071272,2.133502447658083,0.0524995977951691,1.4094450471176811,25.34163955091475,-0.9101732053153105,25.065241525261616,1.8926772008670683,0.21873345346738804,0.09779878142380459,0.22377712789709597,1.4032051717505694,2.88527425579063,224.9417547317657,11.891073678618568,232.29463954437443,0.31527846944416116,0.8,31.5,-15.5,2025.0,4.0,4,0.15934797473487664,elijah moore,750.0,0.11764705882352941,0.041700915911347225
00-0035689,Dawson Knox,TE,BUF,NO,0.0003562811778886402,0.01043200367911181,0.1677623412831147,0.5792996430898781,2.259288732212479,0.13222939387623883,1.771872470017507,15.876633116702864,-0.019517581605471443,20.371770735923583,1.823993624447182,0.005280239368657049,0.11334525991225602,0.22494413196159585,1.4032051717505694,2.88527425579063,224.9417547317657,11.891073678618568,232.29463954437443,0.31527846944416116,0.8,31.5,-15.5,2025.0,4.0,2,0.15915248077095065,dawson knox,425.0,0.19047619047619047,-0.031323709705239816
00-0033857,JuJu Smith-Schuster,WR,KC,BAL,0.000268642423576727,0.009220085142209919,0.34118753173964833,0.6842886659991327,1.8440558099179856,0.08099274078857105,1.4061122469589056,17.527775466895573,1.674849597722805,29.76639903861541,2.5820545610096333,0.03980157172430821,0.10080710650844499,0.19839627257619902,0.7921279836831893,2.972457691511078,262.411744518763,3.6423414975841664,233.055094399398,0.33776148937950057,0.5,23.0,2.5,2025.0,4.0,4,0.15878764064178916,juju smithschuster,425.0,0.19047619047619047,-0.03168854983440131
00-0036290,Cole Kmet,TE,CHI,LV,0.01210303682646985,0.35391158742949436,0.39016357366012894,0.922649225370385,0.9874954776629974,0.16730204987683142,1.2901205725776999,17.715490226378545,1.484641646038215,17.166585162521805,1.4300082760058683,0.354534016436752,0.06076541855814503,0.13657349902061025,1.1696458519579582,2.7553854810459755,224.5241359653417,10.648149482022042,245.52583879284495,0.21483667681656474,0.4,23.0,1.5,2025.0,4.0,1,0.15784147262313938,cole kmet,400.0,0.2,-0.04215852737686063
00-0033110,Tyler Higbee,TE,LA,IND,0.002520811371349591,0.08079526920004178,0.2512623452949864,0.580404260668221,0.9395229214500167,0.17001370967608428,1.7335878271415937,-24.393113384941717,0.7116040890269679,18.334048857129957,2.008057176004295,0.1619355139372662,0.09294390187057211,0.03825284398947109,1.2692923254424253,2.214355419700491,199.04426368592024,3.375509124878027,213.38610731983098,0.32977962314678677,0.2,26.5,-3.5,2025.0,4.0,1,0.15779065614683035,tyler higbee,350.0,0.2222222222222222,-0.06443156607539186
00-0034270,Tyler Conklin,TE,LAC,NYG,0.004551685115154415,0.1664699999939424,0.40122121133175226,0.4802992061164691,1.2184097830162364,0.14812730625536624,2.691335744435241,17.491469055692356,0.7473137200510175,26.86699197579995,2.3415156631867733,0.26430628750944773,0.09533141229413812,0.19312624610379675,1.1391214738305775,2.603653118320644,299.370982477232,11.500807435615581,266.8335187833287,0.3185646031879392,0.5,24.75,-6.0,2025.0,4.0,3,0.15775270089138932,tyler conklin,600.0,0.14285714285714285,0.01489555803424647
00-0033555,Mack Hollins,WR,NE,CAR,0.011461037095066266,0.2729988041368739,0.1067119801343647,0.6558242724741165,0.8315005206694724,0.20104702040603883,1.7837341902454071,23.135385000359953,1.5757387721929195,19.528213467345,2.357723136284708,0.26031092697172015,0.0939612948198922,0.21292512316472445,0.8733033595020957,2.825242883882747,256.55860699074987,0.18556312285056417,224.96814434244754,0.2887671459068964,0.5,24.0,-5.5,2025.0,4.0,3,0.15749195470623142,mack hollins,550.0,0.15384615384615385,0.0036458008600775693
00-0039424,Devaughn Vele,WR,NO,BUF,0.021773790801444898,0.7801345187136227,0.2247396752165351,0.4116527784378197,0.9551884568038879,0.41006571116753876,1.9415227181863903,20.398580972379904,1.983674460264341,20.169906457118678,1.8244569789141554,0.5336697118831588,0.07079135688076403,0.17542314100363857,1.3103762737373588,1.7663538449760061,196.4149838143091,6.076421525961082,180.1656505446017,0.35739541699579386,0.3333333333333333,16.0,15.5,2025.0,4.0,4,0.15387227216313715,devaughn vele,900.0,0.1,0.05387227216313714
00-0040735,Luther Burden III,WR,CHI,LV,0.0,0.0,0.9132420091324202,0.250365296803653,0.9869672754946729,0.1557077625570776,1.46675799086758,30.022831050228312,1.8211496193397825,47.045662100456624,1.9132420091324198,0.4566210045662101,0.07487619373195518,0.19514676688139404,1.1696458519579582,2.7553854810459755,224.5241359653417,10.648149482022042,245.52583879284495,0.21483667681656474,0.4,23.0,1.5,2025.0,4.0,4,0.15261921163472708,luther burden,550.0,0.15384615384615385,-0.0012269422114267736
00-0039793,AJ Barner,TE,SEA,ARI,0.005495175809191464,0.17521532301455914,0.30643097659811336,0.6311752430621783,1.2016080081796972,0.24011070267272813,1.3685250236384097,9.608638251151813,0.2968805575643178,18.959781129234273,1.8004096814934405,0.4117310268557965,0.08641251704683911,0.16776345775354717,0.7079521683734823,3.0584598014665407,276.4381437035202,6.939515225496161,266.8292278019342,0.019376504573782847,0.6666666666666666,22.5,-1.5,2025.0,4.0,1,0.15187619045000975,aj barner,500.0,0.16666666666666666,-0.014790476216656911
00-0034272,Marquez Valdes-Scantling,WR,SF,JAX,0.008658240583158115,0.3470194241323136,0.43633150986150865,0.45087650132289386,0.5304826418333756,0.13135338544878972,1.314643079298396,47.30588091834923,0.05316454131171719,20.212455776504548,1.2816438795179312,0.0773547720110841,0.09001931460366613,0.2432193697453503,1.1942897130310721,2.5631025791482687,299.4682841681782,-0.12391193200659034,235.56450483526405,0.11198903421417832,0.25,25.5,-3.5,2025.0,4.0,5,0.1518629383043667,marquez valdesscantling,800.0,0.1111111111111111,0.040751827193255596
00-0036637,Noah Gray,TE,KC,BAL,0.002123223917304817,0.08259133228549304,0.05191335476538378,0.5412857492449861,0.6741920476204442,0.07359284700605251,1.423105609266619,19.899999525018366,-1.160981672124432,10.600443388932364,1.8425579154090896,0.0559619565463412,0.11516960617916272,0.21801063505353882,0.7921279836831893,2.972457691511078,262.411744518763,3.6423414975841664,233.055094399398,0.33776148937950057,0.5,23.0,2.5,2025.0,4.0,2,0.1518433203160256,noah gray,475.0,0.17391304347826086,-0.022069723162235266
00-0036427,Tyler Johnson,WR,NYJ,MIA,0.006338490227884284,0.1962841258388194,0.5907054283050488,0.632582692304908,0.8115740276895896,0.10738485482540144,1.4983100736127197,25.54625645342113,0.5587886008135988,21.49453228126616,1.6618218438458079,0.10493537865330754,0.08584509698110473,0.22851243092441031,1.2649144653986988,2.5063946570399014,157.75564980311344,11.261163342402728,235.9795772197789,0.7788053390377815,0.5,21.5,2.5,2025.0,4.0,3,0.15153392625586248,tyler johnson,850.0,0.10526315789473684,0.04627076836112565
00-0037741,Jahan Dotson,WR,PHI,TB,0.0024742861351094757,0.07794146355979259,0.1680670287373035,0.5980409193883153,0.5542242363976019,0.053677298262278225,1.1404284748095908,31.599050126527043,0.1279630907420688,22.797101671280373,1.8391332882738252,0.00015917629701702436,0.10485012523766048,0.2663422630303729,1.2319525841007237,2.7956899219975573,227.04592058201942,4.351440955616023,228.58361534779192,0.023104560073326372,0.75,23.5,-3.5,2025.0,4.0,3,0.15146799410641712,jahan dotson,500.0,0.16666666666666666,-0.015198672560249538
00-0034159,Will Dissly,TE,LAC,NYG,0.005044137958554458,0.16429453677421108,0.0819931807369574,0.5043564783388322,2.273447029268424,0.12058678677059116,1.6821505082999408,9.914441492318613,0.9548265464695469,20.98964309528705,2.073107472238999,0.17240445666396884,0.07831930565292945,0.1441771908225869,1.1391214738305775,2.603653118320644,299.370982477232,11.500807435615581,266.8335187833287,0.3185646031879392,0.5,24.75,-6.0,2025.0,4.0,1,0.14985595611424787,will dissly,500.0,0.16666666666666666,-0.016810710552418784
00-0040194,Jackson Hawes,TE,BUF,NO,0.01630789302022178,0.4566210045662101,0.2237442922374429,0.38908675799086756,0.7061819459079733,0.2801369863013699,1.5160730593607306,7.461187214611872,1.2465706793073095,10.369863013698629,1.0,0.4566210045662101,0.034669372568915925,0.07351739344899405,1.4032051717505694,2.88527425579063,224.9417547317657,11.891073678618568,232.29463954437443,0.31527846944416116,0.8,31.5,-15.5,2025.0,4.0,3,0.14945909273405894,jackson hawes,950.0,0.09523809523809523,0.05422099749596371
00-0036754,Brock Wright,TE,DET,CLE,0.0051136645803595985,0.19743136550015125,0.001060808629047818,0.5155605273189829,3.452564648427378,0.17979440422482904,1.947711725911523,5.321410266906779,1.141298527143655,12.521514790071278,1.3400053993461065,0.3763101981335701,0.05294042786244662,0.0957086945462546,1.2303873418859184,2.270306919065801,180.64196753396845,8.810631227672513,195.73163004994095,0.6949048616306461,0.6666666666666666,27.25,-10.0,2025.0,4.0,2,0.14926660540121967,brock wright,850.0,0.10526315789473684,0.04400344750648283
00-0039792,Devontez Walker,WR,BAL,KC,0.0223561581150934,0.6285384587645595,0.7367206375536404,0.16900580577692834,0.7592585914680322,0.3472575817676968,2.0399156179005447,31.831884894161767,2.880354236679347,21.421153222025893,0.9891457213948289,0.37611337492337094,0.058150067570932294,0.18034076794380985,0.9916837963195584,2.7014999059920397,247.98951586960504,2.9773785739370506,202.51245923579845,0.07376652489602777,0.3333333333333333,25.5,-2.5,2025.0,4.0,5,0.14921961004601955,devontez walker,1200.0,0.07692307692307693,0.07229653312294262
00-0038618,Xavier Hutchinson,WR,HOU,TEN,0.0044561810396684925,0.1271162572236829,0.3571287938420461,0.6154633221045028,1.1119189713260793,0.07758762425687277,1.3792762649070989,21.07758079650367,0.09609756311844304,18.633932546455025,2.0050287605792487,0.0,0.08831366814134378,0.19854334076057495,1.0620731932480907,2.91187989111779,195.49700753024635,7.730181933823634,221.5226446881308,0.24573912331386139,0.0,22.75,-7.0,2025.0,4.0,3,0.14845767584117833,xavier hutchinson,425.0,0.19047619047619047,-0.04201851463501213
00-0037475,Stone Smartt,TE,NYJ,MIA,6.450006751241708e-05,0.002421720326233088,0.39576614684662725,0.39266923280302934,1.3389804471854396,0.051432402463902196,1.4709662411407627,24.99324883265689,1.3025790366062822,29.785719779847195,2.4683901336666447,0.001424541368372404,0.08518287123447443,0.18834644057708375,1.2649144653986988,2.5063946570399014,157.75564980311344,11.261163342402728,235.9795772197789,0.7788053390377815,0.5,21.5,2.5,2025.0,4.0,3,0.148192317613392,stone smartt,2000.0,0.047619047619047616,0.10057326999434438
00-0037112,Jake Tonges,TE,SF,JAX,0.004760010472023027,0.16660036652080637,0.0,0.4952920096424212,1.6291702508412185,0.07969617533158573,1.2351791633941596,12.068295950251091,0.541160041730374,17.017037437482365,2.131804689970318,0.16660036652080637,0.07642955038185292,0.14515676321875834,1.1942897130310721,2.5631025791482687,299.4682841681782,-0.12391193200659034,235.56450483526405,0.11198903421417832,0.25,25.5,-3.5,2025.0,4.0,1,0.1475284627532399,jake tonges,450.0,0.18181818181818182,-0.03428971906494194
00-0038465,Malik Heath,WR,GB,DAL,0.00817865529875541,0.23005387737861077,0.35740740495475554,0.3531496994265809,0.7401280846270928,0.11742725502207055,1.239184906558209,18.716165074616438,1.3596677015981886,19.04004845997195,1.2234738694066278,0.1810683781754207,0.06111898627789361,0.1395150815661382,2.070984460710486,4.058339509587674,287.5668674185902,14.06023533716177,286.1780683327508,0.4287761720996243,0.5,27.25,-7.0,2025.0,4.0,5,0.14745225205034226,malik heath,650.0,0.13333333333333333,0.014118918717008933
00-0036182,Nick Westbrook-Ikhine,WR,MIA,NYJ,0.005916088111294419,0.19586086877900713,0.042490935728245444,0.5220989521925606,0.5024782912483233,0.07035829634113289,0.6184788595921837,25.571380409475676,0.26119836039928734,17.494454212607366,1.5374869829669224,0.09890676516885866,0.09237141042555216,0.20606462642649837,0.9355981054798019,3.8154722142689987,198.65994012040045,9.352302345647217,221.94266784720395,0.34453832343980006,1.0,24.0,-2.5,2025.0,4.0,4,0.14723500110676166,nick westbrookikhine,700.0,0.125,0.02223500110676166
00-0038679,Tyrell Shavers,WR,BUF,NO,0.0,0.0,0.2237442922374429,0.22812785388127857,1.36986301369863,0.012328767123287671,1.491461187214612,11.196347031963471,2.4023460055303816,26.397260273972602,1.136986301369863,0.2237442922374429,0.0676813800101471,0.1613356841437377,1.4032051717505694,2.88527425579063,224.9417547317657,11.891073678618568,232.29463954437443,0.31527846944416116,0.8,31.5,-15.5,2025.0,4.0,5,0.14710323597239036,tyrell shavers,700.0,0.125,0.02210323597239036
00-0033589,David Moore,WR,CAR,NE,0.004780796673771287,0.1422598933326541,0.08959568805876499,0.6366047559527852,0.6098362626373641,0.11100757884768224,1.3709097159579853,22.673082307475415,0.5300266704011418,12.347964806926278,1.1703605003924353,0.23658921917268738,0.06704710163248244,0.1618607094019015,1.2707031555694577,3.0725428174391576,233.97746679311174,8.859096541128268,227.75354829419817,0.04060371560989919,0.6666666666666666,18.5,5.5,2025.0,4.0,4,0.1469456164285713,david moore,650.0,0.13333333333333333,0.01361228309523796
00-0033943,Josh Reynolds,WR,NYJ,MIA,0.010123263591884854,0.3113581383742086,0.11554461499859929,0.6437415689257573,0.4504454426450746,0.1324272958512852,0.8373532321669995,25.03001276138604,0.018050265531614273,13.874980731838274,1.2409860572961005,0.07662823133659047,0.09374270201292557,0.22280984866813167,1.2649144653986988,2.5063946570399014,157.75564980311344,11.261163342402728,235.9795772197789,0.7788053390377815,0.5,21.5,2.5,2025.0,4.0,2,0.14690949227050937,josh reynolds,330.0,0.23255813953488372,-0.08564864726437435
00-0037005,Tommy Tremble,TE,CAR,NE,0.003440014834627318,0.12038896432623974,0.032145035396527626,0.5570465257709706,2.0253657881263236,0.11226450801983062,2.080883960596532,11.094009698823598,1.1234785091953203,18.197177696160136,2.1574816376739077,0.13872228297140998,0.07449990506112986,0.14014053037387705,1.2707031555694577,3.0725428174391576,233.97746679311174,8.859096541128268,227.75354829419817,0.04060371560989919,0.6666666666666666,18.5,5.5,2025.0,4.0,2,0.14683616288340137,tommy tremble,370.0,0.2127659574468085,-0.06592979456340714
00-0032398,Chris Moore,WR,WAS,ATL,3.224286916220028e-05,0.0011657274447411108,0.4411701726254381,0.5534161399833841,1.0372230488424374,0.021283792480972268,1.0990144043117256,33.31971275205283,1.7972743904211212,28.06636591116613,1.7439526161309609,5.138044477193727e-05,0.09654832138393127,0.2602978652316512,0.6659896258550828,2.2256537544183477,228.314239768903,3.6248334101329776,178.22542439963303,0.2674356241384136,0.3333333333333333,23.5,-1.5,2025.0,4.0,5,0.14613476181426918,chris moore,1100.0,0.08333333333333333,0.06280142848093585
00-0036630,Tylan Wallace,WR,BAL,KC,0.017955712638347592,0.5100013523863177,0.02421222840431289,0.4644900985420857,0.598263695732818,0.21863520759618063,1.8297123634051302,8.743295941487064,0.6685065457725539,8.302576471994115,0.6990567543946837,0.22210667106711074,0.040906540604078,0.08337241470205692,0.9916837963195584,2.7014999059920397,247.98951586960504,2.9773785739370506,202.51245923579845,0.07376652489602777,0.3333333333333333,25.5,-2.5,2025.0,4.0,4,0.14610376221273258,tylan wallace,800.0,0.1111111111111111,0.034992651101621475
00-0035631,Drew Sample,TE,CIN,DEN,0.00021728898222518928,0.008474271778559429,8.210888593758758e-05,0.6132620576386029,1.2134399222960972,0.12012236812365884,1.9562059502232538,1.897809588265394,0.6324215294405652,10.880451307668482,1.5360647163116021,0.3087958748672079,0.06868230923165304,0.1161185530233818,0.6156197035613635,2.97462350785032,311.6096355604024,7.3778953292555505,260.2278316781811,0.060232214177897564,1.0,18.5,7.5,2025.0,4.0,2,0.1458058897229961,drew sample,900.0,0.1,0.045805889722996096
00-0038824,Ryan Miller,WR,TB,PHI,0.011563995148137064,0.420145844398628,0.3233069647826401,0.2859967931636227,0.6171644379353249,0.17439545379360602,1.6304409252933696,20.599426084256976,0.3859226537145955,9.218517849077626,0.7055076619100024,0.2982644459583567,0.04471920169819967,0.12218217677207778,0.9695448207280812,2.058660426518849,236.22643510303513,-1.9036438020538324,184.55679873024846,0.10311033522107635,0.1428571428571428,20.0,3.5,2025.0,4.0,6,0.1455148532046592,ryan miller,850.0,0.10526315789473684,0.04025169530992237
00-0039050,Payne Durham,TE,TB,PHI,0.007835414378201483,0.25073326010244745,0.14715800665178194,0.431181630045157,0.4231157989770805,0.13622822743371876,1.403415264959393,11.917601649712108,0.8139982484068559,9.5399001077981,0.9345919836228471,0.25073326010244745,0.041678847730265686,0.09135047663502657,0.9695448207280812,2.058660426518849,236.22643510303513,-1.9036438020538324,184.55679873024846,0.10311033522107635,0.1428571428571428,20.0,3.5,2025.0,4.0,2,0.14539076158203323,payne durham,1500.0,0.0625,0.08289076158203323
00-0036422,Adam Trautman,TE,DEN,CIN,0.008730397059433959,0.26795387526321035,0.019378302791536062,0.49595382222958967,1.041808851225763,0.1525297934442658,1.185665796599453,5.6044648977120035,0.31516071760646,5.870237380230811,1.1299910171402956,0.266729567531991,0.045081195230778734,0.08809796630002024,0.7043681432797678,2.751971930946851,231.806285290214,5.6237584839764905,231.8892817981643,0.7892864205454694,0.3333333333333333,26.0,-7.5,2025.0,4.0,3,0.1452564911038014,adam trautman,475.0,0.17391304347826086,-0.028656552374459465
00-0034854,KhaDarel Hodge,WR,ATL,WAS,0.011356525317158136,0.44750952180490533,0.26073981893991965,0.3737614450508773,0.8476882119759542,0.17009081093475456,1.2907539690401189,25.221087498191746,0.4144200306002548,10.181331575633747,0.61040780035553,0.024713051838690027,0.046269869528343284,0.11705655194994566,1.2514299682806516,3.039717166082489,293.81655725456983,9.674876922049465,246.18541431705694,0.3584502896678204,0.0,22.0,1.5,2025.0,4.0,6,0.14515160985235429,khadarel hodge,1300.0,0.07142857142857142,0.07372303842378286
00-0040705,Chimere Dike,WR,TEN,HOU,0.009685900096858999,0.319634703196347,0.0,0.3617351598173516,-0.008411439557798602,0.15146118721461188,0.916027397260274,13.881278538812785,-1.9896111389941515,0.5936073059360731,2.0091324200913245,0.0,0.11422387426026528,0.2111692733965264,0.6954456008193758,2.944665327419502,280.83206424062024,4.12456020440072,228.1792960150865,0.3579077905768634,1.0,15.75,7.0,2025.0,4.0,4,0.14507386791174945,chimere dike,600.0,0.14285714285714285,0.0022167250546065997
00-0032211,Tyler Lockett,WR,TEN,HOU,0.0015094439987572217,0.04896037184719117,0.053773991053569635,0.5683137115491633,0.8546270243570454,0.060292465576098,1.0743371254849872,26.159491393392564,0.9674877772801573,20.675391731096514,2.3328101120482803,0.00822885800456957,0.10109357185744508,0.24419145802573272,0.6954456008193758,2.944665327419502,280.83206424062024,4.12456020440072,228.1792960150865,0.3579077905768634,1.0,15.75,7.0,2025.0,4.0,3,0.14484712384041962,tyler lockett,900.0,0.1,0.04484712384041961
00-0039074,Davis Allen,TE,LA,IND,0.006206416718171222,0.19687056099793898,0.0020394135166932077,0.3685778748324162,0.49727274527687315,0.16023990928590587,1.738566467203836,9.215611299019884,0.3305656532822873,6.19178412199416,0.9066555930856698,0.35987184093180186,0.04049116976902389,0.08893925284571821,1.2692923254424253,2.214355419700491,199.04426368592024,3.375509124878027,213.38610731983098,0.32977962314678677,0.2,26.5,-3.5,2025.0,4.0,2,0.14442527604945846,davis allen,800.0,0.1111111111111111,0.03331416493834735
00-0037277,Teagan Quitoriano,TE,ATL,WAS,0.0032867669710523024,0.10066532847259632,0.5205029191697708,0.4290343471130307,2.425772626188572,0.05971700007147221,1.185990662001042,15.70154337978902,0.8794552429106066,18.193322288559816,0.8928607689017863,0.06434465947057712,0.0435957094687797,0.10076126157070682,1.2514299682806516,3.039717166082489,293.81655725456983,9.674876922049465,246.18541431705694,0.3584502896678204,0.0,22.0,1.5,2025.0,4.0,3,0.1443560962196115,teagan quitoriano,4000.0,0.024390243902439025,0.1199658523171725
00-0033375,Tim Patrick,WR,JAX,SF,0.00835150686552995,0.3570843477716936,0.05502477123094756,0.4369754047691049,2.030062268260149,0.18340464088349848,2.0349116285171074,13.993763137692278,0.4976034275897463,13.131275795057322,1.211813234847051,0.08614446868778591,0.04690320361619399,0.10991660235413762,1.2423402590598835,2.1485913418991154,201.45642505734273,3.577527612706744,190.1111276664321,0.6995983201659794,0.6666666666666666,22.0,3.5,2025.0,4.0,5,0.14420005502132602,tim patrick,900.0,0.1,0.04420005502132601
00-0036244,Colby Parkinson,TE,LA,IND,0.003612982592684034,0.10125391445970758,0.007631890553927447,0.43012111792177776,0.47835308008182464,0.12703780409361815,1.189068075978572,4.943650243752294,-1.967936634719564,3.3538461454689874,1.1678735832614917,0.01780628517189091,0.06032025484329224,0.10673097653468852,1.2692923254424253,2.214355419700491,199.04426368592024,3.375509124878027,213.38610731983098,0.32977962314678677,0.2,26.5,-3.5,2025.0,4.0,3,0.14377594991581896,colby parkinson,1100.0,0.08333333333333333,0.060442616582485634
00-0035249,Josh Oliver,TE,MIN,PIT,0.001668446816424114,0.05551427124603996,0.12881310198152585,0.4510119085216824,1.1174633500754045,0.07219495012354937,2.0738016152850434,7.883835347532773,0.9198976994016598,12.495397878050804,1.206483815496574,0.335737035657984,0.05397510271584904,0.10024163751584467,0.8155974940757033,2.6811056858469136,211.9983189690337,10.89174980416961,266.3661859782383,1.0123321386502886,0.6666666666666666,21.5,-2.5,2025.0,4.0,2,0.1435866551066845,josh oliver,1200.0,0.07692307692307693,0.06666357818360757
00-0037805,Jeremy Ruckert,TE,NYJ,MIA,0.013684468718600084,0.3014381342013164,4.023390929557774e-05,0.39820971818722384,1.2976612503252265,0.14762306543306614,1.2964859988009134,7.756123101530284,1.734784834540403,7.717045839119089,1.1785997303159932,0.30001380023088847,0.057652404715908635,0.11305536572044864,1.2649144653986988,2.5063946570399014,157.75564980311344,11.261163342402728,235.9795772197789,0.7788053390377815,0.5,21.5,2.5,2025.0,4.0,2,0.1435645147249021,jeremy ruckert,800.0,0.1111111111111111,0.03245340361379098
00-0039394,Casey Washington,WR,ATL,WAS,0.0,0.0,0.0,0.4657534246575343,1.1963470319634704,0.06757990867579909,0.9894520547945206,56.42465753424657,1.3947865897454705,18.200913242009133,1.593607305936073,0.0,0.08246857762682036,0.26733413626490204,1.2514299682806516,3.039717166082489,293.81655725456983,9.674876922049465,246.18541431705694,0.3584502896678204,0.0,22.0,1.5,2025.0,4.0,4,0.14337560246922537,casey washington,1900.0,0.05,0.09337560246922537
00-0038809,Ben Sims,TE,GB,DAL,0.009012774688543832,0.25242508384118856,0.10589116327119301,0.34179757224885926,1.2023570050922054,0.18722838245539553,2.061830272048257,7.684195925749077,0.14986030950180354,5.61000525431026,0.8124756101277256,0.0363206690020192,0.04216041079337784,0.08589915476145121,2.070984460710486,4.058339509587674,287.5668674185902,14.06023533716177,286.1780683327508,0.4287761720996243,0.5,27.25,-7.0,2025.0,4.0,4,0.14299430667033408,ben sims,1300.0,0.07142857142857142,0.07156573524176266
00-0040669,Isaac TeSlaa,WR,DET,CLE,0.005737033134293398,0.2237442922374429,0.319634703196347,0.19753424657534246,0.5670556401150009,0.1091324200913242,1.687808219178082,25.69406392694064,0.6792029010044665,12.178082191780822,0.54337899543379,0.2237442922374429,0.05242822546355348,0.16014192798959515,1.2303873418859184,2.270306919065801,180.64196753396845,8.810631227672513,195.73163004994095,0.6949048616306461,0.6666666666666666,27.25,-10.0,2025.0,4.0,4,0.14287994079850486,isaac teslaa,650.0,0.13333333333333333,0.009546607465171525
00-0036534,Shane Zylstra,TE,DET,CLE,0.005773024242910503,0.2346216946416846,0.30293510828593617,0.30720521838950143,1.1297170959444232,0.1070787330162601,1.2542102990101853,6.966195382639675,0.3632206041353972,10.411530767942196,0.9442583503631228,0.08495924380572635,0.03821463377691202,0.07727408009449208,1.2303873418859184,2.270306919065801,180.64196753396845,8.810631227672513,195.73163004994095,0.6949048616306461,0.6666666666666666,27.25,-10.0,2025.0,4.0,4,0.14263278360134227,shane zylstra,1200.0,0.07692307692307693,0.06570970667826534
00-0033757,Robert Tonyan,TE,KC,BAL,0.018895762366016387,0.3039679359225696,0.22004448015014796,0.39068925962860024,0.7651037555199209,0.1693687156689144,1.4859800992813332,20.01485821210865,0.3520886819822833,12.326298015213958,0.978642914897447,0.0029561310750452485,0.06647336332540708,0.1555920456339967,0.7921279836831893,2.972457691511078,262.411744518763,3.6423414975841664,233.055094399398,0.33776148937950057,0.5,23.0,2.5,2025.0,4.0,3,0.14200366029880837,robert tonyan,1700.0,0.05555555555555555,0.08644810474325282
00-0036415,Van Jefferson,WR,TEN,HOU,0.0018812092318870213,0.050376072716973294,0.11999159785655515,0.4693037806139477,2.9386708350409827,0.04873952702464085,1.0008644956873092,12.94823991609237,0.1803374788744534,11.779858139317124,1.5025369689373846,0.03944912821559245,0.06751797481517513,0.14279289509583468,0.6954456008193758,2.944665327419502,280.83206424062024,4.12456020440072,228.1792960150865,0.3579077905768634,1.0,15.75,7.0,2025.0,4.0,5,0.14178280199925675,van jefferson,1100.0,0.08333333333333333,0.05844946866592342
00-0040584,Gunnar Helm,TE,TEN,HOU,0.0,0.0,0.0,0.3730593607305936,1.8731245923026745,0.01894977168949772,0.916027397260274,10.036529680365296,0.7038444138629592,18.78538812785388,2.2328767123287676,0.0,0.07881122577179342,0.14631763776836504,0.6954456008193758,2.944665327419502,280.83206424062024,4.12456020440072,228.1792960150865,0.3579077905768634,1.0,15.75,7.0,2025.0,4.0,2,0.14087947750753388,gunnar helm,1100.0,0.08333333333333333,0.05754614417420055
00-0037086,Grant Calcaterra,TE,PHI,TB,0.002406631204586773,0.050593313196553455,0.19467420716431988,0.5607727285308742,0.5949557894899804,0.04655242051903545,0.7483270129142334,10.500786167855663,0.06536512132543651,9.927604769403723,0.9484765326566612,0.050425733705836744,0.0643181199891841,0.13379098939568684,1.2319525841007237,2.7956899219975573,227.04592058201942,4.351440955616023,228.58361534779192,0.023104560073326372,0.75,23.5,-3.5,2025.0,4.0,2,0.1407040236819376,grant calcaterra,1500.0,0.0625,0.0782040236819376
00-0036887,Luke Farrell,TE,SF,JAX,1.285593091607734e-05,0.0004885253748109392,0.0014902492096620053,0.48695366016456937,0.6123032170507788,0.07105792798235588,1.3660497284615176,3.862146100145489,0.6211631159367913,7.945988876193503,1.3537511570064598,0.30000079552136333,0.05472561575947033,0.09141209527826097,1.1942897130310721,2.5631025791482687,299.4682841681782,-0.12391193200659034,235.56450483526405,0.11198903421417832,0.25,25.5,-3.5,2025.0,4.0,2,0.1397055142398309,luke farrell,500.0,0.16666666666666666,-0.02696115242683575
00-0032464,Kalif Raymond,WR,DET,CLE,3.846965309145097e-09,1.3971123773022389e-07,0.07305720742772674,0.4245001904064545,0.7686395555676923,0.017459535492790692,1.5450672106548735,13.067588531500133,0.2517973413793005,11.03577119693701,1.1602237678153589,0.02940725736023465,0.058611169089457404,0.1318541109822067,1.2303873418859184,2.270306919065801,180.64196753396845,8.810631227672513,195.73163004994095,0.6949048616306461,0.6666666666666666,27.25,-10.0,2025.0,4.0,3,0.13968329097020768,kalif raymond,475.0,0.17391304347826086,-0.034229752508053185
00-0037348,Tanner Conner,TE,MIA,NYJ,0.007188602157445531,0.22284666688081176,0.0,0.2878625416814793,0.9222129896831288,0.1226981118806785,0.9444691446982565,12.748173556677056,-0.7872884350380522,10.309873702288252,1.0588718553032397,0.0,0.0658633023583825,0.13955998580999388,0.9355981054798019,3.8154722142689987,198.65994012040045,9.352302345647217,221.94266784720395,0.34453832343980006,1.0,24.0,-2.5,2025.0,4.0,3,0.13948210296453337,tanner conner,800.0,0.1111111111111111,0.02837099185342226
00-0038839,Mitchell Tinsley,WR,CIN,DEN,0.009150326797385611,0.4117647058823529,0.0,0.12823529411764706,0.4117647058823529,0.1111764705882353,1.3747058823529412,5.352941176470588,0.39201857336892687,5.352941176470588,0.4117647058823529,0.4117647058823529,0.032200357781753064,0.05870903340465577,0.6156197035613635,2.97462350785032,311.6096355604024,7.3778953292555505,260.2278316781811,0.060232214177897564,1.0,18.5,7.5,2025.0,4.0,4,0.13917453365048366,mitchell tinsley,1600.0,0.058823529411764705,0.08035100423871895
00-0038558,Darnell Washington,TE,PIT,MIN,0.0016088316657393625,0.05459473172342339,0.08109097534922702,0.4552245888562728,0.7165164343946542,0.04241079140094224,1.345418146145317,8.242778846667484,0.33310038589758784,7.815441648285753,0.8049805633202657,0.0041540103039922555,0.0493651935543459,0.10176262092577952,0.4248873546525681,1.677272919562753,190.94997179736117,-7.26818047801894,184.8525368663722,0.35216730370220917,1.0,19.0,2.5,2025.0,4.0,3,0.13915791196139618,darnell washington,900.0,0.1,0.039157911961396175
00-0039041,Elijah Higgins,TE,ARI,SEA,0.008548936399848425,0.21407811510207317,0.22280118104090327,0.280773853543015,1.74832798105263,0.11906301512673025,1.7970477311397852,8.423970300905944,0.8251409471332075,16.409360262701274,1.3141141821540299,0.004071353082255248,0.062316211631095124,0.12586010422389016,0.6117392626031481,2.7893048905672666,256.73468515041117,4.067953507892232,234.59202174851598,0.7055833666604924,0.25,21.0,1.5,2025.0,4.0,3,0.1390973106925479,elijah higgins,1400.0,0.06666666666666667,0.07243064402588124
00-0033217,Mo Alie-Cox,TE,IND,LA,0.004242471541066469,0.1680556468769182,0.22664111253735697,0.41240556401586836,2.355299115047361,0.10040106402652961,1.4993229433386546,8.972663643602997,0.22347286141548173,10.029992287676428,0.8324926313625041,0.009715099962126635,0.04898232517420495,0.09509466210206259,1.1804125011756565,3.243662175540963,238.56161255347456,7.4971543839070796,217.30422375236017,0.5843214394395838,0.4285714285714285,23.0,3.5,2025.0,4.0,2,0.1390754946336533,mo aliecox,1200.0,0.07692307692307693,0.06215241771057636
00-0039890,Adonai Mitchell,WR,IND,LA,0.0056376811987936875,0.19272716506016363,0.06900264518276975,0.3001704927987013,0.3864547027294778,0.13442679784987355,1.2463312590684932,36.29790625713345,-0.4507322596786901,12.213527500176863,1.016032355360339,0.0,0.08694243949021295,0.21961275862202517,1.1804125011756565,3.243662175540963,238.56161255347456,7.4971543839070796,217.30422375236017,0.5843214394395838,0.4285714285714285,23.0,3.5,2025.0,4.0,4,0.13902690541620327,adonai mitchell,400.0,0.2,-0.06097309458379674
00-0039739,Roman Wilson,WR,PIT,MIN,0.0,0.0,0.0,0.35,0.3043478260869565,0.01,1.58,23.0,-1.351503019221127,7.0,1.0,0.0,0.064516129032258,0.1833333333333333,0.4248873546525681,1.677272919562753,190.94997179736117,-7.26818047801894,184.8525368663722,0.35216730370220917,1.0,19.0,2.5,2025.0,4.0,3,0.1387538545474217,roman wilson,950.0,0.09523809523809523,0.04351575930932647
00-0038752,Jake Bobo,WR,SEA,ARI,0.011120733401335101,0.3002532243410374,0.00040219077772014254,0.29224683162347587,0.9671405245223276,0.13873027688282322,1.419281541401959,6.146837906536312,0.6430711242604195,5.546671499908909,0.8632539944861861,0.30049262361348983,0.03022613702431971,0.06353455643396635,0.7079521683734823,3.0584598014665407,276.4381437035202,6.939515225496161,266.8292278019342,0.019376504573782847,0.6666666666666666,22.5,-1.5,2025.0,4.0,4,0.13865329530950926,jake bobo,2200.0,0.043478260869565216,0.09517503443994405
00-0040134,Pat Bryant,WR,DEN,CIN,0.0,0.0,0.0,0.24,2.25,0.02,2.2,8.0,2.1824397174059413,18.0,2.0,0.0,0.1,0.1880952380952381,0.7043681432797678,2.751971930946851,231.806285290214,5.6237584839764905,231.8892817981643,0.7892864205454694,0.3333333333333333,26.0,-7.5,2025.0,4.0,5,0.1386206820331295,pat bryant,1400.0,0.06666666666666667,0.07195401536646283
00-0036741,Jack Stoll,TE,NO,BUF,0.00731740976172898,0.30001380023088847,0.001663721780837709,0.3798222047303965,0.5818697492580182,0.10124547767184089,0.6163381777642584,9.354010699736339,0.5767208147298757,7.8834463315294,0.8359023541868855,0.30001380023088847,0.03504625013037353,0.07282402265013568,1.3103762737373588,1.7663538449760061,196.4149838143091,6.076421525961082,180.1656505446017,0.35739541699579386,0.3333333333333333,16.0,15.5,2025.0,4.0,2,0.1385747879786475,jack stoll,2200.0,0.043478260869565216,0.09509652710908229
00-0038783,Nate Adkins,TE,DEN,CIN,0.000443800349125634,0.017308213615899754,0.0,0.4409452245085682,2.4405582519237266,0.04731767319219817,1.667504963192416,3.3338908456860747,0.9019112787070633,14.917230348016199,1.6566222565453934,0.1556132703550761,0.053407684554994464,0.09469271844409433,0.7043681432797678,2.751971930946851,231.806285290214,5.6237584839764905,231.8892817981643,0.7892864205454694,0.3333333333333333,26.0,-7.5,2025.0,4.0,4,0.13833252917541708,nate adkins,1000.0,0.09090909090909091,0.04742343826632617
00-0036232,Harrison Bryant,TE,HOU,TEN,0.00021426719138634376,0.008251791945299614,0.008477020657620626,0.38121382860746705,3.108924185725791,0.008573994177198882,1.417037385529824,8.108597412238883,0.29696276698757124,11.841870631419809,1.2449573954020194,0.014661157409332225,0.05845075654028516,0.11356012937037084,1.0620731932480907,2.91187989111779,195.49700753024635,7.730181933823634,221.5226446881308,0.24573912331386139,0.0,22.75,-7.0,2025.0,4.0,2,0.1380162715671839,harrison bryant,850.0,0.10526315789473684,0.03275311367244707
00-0037614,John Metchie III,WR,PHI,TB,0.003013066431957816,0.09749995264673154,0.12100348812347299,0.23643097648114533,0.8497403215662754,0.08564895621548312,1.1837649750045656,14.019711096604823,-0.18938159626325834,11.620628703087485,1.4150314436914722,0.012106877671532635,0.07185474251661299,0.14771074742986104,1.2319525841007237,2.7956899219975573,227.04592058201942,4.351440955616023,228.58361534779192,0.023104560073326372,0.75,23.5,-3.5,2025.0,4.0,5,0.13783373934050533,john metchie,1100.0,0.08333333333333333,0.054500406007172
00-0035500,Greg Dortch,WR,ARI,SEA,0.00011285409003390064,0.002953669572656972,0.1385082614240762,0.2521969663485983,1.6233857859905267,0.07671387604417827,1.918696222182725,1.35442303164186,0.4412844767670956,12.564317504068807,1.8469906286955255,0.10596423465666889,0.058623196636277,0.09293015381568466,0.6117392626031481,2.7893048905672666,256.73468515041117,4.067953507892232,234.59202174851598,0.7055833666604924,0.25,21.0,1.5,2025.0,4.0,4,0.13749050989177733,greg dortch,700.0,0.125,0.01249050989177733
00-0035298,Scott Miller,WR,PIT,MIN,0.00040667385503128815,0.010203300889933042,0.2574133491703657,0.2625259005211465,0.5613148789490775,0.024286580876157867,0.724745639220803,15.26654000801344,0.5631820496182198,10.79983285496553,0.713432092625826,0.010094513786856243,0.052368070719184756,0.1260768173692112,0.4248873546525681,1.677272919562753,190.94997179736117,-7.26818047801894,184.8525368663722,0.35216730370220917,1.0,19.0,2.5,2025.0,4.0,4,0.13743666706491559,scott miller,1800.0,0.05263157894736842,0.08480508811754717
00-0033576,Eric Saubert,TE,SEA,ARI,0.003654477460930131,0.1533545336990011,0.0005090854962418364,0.3727561480961142,0.8001217262069437,0.1305780770219616,0.7998697890100795,4.400479045650968,0.5145415505901786,5.911558235794849,0.8182903943356217,0.05043008295115701,0.031362648123660186,0.06079657558953787,0.7079521683734823,3.0584598014665407,276.4381437035202,6.939515225496161,266.8292278019342,0.019376504573782847,0.6666666666666666,22.5,-1.5,2025.0,4.0,3,0.13725774315289302,eric saubert,1900.0,0.05,0.08725774315289302
00-0039066,Michael Mayer,TE,LV,CHI,1.8094673464966753e-05,0.0004885561835541028,0.024907327592814006,0.4328740590354433,1.0469615825514658,0.037832758932689704,1.3512078439480513,9.928041681770535,0.5315148036885612,13.262554587986015,1.7837278899528783,0.002523359113808593,0.06856678172112278,0.12507297514637222,1.5194850312260302,3.6184107412170703,217.12406394782903,7.289545554292404,258.85848927896586,0.2955174323930029,0.5,24.5,-1.5,2025.0,4.0,2,0.136721393950669,michael mayer,360.0,0.21739130434782608,-0.08066991039715707
00-0036646,Simi Fehoko,WR,ARI,SEA,0.006447729881078478,0.18485330772223832,0.17738524005278902,0.33020387264077333,0.15060548762555723,0.10449439485527658,0.7220501902860459,23.05961690700185,0.08827404119998408,8.96269854257172,0.5442643517640321,0.025053056550985067,0.052292155681830134,0.13665727140685965,0.6117392626031481,2.7893048905672666,256.73468515041117,4.067953507892232,234.59202174851598,0.7055833666604924,0.25,21.0,1.5,2025.0,4.0,6,0.13668190245942907,simi fehoko,1800.0,0.05263157894736842,0.08405032351206065
00-0037306,John FitzPatrick,TE,GB,DAL,0.013076942440857078,0.32692356102142694,0.0,0.2296592246876981,1.5279099547897408,0.18634642978221333,0.7922168653980508,2.336261151771321,0.9705185588178065,5.409669548933755,1.0046687953749471,0.32692356102142694,0.040841056979677014,0.08708293561620047,2.070984460710486,4.058339509587674,287.5668674185902,14.06023533716177,286.1780683327508,0.4287761720996243,0.5,27.25,-7.0,2025.0,4.0,2,0.136652205282657,john fitzpatrick,1200.0,0.07692307692307693,0.05972912835958008
00-0036849,Tutu Atwell,WR,LA,IND,4.684754298462235e-06,0.00014836137965664435,0.1830673437524883,0.3963599651387556,0.3904379721041342,0.016916206011380573,1.7149888240372562,17.97120017374082,-0.6802629412449561,9.643803855197886,1.0658152530757896,7.319163200951525e-05,0.06434295761005625,0.1604872438198584,1.2692923254424253,2.214355419700491,199.04426368592024,3.375509124878027,213.38610731983098,0.32977962314678677,0.2,26.5,-3.5,2025.0,4.0,4,0.13658442547308955,tutu atwell,550.0,0.15384615384615385,-0.017261728373064306
00-0039144,Luke Musgrave,TE,GB,DAL,0.00014841793175634038,0.005936717270253614,0.32076664661101906,0.3058071100225494,2.037921048145791,0.0368902543105136,2.00878099926625,13.028358192227556,0.6405880386301789,15.728740054243957,1.372268098845441,0.0041557020891775315,0.055718543032427445,0.11236403881140394,2.070984460710486,4.058339509587674,287.5668674185902,14.06023533716177,286.1780683327508,0.4287761720996243,0.5,27.25,-7.0,2025.0,4.0,3,0.1365302186425903,luke musgrave,900.0,0.1,0.03653021864259029
00-0038046,Charlie Kolar,TE,BAL,KC,0.000782867474651292,0.029114314639220183,0.036832944989085646,0.39054163822012083,1.427785196378252,0.023657924613516724,1.5221792386509438,13.374678648393163,0.6690094163949037,11.93066449815758,1.1595420284649465,0.028874804062685427,0.05676713370393141,0.11918812043147156,0.9916837963195584,2.7014999059920397,247.98951586960504,2.9773785739370506,202.51245923579845,0.07376652489602777,0.3333333333333333,25.5,-2.5,2025.0,4.0,3,0.1364006687161929,charlie kolar,850.0,0.10526315789473684,0.031137510821456077
00-0040164,Jaylin Lane,WR,WAS,ATL,0.02174385736029571,0.4566210045662101,0.0,0.3429223744292237,0.102130898021309,0.15155251141552514,0.9157077625570775,16.438356164383563,-2.3759707335828044,2.1872146118721463,1.0,0.0,0.09812977833761961,0.20159826031261316,0.6659896258550828,2.2256537544183477,228.314239768903,3.6248334101329776,178.22542439963303,0.2674356241384136,0.3333333333333333,23.5,-1.5,2025.0,4.0,6,0.13617898912951673,jaylin lane,380.0,0.20833333333333334,-0.07215434420381661
00-0039751,Jordan Whittington,WR,LA,IND,0.00010046372003414796,0.0029134478809902963,0.42235919097010893,0.4502580225826042,1.6301354728625534,0.04725505312715141,1.5769018351308945,10.22167704534032,0.38332531548275234,20.888253022076867,1.4595847089675167,0.0,0.05548478738909821,0.11403568442383685,1.2692923254424253,2.214355419700491,199.04426368592024,3.375509124878027,213.38610731983098,0.32977962314678677,0.2,26.5,-3.5,2025.0,4.0,3,0.1360830054116515,jordan whittington,360.0,0.21739130434782608,-0.08130829893617458
00-0037004,Hunter Long,TE,JAX,SF,0.006785242729913603,0.21034252462732195,0.0,0.2259300002763718,0.9499017075514312,0.11725482292276802,0.7759094619095305,4.881413902129464,0.339305360708543,6.709654940699426,1.0277859385551724,0.21034252462732195,0.04186754805265339,0.07579424022386186,1.2423402590598835,2.1485913418991154,201.45642505734273,3.577527612706744,190.1111276664321,0.6995983201659794,0.6666666666666666,22.0,3.5,2025.0,4.0,3,0.13583633362770786,hunter long,1500.0,0.0625,0.07333633362770786
00-0039355,Luke McCaffrey,WR,WAS,ATL,0.00022375036355601363,0.00850251381512852,0.3151882141221749,0.24959662701693197,1.565368710589738,0.03104220727768472,0.7584257668430558,11.574142109584285,2.1267401788263647,23.078934341587466,1.384601086785072,0.3010003122478361,0.06954506654104044,0.14235545272368572,0.6659896258550828,2.2256537544183477,228.314239768903,3.6248334101329776,178.22542439963303,0.2674356241384136,0.3333333333333333,23.5,-1.5,2025.0,4.0,4,0.13573969749933035,luke mccaffrey,750.0,0.11764705882352941,0.018092638675800937
00-0039623,Mason Tipton,WR,NO,BUF,0.0,0.0,0.0,0.6065237725329522,0.3816276525674686,0.03379014193825037,0.9875976323916635,33.88830995689471,-1.3896023954370569,8.812720883118036,1.183615851927659,0.0,0.08306656274883988,0.21567994994419665,1.3103762737373588,1.7663538449760061,196.4149838143091,6.076421525961082,180.1656505446017,0.35739541699579386,0.3333333333333333,16.0,15.5,2025.0,4.0,5,0.13522182994418666,mason tipton,2200.0,0.043478260869565216,0.09174356907462144
00-0033246,Johnny Mundt,TE,JAX,SF,0.0022380815912808683,0.07111391440334898,0.0074175247164584065,0.3114905210283133,2.7979854678576177,0.053475654995665846,1.3808011575544665,0.8890063921495602,0.12276191754559991,5.39701236887224,0.6933685056672098,0.054028877970111196,0.03189352725415287,0.049801002123283075,1.2423402590598835,2.1485913418991154,201.45642505734273,3.577527612706744,190.1111276664321,0.6995983201659794,0.6666666666666666,22.0,3.5,2025.0,4.0,2,0.13504397806374907,johnny mundt,1500.0,0.0625,0.07254397806374907
00-0040739,Elijah Arroyo,TE,SEA,ARI,0.0,0.0,0.319634703196347,0.420958904109589,1.9646879756468796,0.04474885844748859,1.2642465753424657,7.602739726027397,0.1693693936986372,11.474885844748858,0.8630136986301371,0.0,0.06496471564964715,0.12609762537175853,0.7079521683734823,3.0584598014665407,276.4381437035202,6.939515225496161,266.8292278019342,0.019376504573782847,0.6666666666666666,22.5,-1.5,2025.0,4.0,2,0.13493862737653023,elijah arroyo,950.0,0.09523809523809523,0.039700532138434996
00-0040126,Colston Loveland,TE,CHI,LV,0.0,0.0,0.4566210045662101,0.3426027397260274,0.7547593958552862,0.009132420091324202,1.46675799086758,37.8310502283105,-0.02830207300453219,16.840182648401825,0.904109589041096,0.0,0.07177100811266805,0.2083455729504298,1.1696458519579582,2.7553854810459755,224.5241359653417,10.648149482022042,245.52583879284495,0.21483667681656474,0.4,23.0,1.5,2025.0,4.0,2,0.1348161821516665,colston loveland,425.0,0.19047619047619047,-0.055660008324523974
00-0037539,Lucas Krull,TE,DEN,CIN,8.192642942205824e-05,0.0027356791324778134,0.013118023114139765,0.3737734693980813,1.0678525275312725,0.008917978681519289,1.2745668615381092,8.64120919754639,-0.37594505219091456,10.189768795803685,1.4434185590239723,0.0020369911634235374,0.0677854778275412,0.12898783276835538,0.7043681432797678,2.751971930946851,231.806285290214,5.6237584839764905,231.8892817981643,0.7892864205454694,0.3333333333333333,26.0,-7.5,2025.0,4.0,2,0.13472474996417785,lucas krull,1000.0,0.09090909090909091,0.04381565905508694
00-0040130,Jayden Higgins,WR,HOU,TEN,0.0,0.0,0.54337899543379,0.4345662100456621,2.831752722163681,0.009041095890410958,1.1655251141552512,15.196347031963471,0.22444862864707435,18.392694063926943,1.2237442922374429,0.0,0.051441554717314056,0.13465170844476762,1.0620731932480907,2.91187989111779,195.49700753024635,7.730181933823634,221.5226446881308,0.24573912331386139,0.0,22.75,-7.0,2025.0,4.0,4,0.13470904945851594,jayden higgins,425.0,0.19047619047619047,-0.05576714101767452
00-0040782,Isaiah Bond,WR,CLE,DET,0.0,0.0,0.0,0.4809132420091324,0.323785803237858,0.04337899543378996,1.149269406392694,32.118721461187214,-1.6607121103390048,10.342465753424657,1.45662100456621,0.0,0.08406315071868026,0.21330876175770164,1.162400031145099,3.877722600236799,301.05402311809496,10.820458726705004,257.45097167420505,0.8232112770395787,0.5,17.25,10.0,2025.0,4.0,3,0.1343703910566968,isaiah bond,750.0,0.11764705882352941,0.01672333223316738
00-0039521,Xavier Weaver,WR,ARI,SEA,0.012867647058823529,0.4117647058823529,0.0,0.4394117647058823,0.0,0.1670588235294118,1.9711764705882353,19.23529411764706,-0.7772709798840065,0.0,0.0,0.0,0.03125,0.11163734832498012,0.6117392626031481,2.7893048905672666,256.73468515041117,4.067953507892232,234.59202174851598,0.7055833666604924,0.25,21.0,1.5,2025.0,4.0,5,0.13363942456973138,xavier weaver,2000.0,0.047619047619047616,0.08602037695068376
00-0036590,Quintin Morris,TE,JAX,SF,0.006258905814360763,0.18377530177596535,0.000488715158254385,0.27298496986797893,0.5364221462324962,0.06699542191471677,0.7914518304020419,7.5020458174573195,0.07428666106301889,5.133105940808267,0.7200263197605543,0.03029478933378286,0.037678146977720296,0.08124758798312803,1.2423402590598835,2.1485913418991154,201.45642505734273,3.577527612706744,190.1111276664321,0.6995983201659794,0.6666666666666666,22.0,3.5,0.0,0.0,4,0.1334665523376696,quintin morris,1400.0,0.06666666666666667,0.06679988567100294
00-0031484,Chris Manhertz,TE,NYG,LAC,0.002823930340130075,0.07406471637411327,0.0010003018369835102,0.3363587235095739,4.147721249952184,0.04435905478295528,0.9953198490262345,2.1355991798461655,0.5945135266651552,7.4608465196085625,0.7402986864144961,0.07203335914526333,0.028988762833158627,0.05205585062613881,0.7168373821221911,2.6809934898311463,256.1146811063748,-1.127752611246544,195.2173371655382,0.26216652691603776,0.3333333333333333,18.75,6.0,0.0,0.0,4,0.1330175217729551,chris manhertz,1300.0,0.07142857142857142,0.061588950344383664
00-0040727,Tre Harris,WR,LAC,NYG,0.0,0.0,0.319634703196347,0.24940639269406395,0.8318493150684931,0.01821917808219178,2.4829223744292235,26.87214611872146,0.3356054437246972,13.328767123287673,0.8630136986301371,0.0,0.052242814934192826,0.13532987100533658,1.1391214738305775,2.603653118320644,299.370982477232,11.500807435615581,266.8335187833287,0.3185646031879392,0.5,24.75,-6.0,2025.0,4.0,4,0.1330035818266376,tre harris,800.0,0.1111111111111111,0.021892470715526496
00-0038720,Julian Hill,TE,MIA,NYJ,0.00010578880134581823,0.004109956317025064,0.0,0.5501935127400728,1.492225459652803,0.005958797302650424,1.3102177336002574,1.67922724620825,0.1528980059729849,2.978076175120134,0.4863124817658627,0.0,0.01978091439155519,0.03521839044278145,0.9355981054798019,3.8154722142689987,198.65994012040045,9.352302345647217,221.94266784720395,0.34453832343980006,1.0,24.0,-2.5,2025.0,4.0,2,0.13275422609731724,julian hill,900.0,0.1,0.032754226097317235
00-0040582,Arian Smith,WR,NYJ,MIA,0.0,0.0,0.0,0.5265296803652968,1.0294728102947281,0.00319634703196347,1.334246575342466,7.488584474885844,0.23436489718068884,3.470319634703196,1.2328767123287672,0.0,0.056534029136768825,0.11540480840451749,1.2649144653986988,2.5063946570399014,157.75564980311344,11.261163342402728,235.9795772197789,0.7788053390377815,0.5,21.5,2.5,2025.0,4.0,4,0.13274696055354435,arian smith,1500.0,0.0625,0.07024696055354435
00-0039737,Tip Reiman,TE,ARI,SEA,0.0,0.0,0.0,0.45539991129784363,1.0176356971956633,0.013799810490444101,1.6629647771503784,5.9931298918489375,0.17301650593248166,8.104994334271698,1.359328354542207,0.0,0.055451895512402476,0.10652475718462548,0.6117392626031481,2.7893048905672666,256.73468515041117,4.067953507892232,234.59202174851598,0.7055833666604924,0.25,21.0,1.5,2025.0,4.0,2,0.132520074542809,tip reiman,1100.0,0.08333333333333333,0.04918674120947568
00-0038840,Brycen Tremayne,WR,CAR,NE,0.0,0.0,0.2524250838411886,0.22897731780318056,0.7964379757447024,0.012910461216688903,1.726881107785511,18.722656954311063,1.0131110771019893,17.352349356316036,1.565071580541632,0.0,0.05707102584651923,0.1315096517735488,1.2707031555694577,3.0725428174391576,233.97746679311174,8.859096541128268,227.75354829419817,0.04060371560989919,0.6666666666666666,18.5,5.5,2025.0,4.0,5,0.13217986681564398,brycen tremayne,750.0,0.11764705882352941,0.014532807992114566
00-0034798,Durham Smythe,TE,CHI,LV,0.007506819944848137,0.3060807621111129,0.00252324593697007,0.2884685361984337,0.5817955335445111,0.1222415544533933,1.8117166327817273,5.9357513293089115,-0.21408101124508933,3.8235417091695227,0.5882220965122115,4.449809305548608e-06,0.03481503248319108,0.07096013385847258,1.1696458519579582,2.7553854810459755,224.5241359653417,10.648149482022042,245.52583879284495,0.21483667681656474,0.4,23.0,1.5,2025.0,4.0,3,0.13171307262668963,durham smythe,1600.0,0.058823529411764705,0.07288954321492493
00-0036862,Ben Skowronek,WR,PIT,MIN,2.7121690037269718e-05,0.0010017532932317297,0.17202336692533318,0.11750878597715914,0.8007809333193121,0.005063270135764333,0.4012060688813637,3.3313367424575184,0.7660437355419393,6.6208869256633225,0.39009005396938246,0.1472416979506721,0.014589200846489995,0.03470912730703178,0.4248873546525681,1.677272919562753,190.94997179736117,-7.26818047801894,184.8525368663722,0.35216730370220917,1.0,19.0,2.5,2025.0,4.0,5,0.13135862657930256,ben skowronek,1200.0,0.07692307692307693,0.05443554965622563
00-0039920,Malachi Corley,WR,CLE,DET,0.00924634006744279,0.3606072626302694,0.0,0.34052215931628865,0.28187467695599394,0.19562943997692114,1.5339104251559625,15.015650355198153,-0.831497294914968,3.2239731708196606,0.5157044462875483,0.0,0.041378165238775515,0.10670184084251312,1.162400031145099,3.877722600236799,301.05402311809496,10.820458726705004,257.45097167420505,0.8232112770395787,0.5,17.25,10.0,0.0,0.0,4,0.13128201489550378,malachi corley,1700.0,0.05555555555555555,0.07572645933994823
00-0039410,Ryan Flournoy,WR,DAL,GB,0.0,0.0,0.07348299899059955,0.22432958094355673,0.669403353981865,0.012541096484656546,1.8300465915398785,14.65037093160941,0.8881931879561109,12.871560435369979,1.335760408244627,0.0,0.0484717920303339,0.11189292904773558,0.6882572454839503,1.2116413227740488,223.10865049677298,1.3947909643956107,195.5698074517025,0.22829996872062927,0.25,20.25,7.0,2025.0,4.0,5,0.12994535197147178,ryan flournoy,1500.0,0.0625,0.06744535197147178
00-0038547,Luke Schoonmaker,TE,DAL,GB,0.0006081618751810004,0.020630032626377807,0.046697956733054456,0.34896412883569505,0.920482112727674,0.012282123809135695,2.196063159944636,11.704550697457613,-0.053064575877551465,6.748452698205884,0.9194056783200202,0.017665693151003876,0.039610679730520695,0.0864684437739213,0.6882572454839503,1.2116413227740488,223.10865049677298,1.3947909643956107,195.5698074517025,0.22829996872062927,0.25,20.25,7.0,2025.0,4.0,2,0.12974203815558077,luke schoonmaker,1100.0,0.08333333333333333,0.046408704822247446
00-0036876,Kylen Granson,TE,PHI,TB,1.3828915342211048e-07,5.869717546536073e-06,0.08198800882543743,0.31418424568259457,0.6767543036752285,0.04143631264563961,0.6175037563769865,13.689404822058307,-0.46326090513179274,7.272498260636912,0.8868778636582164,3.3132830276391034e-06,0.05100126840853943,0.1035958706306578,1.2319525841007237,2.7956899219975573,227.04592058201942,4.351440955616023,228.58361534779192,0.023104560073326372,0.75,23.5,-3.5,2025.0,4.0,3,0.1296150071040244,kylen granson,1400.0,0.06666666666666667,0.06294834043735774
00-0037654,Tucker Fisk,TE,LAC,NYG,0.0007062352305948159,0.02542446830141343,0.0,0.36181618788449027,0.9313637880951767,0.04148817382312424,2.20370620866042,8.552940681159269,0.035892340814375645,4.553604433520624,0.673482279561626,0.0,0.028538009358272883,0.05849184199924433,1.1391214738305775,2.603653118320644,299.370982477232,11.500807435615581,266.8335187833287,0.3185646031879392,0.5,24.75,-6.0,2025.0,4.0,4,0.12947250132890106,tucker fisk,1700.0,0.05555555555555555,0.07391694577334551
00-0038573,Derius Davis,WR,LAC,NYG,0.0034272468540194525,0.12245146386903408,0.0720302728641377,0.13044577040868852,0.3766065167377977,0.031493728862105906,2.0435156993456105,2.7302490798519115,0.3794986043216076,4.544520215349411,0.45715665888640283,0.12245146386903408,0.015770221903039342,0.029954245641996325,1.1391214738305775,2.603653118320644,299.370982477232,11.500807435615581,266.8335187833287,0.3185646031879392,0.5,24.75,-6.0,2025.0,4.0,5,0.12909537261978957,derius davis,1100.0,0.08333333333333333,0.04576203928645624
00-0038938,Jalin Hyatt,WR,NYG,LAC,4.092208335590178e-05,0.0011867404173211543,0.007418213604975929,0.3153105500049301,0.40821205772001085,0.02242560087016666,0.8249732409972801,32.90658378593074,-0.9374609118786954,6.270448166018874,0.7873239469545165,0.0,0.05406914474817516,0.2053139809226335,0.7168373821221911,2.6809934898311463,256.1146811063748,-1.127752611246544,195.2173371655382,0.26216652691603776,0.3333333333333333,18.75,6.0,2025.0,4.0,4,0.12905896315125814,jalin hyatt,1200.0,0.07692307692307693,0.052135886228181216
00-0036628,John Bates,TE,WAS,ATL,4.749640195012496e-05,0.0016989529577177056,0.02473871362338743,0.3853613313873651,1.3321741564367438,0.025581707099375788,1.7257445179296407,12.048122191109387,-0.001799843245166495,6.003620420279409,0.5340661424692901,1.4072459561935788e-05,0.032908656520746045,0.07774181731002405,0.6659896258550828,2.2256537544183477,228.314239768903,3.6248334101329776,178.22542439963303,0.2674356241384136,0.3333333333333333,23.5,-1.5,2025.0,4.0,2,0.12877946166158524,john bates,1300.0,0.07142857142857142,0.05735089023301382
00-0036429,Charlie Woerner,TE,ATL,WAS,0.0,0.0,0.0029082956725465002,0.4410666450086349,0.3807257433414973,0.0058841092059885945,0.7909664206937448,0.9373422764566507,-0.9203178344998382,0.8646351499801358,0.6989845319207196,0.0,0.03691796175237334,0.06049537149815052,1.2514299682806516,3.039717166082489,293.81655725456983,9.674876922049465,246.18541431705694,0.3584502896678204,0.0,22.0,1.5,2025.0,4.0,2,0.1278694770994668,charlie woerner,1500.0,0.0625,0.0653694770994668
00-0039379,Jamari Thrash,WR,CLE,DET,0.0,0.0,0.0,0.2732778696225454,0.7135614263700986,0.01925396701824523,1.178701983700365,14.85685192274776,-0.15463428131309534,4.682982873463477,1.0667543695962187,0.0,0.04654696521174389,0.11001778233988167,1.162400031145099,3.877722600236799,301.05402311809496,10.820458726705004,257.45097167420505,0.8232112770395787,0.5,17.25,10.0,2025.0,4.0,4,0.12759963067880029,jamari thrash,950.0,0.09523809523809523,0.03236153544070505
00-0039912,Ben Sinnott,TE,WAS,ATL,0.0,0.0,0.0,0.28540509178528933,1.3016261577587371,0.030192380662346783,1.1644906379409248,3.5147376300441624,0.11058968114996304,5.494641126613422,0.8806390911319666,0.053505484718082884,0.028650574802697698,0.053276620285757914,0.6659896258550828,2.2256537544183477,228.314239768903,3.6248334101329776,178.22542439963303,0.2674356241384136,0.3333333333333333,23.5,-1.5,2025.0,4.0,3,0.12738438803834884,ben sinnott,1400.0,0.06666666666666667,0.06071772137168217
00-0039650,Bryce Oliver,WR,TEN,HOU,0.0,0.0,0.02542446830141343,0.13213459815760856,0.6310850045251747,0.009914119157770697,0.37663452217328963,8.860030500168262,-0.023289159344434224,7.279383402930938,0.6084112067110082,0.0,0.03656326194071368,0.07808283896843479,0.6954456008193758,2.944665327419502,280.83206424062024,4.12456020440072,228.1792960150865,0.3579077905768634,1.0,15.75,7.0,2025.0,4.0,6,0.1272877898741369,bryce oliver,1900.0,0.05,0.07728778987413688
00-0037304,Connor Heyward,TE,PIT,MIN,9.872393173957832e-07,3.5832610746491716e-05,1.4072462273545672e-05,0.1436329439607904,0.5709595208555184,0.00160165853442974,0.7072958921557249,3.0371389284102404,0.03438068488890092,3.1307660984558643,0.516351885223147,0.00847657861924334,0.017756890827053257,0.036229164128808646,0.4248873546525681,1.677272919562753,190.94997179736117,-7.26818047801894,184.8525368663722,0.35216730370220917,1.0,19.0,2.5,0.0,0.0,4,0.12681078197633333,connor heyward,1900.0,0.05,0.07681078197633333
00-0038115,Daniel Bellinger,TE,NYG,LAC,4.2090992605813376e-08,1.1364568003569613e-06,0.0015312736032972792,0.3754066024504435,1.5864073938016525,0.023270060246797182,1.27722293737712,5.583216094175426,0.47824714025316634,7.671155156350314,0.9600785639731914,2.204839838372542e-06,0.03250742847258994,0.0649471124859629,0.7168373821221911,2.6809934898311463,256.1146811063748,-1.127752611246544,195.2173371655382,0.26216652691603776,0.3333333333333333,18.75,6.0,2025.0,4.0,2,0.12629137928752493,daniel bellinger,650.0,0.13333333333333333,-0.007041954045808402
00-0040187,Mitchell Evans,TE,CAR,NE,0.0,0.0,0.0,0.22882352941176473,1.4974789915966387,0.004117647058823529,2.5147058823529416,6.176470588235294,0.8101261765011312,9.0,1.0,0.0,0.03227894931557521,0.07393338785365186,1.2707031555694577,3.0725428174391576,233.97746679311174,8.859096541128268,227.75354829419817,0.04060371560989919,0.6666666666666666,18.5,5.5,2025.0,4.0,3,0.12608403665407747,mitchell evans,900.0,0.1,0.026084036654077464
00-0034365,Ian Thomas,TE,LV,CHI,0.00037833358090709663,0.012106744874228803,0.017394901648125547,0.2648286082144702,0.6706724277139076,0.015953065014017585,0.7527718262079565,6.336054088717538,-0.7832484474428839,2.7335327779427567,0.6819103610331153,7.707707393555745e-09,0.04877119583199218,0.09813207964412539,1.5194850312260302,3.6184107412170703,217.12406394782903,7.289545554292404,258.85848927896586,0.2955174323930029,0.5,24.5,-1.5,2025.0,4.0,3,0.1256825470162325,ian thomas,1100.0,0.08333333333333333,0.042349213682899164
00-0039648,David Martin-Robinson,TE,TEN,HOU,0.0,0.0,0.0,0.1564307093144856,0.0,0.0,0.3325978147199884,0.0,0.05367266626819589,0.7421297464930944,0.12368829108218239,0.0,0.006453811400216144,0.009680717100324211,0.6954456008193758,2.944665327419502,280.83206424062024,4.12456020440072,228.1792960150865,0.3579077905768634,1.0,15.75,7.0,2025.0,4.0,3,0.12553292257799162,david martinrobinson,2200.0,0.043478260869565216,0.0820546617084264
00-0040729,Jack Bech,WR,LV,CHI,0.0,0.0,0.4117647058823529,0.16588235294117645,1.3167420814479638,0.0,0.928235294117647,11.23529411764706,2.4264413649079337,15.352941176470587,1.0,0.0,0.03426421073479895,0.07560268061521669,1.5194850312260302,3.6184107412170703,217.12406394782903,7.289545554292404,258.85848927896586,0.2955174323930029,0.5,24.5,-1.5,2025.0,4.0,4,0.12534911679283384,jack bech,800.0,0.1111111111111111,0.014238005681722732
00-0036620,Dee Eskridge,WR,MIA,NYJ,0.0,0.0,0.0,0.0,0.0,0.0,0.0,0.0,0.0,0.0,0.0,0.0,0.0,0.0,0.9355981054798019,3.8154722142689987,198.65994012040045,9.352302345647217,221.94266784720395,0.34453832343980006,1.0,24.0,-2.5,2025.0,4.0,5,0.12525421416923876,dee eskridge,1500.0,0.0625,0.06275421416923876
00-0036841,Austin Trammell,WR,JAX,SF,0.0,0.0,0.30048932089617425,0.2227645912684802,0.3083556190712858,0.00722935951275437,0.41483619841360353,13.65437572987037,0.7762907915863486,12.501333174454425,0.6667699478087394,0.0,0.03419668978200417,0.08576099316562698,1.2423402590598835,2.1485913418991154,201.45642505734273,3.577527612706744,190.1111276664321,0.6995983201659794,0.6666666666666666,22.0,3.5,0.0,0.0,4,0.1250785988319547,austin trammell,1500.0,0.0625,0.06257859883195471
00-0034419,Braxton Berrios,WR,HOU,TEN,0.0018649455014285935,0.0727058451321697,0.0004522884035485229,0.22953797077020419,0.3303912548710799,0.02873702623611824,0.5608594549988664,2.3766907289840953,-0.5603761138821319,0.9250761302705093,0.16276807642589836,0.0004928851129095499,0.013694968642068314,0.02796413991956996,1.0620731932480907,2.91187989111779,195.49700753024635,7.730181933823634,221.5226446881308,0.24573912331386139,0.0,22.75,-7.0,2025.0,4.0,6,0.12493095634518041,braxton berrios,1100.0,0.08333333333333333,0.04159762301184708
00-0040237,Tez Johnson,WR,TB,PHI,0.0,0.0,0.0,0.22823529411764706,0.0,0.033529411764705884,1.2388235294117647,26.176470588235293,-0.4722747560658985,0.0,0.0,0.0,0.03400946585530759,0.12809786107298582,0.9695448207280812,2.058660426518849,236.22643510303513,-1.9036438020538324,184.55679873024846,0.10311033522107635,0.1428571428571428,20.0,3.5,2025.0,4.0,5,0.12487266618006546,tez johnson,850.0,0.10526315789473684,0.01960950828532862
00-0038519,Nikko Remigio,WR,KC,BAL,0.0,0.0,0.4412364004240072,0.13721291022052176,0.34188392810631196,0.004412364004240072,0.7417642318556572,10.999711477236866,0.44122512265981306,9.921133609533737,0.4412364004240072,0.0,0.04622373256639309,0.11918863390936231,0.7921279836831893,2.972457691511078,262.411744518763,3.6423414975841664,233.055094399398,0.33776148937950057,0.5,23.0,2.5,2025.0,4.0,7,0.12412401274412511,nikko remigio,1800.0,0.05263157894736842,0.0714924337967567
00-0040184,KeAndre Lambert-Smith,WR,LAC,NYG,0.012110726643598593,0.4117647058823529,0.0,0.14941176470588236,0.0,0.11941176470588234,1.0458823529411765,12.352941176470589,-0.2667174402021748,0.0,0.0,0.0,0.012110726643598593,0.04344988769501606,1.1391214738305775,2.603653118320644,299.370982477232,11.500807435615581,266.8335187833287,0.3185646031879392,0.5,24.75,-6.0,2025.0,4.0,6,0.1239883691019473,keandre lambertsmith,1100.0,0.08333333333333333,0.04065503576861397
00-0040131,Kyle Williams,WR,NE,CAR,0.0,0.0,0.0,0.11176470588235295,1.084033613445378,0.004117647058823529,1.8752941176470588,9.058823529411764,0.8403792905515087,9.647058823529411,1.0,0.0,0.025490196078431317,0.061958071400338245,0.8733033595020957,2.825242883882747,256.55860699074987,0.18556312285056417,224.96814434244754,0.2887671459068964,0.5,24.0,-5.5,2025.0,4.0,5,0.12384915934887675,kyle williams,950.0,0.09523809523809523,0.028611064110781514
00-0038090,Skyy Moore,WR,SF,JAX,0.00022712792711567802,0.008843417303188819,0.01018045872047881,0.28990698128646186,0.34238114814282117,0.007626965705053489,0.8335251795225592,6.300512067275636,-0.20333595106120894,4.34503230056448,0.4377803522702688,0.0006978941857152476,0.022947052779201272,0.05090607993179945,1.1942897130310721,2.5631025791482687,299.4682841681782,-0.12391193200659034,235.56450483526405,0.11198903421417832,0.25,25.5,-3.5,2025.0,4.0,6,0.12333245623348009,skyy moore,800.0,0.1111111111111111,0.012221345122368985
00-0038576,Charlie Jones,WR,CIN,DEN,0.0,0.0,0.008478993376682132,0.03592146112301695,0.025513821650453537,0.0007293816164441346,0.03147989052226978,0.46146705410263844,0.03296834875171689,0.5038959369595558,0.04800992111696797,0.0,0.0016693897999521556,0.005022411288833613,0.6156197035613635,2.97462350785032,311.6096355604024,7.3778953292555505,260.2278316781811,0.060232214177897564,1.0,18.5,7.5,2025.0,4.0,5,0.12321586505923174,charlie jones,1700.0,0.05555555555555555,0.06766030950367619
00-0040138,Jaylin Noel,WR,HOU,TEN,0.0,0.0,0.0,0.2234246575342466,0.7831050228310502,0.0022374429223744286,0.4399543378995434,-1.3789954337899544,-0.2813802631622389,3.3926940639269407,0.680365296803653,0.0,0.0292575680703534,0.04126815569950323,1.0620731932480907,2.91187989111779,195.49700753024635,7.730181933823634,221.5226446881308,0.24573912331386139,0.0,22.75,-7.0,2025.0,4.0,5,0.12246204099282273,jaylin noel,600.0,0.14285714285714285,-0.020395101864320114
00-0034487,Trent Sherfield,WR,DEN,CIN,8.51013144435818e-05,0.0033541895950574283,4.410853910278119e-05,0.2503656175008442,0.5545071696782526,0.019004066893247903,1.2429681265759398,1.3273954529331453,0.043963916695548305,2.857116321574864,0.6596149315703524,0.009908602860439951,0.02046670486132536,0.035554033000300904,0.7043681432797678,2.751971930946851,231.806285290214,5.6237584839764905,231.8892817981643,0.7892864205454694,0.3333333333333333,26.0,-7.5,2025.0,4.0,4,0.12224778342878838,trent sherfield,1400.0,0.06666666666666667,0.05558111676212171
00-0037311,Ko Kieft,TE,TB,PHI,0.0,0.0,0.0,0.1566378479271024,0.0026863767930549176,0.01864756033777777,0.09517027944422474,0.3624983746327333,0.023598960447722847,0.08534160970752784,0.03676138578179525,0.035535711393773595,0.002423245854316943,0.004559037987441621,0.9695448207280812,2.058660426518849,236.22643510303513,-1.9036438020538324,184.55679873024846,0.10311033522107635,0.1428571428571428,20.0,3.5,2025.0,4.0,3,0.12179950109376945,ko kieft,1600.0,0.058823529411764705,0.06297597168200475
00-0038710,Blake Whiteheart,TE,CLE,DET,0.000819302734745644,0.02621768751186061,0.037453839302658026,0.23698443444683556,0.4913042772195274,0.021129752694638015,0.8737029867151869,5.342207543913606,-0.6132920022613912,2.8977792788446277,0.4949462355356197,0.02621768751186061,0.020642634306460614,0.04471027966624429,1.162400031145099,3.877722600236799,301.05402311809496,10.820458726705004,257.45097167420505,0.8232112770395787,0.5,17.25,10.0,2025.0,4.0,3,0.121177442844157,blake whiteheart,2200.0,0.043478260869565216,0.07769918197459179
00-0040154,Tai Felton,WR,MIN,PIT,0.0,0.0,0.0,0.11764705882352942,0.7563025210084034,0.0,1.0882352941176472,4.11764705882353,-0.28636419447138906,5.294117647058823,0.5882352941176471,0.0,0.02450980392156859,0.05209637046307882,0.8155974940757033,2.6811056858469136,211.9983189690337,10.89174980416961,266.3661859782383,1.0123321386502886,0.6666666666666666,21.5,-2.5,2025.0,4.0,5,0.1211647817988217,tai felton,2200.0,0.043478260869565216,0.07768652092925649
00-0040009,Savion Williams,WR,GB,DAL,0.0,0.0,0.0,0.105662100456621,0.0,0.013424657534246574,1.8302739726027395,-0.6712328767123287,-0.08842506825490153,0.2237442922374429,0.2237442922374429,0.0,0.010170195101701938,0.013398126590502985,2.070984460710486,4.058339509587674,287.5668674185902,14.06023533716177,286.1780683327508,0.4287761720996243,0.5,27.25,-7.0,2025.0,4.0,4,0.12091584084580574,savion williams,600.0,0.14285714285714285,-0.021941302011337108
00-0040241,Dominic Lovett,WR,DET,CLE,0.0,0.0,0.0,0.0,0.0,0.0,0.0,0.0,0.0,0.0,0.0,0.0,0.0,0.0,1.2303873418859184,2.270306919065801,180.64196753396845,8.810631227672513,195.73163004994095,0.6949048616306461,0.6666666666666666,27.25,-10.0,2025.0,4.0,5,0.12013235342555285,dominic lovett,2500.0,0.038461538461538464,0.08167081496401439
00-0040506,Myles Price,WR,MIN,PIT,0.0,0.0,0.0,0.07762557077625572,0.0,0.0,0.0,0.0,0.0,0.0,0.0,0.0,0.0,0.0,0.8155974940757033,2.6811056858469136,211.9983189690337,10.89174980416961,266.3661859782383,1.0123321386502886,0.6666666666666666,21.5,-2.5,2025.0,4.0,6,0.11979949462279242,myles price,1800.0,0.05263157894736842,0.067167915675424
00-0038488,Brady Russell,TE,SEA,ARI,0.0,0.0,0.0,0.0,0.0,0.0,0.0,0.0,0.0,0.0,0.0,0.0,0.0,0.0,0.7079521683734823,3.0584598014665407,276.4381437035202,6.939515225496161,266.8292278019342,0.019376504573782847,0.6666666666666666,22.5,-1.5,0.0,0.0,4,0.11944008869018835,brady russell,2800.0,0.034482758620689655,0.0849573300694987
00-0040058,Nick Kallerup,TE,SEA,ARI,0.0,0.0,0.0,0.0,0.0,0.0,0.0,0.0,0.0,0.0,0.0,0.0,0.0,0.0,0.7079521683734823,3.0584598014665407,276.4381437035202,6.939515225496161,266.8292278019342,0.019376504573782847,0.6666666666666666,22.5,-1.5,2025.0,4.0,4,0.11944008869018835,nick kallerup,2200.0,0.043478260869565216,0.07596182782062313
00-0039530,Brevyn Spann-Ford,TE,DAL,GB,0.00032075655284379836,0.012188749008064338,0.0,0.20643348141104323,0.8528645126755613,0.007520581972337314,0.8233875408598931,5.319285813954282,-0.08840432807327263,2.278313080382893,0.4204200930137122,0.0,0.01566255562902303,0.035554069755542296,0.6882572454839503,1.2116413227740488,223.10865049677298,1.3947909643956107,195.5698074517025,0.22829996872062927,0.25,20.25,7.0,2025.0,4.0,3,0.11939549442715869,brevyn spannford,1500.0,0.0625,0.05689549442715869
00-0040218,Jimmy Horn Jr.,WR,CAR,NE,0.0,0.0,0.0,0.0,0.0,0.0,0.0,0.0,0.0,0.0,0.0,0.0,0.0,0.0,1.2707031555694577,3.0725428174391576,233.97746679311174,8.859096541128268,227.75354829419817,0.04060371560989919,0.6666666666666666,18.5,5.5,2025.0,4.0,6,0.11935881071627635,jimmy horn,800.0,0.1111111111111111,0.008247699605165248
00-0040629,Dalevon Campbell,WR,CAR,NE,0.0,0.0,0.0,0.0,0.0,0.0,0.0,0.0,0.0,0.0,0.0,0.0,0.0,0.0,1.2707031555694577,3.0725428174391576,233.97746679311174,8.859096541128268,227.75354829419817,0.04060371560989919,0.6666666666666666,18.5,5.5,2025.0,4.0,7,0.11935881071627635,dalevon campbell,2000.0,0.047619047619047616,0.07173976309722874
00-0040646,Jalen Royals,WR,KC,BAL,0.0,0.0,0.0,0.0,0.0,0.0,0.0,0.0,0.0,0.0,0.0,0.0,0.0,0.0,0.7921279836831893,2.972457691511078,262.411744518763,3.6423414975841664,233.055094399398,0.33776148937950057,0.5,23.0,2.5,2025.0,4.0,5,0.11921216561045186,jalen royals,500.0,0.16666666666666666,-0.04745450105621479
00-0040590,Konata Mumpfield,WR,LA,IND,0.0,0.0,0.0,0.0,0.0,0.0,0.0,0.0,0.0,0.0,0.0,0.0,0.0,0.0,1.2692923254424253,2.214355419700491,199.04426368592024,3.375509124878027,213.38610731983098,0.32977962314678677,0.2,26.5,-3.5,2025.0,4.0,5,0.11920259867210263,konata mumpfield,1000.0,0.09090909090909091,0.02829350776301172
00-0040737,Terrance Ferguson,TE,LA,IND,0.0,0.0,0.0,0.0,0.0,0.0,0.0,0.0,0.0,0.0,0.0,0.0,0.0,0.0,1.2692923254424253,2.214355419700491,199.04426368592024,3.375509124878027,213.38610731983098,0.32977962314678677,0.2,26.5,-3.5,2025.0,4.0,4,0.11920259867210263,terrance ferguson,1600.0,0.058823529411764705,0.060379069260337925
00-0040563,Efton Chism III,WR,NE,CAR,0.0,0.0,0.0,0.0,0.0,0.0,0.0,0.0,0.0,0.0,0.0,0.0,0.0,0.0,0.8733033595020957,2.825242883882747,256.55860699074987,0.18556312285056417,224.96814434244754,0.2887671459068964,0.5,24.0,-5.5,2025.0,4.0,6,0.11917480441726985,efton chism,1300.0,0.07142857142857142,0.04774623298869843
00-0040432,Beaux Collins,WR,NYG,LAC,0.0,0.0,0.0,0.0,0.0,0.0,0.0,0.0,0.0,0.0,0.0,0.0,0.0,0.0,0.7168373821221911,2.6809934898311463,256.1146811063748,-1.127752611246544,195.2173371655382,0.26216652691603776,0.3333333333333333,18.75,6.0,2025.0,4.0,5,0.11896868020183263,beaux collins,1300.0,0.07142857142857142,0.0475401087732612
00-0038456,Travis Vokolek,TE,ARI,SEA,0.0,0.0,0.0,0.0,0.0,0.0,0.0,0.0,0.0,0.0,0.0,0.0,0.0,0.0,0.6117392626031481,2.7893048905672666,256.73468515041117,4.067953507892232,234.59202174851598,0.7055833666604924,0.25,21.0,1.5,2025.0,4.0,4,0.11891147548040891,travis vokolek,1900.0,0.05,0.0689114754804089
00-0038359,Xavier Smith,WR,LA,IND,0.0,0.0,0.14734276422975062,0.021522943736089532,0.1595792453299099,0.008860959988951969,0.2914982945725382,5.306378925787715,0.39666331811413136,5.316575993371182,0.15142159126313706,0.0,0.005352882180375868,0.024462583330856137,1.2692923254424253,2.214355419700491,199.04426368592024,3.375509124878027,213.38610731983098,0.32977962314678677,0.2,26.5,-3.5,2025.0,4.0,6,0.11878813255094142,xavier smith,2200.0,0.043478260869565216,0.0753098716813762
00-0037093,Dareke Young,WR,SEA,ARI,0.0,0.0,0.0,0.12405954671974737,0.5050606438109206,0.006278552073212671,0.5076239709967602,3.7766748818833586,0.22136665479298226,3.816064078537117,0.3180053398780931,0.0,0.016351420788176783,0.04071520404333165,0.7079521683734823,3.0584598014665407,276.4381437035202,6.939515225496161,266.8292278019342,0.019376504573782847,0.6666666666666666,22.5,-1.5,2025.0,4.0,5,0.11869778395368305,dareke young,3500.0,0.027777777777777776,0.09092000617590527
00-0036825,Feleipe Franks,TE,ATL,WAS,0.0,0.0,0.0,0.06578598679131539,0.21023964997338562,0.00034919440396836537,0.8918849861013507,6.000788642314966,0.008519817845447033,2.5228757996806275,0.21023964997338562,0.0,0.010384415958778308,0.027240593442918477,1.2514299682806516,3.039717166082489,293.81655725456983,9.674876922049465,246.18541431705694,0.3584502896678204,0.0,22.0,1.5,2025.0,4.0,4,0.11862647433950563,feleipe franks,2800.0,0.034482758620689655,0.08414371571881597
00-0038590,Justin Shorter,WR,LV,CHI,0.0,0.0,0.0,0.004117647058823529,0.0,0.0,0.0,0.0,0.0,0.0,0.0,0.0,0.0,0.0,1.5194850312260302,3.6184107412170703,217.12406394782903,7.289545554292404,258.85848927896586,0.2955174323930029,0.5,24.5,-1.5,2025.0,4.0,5,0.11861643685170575,justin shorter,1300.0,0.07142857142857142,0.04718786542313433
00-0040244,Moliki Matavao,TE,NO,BUF,0.0,0.0,0.0,0.0,0.0,0.0,0.0,0.0,0.0,0.0,0.0,0.0,0.0,0.0,1.3103762737373588,1.7663538449760061,196.4149838143091,6.076421525961082,180.1656505446017,0.35739541699579386,0.3333333333333333,16.0,15.5,0.0,0.0,4,0.11856440214118989,moliki matavao,1700.0,0.05555555555555555,0.06300884658563434
00-0039589,Kameron Johnson,WR,TB,PHI,0.0011690647425717255,0.054946042900871225,0.0,0.06756226177488764,0.0,0.029670863166470458,0.7125156146865833,0.16483812870261366,-0.0905425358571752,0.0,0.0,0.0,0.0011690647425717255,0.002135672246611992,0.9695448207280812,2.058660426518849,236.22643510303513,-1.9036438020538324,184.55679873024846,0.10311033522107635,0.1428571428571428,20.0,3.5,2025.0,4.0,7,0.11851882836341081,kameron johnson,1600.0,0.058823529411764705,0.0596952989516461
00-0039686,Colson Yankoff,TE,WAS,ATL,0.0,0.0,0.0,0.14270851395873074,0.0,0.0,0.0,0.0,0.0,0.0,0.0,0.0,0.0,0.0,0.6659896258550828,2.2256537544183477,228.314239768903,3.6248334101329776,178.22542439963303,0.2674356241384136,0.3333333333333333,23.5,-1.5,2025.0,4.0,4,0.11846989067413675,colson yankoff,2000.0,0.047619047619047616,0.07085084305508914
00-0040075,LaJohntay Wester,WR,BAL,KC,0.0,0.0,0.0,0.015981735159817354,0.0,0.0,0.0,0.0,0.0,0.0,0.0,0.0,0.0,0.0,0.9916837963195584,2.7014999059920397,247.98951586960504,2.9773785739370506,202.51245923579845,0.07376652489602777,0.3333333333333333,25.5,-2.5,2025.0,4.0,6,0.11839614437137023,lajohntay wester,2200.0,0.043478260869565216,0.07491788350180502
00-0035021,Ashton Dulin,WR,IND,LA,0.0001608726586455919,0.0034745760993226864,0.001548461416439504,0.15278147490088279,0.007016818635828337,0.0039036550743864087,0.3480570802130285,2.860540732173604,-0.10894790348096771,0.1407615341101449,0.006284461129352331,0.0019292140687118384,0.003942701446167136,0.012088115107771654,1.1804125011756565,3.243662175540963,238.56161255347456,7.4971543839070796,217.30422375236017,0.5843214394395838,0.4285714285714285,23.0,3.5,2025.0,4.0,5,0.11833551949502834,ashton dulin,1600.0,0.058823529411764705,0.05951199008326363
00-0035602,Alex Bachman,WR,LV,CHI,0.0,0.0,0.0,0.16811074384211783,0.1611924223771205,0.0010919486677159775,0.3925631451152345,3.566501727236762,-0.2587321445196022,3.38504086991953,0.32758460031479314,0.0,0.01850067970265795,0.03704222743406378,1.5194850312260302,3.6184107412170703,217.12406394782903,7.289545554292404,258.85848927896586,0.2955174323930029,0.5,24.5,-1.5,0.0,0.0,4,0.11826207550972023,alex bachman,1600.0,0.058823529411764705,0.05943854609795553
00-0039451,Isaiah Williams,WR,NYJ,MIA,0.0,0.0,0.0,0.024117072464969323,0.004983195787077033,0.00024915978935385153,0.029774594827785283,0.18686984201538873,-0.029240041908323678,0.07474793680615548,0.024915978935385157,0.0,0.0020763315779487625,0.005038157505316852,1.2649144653986988,2.5063946570399014,157.75564980311344,11.261163342402728,235.9795772197789,0.7788053390377815,0.5,21.5,2.5,2025.0,4.0,6,0.11766808472641352,isaiah williams,1100.0,0.08333333333333333,0.03433475139308019
00-0038643,Brayden Willis,TE,SF,JAX,0.0,0.0,0.0,0.05495051355491912,0.0,0.002228466668808117,0.4013468470523418,2.1616126687438735,-0.3881424301231761,0.0,0.0,0.0,0.013292608199908063,0.024752704102975774,1.1942897130310721,2.5631025791482687,299.4682841681782,-0.12391193200659034,235.56450483526405,0.11198903421417832,0.25,25.5,-3.5,2025.0,4.0,3,0.11756100836141545,brayden willis,1500.0,0.0625,0.05506100836141545
00-0036331,Devin Duvernay,WR,CHI,LV,7.08373905182767e-08,2.2057612012329195e-06,0.03529658420631089,0.08012144127479646,0.21477782684657123,0.011453362152539715,0.24874689941648126,4.127915187555608,0.13149202100525717,2.5176527195446496,0.34058137546725425,1.4254638337455033e-06,0.013229489092970089,0.02961235022705252,1.1696458519579582,2.7553854810459755,224.5241359653417,10.648149482022042,245.52583879284495,0.21483667681656474,0.4,23.0,1.5,2025.0,4.0,5,0.11747288746795893,devin duvernay,1400.0,0.06666666666666667,0.05080622080129227
00-0035645,Gunner Olszewski,WR,NYG,LAC,0.0,0.0,0.00016784201784596255,0.014257039265433055,0.0010534329400501599,4.182337104008655e-05,0.007789286160521175,0.01604896004705617,-0.012675511449590166,0.012566632418910826,0.003678565061787147,5.395395131857904e-09,0.00015285643764136048,0.0002611451545026729,0.7168373821221911,2.6809934898311463,256.1146811063748,-1.127752611246544,195.2173371655382,0.26216652691603776,0.3333333333333333,18.75,6.0,2025.0,4.0,6,0.11745188216513126,gunner olszewski,2200.0,0.043478260869565216,0.07397362129556605
00-0039816,Anthony Gould,WR,IND,LA,0.0,0.0,0.03600666950539376,0.019615316893866624,0.046008522145780925,0.00036006669505393783,0.028085202214207145,0.6481200510970879,0.0680026751614665,0.8281533986240567,0.03600666950539376,0.0,0.0010001852640387128,0.0028077246850147335,1.1804125011756565,3.243662175540963,238.56161255347456,7.4971543839070796,217.30422375236017,0.5843214394395838,0.4285714285714285,23.0,3.5,2025.0,4.0,6,0.11736266223203462,anthony gould,3500.0,0.027777777777777776,0.08958488445425684
00-0031763,DeAndre Carter,WR,CLE,DET,5.59554073906152e-05,0.0029085178933922744,3.237070881721696e-06,0.011480803559954667,0.04157926964862854,0.0038703441831495246,0.035184157023523135,0.5119050584877997,-0.00594298716228545,0.3500387868341284,0.05414119141897982,4.1524682377972404e-07,0.0022692035265828624,0.004658318528924065,1.162400031145099,3.877722600236799,301.05402311809496,10.820458726705004,257.45097167420505,0.8232112770395787,0.5,17.25,10.0,2025.0,4.0,5,0.11685265418428281,deandre carter,2200.0,0.043478260869565216,0.0733743933147176
