player_id,player_display_name,position,team,opponent_team,avg_endzone_target_share,avg_endzone_targets,avg_explosive_receiving_plays,avg_offense_snap_share,avg_racr,avg_receiving_air_yards,avg_receiving_epa,avg_receiving_yards,avg_receptions,avg_scored_touchdown,avg_target_share,avg_total_tds,avg_wopr,avg_receiving_air_yards_allowed,avg_explosive_receiving_plays_allowed,passing_tds_allowed_to_WR,passing_tds_allowed_to_TE,avg_receiving_yards_allowed,avg_receiving_epa_allowed,redzone_td_rate,implied_total,spread_line,season,week,depth_chart_rank,predicted_touchdown_probability,merge_name,price,market_implied_prob,model_edge
00-0039075,Puka Nacua,WR,LA,BAL,0.009070200609280514,0.38571917410354295,1.2028146607024535,0.8373918998237948,1.6272147887103805,116.52378227314588,7.650724040523318,113.45479676619134,10.313414250545701,0.6499961317560826,0.3512271199312548,0.6672906684600374,0.8052742785544248,258.1517548141938,2.7765042688404247,2.218142712004786,0.16550312979595241,250.9969962557053,12.65781230497643,0.6,26.0,-7.5,2025.0,6.0,1,0.5310308618733701,puka nacua,-120.0,0.5454545454545454,-0.014423683581175295
00-0034348,Courtland Sutton,WR,DEN,NYJ,0.01795987226170891,0.6246982721576936,1.2441303488396942,0.8702903447480055,0.9195824001556131,94.63233957683606,6.5923307949424474,81.32519000089651,5.73029218306915,0.5469465874361257,0.23782216999880226,0.5554208449062473,0.6227556165907396,192.41337065899612,3.489581384991804,0.7584430716851,1.1888237784855158,217.02190724512985,10.718827320534741,0.6666666666666666,25.5,-7.5,2025.0,6.0,1,0.48116441312628583,courtland sutton,140.0,0.4166666666666667,0.06449774645961914
00-0037247,George Pickens,WR,DAL,CAR,0.05019643273484344,1.8727809697827882,1.4834117300544287,0.8504013942016556,0.7354500471226418,97.33818039074544,4.952883276368277,72.13472380730457,4.2667764213198565,0.7974178379656651,0.19882011690873963,1.0075854030213582,0.5410105395867999,241.78371742546716,3.3343690131025543,0.9379186461560279,0.6514959014943852,229.6643907277994,9.195473418257997,0.5,26.25,-3.0,2025.0,6.0,2,0.4604626162715144,george pickens,115.0,0.46511627906976744,-0.004653662798253022
00-0040129,Emeka Egbuka,WR,TB,SF,0.01688812920287908,0.5708773574699795,2.2214128592549853,0.8385752407053478,0.9101981939849908,117.02069885687497,7.756405781730543,108.68115105838231,5.435216905268472,0.823302441311168,0.23371823508879136,0.9098842450686958,0.646226074765789,298.27364827809953,3.362809757530586,0.9087467269393374,0.5528031768813274,246.39445255655266,8.077251382005793,0.5714285714285714,25.25,-3.0,2025.0,6.0,3,0.4574220214843521,emeka egbuka,100.0,0.5,-0.042577978515647874
00-0036963,Amon-Ra St. Brown,WR,DET,KC,0.018186055487815787,0.5548196160185597,1.072122199707904,0.8536106553752137,1.4385502944050823,61.794456359644684,7.6998462221299695,84.89189741583883,7.329190645901532,0.5505766191137013,0.3161206875471974,0.9705290743450067,0.73184910110409,215.50486277610597,2.943734953936104,0.7859250601965803,0.03614559719905299,207.32110502554133,2.465027091830288,0.8333333333333334,25.0,2.5,2025.0,6.0,1,0.4342607683618993,amonra st brown,110.0,0.47619047619047616,-0.041929707828576857
00-0031381,Davante Adams,WR,LA,BAL,0.04245032845911967,1.4950436261164948,1.4788211999405196,0.8529297398925286,0.7742691536717412,118.03003037318807,1.5574296431992434,75.24595987035738,4.7589350647016015,0.5772502680908819,0.2546347864821439,0.594787167961483,0.6510361921033848,258.1517548141938,2.7765042688404247,2.218142712004786,0.16550312979595241,250.9969962557053,12.65781230497643,0.6,26.0,-7.5,2025.0,6.0,2,0.4337448062436143,davante adams,100.0,0.5,-0.06625519375638572
00-0035719,Deebo Samuel Sr.,WR,WAS,CHI,0.019398547498069928,0.5123255885067395,0.95406134717361,0.7567092144163313,2.0280137577730404,56.033641061280264,4.941885564188162,61.34939279200952,5.713763734249784,0.7728081317850328,0.2922377361707143,0.7730281794234803,0.5941823258378489,181.0868447634795,2.5328875188519238,1.0636395218582104,0.20686220267509992,216.3009424952751,2.2220268308790274,0.6,27.0,-4.5,2025.0,6.0,2,0.4269027142963541,deebo samuel,120.0,0.45454545454545453,-0.027642740249100406
00-0038543,Jaxon Smith-Njigba,WR,SEA,JAX,0.009839925761767959,0.333547288463382,1.7879342485665712,0.7862819445638323,1.0419218192139503,93.35344186411008,6.978483482852094,98.563889755326,6.3502634752426275,0.49347733390411086,0.2856175540776389,0.49638400686006684,0.7225027373177659,328.4494592424077,3.715920263782671,0.5852019593852152,0.5648746267649548,275.71660736928004,1.5991928591659244,0.8,23.0,1.5,2025.0,6.0,1,0.40808428253651197,jaxon smithnjigba,125.0,0.4444444444444444,-0.03636016190793245
00-0036912,DeVonta Smith,WR,PHI,NYG,0.017767426317327892,0.5661765084066349,1.1889693044771557,0.9104098124744437,1.3305134458330807,62.26424031103906,5.392135892482601,68.70936077804699,5.631242438741129,0.25315470862597733,0.23810810959402792,0.3035765044577416,0.5291991639841334,265.7917814138431,1.9957900279771055,1.0681695221769818,0.15609665556208752,246.57842420383076,5.0219970360877415,0.3333333333333333,23.75,-7.0,2025.0,6.0,2,0.37755422374521935,devonta smith,250.0,0.2857142857142857,0.09183993803093365
00-0038544,Quentin Johnston,WR,LAC,MIA,0.010752993787788438,0.40833042162355965,1.1523097074185493,0.824168668358297,1.010648433435718,86.66082308031999,1.993393987712181,72.27895161214103,5.5352102458870585,0.4247073205971601,0.22547026515593918,0.497225979286508,0.5680737825819745,193.85026840352617,2.5481333819495524,1.1298080880453603,0.6816146161285114,222.48999283769146,10.769471355198798,0.5,24.5,-4.5,2025.0,6.0,2,0.3664607011358488,quentin johnston,180.0,0.35714285714285715,0.009317843992991626
00-0037238,Drake London,WR,ATL,BUF,0.028028652071833738,0.9187475957664211,0.9170332549601933,0.8728449969032956,0.8594408437497719,109.40504291744571,2.045550353772712,83.68966946801604,6.370892412000356,0.4061786679870244,0.3070833021978353,0.4782086682980582,0.7282309316196841,189.18334206901127,2.06551338403825,0.852084374131295,0.17512375432793473,196.64116876685523,4.938335425148214,0.6666666666666666,22.5,4.5,2025.0,6.0,1,0.3643299703550515,drake london,140.0,0.4166666666666667,-0.052336696311615194
00-0037816,Romeo Doubs,WR,GB,CIN,0.03345671233538611,1.23339637094656,0.29818760766448377,0.8196325688956899,1.0039991524230316,65.78655732028824,4.420594726940431,44.059725326465184,3.8304899258147036,0.4869277350771534,0.18520979975996385,1.126377174064067,0.47210617210293787,205.08507979220423,3.598466246163977,0.8551403902070899,0.9867503460672847,260.38574808110116,12.786069425260925,0.8333333333333334,29.25,-14.0,2025.0,6.0,2,0.35612266203560894,romeo doubs,145.0,0.40816326530612246,-0.05204060327051352
00-0035640,DK Metcalf,WR,PIT,CLE,0.018054625964650153,0.5051615393548958,0.8352544926310562,0.8636160815985473,1.8672540042954124,45.86333073948766,4.9075230203662965,68.28764908070804,3.7827122248263207,0.7705142313007798,0.2018389003837899,0.7706291838844965,0.5512018265320153,224.77456409164523,3.242450390342259,1.3228897975241016,0.6405033821990156,211.58849872447132,9.36601395400976,0.3333333333333333,21.5,-5.5,2025.0,6.0,1,0.3556238862990732,dk metcalf,175.0,0.36363636363636365,-0.008012477337290436
00-0040128,Tyler Warren,TE,IND,ARI,0.002985579439914742,0.08658180375752766,0.7151202625220873,0.7790786484439797,2.0571783721080994,38.902203310374674,3.3438063891809984,56.60257473585518,4.33547293642494,0.613032346471458,0.18230630951842342,0.613032346471458,0.37192034526184814,303.78469041472533,3.238645302718608,0.3468965625030004,0.21949448724115686,261.06632162294767,8.459109437620938,1.0,26.75,-7.0,2025.0,6.0,1,0.3522019889716287,tyler warren,155.0,0.39215686274509803,-0.039954873773469346
00-0036252,Michael Pittman,WR,IND,ARI,0.018036321142488505,0.5996234927527273,0.3436455682340832,0.8591322169618838,1.2166985996385862,67.33942716787917,1.8698792082203541,51.931219132790694,5.224115247358371,0.7668044504814575,0.2382761393013467,0.7668044505561366,0.523292701561193,303.78469041472533,3.238645302718608,0.3468965625030004,0.21949448724115686,261.06632162294767,8.459109437620938,1.0,26.75,-7.0,2025.0,6.0,1,0.34993151035390485,michael pittman,170.0,0.37037037037037035,-0.0204388600164655
00-0039893,Brian Thomas Jr.,WR,JAX,SEA,0.01998912192803252,0.6023717332440581,1.0058434190247785,0.8684488375550591,0.7261727439696682,95.46240431320071,1.0515743562325244,64.45202315354669,4.224611747133482,0.1626761709938351,0.25188273891189605,0.17997733844069994,0.6653224843600781,241.14999572370118,3.4667593963779715,1.1097522386755507,0.34573584966363535,270.65009065677344,11.743633249111275,0.6,24.5,-1.5,2025.0,6.0,1,0.34969515127045114,brian thomas,155.0,0.39215686274509803,-0.04246171147464689
00-0038996,Tucker Kraft,TE,GB,CIN,0.01131681946436515,0.2906769625175151,0.38764773063973024,0.9048041333268124,17.847187491976758,20.355842966320832,3.95390376408225,53.59503603756245,3.950229127687333,0.2823831372580376,0.1752697761030496,0.28338012895191655,0.31324755781417996,205.08507979220423,3.598466246163977,0.8551403902070899,0.9867503460672847,260.38574808110116,12.786069425260925,0.8333333333333334,29.25,-14.0,2025.0,6.0,1,0.3494270693857939,tucker kraft,175.0,0.36363636363636365,-0.01420929425056977
00-0040124,Tetairoa McMillan,WR,CAR,DAL,0.014724796557402659,0.353395117377664,1.7846814034834662,0.8978518625365115,0.6832017964015855,102.95928744004904,2.696971857454441,68.7125599509574,4.8784753524935995,0.0,0.27510817969588053,0.0,0.7458294173821907,275.21776503510904,3.128586359697945,1.944782385748136,0.5101003243288174,295.8972534830481,16.720401917006942,0.6,23.25,3.0,2025.0,6.0,1,0.3445803047996387,tetairoa mcmillan,140.0,0.4166666666666667,-0.07208636186702799
00-0035676,A.J. Brown,WR,PHI,NYG,0.02000950426533986,0.5482182548397369,0.619728551813152,0.9347441324583414,0.5633978720489574,89.09647040172521,0.1535651272225855,45.69369243375685,4.2902394043042555,0.26914078455255813,0.2963809730951902,0.2691654867315501,0.7180086549012619,265.7917814138431,1.9957900279771055,1.0681695221769818,0.15609665556208752,246.57842420383076,5.0219970360877415,0.3333333333333333,23.75,-7.0,2025.0,6.0,1,0.3408050558489897,aj brown,195.0,0.3389830508474576,0.0018220050015320677
00-0036900,Ja'Marr Chase,WR,CIN,GB,0.017158120603667674,0.7128253123800404,0.8617350527260005,0.9266164730853264,0.9191160783939182,95.91115631153252,1.5058651469970061,81.5464400950431,6.667866198666752,0.5137388458084495,0.29061931980705386,0.8411262977256149,0.6845404468156859,254.27605534774182,2.0481489259418537,1.0817800718387744,0.4598099781044459,232.59886521619262,8.570698314057788,0.6666666666666666,15.25,14.0,2025.0,6.0,1,0.33881290207920084,jamarr chase,190.0,0.3448275862068966,-0.006014684127695735
00-0030279,Keenan Allen,WR,LAC,MIA,0.02880111400258281,1.0581798418643495,0.6811555854662926,0.6855550666918663,0.9698988419839806,62.42993618588064,2.32768891532198,55.01506331114582,5.442048303559925,0.37950476148253326,0.24982333540765006,0.3890405495286744,0.5733263270307679,193.85026840352617,2.5481333819495524,1.1298080880453603,0.6816146161285114,222.48999283769146,10.769471355198798,0.5,24.5,-4.5,2025.0,6.0,3,0.33825698030721857,keenan allen,185.0,0.3508771929824561,-0.012620212675237552
00-0037740,Garrett Wilson,WR,NYJ,DEN,0.014883309840341075,0.45715216261474234,0.7996485331186369,0.9634784617733011,0.9769560253014078,90.88368569938531,2.6292456130134445,72.89474550506952,6.334774789439248,0.7865774009526353,0.28982051607205067,0.7894841046685012,0.7168552658922025,303.648721424597,2.8675655188466544,0.301653654745063,0.32951378494717426,237.76163752230835,5.5961975547083105,0.6666666666666666,18.0,7.5,2025.0,6.0,1,0.33455147877145075,garrett wilson,180.0,0.35714285714285715,-0.0225913783714064
00-0039919,Rome Odunze,WR,CHI,WAS,0.03290823649756794,1.0823426431799832,1.0231544026684294,0.8684863648461777,0.7183562754865502,95.85244250545098,2.3966756052831144,64.51219891685368,4.080584859437493,0.7781175414139005,0.23360682034143018,0.9425037616573299,0.6001403657356531,239.6101130547383,2.9294614113804176,1.123200684457517,0.3856406419372324,249.36085301535792,7.17656603177427,0.2,22.5,4.5,2025.0,6.0,2,0.33099441074719066,rome odunze,135.0,0.425531914893617,-0.09453750414642637
00-0031588,Stefon Diggs,WR,NE,NO,0.011778545327773199,0.3571674326080326,1.3391179410951346,0.5660932043941239,1.2511100837093014,73.17178439024286,5.8957228796628804,86.50659326693304,6.470770749345884,0.04179204760504162,0.3057127001127606,0.04600085229137987,0.7204504167260283,255.6614598185657,2.043784385337395,0.8975705341577704,0.9644864500276498,218.31437337674322,4.006126649188038,0.5,24.5,-3.5,2025.0,6.0,1,0.3221683477893457,stefon diggs,170.0,0.37037037037037035,-0.04820202258102463
00-0039065,Sam LaPorta,TE,DET,KC,0.003912332537829358,0.13133673233128446,0.9907674048866323,0.9112812008167578,1.9617931289695758,33.75154717835232,3.7473396440486644,58.878868245819476,4.388375989330584,0.3759429110812888,0.20195161905661743,0.38453444775163,0.43478475280747586,215.50486277610597,2.943734953936104,0.7859250601965803,0.03614559719905299,207.32110502554133,2.465027091830288,0.8333333333333334,25.0,2.5,2025.0,6.0,1,0.32172016614623017,sam laporta,220.0,0.3125,0.009220166146230169
00-0036613,Jaylen Waddle,WR,MIA,LAC,0.012436860243497933,0.4195212787492524,0.745006862550738,0.8424229925674817,0.9809276344571729,80.08444859462459,4.15961494660047,66.3248143786407,4.634322473252427,0.566363699157173,0.216341169462793,0.5663637724859963,0.5553197268007676,217.41619374212303,2.513686810017259,0.6512503172398726,0.3384615981888598,189.94649521111361,4.517900080819495,0.5,20.0,4.5,2025.0,6.0,1,0.31471211533344456,jaylen waddle,140.0,0.4166666666666667,-0.10195455133322212
00-0039915,Ladd McConkey,WR,LAC,MIA,0.021992565166042238,0.7423892905691503,0.2778318554067495,0.8299552791219604,0.8568256169872167,56.288288610489445,-0.07163651493113277,45.263996685070325,4.2646177854996985,0.35575974869564275,0.20069193375352645,0.3931099797312572,0.47135818089492193,193.85026840352617,2.5481333819495524,1.1298080880453603,0.6816146161285114,222.48999283769146,10.769471355198798,0.5,24.5,-4.5,2025.0,6.0,1,0.3105100598447449,ladd mcconkey,195.0,0.3389830508474576,-0.028472991002712722
00-0038041,Jake Ferguson,TE,DAL,CAR,0.030711054793825646,1.0081723722096947,0.34420747139732594,0.6467423996677764,1.9066955160509926,29.29907607893289,1.3347218985780058,48.75221199201495,7.304655595231584,0.5101024370987113,0.2462900397912523,0.8101024528287272,0.44180060224744705,241.78371742546716,3.3343690131025543,0.9379186461560279,0.6514959014943852,229.6643907277994,9.195473418257997,0.5,26.25,-3.0,2025.0,6.0,1,0.30883437697797733,jake ferguson,145.0,0.40816326530612246,-0.09932888832814513
00-0039849,Marvin Harrison Jr.,WR,ARI,IND,0.0185183112347184,0.6298463773683817,1.0093828337604427,0.8493753937915951,0.8011564120461075,87.38914349374377,3.9643688078902835,67.78876750364132,4.2242097136517485,0.34831836683089845,0.200402548024217,0.34855783725844314,0.5940712918034108,242.55168920610166,2.5250341556532456,1.251953239466788,0.16159201534192277,251.70919258671782,4.736146203861735,0.75,19.75,7.0,2025.0,6.0,1,0.3049961939016739,marvin harrison,185.0,0.3508771929824561,-0.04588099908078225
00-0037744,Trey McBride,TE,ARI,IND,0.021424064346572527,0.730173403554115,0.30977875422292,0.9174630406786553,1.1128879532406855,53.48255196142704,2.3177902126424326,54.95378369897088,6.089230589096585,0.23583720503666583,0.265213355172181,0.23583720503666583,0.5777907737234644,242.55168920610166,2.5250341556532456,1.251953239466788,0.16159201534192277,251.70919258671782,4.736146203861735,0.75,19.75,7.0,2025.0,6.0,1,0.3001527940746188,trey mcbride,185.0,0.3508771929824561,-0.05072439890783731
00-0039894,Xavier Worthy,WR,KC,DET,0.031141241631504026,1.2293009744338763,0.5375316012705269,0.6288760981454266,1.7981014801203827,80.74259115988909,2.4125622751011973,50.04138732510385,4.951734754084023,0.2458371572099737,0.19630266452936948,0.24632623878831164,0.47755756050788833,322.7164713278669,3.2200840741160204,1.4695760152611035,0.4033735257493866,240.0909761203602,0.9433119178883833,1.0,27.5,-2.5,2025.0,6.0,1,0.29176265853907485,xavier worthy,145.0,0.40816326530612246,-0.11640060676704761
00-0038933,Dalton Kincaid,TE,BUF,ATL,0.01129162112898132,0.3457462597466536,1.3674202390564427,0.4846733513633241,1.1294501722734707,48.83038095535829,4.5209804043630255,60.26277185093254,3.977295431276819,0.4389908473751208,0.17317710897831093,0.4389908473751208,0.4229265711278124,241.41996783823242,1.8579576280928347,1.0661927380985674,0.18720493689688764,171.55779707974295,4.2626575603059225,0.5,27.0,-4.5,2025.0,6.0,1,0.2912255714503926,dalton kincaid,225.0,0.3076923076923077,-0.016466736241915136
00-0034960,Jakobi Meyers,WR,LV,TEN,0.027806356630549894,1.0361396301838992,0.8218391656044118,0.9237231178406367,0.6923199841520995,74.00552570985936,-1.5156727704662631,52.68100950103168,4.712251052293654,0.08884156054972257,0.2391327116523749,0.08908207380469238,0.5970581820833756,199.11353368982077,2.866821146647717,0.730415864691559,0.12041217042379,223.4760958971841,8.60509704223832,0.0,22.5,-3.5,2025.0,6.0,1,0.28791616476364545,jakobi meyers,170.0,0.37037037037037035,-0.0824542056067249
00-0034351,Dallas Goedert,TE,PHI,NYG,0.013953281123345103,0.4270362685374373,0.4115496461977457,0.7448366567224849,1.0265605960075803,49.45416253512451,1.5609507700143588,33.20749822551285,3.5143460666565103,0.7263980158879927,0.20004766713280056,0.9363980814149752,0.4272431294599812,265.7917814138431,1.9957900279771055,1.0681695221769818,0.15609665556208752,246.57842420383076,5.0219970360877415,0.3333333333333333,23.75,-7.0,2025.0,6.0,1,0.2806273302042218,dallas goedert,235.0,0.29850746268656714,-0.017880132482345323
00-0033090,Hunter Henry,TE,NE,NO,0.02644423771498352,0.8361112570806822,0.8869552545198948,0.8201024363701616,1.339019375280545,49.92108147075954,3.171193485044837,46.0581994128695,3.1393739427309955,0.39405001371394366,0.17015138226065082,0.5411673108308442,0.41406813084444466,255.6614598185657,2.043784385337395,0.8975705341577704,0.9644864500276498,218.31437337674322,4.006126649188038,0.5,24.5,-3.5,2025.0,6.0,1,0.28051710918885564,hunter henry,170.0,0.37037037037037035,-0.08985326118151471
00-0031610,Darren Waller,TE,MIA,LAC,0.026701989355759667,0.7704435181040866,0.9400944652226993,0.5197461029230042,1.0319545685916827,48.31088166987103,5.335956584274251,50.64789063143347,4.2141789284050555,0.5370853598813603,0.1695418855249029,0.7470859221402475,0.4110726906306033,217.41619374212303,2.513686810017259,0.6512503172398726,0.3384615981888598,189.94649521111361,4.517900080819495,0.5,20.0,4.5,2025.0,6.0,1,0.2757146336269288,darren waller,255.0,0.28169014084507044,-0.005975507218141662
00-0039064,Zay Flowers,WR,BAL,LA,0.005072275166163888,0.10454033816302252,0.9260148490167163,0.8089363561667123,1.4466321212213953,57.160572159822635,3.0062728515349244,64.84153701037701,4.994016369190412,0.08137924173617046,0.25950132835761786,0.08431407830276777,0.5942882260778555,269.62519015120307,2.51939446601506,0.7884021255760651,0.5863175053253961,264.0990696386573,8.448124893030688,0.5,18.5,7.5,2025.0,6.0,1,0.2742183947028012,zay flowers,245.0,0.2898550724637681,-0.015636677760966944
00-0039901,Keon Coleman,WR,BUF,ATL,0.026708536249296422,0.8672529935907635,0.47256165506721093,0.7032855030134787,0.6799019878648266,70.83783055366838,0.005171368975016029,36.1473346359981,3.5142784532557063,0.4208151573596442,0.1941606560200068,0.4208151573596442,0.5010003829439844,241.41996783823242,1.8579576280928347,1.0661927380985674,0.18720493689688764,171.55779707974295,4.2626575603059225,0.5,27.0,-4.5,2025.0,6.0,1,0.27180312689846337,keon coleman,225.0,0.3076923076923077,-0.035889180793844344
00-0037239,Chris Olave,WR,NO,NE,0.021747656097845347,0.7740171100493956,0.09399695768517105,0.7669543790341252,0.7743917226816854,74.78737929962766,0.015915749691004136,47.39372838033972,5.93842178890823,0.22302851491009304,0.28805440415128186,0.22302851491009304,0.6473913925209888,225.07895872862457,3.425545980545193,1.2226445462290334,0.4398958206488571,231.17923866415717,8.580745738798752,0.0,21.0,3.5,2025.0,6.0,1,0.2710567335087518,chris olave,180.0,0.35714285714285715,-0.08608612363410534
00-0030506,Travis Kelce,TE,KC,DET,0.005394147889866417,0.175939911824835,0.2583872870181771,0.7739415869001053,1.792391988355436,32.73399450485398,2.1216006663859535,50.94489253487058,5.325694720191183,0.42867084045377113,0.18722691759160337,0.42867100543150327,0.3556769576274718,322.7164713278669,3.2200840741160204,1.4695760152611035,0.4033735257493866,240.0909761203602,0.9433119178883833,1.0,27.5,-2.5,2025.0,6.0,1,0.27003269550527387,travis kelce,130.0,0.43478260869565216,-0.1647499131903783
00-0037664,Alec Pierce,WR,IND,ARI,0.02045113135411555,0.6840478421014651,0.6786506386765115,0.7341432482332935,0.6802295749708756,90.80438752583729,3.2960200653410294,59.04937610717126,3.075224876898029,0.22584892683266536,0.1568061288395493,0.22584892683266536,0.4903875945375701,303.78469041472533,3.238645302718608,0.3468965625030004,0.21949448724115686,261.06632162294767,8.459109437620938,1.0,26.75,-7.0,2025.0,6.0,3,0.2665482688898513,alec pierce,330.0,0.23255813953488372,0.03399012935496756
00-0038563,Tre Tucker,WR,LV,TEN,0.011608793494452888,0.39296388099155966,0.6369939030611492,0.9143639672769266,0.5693097376427914,64.74443848030548,3.191497472471624,52.5363976137642,3.663482714789474,0.26367067929734345,0.1688469497785293,0.5577120252395148,0.4127323562525268,199.11353368982077,2.866821146647717,0.730415864691559,0.12041217042379,223.4760958971841,8.60509704223832,0.0,22.5,-3.5,2025.0,6.0,2,0.25563113744079907,tre tucker,230.0,0.30303030303030304,-0.047399165589503967
00-0037545,Rashid Shaheed,WR,NO,NE,0.010806489023863164,0.34297815317940744,0.5358399851294638,0.7194099271721938,0.9103029145370158,78.84879285312246,2.757054140796604,66.29113133388763,3.996311197503954,0.4683934437542028,0.18130882632110434,0.4683934437542028,0.5055907809773468,225.07895872862457,3.425545980545193,1.2226445462290334,0.4398958206488571,231.17923866415717,8.580745738798752,0.0,21.0,3.5,2025.0,6.0,2,0.24653311667370986,rashid shaheed,225.0,0.3076923076923077,-0.06115919101859785
00-0035662,Marquise Brown,WR,KC,DET,0.006686829568893528,0.2490262731965942,0.4418861751172217,0.6052364403516565,0.7001763521542631,77.86653161539361,1.7306118860508357,45.43986736715426,4.256058087743813,0.21680162775816395,0.19651622355904852,0.21680170428360568,0.4644014040137211,322.7164713278669,3.2200840741160204,1.4695760152611035,0.4033735257493866,240.0909761203602,0.9433119178883833,1.0,27.5,-2.5,2025.0,6.0,2,0.2462127472910228,marquise brown,245.0,0.2898550724637681,-0.04364232517274533
00-0037261,Khalil Shakir,WR,BUF,ATL,0.002155601817168191,0.06847618182137169,0.33879274708177964,0.6142723900686822,3.1782514147121246,22.267699331933567,0.7189317667068952,47.45997826459671,4.664156146805686,0.40006994577621635,0.2221348484463674,0.40006994577621635,0.3905277767846919,241.41996783823242,1.8579576280928347,1.0661927380985674,0.18720493689688764,171.55779707974295,4.2626575603059225,0.5,27.0,-4.5,2025.0,6.0,2,0.24276459836542874,khalil shakir,220.0,0.3125,-0.06973540163457126
00-0034827,DJ Moore,WR,CHI,WAS,0.01243150362411573,0.38914111320896677,0.3608095475878266,0.8608248976438108,2.2305938804309093,36.685996314717926,2.087562079236504,45.81936093675201,4.831869786561781,0.3044882304872766,0.19949761131829927,0.3055300890680939,0.3964801106457612,239.6101130547383,2.9294614113804176,1.123200684457517,0.3856406419372324,249.36085301535792,7.17656603177427,0.2,22.5,4.5,2025.0,6.0,1,0.24042465001204413,dj moore,185.0,0.3508771929824561,-0.11045254297041199
00-0036259,Jauan Jennings,WR,SF,TB,0.016523274101089423,0.5969425242370785,0.49907514585158214,0.7481429378645408,0.6939482826688482,65.10053142416584,-0.8680359975721549,47.77245852513922,3.8973240100060598,0.24484477290349413,0.1959765884525824,0.27239961555347336,0.4634081994319939,228.82250108518954,3.289888061778811,1.2036567662093542,1.0313212344359466,241.60597152041822,9.616773325372298,0.4,22.25,3.0,2025.0,6.0,1,0.23748692878321023,jauan jennings,185.0,0.3508771929824561,-0.11339026419924589
00-0037240,Jameson Williams,WR,DET,KC,0.0013924092621621568,0.054654698903373655,0.6634104929083267,0.8530518794899509,0.9335264031352887,81.04296343767373,1.014699278765206,41.350455493989536,2.335450971309272,0.18720443976143603,0.15734798648016418,0.2224991856215975,0.4577109440961643,215.50486277610597,2.943734953936104,0.7859250601965803,0.03614559719905299,207.32110502554133,2.465027091830288,0.8333333333333334,25.0,2.5,2025.0,6.0,2,0.23508758023938794,jameson williams,205.0,0.32786885245901637,-0.09278127221962842
00-0039491,Jalen Coker,WR,CAR,DAL,0.016370200448517228,0.44542694612628314,0.47705848714609084,0.8297033585052944,1.0712312127654735,46.37447196542743,3.709719674923794,48.51477682935357,3.8855547403957496,0.1409823823491074,0.17600024098636513,0.1409823823491074,0.39811082146623544,275.21776503510904,3.128586359697945,1.944782385748136,0.5101003243288174,295.8972534830481,16.720401917006942,0.6,23.25,3.0,2025.0,6.0,6,0.23502288537292296,jalen coker,400.0,0.2,0.035022885372922946
00-0033908,Cooper Kupp,WR,SEA,JAX,0.0016988042959707927,0.04775867005110696,0.5560313273793509,0.7758747344261097,2.5398963237635783,36.03503754388225,0.35536736950547626,44.33306446805813,4.284317246068555,0.03621610989025915,0.21587057556223652,0.042149042554600946,0.42847815355054086,328.4494592424077,3.715920263782671,0.5852019593852152,0.5648746267649548,275.71660736928004,1.5991928591659244,0.8,23.0,1.5,2025.0,6.0,2,0.23426901498600722,cooper kupp,285.0,0.2597402597402597,-0.025471244754252498
00-0033885,David Njoku,TE,CLE,PIT,0.024030452919407284,0.8521638913569459,0.17212002568032472,0.8552958884624152,2.0917623533805547,39.24111040438464,0.4391748049579939,43.686426095424686,4.738235725400221,0.3717161999091634,0.20418473382261235,0.39676445676490074,0.41688790014851473,249.19882327832448,3.0767739800928484,0.8709182458529937,0.7086324970551948,291.4563301847674,11.6850301524956,0.6666666666666666,16.0,5.5,2025.0,6.0,1,0.2338331032966594,david njoku,475.0,0.17391304347826086,0.05992005981839854
00-0036970,Kyle Pitts,TE,ATL,BUF,0.0036171230153952552,0.11781439293441101,0.665273584031339,0.7096497136759933,1.5735113035350237,35.308802849711036,2.6388379935515753,46.2716664361789,4.22295822103614,0.353692898094694,0.17214548197153645,0.3565995684071522,0.3573049013880023,189.18334206901127,2.06551338403825,0.852084374131295,0.17512375432793473,196.64116876685523,4.938335425148214,0.6666666666666666,22.5,4.5,2025.0,6.0,1,0.2325527646230377,kyle pitts,225.0,0.3076923076923077,-0.07513954306927001
00-0038104,Tyquan Thornton,WR,KC,DET,0.02900996442565147,1.0673983138196297,1.3698261720446747,0.5004604317042792,0.5382355657449102,97.15681792625612,3.089493177883664,50.8266072953459,2.4034899645179135,0.46026614054682363,0.12581858020990738,0.46027994045396076,0.3962144490874769,322.7164713278669,3.2200840741160204,1.4695760152611035,0.4033735257493866,240.0909761203602,0.9433119178883833,1.0,27.5,-2.5,2025.0,6.0,4,0.23200925767693237,tyquan thornton,265.0,0.273972602739726,-0.041963345062793644
00-0040667,Matthew Golden,WR,GB,CIN,0.015421344479428152,0.5882352941176471,0.6711409395973155,0.608266877220687,0.9970936578342351,51.68574812475325,3.888706906451772,39.43466245558626,3.350177654954599,0.0,0.13665407862012674,0.0,0.4419946649714482,205.08507979220423,3.598466246163977,0.8551403902070899,0.9867503460672847,260.38574808110116,12.786069425260925,0.8333333333333334,29.25,-14.0,2025.0,6.0,1,0.23135950322406523,matthew golden,185.0,0.3508771929824561,-0.11951768975839089
00-0034837,Calvin Ridley,WR,TEN,LV,0.0036822052698023216,0.12013787708742228,1.7412758393562329,0.7255420771589653,0.7002087857711774,99.43167662354527,4.07896054441258,69.39830523934529,3.3117367840260066,0.028052509320261244,0.21606379354728944,0.03126569127574542,0.5639668746342222,232.80682662301757,2.3701388857125214,1.0831264674593981,0.40526997164011985,231.1276610084938,8.903986352462406,0.6666666666666666,19.0,3.5,2025.0,6.0,1,0.23130893526548077,calvin ridley,310.0,0.24390243902439024,-0.012593503758909469
00-0036410,Tee Higgins,WR,CIN,GB,0.029594946494938358,1.0077719016965776,0.24294759943067745,0.8573606797800747,0.4836895302199616,76.49006070712156,1.036598721729843,36.66438335095504,3.2700110665988036,0.5016572950422192,0.18987758665816085,0.5746430906899566,0.4998766610078499,254.27605534774182,2.0481489259418537,1.0817800718387744,0.4598099781044459,232.59886521619262,8.570698314057788,0.6666666666666666,15.25,14.0,2025.0,6.0,2,0.2311853684100994,tee higgins,225.0,0.3076923076923077,-0.07650693928220831
00-0038997,Josh Downs,WR,IND,ARI,0.004866023602364966,0.16963249144995549,0.23769874105782707,0.5624059361485638,0.927305144775163,43.62409509091492,2.647425546686651,42.243072978676125,4.620149018096657,0.038225900661309035,0.20396937241633267,0.038225900661309035,0.4205146011210866,303.78469041472533,3.238645302718608,0.3468965625030004,0.21949448724115686,261.06632162294767,8.459109437620938,1.0,26.75,-7.0,2025.0,6.0,2,0.2268574028211935,josh downs,275.0,0.26666666666666666,-0.039809263845473175
00-0038117,Wan'Dale Robinson,WR,NYG,PHI,0.017343265407264004,0.47450590428459366,0.5852037170795705,0.858226433314893,0.82433593610029,50.06976723934093,-1.056276176355575,42.48529681407148,4.618638635776158,0.13922100049116512,0.21929146964037666,0.13922100049116512,0.4342216580840845,281.740953200488,2.0287436089942354,0.6850769621567551,0.3505240642583315,223.7228313778224,1.6722472708415654,0.75,16.75,7.0,2025.0,6.0,1,0.22288145572150742,wandale robinson,340.0,0.22727272727272727,-0.00439127155121985
00-0033307,Kendrick Bourne,WR,SF,TB,0.0005044527502561548,0.018757793409004093,0.3360608498152839,0.6771893627624314,1.112489914671019,48.86982294177372,3.683001791312945,60.85673270984617,4.674431934594553,0.010279458746727338,0.1490481011825072,0.010361597090819482,0.3452647872192818,228.82250108518954,3.289888061778811,1.2036567662093542,1.0313212344359466,241.60597152041822,9.616773325372298,0.4,22.25,3.0,2025.0,6.0,3,0.22076996018334327,kendrick bourne,195.0,0.3389830508474576,-0.11821309066411434
00-0036040,Juwan Johnson,TE,NO,NE,0.014189876872627245,0.48134657180186713,0.33795687373664907,0.8705603663964455,1.1488468170383428,37.56136076633186,0.9673321633817714,37.77426826611672,3.945333320990562,0.1216625443268857,0.16811750856344962,0.12166343354486878,0.3539427773311969,225.07895872862457,3.425545980545193,1.2226445462290334,0.4398958206488571,231.17923866415717,8.580745738798752,0.0,21.0,3.5,2025.0,6.0,1,0.21556817003702533,juwan johnson,285.0,0.2597402597402597,-0.044172089703234385
00-0039342,Xavier Legette,WR,CAR,DAL,0.027026979621440576,1.0584635590004854,0.4054649653791878,0.7362087209730632,0.3621242458736431,58.132070157041134,-2.5649016019442064,20.716405566613833,2.389509083375396,0.31925705900029794,0.16881763560154625,0.31925705900029794,0.39114258480987263,275.21776503510904,3.128586359697945,1.944782385748136,0.5101003243288174,295.8972534830481,16.720401917006942,0.6,23.25,3.0,2025.0,6.0,2,0.20910209524344053,xavier legette,310.0,0.24390243902439024,-0.034800343780949705
00-0038608,Kayshon Boutte,WR,NE,NO,0.010492229764186668,0.3371523214106656,0.48756659626072457,0.7118308080175056,0.837095349873162,52.22279472577155,2.4314700968822343,40.65921235459401,2.6961597255316487,0.17907328803284328,0.1349297417407697,0.17907328803284328,0.3768599860703817,255.6614598185657,2.043784385337395,0.8975705341577704,0.9644864500276498,218.31437337674322,4.006126649188038,0.5,24.5,-3.5,2025.0,6.0,2,0.2089644740485082,kayshon boutte,290.0,0.2564102564102564,-0.04744578236174818
00-0037112,Jake Tonges,TE,SF,TB,0.00868088470805036,0.3947887879984209,0.4456933337616235,0.6111734172705466,1.4616943245968586,26.611873308613696,1.120422222514266,33.78498728484672,3.875080690390435,0.6176354548792325,0.13813611894720754,0.6176354548792325,0.2704987845671142,228.82250108518954,3.289888061778811,1.2036567662093542,1.0313212344359466,241.60597152041822,9.616773325372298,0.4,22.25,3.0,2025.0,6.0,1,0.2073666536957499,jake tonges,275.0,0.26666666666666666,-0.05930001297091678
00-0040736,Mason Taylor,TE,NYJ,DEN,0.0,0.0,0.3390068875987162,0.8033781688363203,1.0306221431724427,42.87468897623599,2.9692799892472843,46.09895063286575,5.424651112473405,0.0,0.2099847658608612,0.0,0.43919786469471905,303.648721424597,2.8675655188466544,0.301653654745063,0.32951378494717426,237.76163752230835,5.5961975547083105,0.6666666666666666,18.0,7.5,2025.0,6.0,1,0.20406391426086443,mason taylor,300.0,0.25,-0.045936085739135574
00-0039793,AJ Barner,TE,SEA,JAX,0.011520973678951303,0.38602371707229827,0.1500263797606653,0.7299546874577868,1.4427107128437189,18.03495629319558,2.634281520687128,31.920634511970395,3.613647567534425,0.7119877848312406,0.13039193140672625,1.0122273527868346,0.25008286180657185,328.4494592424077,3.715920263782671,0.5852019593852152,0.5648746267649548,275.71660736928004,1.5991928591659244,0.8,23.0,1.5,2025.0,6.0,1,0.20327227365316192,aj barner,300.0,0.25,-0.04672772634683808
00-0039847,Theo Johnson,TE,NYG,PHI,0.027242417944654478,1.0525325433119603,0.06907713482285145,0.8056112765390323,0.906200480866005,30.357518311492278,0.5323781001207051,25.649881024452878,3.662741558362586,0.5290525998317878,0.16274721099388434,0.8300529120796238,0.34037970793863015,281.740953200488,2.0287436089942354,0.6850769621567551,0.3505240642583315,223.7228313778224,1.6722472708415654,0.75,16.75,7.0,2025.0,6.0,1,0.20309128400092233,theo johnson,380.0,0.20833333333333334,-0.005242049332411014
00-0038129,Cade Otton,TE,TB,SF,0.004207200135716268,0.13828833821871092,0.7497348404263312,0.9227616444542591,1.2339010923542464,30.84411949102239,1.6368085219494948,39.790179071803934,3.0823414489343683,0.02487472416368594,0.13476463915518158,0.033368695449327766,0.28397944906822886,298.27364827809953,3.362809757530586,0.9087467269393374,0.5528031768813274,246.39445255655266,8.077251382005793,0.5714285714285714,25.25,-3.0,2025.0,6.0,1,0.20208133187475227,cade otton,190.0,0.3448275862068966,-0.1427462543321443
00-0034753,Mark Andrews,TE,BAL,LA,0.019724618020306846,0.530462711105903,0.24814412671233524,0.6598551006590845,0.9254170427762932,39.38879938386506,-0.13914985335677107,35.23613607809761,3.714668127500309,0.303988157250282,0.1802630739201356,0.4524502993362769,0.40377200416217146,269.62519015120307,2.51939446601506,0.7884021255760651,0.5863175053253961,264.0990696386573,8.448124893030688,0.5,18.5,7.5,2025.0,6.0,1,0.1965574260416507,mark andrews,380.0,0.20833333333333334,-0.011775907291682652
00-0033881,Evan Engram,TE,DEN,NYJ,0.000506129102627834,0.017752178329670267,0.027522197555812106,0.4885876884750357,1.1938932308655903,32.83788822996598,-0.05110336779106691,29.142013942337357,3.7798510383974966,0.3162022101185694,0.16446099572628262,0.3169017251692127,0.33082938146563645,192.41337065899612,3.489581384991804,0.7584430716851,1.1888237784855158,217.02190724512985,10.718827320534741,0.6666666666666666,25.5,-7.5,2025.0,6.0,1,0.19356632630333187,evan engram,320.0,0.23809523809523808,-0.04452891179190621
00-0036309,Darnell Mooney,WR,ATL,BUF,0.014108467857729493,0.2973276757391525,0.5642744217686443,0.7644830680737381,0.7324420149737,58.97457247071989,-0.11953144644546636,35.53670519511087,2.512020838708718,0.017145607021881875,0.15371472626353525,0.01918027888417489,0.39696251409988215,189.18334206901127,2.06551338403825,0.852084374131295,0.17512375432793473,196.64116876685523,4.938335425148214,0.6666666666666666,22.5,4.5,2025.0,6.0,2,0.19245330425191065,darnell mooney,235.0,0.29850746268656714,-0.10605415843465649
00-0040170,Elic Ayomanor,WR,TEN,LV,0.013048001542731927,0.47708340845984637,0.37611337492337094,0.7560740687317441,0.5607176535006935,66.39151130503768,-0.5023288849820639,32.36424939598284,2.6007716995420287,0.3003858497710144,0.18997710384500482,0.3003858497710144,0.4838876755479567,232.80682662301757,2.3701388857125214,1.0831264674593981,0.40526997164011985,231.1276610084938,8.903986352462406,0.6666666666666666,19.0,3.5,2025.0,6.0,2,0.19225211407277465,elic ayomanor,350.0,0.2222222222222222,-0.02997010814944756
00-0036407,Jerry Jeudy,WR,CLE,PIT,0.00395092625495151,0.14558600523152945,0.5083098863844726,0.8754633956936448,0.4183864821424555,93.38449041126154,-3.269044075640434,40.330248213354466,3.352568327765818,0.025022453484037525,0.21118626986799638,0.02502264066812689,0.5493249196953457,249.19882327832448,3.0767739800928484,0.8709182458529937,0.7086324970551948,291.4563301847674,11.6850301524956,0.6666666666666666,16.0,5.5,2025.0,6.0,1,0.19200285144176146,jerry jeudy,320.0,0.23809523809523808,-0.04609238665347662
00-0038976,Marvin Mims Jr.,WR,DEN,NYJ,0.012204973557254388,0.34520314471266983,0.48521723396646044,0.3912977289893542,1.0580214059649147,50.6822619616008,0.4104088989727715,31.557590667617834,3.2064945925716213,0.4166550992282713,0.13925393236375644,0.5023709106029491,0.33921124379146483,192.41337065899612,3.489581384991804,0.7584430716851,1.1888237784855158,217.02190724512985,10.718827320534741,0.6666666666666666,25.5,-7.5,2025.0,6.0,3,0.19161008160436127,marvin mims,295.0,0.25316455696202533,-0.06155447535766406
00-0039868,Troy Franklin,WR,DEN,NYJ,0.005754327070318854,0.23493384441059836,0.6369552562059925,0.6066215763901012,0.622955698458724,59.32192850276385,-0.10132564708342004,37.83193572489091,3.4409725838050864,0.10989034694487676,0.1649531708469132,0.10989034694487676,0.40860373582470044,192.41337065899612,3.489581384991804,0.7584430716851,1.1888237784855158,217.02190724512985,10.718827320534741,0.6666666666666666,25.5,-7.5,2025.0,6.0,2,0.1908479877787525,troy franklin,260.0,0.2777777777777778,-0.08692978999902529
00-0030061,Zach Ertz,TE,WAS,CHI,0.00388933682119601,0.13657839235504768,0.1548118165945751,0.6213438083907984,0.6902894018373715,28.62008037345434,1.5234328842017433,25.451795010661375,2.3911367248763695,0.2886528310312577,0.1319421587686415,0.3239475631348058,0.2809898142504961,181.0868447634795,2.5328875188519238,1.0636395218582104,0.20686220267509992,216.3009424952751,2.2220268308790274,0.6,27.0,-4.5,2025.0,6.0,1,0.1838212849392889,zach ertz,180.0,0.35714285714285715,-0.17332157220356825
00-0040663,Harold Fannin Jr.,TE,CLE,PIT,0.01092749280697786,0.3606072626302694,0.21027009483971007,0.7527900183909705,2.0654267833854956,29.24795355378457,0.2546424187451449,26.555227002271824,3.7018859759835565,0.3606072626302694,0.1446765783604371,0.3606072626302694,0.2830633313772067,249.19882327832448,3.0767739800928484,0.8709182458529937,0.7086324970551948,291.4563301847674,11.6850301524956,0.6666666666666666,16.0,5.5,2025.0,6.0,2,0.18093732453920577,harold fannin,475.0,0.17391304347826086,0.007024281060944909
00-0038393,Dontayvion Wicks,WR,GB,CIN,0.0014461272844879672,0.04586689889425308,0.02903068187730944,0.6596729495112753,0.7046167667377389,57.293638151154425,-0.5436887037923063,27.844866123290874,2.6790753526269073,0.03865581202024251,0.15559016150581986,0.03952126961638972,0.43153959567643335,205.08507979220423,3.598466246163977,0.8551403902070899,0.9867503460672847,260.38574808110116,12.786069425260925,0.8333333333333334,29.25,-14.0,2025.0,6.0,3,0.18064260293033266,dontayvion wicks,220.0,0.3125,-0.13185739706966734
00-0036290,Cole Kmet,TE,CHI,WAS,0.0165802338866373,0.5477381112006593,0.5731145015621028,0.9458544577592711,0.838055345002386,40.600843158466546,0.642038561266235,25.816609613765856,1.90100579320414,0.24817381150571913,0.11753579299070539,0.2502316190905312,0.28834535175346193,239.6101130547383,2.9294614113804176,1.123200684457517,0.3856406419372324,249.36085301535792,7.17656603177427,0.2,22.5,4.5,2025.0,6.0,1,0.17882266858547677,cole kmet,300.0,0.25,-0.07117733141452323
00-0040718,Travis Hunter,WR,JAX,SEA,0.002944959311480532,0.12368829108218239,0.78972990516029,0.6050030651617324,1.037854516854733,43.34351447838159,1.2152518497921774,42.96970898993906,2.906350293894919,0.0,0.13662895137597536,0.0,0.34505416478365075,241.14999572370118,3.4667593963779715,1.1097522386755507,0.34573584966363535,270.65009065677344,11.743633249111275,0.6,24.5,-1.5,2025.0,6.0,2,0.17556313511548152,travis hunter,250.0,0.2857142857142857,-0.11015115059880418
00-0033858,Jonnu Smith,TE,PIT,CLE,0.00328986849975451,0.13456570570012574,0.2727447330894136,0.5403817038785059,4.316461876959989,10.219374399726636,1.0570100054212364,24.929112495566894,3.9056092895408523,0.2833627360092,0.1659828353770892,0.28929471623895714,0.28742759611991114,224.77456409164523,3.242450390342259,1.3228897975241016,0.6405033821990156,211.58849872447132,9.36601395400976,0.3333333333333333,21.5,-5.5,2025.0,6.0,1,0.17528051183761473,jonnu smith,340.0,0.22727272727272727,-0.05199221543511254
00-0036550,Rashod Bateman,WR,BAL,LA,0.01009469265401512,0.2763395760573289,0.5138923708146925,0.7249943834453237,0.47349911797673605,53.079223659003944,-0.07267171621639355,24.309440289221186,1.7738580346008663,0.2610084706792813,0.15511763870802145,0.27830287375396046,0.41364253947558194,269.62519015120307,2.51939446601506,0.7884021255760651,0.5863175053253961,264.0990696386573,8.448124893030688,0.5,18.5,7.5,2025.0,6.0,2,0.17250440682412788,rashod bateman,425.0,0.19047619047619047,-0.01797178365206259
00-0034981,Foster Moreau,TE,NO,NE,0.010596929039199832,0.3652159914200317,0.48022984689887976,0.7024710778403916,1.677674522561203,28.337032098327025,0.8076006096616102,34.0742037906548,2.9538205708801155,0.3357924724952432,0.1128096242576547,0.3357924724952432,0.24052577290100846,225.07895872862457,3.425545980545193,1.2226445462290334,0.4398958206488571,231.17923866415717,8.580745738798752,0.0,21.0,3.5,2025.0,6.0,3,0.172471183343149,foster moreau,380.0,0.20833333333333334,-0.03586214999018433
00-0035208,Olamide Zaccheaus,WR,CHI,WAS,0.004633318860201606,0.15788600275171516,0.1844211648400687,0.5579074478787226,1.6568120930148165,35.76105426488694,1.2608568850097028,35.59814031688666,3.7419777022541725,0.0858094280960913,0.16421355389901143,0.12110412900314355,0.3360509838508026,239.6101130547383,2.9294614113804176,1.123200684457517,0.3856406419372324,249.36085301535792,7.17656603177427,0.2,22.5,4.5,2025.0,6.0,3,0.17240118681094407,olamide zaccheaus,390.0,0.20408163265306123,-0.031680445842117155
00-0032385,Sterling Shepard,WR,TB,SF,0.014915422972305888,0.47058509449586283,0.5064063951634782,0.5521907106982683,0.8874079387531357,37.41837808269743,0.3160618349782222,32.00792833238378,3.1491462474535314,0.3011222850272428,0.13657272245353952,0.30112267483168415,0.300576885919166,298.27364827809953,3.362809757530586,0.9087467269393374,0.5528031768813274,246.39445255655266,8.077251382005793,0.5714285714285714,25.25,-3.0,2025.0,6.0,4,0.1709450084559025,sterling shepard,240.0,0.29411764705882354,-0.12317263860292105
00-0040648,Tory Horton,WR,SEA,JAX,0.019020265421086733,0.5373048213191014,0.48429555371245175,0.45038188309112553,0.7152362184362656,39.59359561501569,2.0417979306008003,26.200281273664853,2.1117161299628573,0.6609931124012838,0.11529109137434498,0.6609931124012838,0.2890815084740392,328.4494592424077,3.715920263782671,0.5852019593852152,0.5648746267649548,275.71660736928004,1.5991928591659244,0.8,23.0,1.5,2025.0,6.0,3,0.1709342710696337,tory horton,450.0,0.18181818181818182,-0.010883910748548137
00-0039410,Ryan Flournoy,WR,DAL,CAR,0.0,0.0,0.6415102291266045,0.33024772507928846,1.1503418273307073,34.64238237698742,2.365786108310862,43.74620599886266,2.8895773789039456,0.0,0.13204208540483015,0.0,0.2988523880182897,241.78371742546716,3.3343690131025543,0.9379186461560279,0.6514959014943852,229.6643907277994,9.195473418257997,0.5,26.25,-3.0,2025.0,6.0,5,0.16935156359216177,ryan flournoy,290.0,0.2564102564102564,-0.08705869281809461
00-0038619,Andrei Iosivas,WR,CIN,GB,0.00994272158581851,0.37857312354472716,0.9737346608244293,0.843814947289942,1.0638374126401604,42.13068845478616,0.8210708132920507,42.02112005724923,2.689493488792992,0.07510787397138394,0.10917059718158081,0.07583578633431502,0.26056281869175163,254.27605534774182,2.0481489259418537,1.0817800718387744,0.4598099781044459,232.59886521619262,8.570698314057788,0.6666666666666666,15.25,14.0,2025.0,6.0,3,0.16792587045684534,andrei iosivas,550.0,0.15384615384615385,0.01407971661069149
00-0036894,Pat Freiermuth,TE,PIT,CLE,0.011157622066578152,0.35269689200627186,0.295877116385527,0.6260711680482975,0.9150926343584114,32.15901197124005,-0.7679875483024414,30.796090336906275,3.252476395782522,0.1885708769611682,0.1658981278384912,0.18857087825660254,0.37996536100024053,224.77456409164523,3.242450390342259,1.3228897975241016,0.6405033821990156,211.58849872447132,9.36601395400976,0.3333333333333333,21.5,-5.5,2025.0,6.0,2,0.1672487247041642,pat freiermuth,425.0,0.19047619047619047,-0.02322746577202628
00-0033591,Noah Brown,WR,WAS,CHI,0.007876146051286007,0.2428960240313366,0.08374056027120852,0.5305730589577868,0.5286763892862711,55.78125007597298,-0.37642068708455584,27.503198014298768,2.4014695644969484,0.026501244640510603,0.14455575184073693,0.026529407081552738,0.37831465744674725,181.0868447634795,2.5328875188519238,1.0636395218582104,0.20686220267509992,216.3009424952751,2.2220268308790274,0.6,27.0,-4.5,2025.0,6.0,3,0.16380588892513098,noah brown,350.0,0.2222222222222222,-0.05841633329709123
00-0038606,Parker Washington,WR,JAX,SEA,0.01392261039232199,0.34783505337380255,0.2867373879133477,0.5422581485678403,0.8059943625562738,41.19380695869248,-1.8541959502334044,23.190092013689846,2.2160367369884106,0.39435545210980355,0.12857246699448213,0.39435545210980355,0.3006885906726214,241.14999572370118,3.4667593963779715,1.1097522386755507,0.34573584966363535,270.65009065677344,11.743633249111275,0.6,24.5,-1.5,2025.0,6.0,4,0.15886933254409297,parker washington,425.0,0.19047619047619047,-0.0316068579320975
00-0036626,Dyami Brown,WR,JAX,SEA,0.007339374402112771,0.30508563911337966,0.18092363610725157,0.5814942767240304,0.8206529191796254,42.0716304554992,0.9290092574660956,26.28270036149811,2.7714069482538894,0.14846463485558112,0.13285082980621632,0.14846476855850263,0.31369547416433496,241.14999572370118,3.4667593963779715,1.1097522386755507,0.34573584966363535,270.65009065677344,11.743633249111275,0.6,24.5,-1.5,2025.0,6.0,3,0.1583305861346896,dyami brown,340.0,0.22727272727272727,-0.06894214113803768
00-0037666,Jalen Tolbert,WR,DAL,CAR,0.011487042558870543,0.4554447306042469,0.37318007148471144,0.7362943485103939,0.4587176357941959,45.396286045188376,0.510978798098929,25.53409804406233,2.0028712373655435,0.08642603588686923,0.09828819798719358,0.08642603588686923,0.2575560325376896,241.78371742546716,3.3343690131025543,0.9379186461560279,0.6514959014943852,229.6643907277994,9.195473418257997,0.5,26.25,-3.0,2025.0,6.0,3,0.1569195729042577,jalen tolbert,360.0,0.21739130434782608,-0.06047173144356838
00-0035644,Noah Fant,TE,CIN,GB,0.00807993616516516,0.201290462299452,0.33101857631692905,0.4361491955699988,3.0902637926623195,18.666602434054944,-2.636257654753283,32.614715877884144,4.049589839773402,0.24990335471568453,0.17444493091339247,0.24990335471568453,0.3216884378044876,254.27605534774182,2.0481489259418537,1.0817800718387744,0.4598099781044459,232.59886521619262,8.570698314057788,0.6666666666666666,15.25,14.0,2025.0,6.0,2,0.15674069342145527,noah fant,850.0,0.10526315789473684,0.05147753552671844
00-0033857,JuJu Smith-Schuster,WR,KC,DET,0.011482986140271819,0.42451784177033924,0.16718189053120316,0.697101446341138,1.6420721953200244,20.52860997914486,-2.421474381138204,27.245535528614067,2.7052067349097415,0.22950277016804999,0.10789548219000267,0.22950277022032547,0.21465036349489905,322.7164713278669,3.2200840741160204,1.4695760152611035,0.4033735257493866,240.0909761203602,0.9433119178883833,1.0,27.5,-2.5,2025.0,6.0,3,0.15447704846194435,juju smithschuster,285.0,0.2597402597402597,-0.10526321127831537
00-0032775,Demarcus Robinson,WR,SF,TB,0.014802560122042549,0.685758732018799,0.556057531577138,0.7291897575970705,0.4572239692569817,56.13185051490883,-0.289231685434335,29.37711514931845,1.7326941561387263,0.05473591324390698,0.10189145642288093,0.06482027963327788,0.317397432786954,228.82250108518954,3.289888061778811,1.2036567662093542,1.0313212344359466,241.60597152041822,9.616773325372298,0.4,22.25,3.0,2025.0,6.0,4,0.15402085293013,demarcus robinson,425.0,0.19047619047619047,-0.03645533754606048
00-0033110,Tyler Higbee,TE,LA,BAL,0.0017645679599225658,0.05655668843931938,0.17588364170428292,0.5712829824674877,0.8243327116783049,-3.575179368849515,-0.2873726909069499,20.333834200049537,2.0056400232029357,0.11335485975466358,0.10256073130968212,0.11934470419354849,0.11065856974211868,258.1517548141938,2.7765042688404247,2.218142712004786,0.16550312979595241,250.9969962557053,12.65781230497643,0.6,26.0,-7.5,2025.0,6.0,1,0.15096210806843066,tyler higbee,280.0,0.2631578947368421,-0.11219578666841143
00-0038559,Michael Wilson,WR,ARI,IND,0.0057905687494400155,0.1722701477963994,0.08555841926932363,0.7784390944266797,0.36835614405861367,43.188583751925044,0.3785441307709984,15.6369154918475,2.0367068334418224,0.12488945086132261,0.1198972801794768,0.12489621270000284,0.327071990772038,242.55168920610166,2.5250341556532456,1.251953239466788,0.16159201534192277,251.70919258671782,4.736146203861735,0.75,19.75,7.0,2025.0,6.0,2,0.14932328406120476,michael wilson,400.0,0.2,-0.05067671593879525
00-0040782,Isaiah Bond,WR,CLE,PIT,0.02185498561395572,0.7212145252605388,0.613032346471458,0.5304778046229851,0.4108393195650179,67.5296960080776,-1.3258652149611598,29.100465183368794,2.0421549890014785,0.0,0.15595816191299328,0.0,0.42453702298251367,249.19882327832448,3.0767739800928484,0.8709182458529937,0.7086324970551948,291.4563301847674,11.6850301524956,0.6666666666666666,16.0,5.5,2025.0,6.0,2,0.1490206195468323,isaiah bond,475.0,0.17391304347826086,-0.02489242393142857
00-0036849,Tutu Atwell,WR,LA,BAL,0.006385274309239296,0.30007269971910866,0.899703004754056,0.4510163833996488,0.81592999469605,52.72588839140795,1.7856033092249846,44.80546419890835,1.3322494763550827,0.21003586574997624,0.06811500578390778,0.21003586574997624,0.1981059070738912,258.1517548141938,2.7765042688404247,2.218142712004786,0.16550312979595241,250.9969962557053,12.65781230497643,0.6,26.0,-7.5,2025.0,6.0,4,0.14811173108075987,tutu atwell,400.0,0.2,-0.051888268919240144
00-0038621,DeMario Douglas,WR,NE,NO,0.0210674046125293,0.6894537860951415,0.09081385983871286,0.43872685614924944,0.987569988752575,19.8506370398596,-0.5177503788810004,16.11309232187308,2.255629922176433,0.17945252959544838,0.12374007374865333,0.17945252959544838,0.24627646809988765,255.6614598185657,2.043784385337395,0.8975705341577704,0.9644864500276498,218.31437337674322,4.006126649188038,0.5,24.5,-3.5,2025.0,6.0,4,0.1477475617302534,demario douglas,475.0,0.17391304347826086,-0.026165481748007452
00-0037755,Jelani Woods,TE,NYJ,DEN,0.018010979221041723,0.6379889517705207,0.23710712528852193,0.48445058124953627,1.5691482424242857,31.4949972645108,-1.3763168928221952,25.012837548710664,2.1662395577935882,0.023552378463581068,0.12712633550538577,0.02956761734147258,0.2845500444448433,303.648721424597,2.8675655188466544,0.301653654745063,0.32951378494717426,237.76163752230835,5.5961975547083105,0.6666666666666666,18.0,7.5,2025.0,6.0,4,0.14555741943807649,jelani woods,1900.0,0.05,0.09555741943807648
00-0039355,Luke McCaffrey,WR,WAS,CHI,0.019457197000419892,0.5149910045148536,0.4546693579110636,0.31711229066304997,1.071622572866197,37.03278683695472,1.664374380882363,30.73113878114122,1.3984771284596336,0.35758229186644724,0.08644155359612633,0.35758229186644724,0.23488651215478948,181.0868447634795,2.5328875188519238,1.0636395218582104,0.20686220267509992,216.3009424952751,2.2220268308790274,0.6,27.0,-4.5,2025.0,6.0,4,0.14385242932274622,luke mccaffrey,370.0,0.2127659574468085,-0.06891352812406229
00-0033555,Mack Hollins,WR,NE,NO,0.02468939263323537,0.49109916289618,0.07469838609400123,0.6060769907317975,0.882050364468716,17.394769500242273,1.839681897708765,14.869749427133636,1.9504061953986078,0.48221764888057883,0.08341996519743615,0.48221764888057883,0.18108108835783224,255.6614598185657,2.043784385337395,0.8975705341577704,0.9644864500276498,218.31437337674322,4.006126649188038,0.5,24.5,-3.5,2025.0,6.0,3,0.1409772695953009,mack hollins,550.0,0.15384615384615385,-0.012868884250852947
00-0031236,Brandin Cooks,WR,NO,NE,0.013127273091535068,0.4035419582769816,0.16811252065716095,0.6667360971717041,0.790775094158991,36.28984229187277,-0.056929531575329796,19.221465112792043,2.296825007044523,0.0262989070822374,0.10871946778678482,0.026298929706093897,0.27438973288349816,225.07895872862457,3.425545980545193,1.2226445462290334,0.4398958206488571,231.17923866415717,8.580745738798752,0.0,21.0,3.5,2025.0,6.0,3,0.14072147102115812,brandin cooks,650.0,0.13333333333333333,0.007388137687824786
00-0037005,Tommy Tremble,TE,CAR,DAL,0.007518940604372888,0.2689905925953504,0.01575106733597004,0.6584527976792923,1.3557844989996313,18.21606475604172,0.6952031845388401,19.836617071951334,2.4071660025870596,0.27797391872673377,0.1112271757208341,0.27797391872673377,0.22259303682049342,275.21776503510904,3.128586359697945,1.944782385748136,0.5101003243288174,295.8972534830481,16.720401917006942,0.6,23.25,3.0,2025.0,6.0,2,0.14024796415429405,tommy tremble,390.0,0.20408163265306123,-0.06383366849876718
00-0037838,Isaiah Likely,TE,BAL,LA,0.011840808154353379,0.24517193609536914,0.06096464054982372,0.6010657297608376,1.8818192490581698,23.81589436569482,2.3455948611409734,23.472653979059764,2.0840427135418937,0.3099596048222759,0.10490453687457808,0.31658947760672634,0.22442371801289895,269.62519015120307,2.51939446601506,0.7884021255760651,0.5863175053253961,264.0990696386573,8.448124893030688,0.5,18.5,7.5,2025.0,6.0,2,0.13763490896823413,isaiah likely,550.0,0.15384615384615385,-0.016211244877919723
00-0033282,Curtis Samuel,WR,BUF,ATL,0.0007105701951356486,0.018574802165061497,0.34515238321392483,0.4666976996858019,4.659950766578539,19.357894490846537,0.6579134013131792,22.02646034820636,2.4243613669507935,0.3357005741179383,0.10519451598678806,0.33604254104818565,0.2155378380126927,241.41996783823242,1.8579576280928347,1.0661927380985674,0.18720493689688764,171.55779707974295,4.2626575603059225,0.5,27.0,-4.5,2025.0,6.0,4,0.135517361569228,curtis samuel,600.0,0.14285714285714285,-0.007339781287914848
00-0039356,Ja'Tavion Sanders,TE,CAR,DAL,0.004517313993715199,0.22766513600323784,0.16216689536684628,0.585270841026924,3.9539578211678412,26.061588582053474,1.5530398843736624,25.720472553123923,2.9870354198905518,0.017322611375915852,0.10466689403876897,0.017322611375915852,0.21629949601738724,275.21776503510904,3.128586359697945,1.944782385748136,0.5101003243288174,295.8972534830481,16.720401917006942,0.6,23.25,3.0,2025.0,6.0,1,0.13503322393108264,jatavion sanders,370.0,0.2127659574468085,-0.07773273351572588
00-0036754,Brock Wright,TE,DET,KC,0.015005696702891922,0.3967413904226229,0.0005197961703413623,0.5556246626734408,1.6917564893107848,2.607490740376194,0.8188393833727025,8.835541852710373,1.2566026367549208,0.48439200865094934,0.06507124573328879,0.4844494830265137,0.10559291355925744,215.50486277610597,2.943734953936104,0.7859250601965803,0.03614559719905299,207.32110502554133,2.465027091830288,0.8333333333333334,25.0,2.5,2025.0,6.0,2,0.13142470776999687,brock wright,1200.0,0.07692307692307693,0.054501630846919946
00-0034983,Hunter Renfrow,WR,CAR,DAL,0.005623054710973459,0.30906983527099186,0.03741252901775364,0.4666664312045094,0.7233745884009778,24.40580337094496,-1.2273298156143024,13.555739875389865,2.1267403928276027,0.10343411161838138,0.11639385060458901,0.2063437713612662,0.24676048864603176,275.21776503510904,3.128586359697945,1.944782385748136,0.5101003243288174,295.8972534830481,16.720401917006942,0.6,23.25,3.0,2025.0,6.0,3,0.13138827691133798,hunter renfrow,475.0,0.17391304347826086,-0.04252476656692289
00-0030564,DeAndre Hopkins,WR,BAL,LA,0.006319191878821722,0.2103546855790085,0.6108076119348088,0.31090133577740375,0.9623352860850587,33.41649682436534,2.065768373121866,30.16215615468725,1.6973645841659613,0.20434858240329212,0.08604180520469791,0.20726472364997797,0.23834918527744484,269.62519015120307,2.51939446601506,0.7884021255760651,0.5863175053253961,264.0990696386573,8.448124893030688,0.5,18.5,7.5,2025.0,6.0,3,0.13000151975505433,deandre hopkins,800.0,0.1111111111111111,0.01889040864394323
00-0036427,Tyler Johnson,WR,NYJ,DEN,0.006338490227884284,0.1962841258388194,0.5907054283050488,0.632582692304908,0.8115740276895896,25.54625645342113,0.5587886008135988,21.49453228126616,1.6618218438458079,0.10493537865330754,0.08584509698110473,0.10493537865330754,0.22851243092441031,303.648721424597,2.8675655188466544,0.301653654745063,0.32951378494717426,237.76163752230835,5.5961975547083105,0.6666666666666666,18.0,7.5,2025.0,6.0,5,0.12940188145097642,tyler johnson,1300.0,0.07142857142857142,0.057973310022404995
00-0032392,Austin Hooper,TE,NE,NO,0.0011066238189994418,0.039198453505634084,0.5311395385485421,0.5933651259058615,1.0689201408545106,17.158442871818902,1.2664942160450678,27.79232089567585,2.115335256788838,0.030098423383375032,0.09431918493602155,0.030098469243476915,0.20334496360688017,255.6614598185657,2.043784385337395,0.8975705341577704,0.9644864500276498,218.31437337674322,4.006126649188038,0.5,24.5,-3.5,2025.0,6.0,2,0.12810508937868467,austin hooper,650.0,0.13333333333333333,-0.005228243954648659
00-0039424,Devaughn Vele,WR,NO,NE,0.015219872971390921,0.545313784985507,0.15709296280188076,0.40212528224452443,1.3198437762540336,16.0646036037678,1.8249882234578139,18.01176237473818,1.877295483073923,0.3730349619691153,0.06890251133893739,0.3730349619691153,0.15701728872598136,225.07895872862457,3.425545980545193,1.2226445462290334,0.4398958206488571,231.17923866415717,8.580745738798752,0.0,21.0,3.5,2025.0,6.0,4,0.127696364837964,devaughn vele,1500.0,0.0625,0.06519636483796401
00-0039880,Malik Washington,WR,MIA,LAC,0.0007274848405799646,0.02473448457971884,0.06779267916441307,0.5672057715894894,0.6802849703171608,19.521245918088752,-2.2077845818312882,11.793916304526682,2.8553953440996787,0.002909987376319341,0.13183020413828747,0.002909987376319341,0.2596606204634728,217.41619374212303,2.513686810017259,0.6512503172398726,0.3384615981888598,189.94649521111361,4.517900080819495,0.5,20.0,4.5,2025.0,6.0,2,0.12739229269838825,malik washington,425.0,0.19047619047619047,-0.06308389777780221
00-0034159,Will Dissly,TE,LAC,MIA,0.005044137958554458,0.16429453677421108,0.0819931807369574,0.5043564783388322,2.273447029268424,9.914441492318613,0.9548265464695469,20.98964309528705,2.073107472238999,0.17240445666396884,0.07831930565292945,0.17240445666396884,0.1441771908225869,193.85026840352617,2.5481333819495524,1.1298080880453603,0.6816146161285114,222.48999283769146,10.769471355198798,0.5,24.5,-4.5,2025.0,6.0,1,0.12719334393606285,will dissly,650.0,0.13333333333333333,-0.006139989397270479
00-0038492,Jason Brownlee,WR,KC,DET,0.006102577528234655,0.23800052360115193,0.11662025656456444,0.3981410799103758,0.31604089528996965,9.25850596871313,-0.5055993763883788,5.061319134902098,0.42916254415759714,0.08163417959519512,0.029436609523964635,0.08163417959519512,0.08094150009337606,322.7164713278669,3.2200840741160204,1.4695760152611035,0.4033735257493866,240.0909761203602,0.9433119178883833,1.0,27.5,-2.5,2025.0,6.0,6,0.12695279642824847,jason brownlee,1100.0,0.08333333333333333,0.04361946309491514
00-0036637,Noah Gray,TE,KC,DET,0.0014862567417897787,0.05781393258725766,0.03633934832785671,0.5469000244743424,0.4719344332315596,13.029999664022746,-0.9794833086023254,7.720310370789483,1.5897905406579513,0.03917336957390987,0.08919015288364433,0.05357960728022855,0.1630321549342573,322.7164713278669,3.2200840741160204,1.4695760152611035,0.4033735257493866,240.0909761203602,0.9433119178883833,1.0,27.5,-2.5,2025.0,6.0,2,0.12545458388961184,noah gray,600.0,0.14285714285714285,-0.017402558967531012
00-0038465,Malik Heath,WR,GB,CIN,0.0057230993653993555,0.16098260062794748,0.25009956010700973,0.316175286876883,0.8556818622168963,15.498748302472773,1.0541726183313518,16.025628648096745,1.156378171406617,0.1267044865416123,0.051108636242701434,0.1267044865416123,0.1167306121459001,205.08507979220423,3.598466246163977,0.8551403902070899,0.9867503460672847,260.38574808110116,12.786069425260925,0.8333333333333334,29.25,-14.0,2025.0,6.0,4,0.12515731735539432,malik heath,750.0,0.11764705882352941,0.007510258531864905
00-0036423,Albert Okwuegbunam,TE,LV,TEN,0.011050973412498739,0.403180883002497,0.11623937291785007,0.44086435067566276,0.9423391821885995,18.02706639710481,0.33273881304605407,18.05398582186332,2.1417355274831267,0.10731213006665516,0.09428882882244033,0.10731213006665516,0.19237488109258327,199.11353368982077,2.866821146647717,0.730415864691559,0.12041217042379,223.4760958971841,8.60509704223832,0.0,22.5,-3.5,0.0,0.0,4,0.12435517367794192,albert okwuegbunam,1000.0,0.09090909090909091,0.03344608276885101
00-0033943,Josh Reynolds,WR,NYJ,DEN,0.0049603991597150015,0.15256548779387144,0.05661686134579163,0.6781333687756768,0.48435463053447686,28.044706253259342,0.7648497384356757,15.498740558697804,1.5080831680910531,0.03754783335259356,0.08876220681431865,0.03758806541118589,0.21599729886988936,303.648721424597,2.8675655188466544,0.301653654745063,0.32951378494717426,237.76163752230835,5.5961975547083105,0.6666666666666666,18.0,7.5,2025.0,6.0,2,0.12385646366336496,josh reynolds,600.0,0.14285714285714285,-0.01900067919377789
00-0034829,Mike Gesicki,TE,CIN,GB,0.004402807507028725,0.1303548502055916,0.016665471526219798,0.4741822905284251,0.8116378669789804,28.91314130404106,-2.9267444782449417,18.76959262453294,2.3296120826460465,0.002999044818765423,0.11057159815773475,0.005905730863100072,0.24481339467824398,254.27605534774182,2.0481489259418537,1.0817800718387744,0.4598099781044459,232.59886521619262,8.570698314057788,0.6666666666666666,15.25,14.0,2025.0,6.0,1,0.12294392584943857,mike gesicki,700.0,0.125,-0.0020560741505614294
00-0036980,Elijah Moore,WR,BUF,ATL,0.002218604590325447,0.096566926116829,0.4652186498865711,0.407305901274608,1.4934517132013296,17.73914768374783,-0.6371212436527462,17.54566906581128,1.3248740404656039,0.15311341741083678,0.06845914698935968,0.15311341831764083,0.15664398951125566,241.41996783823242,1.8579576280928347,1.0661927380985674,0.18720493689688764,171.55779707974295,4.2626575603059225,0.5,27.0,-4.5,2025.0,6.0,6,0.12212193009492085,elijah moore,500.0,0.16666666666666666,-0.044544736571745805
00-0034272,Marquez Valdes-Scantling,WR,SF,TB,0.0060607684082017305,0.2429135968922608,0.305432056902605,0.47461355092610746,0.46776642071171826,41.514116642824504,0.06266143971439612,16.848719043541593,1.1971507156622607,0.0541483404076789,0.08176352022253786,0.06625442252565106,0.21865442089062606,228.82250108518954,3.289888061778811,1.2036567662093542,1.0313212344359466,241.60597152041822,9.616773325372298,0.4,22.25,3.0,2025.0,6.0,6,0.12167453260273228,marquez valdesscantling,750.0,0.11764705882352941,0.0040274737792028725
00-0034270,Tyler Conklin,TE,LAC,MIA,0.002230325706424722,0.08157029999699736,0.4965983935525973,0.36524661099702316,1.2893284859856768,11.630819837286879,-0.9526817435752747,22.794826068140328,1.9573426749613632,0.12951008087957475,0.0803637078135953,0.12951010342570388,0.16438602934265695,193.85026840352617,2.5481333819495524,1.1298080880453603,0.6816146161285114,222.48999283769146,10.769471355198798,0.5,24.5,-4.5,2025.0,6.0,3,0.12156805961119503,tyler conklin,650.0,0.13333333333333333,-0.0117652737221383
00-0036422,Adam Trautman,TE,DEN,NYJ,0.004277894558936357,0.13129739887325567,0.21949536837622516,0.47821737289175686,2.221395428059066,5.9561877998935975,0.6194360989403115,12.89641631660706,1.2736955984047573,0.1306974880849843,0.04542311899642919,0.1306974880849843,0.08592413556239065,192.41337065899612,3.489581384991804,0.7584430716851,1.1888237784855158,217.02190724512985,10.718827320534741,0.6666666666666666,25.5,-7.5,2025.0,6.0,2,0.12025370736239263,adam trautman,900.0,0.1,0.020253707362392626
00-0037805,Jeremy Ruckert,TE,NYJ,DEN,0.00670523236473089,0.1477012206300348,1.9714153053064456e-05,0.3811223767743369,2.770887218200776,9.230533551988712,1.3170314156904335,17.011561953429894,1.9875321006568043,0.14700331335770364,0.0633003106613743,0.14700331335770364,0.12103337701917494,303.648721424597,2.8675655188466544,0.301653654745063,0.32951378494717426,237.76163752230835,5.5961975547083105,0.6666666666666666,18.0,7.5,2025.0,6.0,2,0.12016475604452184,jeremy ruckert,1200.0,0.07692307692307693,0.043241679121444915
00-0035500,Greg Dortch,WR,ARI,IND,5.52985040748406e-05,0.0014472980895086738,0.06786904804653124,0.2789765135302482,0.7954590345344938,-2.6063327173699897,0.5070058664829764,17.106515580290196,2.345025408422254,0.05192247494254719,0.07497536636364321,0.10234347497914,0.1045585378323887,242.55168920610166,2.5250341556532456,1.251953239466788,0.16159201534192277,251.70919258671782,4.736146203861735,0.75,19.75,7.0,2025.0,6.0,4,0.11955998161590331,greg dortch,550.0,0.15384615384615385,-0.034286172230250545
00-0040194,Jackson Hawes,TE,BUF,ATL,0.009869719699960516,0.2763521515988946,0.13541255428345833,0.4447177260165811,2.4013331713687025,5.699960521121199,1.0655280776714888,12.197789182787208,1.0,0.2763521515988946,0.03892723790078702,0.2763521515988946,0.0751121130434765,241.41996783823242,1.8579576280928347,1.0661927380985674,0.18720493689688764,171.55779707974295,4.2626575603059225,0.5,27.0,-4.5,2025.0,6.0,3,0.11943730771794069,jackson hawes,500.0,0.16666666666666666,-0.04722935894872597
00-0040187,Mitchell Evans,TE,CAR,DAL,0.007676448655524829,0.2763521515988946,0.0,0.3705527043031978,2.8710619818397154,3.9261744966442946,1.9486064674253507,10.894986182392419,1.552704303197789,0.6711409395973155,0.05978105085547224,0.6711409395973155,0.10421595688386738,275.21776503510904,3.128586359697945,1.944782385748136,0.5101003243288174,295.8972534830481,16.720401917006942,0.6,23.25,3.0,2025.0,6.0,3,0.11924333044249184,mitchell evans,850.0,0.10526315789473684,0.013980172547755007
00-0040218,Jimmy Horn Jr.,WR,CAR,DAL,0.0,0.0,0.0,0.27,0.84,25.0,3.172871989900626,21.0,2.0,0.0,0.1111111111111111,0.0,0.2383879781420765,275.21776503510904,3.128586359697945,1.944782385748136,0.5101003243288174,295.8972534830481,16.720401917006942,0.6,23.25,3.0,2025.0,6.0,4,0.11919989349919606,jimmy horn,600.0,0.14285714285714285,-0.02365724935794679
00-0032211,Tyler Lockett,WR,TEN,LV,0.0007396275593910129,0.023990582205122832,0.026349255616248204,0.5046737186590879,0.47170841840552763,30.578150782762503,-2.1479781132213875,11.930941948236999,1.4430769549036273,0.0040321404222389496,0.11849002177301587,0.004032703595463098,0.2678973233083521,232.80682662301757,2.3701388857125214,1.0831264674593981,0.40526997164011985,231.1276610084938,8.903986352462406,0.6666666666666666,19.0,3.5,2025.0,6.0,4,0.1187967792518265,tyler lockett,1000.0,0.09090909090909091,0.027887688342735584
00-0034407,Ray-Ray McCloud,WR,ATL,BUF,0.007184813239486652,0.15149451819409837,0.23223859770091693,0.5547921482057483,0.7434455609856525,21.013260118795248,-2.5629188365135858,17.536302217851485,1.7967149405597682,0.0041535881308089,0.11130329781216025,0.0041535881308089,0.22277949533820204,189.18334206901127,2.06551338403825,0.852084374131295,0.17512375432793473,196.64116876685523,4.938335425148214,0.6666666666666666,22.5,4.5,2025.0,6.0,3,0.1176879108254979,rayray mccloud,475.0,0.17391304347826086,-0.056225132652762966
00-0036741,Jack Stoll,TE,NO,NE,0.005122116146824823,0.2100067620198179,0.0011645891749868912,0.3738753518282187,2.5073708238005405,6.847726789835565,0.5391243847492633,7.618403897954006,0.8851332331187242,0.2100067620198179,0.03653242294462546,0.2100067620198179,0.07067029489418775,225.07895872862457,3.425545980545193,1.2226445462290334,0.4398958206488571,231.17923866415717,8.580745738798752,0.0,21.0,3.5,2025.0,6.0,4,0.11732366748119955,jack stoll,700.0,0.125,-0.007676332518800455
00-0032398,Chris Moore,WR,WAS,CHI,0.011554261407405876,0.30057122887484233,0.21617336773311652,0.5951739117197171,0.5082392543093515,29.676658975623553,0.12661263566207412,13.75251822429503,0.854536715282621,2.5176415975440858e-05,0.08660215499397994,2.5176415975440858e-05,0.2210381331856998,181.0868447634795,2.5328875188519238,1.0636395218582104,0.20686220267509992,216.3009424952751,2.2220268308790274,0.6,27.0,-4.5,2025.0,6.0,6,0.1169044269782881,chris moore,425.0,0.19047619047619047,-0.07357176349790237
00-0040669,Isaac TeSlaa,WR,DET,KC,0.019921649609766435,0.5302013422818792,0.1934465061192262,0.25377812870114486,0.7379772192247518,20.287801026450847,1.403240554944351,12.107777339123569,0.7236478484011054,0.5302013422818792,0.048894879788864073,0.5302013422818792,0.1539519344379254,215.50486277610597,2.943734953936104,0.7859250601965803,0.03614559719905299,207.32110502554133,2.465027091830288,0.8333333333333334,25.0,2.5,2025.0,6.0,4,0.11668919716146359,isaac teslaa,500.0,0.16666666666666666,-0.04997746950520307
00-0036182,Nick Westbrook-Ikhine,WR,MIA,LAC,0.004141261677888264,0.13710260814471473,0.02974365500964376,0.5064692665346354,0.35173480387231204,16.699966286543855,-0.05710683524028884,12.546117948775448,1.3762408880752257,0.069234735617903,0.07665998729772869,0.08134109058112862,0.15611385163673322,217.41619374212303,2.513686810017259,0.6512503172398726,0.3384615981888598,189.94649521111361,4.517900080819495,0.5,20.0,4.5,2025.0,6.0,3,0.1163565720618714,nick westbrookikhine,700.0,0.125,-0.008643427938128598
00-0039890,Adonai Mitchell,WR,IND,ARI,0.002761339189155686,0.09439786588311869,0.24387966992678298,0.36100732758508136,0.421100488150587,44.759282312615554,-1.5670748747798602,26.15007741670749,1.1278995922142958,0.0,0.07852592399810035,0.0,0.22517196799260414,303.78469041472533,3.238645302718608,0.3468965625030004,0.21949448724115686,261.06632162294767,8.459109437620938,1.0,26.75,-7.0,2025.0,6.0,5,0.11625503895387664,adonai mitchell,425.0,0.19047619047619047,-0.07422115152231383
00-0037306,John FitzPatrick,TE,GB,CIN,0.013076942440857078,0.32692356102142694,0.0,0.2296592246876981,1.5279099547897408,2.336261151771321,0.9705185588178065,5.409669548933755,1.0046687953749471,0.32692356102142694,0.040841056979677014,0.32692356102142694,0.08708293561620047,205.08507979220423,3.598466246163977,0.8551403902070899,0.9867503460672847,260.38574808110116,12.786069425260925,0.8333333333333334,29.25,-14.0,2025.0,6.0,3,0.11609988090433004,john fitzpatrick,800.0,0.1111111111111111,0.004988769793218939
00-0037475,Stone Smartt,TE,NYJ,DEN,6.450006751241708e-05,0.002421720326233088,0.39576614684662725,0.39266923280302934,1.3389804471854396,24.99324883265689,1.3025790366062822,29.785719779847195,2.4683901336666447,0.001424541368372404,0.08518287123447443,0.001424541368372404,0.18834644057708375,303.648721424597,2.8675655188466544,0.301653654745063,0.32951378494717426,237.76163752230835,5.5961975547083105,0.6666666666666666,18.0,7.5,2025.0,6.0,3,0.11564356771202405,stone smartt,2200.0,0.043478260869565216,0.07216530684245884
00-0040735,Luther Burden III,WR,CHI,WAS,0.0,0.0,0.5527043031977892,0.26206474536123175,0.5973236610080275,15.406632451638373,0.1535747603714971,26.893407027240425,1.94749309119621,0.2763521515988946,0.06724862240293833,0.2763521515988946,0.14314039785847552,239.6101130547383,2.9294614113804176,1.123200684457517,0.3856406419372324,249.36085301535792,7.17656603177427,0.2,22.5,4.5,2025.0,6.0,4,0.11557799738620253,luther burden,550.0,0.15384615384615385,-0.038268156459951325
00-0038809,Ben Sims,TE,GB,CIN,0.009012774688543832,0.25242508384118856,0.10589116327119301,0.34179757224885926,1.2023570050922054,7.684195925749077,0.14986030950180354,5.61000525431026,0.8124756101277256,0.0363206690020192,0.04216041079337784,0.0363206690020192,0.08589915476145121,205.08507979220423,3.598466246163977,0.8551403902070899,0.9867503460672847,260.38574808110116,12.786069425260925,0.8333333333333334,29.25,-14.0,2025.0,6.0,4,0.11550050672673366,ben sims,750.0,0.11764705882352941,-0.002146552096795748
00-0039074,Davis Allen,TE,LA,BAL,0.003037532013443526,0.0963519948289957,0.30134048277491415,0.4215635564910392,0.6438307050678919,9.706208763427242,0.4836283914306291,10.238587128107392,1.2546579248223513,0.17612775409790773,0.03813146164112947,0.17612775409790773,0.07773694824379446,258.1517548141938,2.7765042688404247,2.218142712004786,0.16550312979595241,250.9969962557053,12.65781230497643,0.6,26.0,-7.5,2025.0,6.0,2,0.11451023589031585,davis allen,900.0,0.1,0.014510235890315845
00-0033217,Mo Alie-Cox,TE,IND,ARI,0.004242471541066469,0.1680556468769182,0.22664111253735697,0.41240556401586836,2.355299115047361,8.972663643602997,0.22347286141548173,10.029992287676428,0.8324926313625041,0.009715099962126635,0.04898232517420495,0.009715490673365034,0.09509466210206259,303.78469041472533,3.238645302718608,0.3468965625030004,0.21949448724115686,261.06632162294767,8.459109437620938,1.0,26.75,-7.0,2025.0,6.0,2,0.1144682127843764,mo aliecox,1200.0,0.07692307692307693,0.03754513586129947
00-0040189,Oronde Gadsden II,TE,LAC,MIA,0.004760516856115796,0.2237442922374429,0.0,0.4581735159817352,1.5120674462096035,21.78995433789954,0.7262463062667052,21.799086757990867,2.2146118721461185,0.0,0.07430839274746986,0.0,0.16378035258531015,193.85026840352617,2.5481333819495524,1.1298080880453603,0.6816146161285114,222.48999283769146,10.769471355198798,0.5,24.5,-4.5,2025.0,6.0,2,0.11439055412595073,oronde gadsden,390.0,0.20408163265306123,-0.0896910785271105
00-0040581,Dont'e Thornton Jr.,WR,LV,TEN,0.0,0.0,0.38696765352854207,0.577328621398435,0.15920505603133786,48.824420323825315,-3.0723715746162874,11.494176192708522,0.6502470159749016,0.0,0.09345431293331088,0.0,0.2854817844020201,199.11353368982077,2.866821146647717,0.730415864691559,0.12041217042379,223.4760958971841,8.60509704223832,0.0,22.5,-3.5,2025.0,6.0,4,0.11426353348542677,donte thornton,550.0,0.15384615384615385,-0.039582620360727086
00-0039394,Casey Washington,WR,ATL,BUF,0.0,0.0,0.0,0.4871693643900513,0.8240557968153706,63.75799447295696,1.2882851361180059,18.516383734701936,1.3592577970785629,0.0,0.09546346027893048,0.0,0.3057662824267968,189.18334206901127,2.06551338403825,0.852084374131295,0.17512375432793473,196.64116876685523,4.938335425148214,0.6666666666666666,22.5,4.5,2025.0,6.0,4,0.11398479855779788,casey washington,500.0,0.16666666666666666,-0.05268186810886878
00-0038783,Nate Adkins,TE,DEN,NYJ,0.00021737364228112245,0.008477572048963789,0.0,0.41225194144899246,1.195386703649772,1.3028123990599823,0.07055297851198111,8.356877890115333,1.2315787212911724,0.07621946091525979,0.049501571544994134,0.07621946091525979,0.08047925218514149,192.41337065899612,3.489581384991804,0.7584430716851,1.1888237784855158,217.02190724512985,10.718827320534741,0.6666666666666666,25.5,-7.5,2025.0,6.0,3,0.11352597128947448,nate adkins,1400.0,0.06666666666666667,0.04685930462280781
00-0037004,Hunter Long,TE,JAX,SEA,0.010101608689602713,0.31314986937768446,0.0,0.35801109063076664,1.087561678710974,6.4431389478507555,0.7842233939591859,9.019574057755861,1.4339391887750266,0.31314986937768446,0.0535243998119979,0.31314986937768446,0.10092358304882368,241.14999572370118,3.4667593963779715,1.1097522386755507,0.34573584966363535,270.65009065677344,11.743633249111275,0.6,24.5,-1.5,2025.0,6.0,2,0.11338427588502469,hunter long,390.0,0.20408163265306123,-0.09069735676803654
00-0035689,Dawson Knox,TE,BUF,ATL,0.00017457777716170864,0.005111681802655716,0.08220354722697219,0.5379568251131928,1.7499086216308148,14.499550227156172,0.16401512763621978,14.482167660481814,1.4937568759723492,0.002587317290586747,0.08508463190188059,0.002587326293728443,0.17495391623443649,241.41996783823242,1.8579576280928347,1.0661927380985674,0.18720493689688764,171.55779707974295,4.2626575603059225,0.5,27.0,-4.5,2025.0,6.0,2,0.11299975226507152,dawson knox,310.0,0.24390243902439024,-0.1309026867593187
00-0040237,Tez Johnson,WR,TB,SF,0.0,0.0,0.3947887879984209,0.30561389656533755,0.8318763747109582,19.662455586261352,1.7021240403040994,25.503355704697984,1.8555073035925782,0.0,0.0676188720908761,0.0,0.15688637451107887,298.27364827809953,3.362809757530586,0.9087467269393374,0.5528031768813274,246.39445255655266,8.077251382005793,0.5714285714285714,25.25,-3.0,2025.0,6.0,5,0.11296732759945699,tez johnson,350.0,0.2222222222222222,-0.10925489462276522
00-0035021,Ashton Dulin,WR,IND,ARI,7.882760238206005e-05,0.0017025422810162708,0.6007587486815142,0.32986292346609053,0.6272029496919437,33.051665089133806,1.250053844575116,18.878973232627718,0.8130793894372157,0.0009453148894202114,0.05688152071141132,0.0009453148894202114,0.17092053416258018,303.78469041472533,3.238645302718608,0.3468965625030004,0.21949448724115686,261.06632162294767,8.459109437620938,1.0,26.75,-7.0,2025.0,6.0,4,0.1123487143687779,ashton dulin,650.0,0.13333333333333333,-0.020984618964555432
00-0036887,Luke Farrell,TE,SF,TB,6.299397629658733e-06,0.000239377109927032,0.0007302211251933239,0.47140727328047044,1.311458056228975,7.14245585133558,-0.39300660671336596,10.493537859487786,1.383338105376911,0.14700019100442102,0.05066689779980425,0.14700019100442102,0.09310884773684347,228.82250108518954,3.289888061778811,1.2036567662093542,1.0313212344359466,241.60597152041822,9.616773325372298,0.4,22.25,3.0,2025.0,6.0,2,0.1119823986968273,luke farrell,1000.0,0.09090909090909091,0.02107330778773639
00-0037277,Teagan Quitoriano,TE,ATL,BUF,0.0032867669710523024,0.10066532847259632,0.5205029191697708,0.4290343471130307,2.425772626188572,15.70154337978902,0.8794552429106066,18.193322288559816,0.8928607689017863,0.06434465947057712,0.0435957094687797,0.06434465947057712,0.10076126157070682,189.18334206901127,2.06551338403825,0.852084374131295,0.17512375432793473,196.64116876685523,4.938335425148214,0.6666666666666666,22.5,4.5,2025.0,6.0,3,0.11193240126607025,teagan quitoriano,2800.0,0.034482758620689655,0.0774496426453806
00-0040584,Gunnar Helm,TE,TEN,LV,0.0,0.0,0.0,0.483332732321229,1.4232534685184042,17.586888319930765,1.1614194132278086,22.55908549998197,2.5589051963506546,0.0,0.09020310992014072,0.0,0.17406575687211545,232.80682662301757,2.3701388857125214,1.0831264674593981,0.40526997164011985,231.1276610084938,8.903986352462406,0.6666666666666666,19.0,3.5,2025.0,6.0,2,0.11188018283740775,gunnar helm,500.0,0.16666666666666666,-0.05478648382925891
00-0038824,Ryan Miller,WR,TB,SF,0.011563995148137064,0.420145844398628,0.3233069647826401,0.2859967931636227,0.6171644379353249,20.599426084256976,0.3859226537145955,9.218517849077626,0.7055076619100024,0.2982644459583567,0.04471920169819967,0.2982644459583567,0.12218217677207778,298.27364827809953,3.362809757530586,0.9087467269393374,0.5528031768813274,246.39445255655266,8.077251382005793,0.5714285714285714,25.25,-3.0,2025.0,6.0,6,0.11164400971079876,ryan miller,650.0,0.13333333333333333,-0.021689323622534576
00-0035631,Drew Sample,TE,CIN,GB,0.0001521022874610836,0.0059319902412261925,5.7476220119827534e-05,0.5612834402700357,0.8494079450680955,1.0284667104981804,0.2082508331549304,7.316315910089048,1.3752453011799297,0.21615711226983703,0.055577616442747585,0.21615711226983703,0.09191351805396816,254.27605534774182,2.0481489259418537,1.0817800718387744,0.4598099781044459,232.59886521619262,8.570698314057788,0.6666666666666666,15.25,14.0,2025.0,6.0,3,0.11149792094919,drew sample,1600.0,0.058823529411764705,0.0526743915374253
00-0036630,Tylan Wallace,WR,BAL,LA,0.01256898884794417,0.35700066266876856,0.016948546400088287,0.44514303306721276,0.6187846251041595,12.42031398436446,0.43007274602924406,10.01180670308885,0.7893398956608919,0.15547454606365468,0.04863459276775459,0.15547454606365468,0.11627214376536159,269.62519015120307,2.51939446601506,0.7884021255760651,0.5863175053253961,264.0990696386573,8.448124893030688,0.5,18.5,7.5,2025.0,6.0,4,0.1110636328664101,tylan wallace,1400.0,0.06666666666666667,0.04439696619974344
00-0037741,Jahan Dotson,WR,PHI,NYG,0.0012124001598881775,0.03819131568533404,0.38235285194629026,0.6224400513958048,0.3498307378981125,43.08353498351753,0.0335225400643479,18.370579656459118,1.201175287838967,7.799638255876563e-05,0.07570088462090263,7.801211257429327e-05,0.21343650112185722,265.7917814138431,1.9957900279771055,1.0681695221769818,0.15609665556208752,246.57842420383076,5.0219970360877415,0.3333333333333333,23.75,-7.0,2025.0,6.0,3,0.11045440797265516,jahan dotson,900.0,0.1,0.01045440797265515
00-0039066,Michael Mayer,TE,LV,TEN,1.8094673464966753e-05,0.0004885561835541028,0.024907327592814006,0.4328740590354433,1.0469615825514658,9.928041681770535,0.5315148036885612,13.262554587986015,1.7837278899528783,0.002523359113808593,0.06856678172112278,0.002523359113808593,0.12507297514637222,199.11353368982077,2.866821146647717,0.730415864691559,0.12041217042379,223.4760958971841,8.60509704223832,0.0,22.5,-3.5,2025.0,6.0,2,0.11038774600192944,michael mayer,185.0,0.3508771929824561,-0.24048944698052668
00-0033757,Robert Tonyan,TE,KC,DET,0.013227033621242584,0.2127775545832694,0.15403113569788474,0.32148248131310186,0.5355726274480279,14.010400711436146,0.24646207673601578,8.62840858783847,0.6850500386171162,0.002069291747060997,0.04653135420476799,0.0020693025378513193,0.10891443165585586,322.7164713278669,3.2200840741160204,1.4695760152611035,0.4033735257493866,240.0909761203602,0.9433119178883833,1.0,27.5,-2.5,2025.0,6.0,3,0.11034983746793903,robert tonyan,2200.0,0.043478260869565216,0.06687157659837381
00-0040739,Elijah Arroyo,TE,SEA,JAX,0.00970865707081493,0.2524250838411886,0.37611337492337094,0.4567923983989038,1.5975956446826667,16.969636868486532,0.9098537303706522,19.15318596516534,1.1994158162345392,0.0,0.07781618684367145,0.0,0.1683598614902367,328.4494592424077,3.715920263782671,0.5852019593852152,0.5648746267649548,275.71660736928004,1.5991928591659244,0.8,23.0,1.5,2025.0,6.0,2,0.11024172682598847,elijah arroyo,550.0,0.15384615384615385,-0.043604427020165384
00-0033891,Zay Jones,WR,ARI,IND,0.00040117040298980375,0.01816610004530425,0.12018109469223193,0.4806203956390852,0.7419627874927605,31.939081434086066,0.1545324440116247,16.79529605285117,1.951995035244953,0.002411762877047386,0.0843361837408357,0.002746890395667609,0.2299126544238411,242.55168920610166,2.5250341556532456,1.251953239466788,0.16159201534192277,251.70919258671782,4.736146203861735,0.75,19.75,7.0,2025.0,6.0,3,0.1097472688979534,zay jones,550.0,0.15384615384615385,-0.044098884948200454
00-0040164,Jaylin Lane,WR,WAS,CHI,0.01776324664067622,0.4291226425300205,0.0,0.36637337275972737,0.3129818614546897,31.315134686812595,-1.16278109607307,11.15974901734521,1.2524250838411886,0.0,0.10088333881693051,0.0,0.2386607192242716,181.0868447634795,2.5328875188519238,1.0636395218582104,0.20686220267509992,216.3009424952751,2.2220268308790274,0.6,27.0,-4.5,2025.0,6.0,5,0.10939513823362045,jaylin lane,500.0,0.16666666666666666,-0.05727152843304621
00-0038115,Daniel Bellinger,TE,NYG,PHI,2.062457967989696e-08,5.568636513572179e-07,0.000750323821980044,0.40714924510358014,1.6074824866805366,13.235778273542431,2.352955214852624,22.088870524556523,1.8804387834748464,1.0803711699981394e-06,0.057197878423565475,1.0803711699981394e-06,0.12370395919870758,281.740953200488,2.0287436089942354,0.6850769621567551,0.3505240642583315,223.7228313778224,1.6722472708415654,0.75,16.75,7.0,2025.0,6.0,2,0.10888176207147195,daniel bellinger,900.0,0.1,0.00888176207147194
00-0038720,Julian Hill,TE,MIA,LAC,0.00838555070389286,0.30202758240504235,0.0,0.5734958931207601,2.9462573587396026,10.24321528256163,0.024840834461217463,12.049674607123235,1.6483465680687435,0.0,0.07061263330131837,0.0,0.13273517245953467,217.41619374212303,2.513686810017259,0.6512503172398726,0.3384615981888598,189.94649521111361,4.517900080819495,0.5,20.0,4.5,2025.0,6.0,2,0.10867727902435265,julian hill,900.0,0.1,0.008677279024352641
00-0039144,Luke Musgrave,TE,GB,CIN,0.00010386766886435611,0.0041547067545742436,0.22448287372458928,0.3040640034107959,1.7263707185540063,10.91867237827339,0.5006482186867302,12.808486942673225,1.2605252556889226,0.002908294728201972,0.04733162897987605,0.002908294728201972,0.09608691211677653,205.08507979220423,3.598466246163977,0.8551403902070899,0.9867503460672847,260.38574808110116,12.786069425260925,0.8333333333333334,29.25,-14.0,2025.0,6.0,2,0.10831931006294927,luke musgrave,750.0,0.11764705882352941,-0.009327748760580137
00-0037086,Grant Calcaterra,TE,PHI,NYG,0.0011791928297348318,0.024789536527325202,0.09538579437720503,0.41067173253640044,1.6715778600158293,8.415289292200793,0.38826364973823635,13.624696398245188,1.2747685099934198,0.02470742650835464,0.06523213705447083,0.02470742650835464,0.12532204236860248,265.7917814138431,1.9957900279771055,1.0681695221769818,0.15609665556208752,246.57842420383076,5.0219970360877415,0.3333333333333333,23.75,-7.0,2025.0,6.0,2,0.10784840104153132,grant calcaterra,1600.0,0.058823529411764705,0.04902487162976661
00-0038840,Brycen Tremayne,WR,CAR,DAL,0.0,0.0,0.34098127414534835,0.3655458953275758,0.996206396574443,17.797948162346323,1.2484741961036132,18.88921900903584,1.7087147032890802,0.0,0.06606675037221175,0.0,0.15114445656138426,275.21776503510904,3.128586359697945,1.944782385748136,0.5101003243288174,295.8972534830481,16.720401917006942,0.6,23.25,3.0,2025.0,6.0,5,0.10754982828679426,brycen tremayne,1000.0,0.09090909090909091,0.016640737377703343
00-0040729,Jack Bech,WR,LV,TEN,0.0,0.0,0.13541255428345833,0.29142518752467433,0.6598161227605752,22.249901302803003,-0.5349091806901659,15.708251085669168,1.5132254243979473,0.0,0.06609987225857736,0.0,0.16034205758372655,199.11353368982077,2.866821146647717,0.730415864691559,0.12041217042379,223.4760958971841,8.60509704223832,0.0,22.5,-3.5,2025.0,6.0,3,0.10752062009825808,jack bech,550.0,0.15384615384615385,-0.046325533747895775
00-0038558,Darnell Washington,TE,PIT,CLE,0.0011260500347327592,0.03821182841098182,0.05675702284648058,0.5916945623216238,1.101666914938157,8.770089510990655,0.5045390340413412,11.471809855976614,1.463666668460066,0.0029074660492470154,0.07547187146785006,0.0029074660492470154,0.16138091107855365,224.77456409164523,3.242450390342259,1.3228897975241016,0.6405033821990156,211.58849872447132,9.36601395400976,0.3333333333333333,21.5,-5.5,2025.0,6.0,3,0.10747737660961516,darnell washington,600.0,0.14285714285714285,-0.035379766247527686
00-0038839,Mitchell Tinsley,WR,CIN,GB,0.004972095383054282,0.2237442922374429,0.0,0.13817351598173516,0.3759512937595129,15.237442922374429,0.3140495638142458,7.018264840182648,0.680365296803653,0.2237442922374429,0.0590079984791676,0.2237442922374429,0.13731844114848252,254.27605534774182,2.0481489259418537,1.0817800718387744,0.4598099781044459,232.59886521619262,8.570698314057788,0.6666666666666666,15.25,14.0,2025.0,6.0,4,0.10705069301810914,mitchell tinsley,1200.0,0.07692307692307693,0.030127616095032214
00-0039623,Mason Tipton,WR,NO,NE,0.0,0.0,0.0,0.6065237725329522,0.3816276525674686,33.88830995689471,-1.3896023954370569,8.812720883118036,1.183615851927659,0.0,0.08306656274883988,0.0,0.21567994994419665,225.07895872862457,3.425545980545193,1.2226445462290334,0.4398958206488571,231.17923866415717,8.580745738798752,0.0,21.0,3.5,2025.0,6.0,5,0.1068710000933403,mason tipton,3000.0,0.03225806451612903,0.07461293557721127
00-0034613,Tanner Hudson,TE,CIN,GB,0.0009005541305293226,0.050428557440578774,0.003372907101427815,0.1356660107135178,2.85297113705182,6.929162021089398,1.2627141841519511,15.6885212098639,1.7285599604667128,0.05332851170484073,0.04727061137314528,0.05332851170484073,0.08875047211511058,254.27605534774182,2.0481489259418537,1.0817800718387744,0.4598099781044459,232.59886521619262,8.570698314057788,0.6666666666666666,15.25,14.0,2025.0,6.0,4,0.10632959980465681,tanner hudson,1800.0,0.05263157894736842,0.05369802085728839
00-0038752,Jake Bobo,WR,SEA,JAX,0.0054488984698836005,0.1471170358686128,0.0001970640455293605,0.19869664431283776,0.7485041846540512,5.741931949073893,0.6571564347460813,6.287903130612422,0.6329838651823063,0.14723433589571358,0.023560500531612225,0.14723433589571358,0.05231970792395161,328.4494592424077,3.715920263782671,0.5852019593852152,0.5648746267649548,275.71660736928004,1.5991928591659244,0.8,23.0,1.5,2025.0,6.0,4,0.10624168297219341,jake bobo,2000.0,0.047619047619047616,0.0586226353531458
00-0034854,KhaDarel Hodge,WR,ATL,BUF,0.011356525317158136,0.44750952180490533,0.26073981893991965,0.3737614450508773,0.8476882119759542,25.221087498191746,0.4144200306002548,10.181331575633747,0.61040780035553,0.024713051838690027,0.046269869528343284,0.024713051838690027,0.11705655194994566,189.18334206901127,2.06551338403825,0.852084374131295,0.17512375432793473,196.64116876685523,4.938335425148214,0.6666666666666666,22.5,4.5,2025.0,6.0,6,0.10614919870786828,khadarel hodge,1700.0,0.05555555555555555,0.050593643152312726
00-0036415,Van Jefferson,WR,TEN,LV,0.0013168464623181369,0.03526325090180691,0.08399411849941141,0.4425126464296315,2.4170695845261205,10.563767941252921,0.1780853255782649,10.045900697513451,1.3517758782554272,0.027614389750856456,0.06030606063145665,0.027614389750856456,0.12504655974777495,232.80682662301757,2.3701388857125214,1.0831264674593981,0.40526997164011985,231.1276610084938,8.903986352462406,0.6666666666666666,19.0,3.5,2025.0,6.0,5,0.10605236134585551,van jefferson,1900.0,0.05,0.056052361345855506
00-0039050,Payne Durham,TE,TB,SF,0.003832835190943482,0.12265072611019143,0.07198501053029324,0.3452390486539499,0.20697477451546983,5.82971120477581,0.39818202092028837,4.666615329621797,0.45717263581732304,0.12265072611019143,0.020387965024921288,0.12265072611019143,0.04468574406610493,298.27364827809953,3.362809757530586,0.9087467269393374,0.5528031768813274,246.39445255655266,8.077251382005793,0.5714285714285714,25.25,-3.0,2025.0,6.0,2,0.10563583774399754,payne durham,850.0,0.10526315789473684,0.0003726798492607042
00-0033375,Tim Patrick,WR,JAX,SEA,0.0040922382875082175,0.17497132713289085,0.02696213739846764,0.30201794590969866,0.9947304928273927,11.716943896521418,-0.012963943104032883,6.224325015358992,0.8037884777368722,0.04221078886688322,0.041982569683439164,0.059505465041025954,0.09845004403821446,241.14999572370118,3.4667593963779715,1.1097522386755507,0.34573584966363535,270.65009065677344,11.743633249111275,0.6,24.5,-1.5,2025.0,6.0,5,0.105560042070898,tim patrick,1200.0,0.07692307692307693,0.028636965147821075
00-0032464,Kalif Raymond,WR,DET,KC,1.8850130014807075e-09,6.845850648779555e-08,0.0357980316395787,0.3325050932991444,0.5472583822281252,9.763118380434408,-0.033642759373778364,8.137527886498559,0.9885096462294918,0.014409556106511998,0.05391947285383319,0.014409556158787449,0.10992289137808202,215.50486277610597,2.943734953936104,0.7859250601965803,0.03614559719905299,207.32110502554133,2.465027091830288,0.8333333333333334,25.0,2.5,2025.0,6.0,3,0.10552884067745404,kalif raymond,700.0,0.125,-0.019471159322545964
00-0039751,Jordan Whittington,WR,LA,BAL,4.916875222056808e-05,0.0014258938143964772,0.5070525446414932,0.5086930405299497,1.5051238823008741,13.262087484208074,0.6874408014164808,21.60606220398043,1.525271382945258,0.0,0.051998789559574946,0.0,0.10478434330032953,258.1517548141938,2.7765042688404247,2.218142712004786,0.16550312979595241,250.9969962557053,12.65781230497643,0.6,26.0,-7.5,2025.0,6.0,3,0.1050753048046709,jordan whittington,400.0,0.2,-0.09492469519532912
00-0036244,Colby Parkinson,TE,LA,BAL,0.008153340213425201,0.3496144191577059,0.0037396263546172056,0.38055934756765775,0.6310596765661652,6.712388627076239,-0.9562047401954097,5.213384619309504,0.9922580550398029,0.00872507969501286,0.046578663944310206,0.00872507969501286,0.0848810263377487,258.1517548141938,2.7765042688404247,2.218142712004786,0.16550312979595241,250.9969962557053,12.65781230497643,0.6,26.0,-7.5,2025.0,6.0,3,0.1037752724961925,colby parkinson,650.0,0.13333333333333333,-0.029558060837140826
00-0040126,Colston Loveland,TE,CHI,WAS,0.0,0.0,0.4566210045662101,0.3426027397260274,0.7547593958552862,37.8310502283105,-0.02830207300453219,16.840182648401825,0.904109589041096,0.0,0.07177100811266805,0.0,0.2083455729504298,239.6101130547383,2.9294614113804176,1.123200684457517,0.3856406419372324,249.36085301535792,7.17656603177427,0.2,22.5,4.5,2025.0,6.0,2,0.10313902059674178,colston loveland,320.0,0.23809523809523808,-0.1349562174984963
00-0033576,Eric Saubert,TE,SEA,JAX,0.002558134194483448,0.10734817240728886,0.0003563598434454033,0.3779293038001905,0.5600852021777563,3.0803352980380723,0.3601790814471892,4.138090719491832,0.5728032697277922,0.035301057677109574,0.02195385344482801,0.035301057677109574,0.04255760244407428,328.4494592424077,3.715920263782671,0.5852019593852152,0.5648746267649548,275.71660736928004,1.5991928591659244,0.8,23.0,1.5,2025.0,6.0,3,0.10270947256227807,eric saubert,1700.0,0.05555555555555555,0.047153917006722515
00-0037614,John Metchie III,WR,PHI,NYG,0.0021091049213580277,0.06824862133085395,0.08470077181035668,0.19249966275551708,1.1948340989455368,11.313673293527696,0.012264035145646878,11.134417727110954,1.5905300832851703,0.008474647292365639,0.07529847816883263,0.008474647292365639,0.147184924163441,265.7917814138431,1.9957900279771055,1.0681695221769818,0.15609665556208752,246.57842420383076,5.0219970360877415,0.3333333333333333,23.75,-7.0,2025.0,6.0,4,0.10171319859043697,john metchie,2800.0,0.034482758620689655,0.06723043996974731
00-0040705,Chimere Dike,WR,TEN,LV,0.003748130032793405,0.12368829108218239,0.0,0.4176473982186001,0.0612747656527276,39.62929573401608,-1.2140480774904245,6.3600302910100615,1.4986837834913997,0.0,0.09293165576568668,0.0,0.2117722745808291,232.80682662301757,2.3701388857125214,1.0831264674593981,0.40526997164011985,231.1276610084938,8.903986352462406,0.6666666666666666,19.0,3.5,2025.0,6.0,3,0.10107629231410882,chimere dike,550.0,0.15384615384615385,-0.052769861532045034
00-0033572,Jamal Agnew,WR,ATL,BUF,0.002363488246028069,0.10393461779694468,0.2191024958847714,0.12132001355148314,0.40363993054226033,17.602705432289238,0.4842041054404776,15.500986273622088,0.6930254394401166,0.0724438348421136,0.03451099850379236,0.07250130921203427,0.10092411433154083,189.18334206901127,2.06551338403825,0.852084374131295,0.17512375432793473,196.64116876685523,4.938335425148214,0.6666666666666666,22.5,4.5,2025.0,6.0,7,0.10107190149837847,jamal agnew,1700.0,0.05555555555555555,0.04551634594282292
00-0039754,Devin Culp,TE,TB,SF,0.006992009132420091,0.2237442922374429,0.54337899543379,0.13488584474885845,0.7329918602342664,18.538812785388124,2.1952330596425895,23.14155251141553,1.3105022831050228,0.0,0.04858963028428337,0.0,0.1228346658844945,298.27364827809953,3.362809757530586,0.9087467269393374,0.5528031768813274,246.39445255655266,8.077251382005793,0.5714285714285714,25.25,-3.0,2025.0,6.0,3,0.10069185776158535,devin culp,1300.0,0.07142857142857142,0.02926328633301392
00-0038046,Charlie Kolar,TE,BAL,LA,0.0005479153701875602,0.020376603958940708,0.02577873949582866,0.4143884704387396,1.2993994409318783,12.361879067363223,0.8043657454272485,11.351238603554425,1.1116606991825564,0.02020897465965946,0.05473619953383534,0.02020897465965946,0.11881497399127157,269.62519015120307,2.51939446601506,0.7884021255760651,0.5863175053253961,264.0990696386573,8.448124893030688,0.5,18.5,7.5,2025.0,6.0,3,0.10066518778862445,charlie kolar,2000.0,0.047619047619047616,0.05304614016957683
00-0039792,Devontez Walker,WR,BAL,LA,0.00993127491812791,0.27921560576157006,0.32727336923171985,0.09109669450856686,0.33728540328800105,14.140676516001763,1.2795396077801249,9.515917744724353,0.43940815066206934,0.16708082433122062,0.025832001392258466,0.27921560576157006,0.08011276965281036,269.62519015120307,2.51939446601506,0.7884021255760651,0.5863175053253961,264.0990696386573,8.448124893030688,0.5,18.5,7.5,2025.0,6.0,5,0.10052702698515883,devontez walker,1300.0,0.07142857142857142,0.02909845555658741
00-0033246,Johnny Mundt,TE,JAX,SEA,0.0010966599504018122,0.034845817125828064,0.0036345870138720297,0.33233035583929804,1.791012853378732,3.825613207601638,0.025002910371003457,4.744536043983742,0.6397505663993615,0.02647414949740854,0.03462782842478554,0.02647414949740854,0.06467641486756917,241.14999572370118,3.4667593963779715,1.1097522386755507,0.34573584966363535,270.65009065677344,11.743633249111275,0.6,24.5,-1.5,2025.0,6.0,1,0.1003026681898274,johnny mundt,1000.0,0.09090909090909091,0.00939357728073649
00-0039041,Elijah Higgins,TE,ARI,IND,0.004188910045443353,0.104896553783761,0.10917078590214221,0.25187873234219865,0.8566666424949548,2.9276587291781104,0.26916668428869006,11.040501821354455,1.2439148416826986,0.0019949302494645005,0.05053475781689894,0.0019949302494645005,0.08765170947931751,242.55168920610166,2.5250341556532456,1.251953239466788,0.16159201534192277,251.70919258671782,4.736146203861735,0.75,19.75,7.0,2025.0,6.0,2,0.09961592935391923,elijah higgins,1300.0,0.07142857142857142,0.02818735792534781
00-0038938,Jalin Hyatt,WR,NYG,PHI,2.864310592751542e-05,0.000830650071897949,0.005192323084636344,0.3617262773856581,0.2857249741777143,56.939212850821086,-1.1249582798168998,4.388953257101725,0.5510815032498922,0.0,0.06092663816767918,0.0,0.2506914257035859,281.740953200488,2.0287436089942354,0.6850769621567551,0.3505240642583315,223.7228313778224,1.6722472708415654,0.75,16.75,7.0,2025.0,6.0,3,0.09957308069155323,jalin hyatt,650.0,0.13333333333333333,-0.033760252641780106
00-0034365,Ian Thomas,TE,LV,TEN,0.00018538345381129655,0.0059323049617101735,0.008523501769273797,0.4153660186751283,2.3286294967390635,4.004666493404395,-0.02120470137053505,7.339431081080748,1.2341360792908005,3.776776605868104e-09,0.048897885958223225,3.776776605868104e-09,0.08816668619570446,199.11353368982077,2.866821146647717,0.730415864691559,0.12041217042379,223.4760958971841,8.60509704223832,0.0,22.5,-3.5,2025.0,6.0,3,0.0994302605736407,ian thomas,950.0,0.09523809523809523,0.004192165335545464
00-0039739,Roman Wilson,WR,PIT,CLE,0.0,0.0,0.0,0.35,0.3043478260869565,23.0,-1.351503019221127,7.0,1.0,0.0,0.064516129032258,0.0,0.1833333333333333,224.77456409164523,3.242450390342259,1.3228897975241016,0.6405033821990156,211.58849872447132,9.36601395400976,0.3333333333333333,21.5,-5.5,2025.0,6.0,5,0.0989867628386506,roman wilson,650.0,0.13333333333333333,-0.03434657049468273
00-0038573,Derius Davis,WR,LAC,MIA,0.0034272468540194525,0.12245146386903408,0.0720302728641377,0.13044577040868852,0.3766065167377977,2.7302490798519115,0.3794986043216076,4.544520215349411,0.45715665888640283,0.12245146386903408,0.015770221903039342,0.12245146386903408,0.029954245641996325,193.85026840352617,2.5481333819495524,1.1298080880453603,0.6816146161285114,222.48999283769146,10.769471355198798,0.5,24.5,-4.5,2025.0,6.0,5,0.098676657339685,derius davis,1200.0,0.07692307692307693,0.021753580416608076
00-0036862,Ben Skowronek,WR,PIT,CLE,0.013655348939488174,0.3007012299463575,0.12041635639294754,0.18425615077222113,0.560546651206459,5.631935739994243,0.32583835689219237,4.634620830460398,0.2730630367472696,0.10306918817620117,0.023848804310506674,0.10306918817620117,0.07639477055325988,224.77456409164523,3.242450390342259,1.3228897975241016,0.6405033821990156,211.58849872447132,9.36601395400976,0.3333333333333333,21.5,-5.5,2025.0,6.0,3,0.09866219754296998,ben skowronek,550.0,0.15384615384615385,-0.05518395630318387
00-0038547,Luke Schoonmaker,TE,DAL,CAR,0.00029798933157510567,0.010108377199536429,0.02288123192310368,0.39479389880489174,0.9056511423086746,14.375315837874709,-0.2621360894875178,5.886714074949352,1.1705168679204574,0.008655899537128737,0.05189083148478709,0.008655899537128737,0.11642495442814577,241.78371742546716,3.3343690131025543,0.9379186461560279,0.6514959014943852,229.6643907277994,9.195473418257997,0.5,26.25,-3.0,2025.0,6.0,2,0.09851074579103679,luke schoonmaker,950.0,0.09523809523809523,0.0032726505529415556
00-0038679,Tyrell Shavers,WR,BUF,ATL,0.0,0.0,0.08658180375752766,0.23901193610039306,0.5300926760664959,10.82355486639501,0.7305877522875759,10.214885867801378,0.4399769211351916,0.08658180375752766,0.03821074689777583,0.08658180375752766,0.09893218234097825,241.41996783823242,1.8579576280928347,1.0661927380985674,0.18720493689688764,171.55779707974295,4.2626575603059225,0.5,27.0,-4.5,2025.0,6.0,5,0.0984845806831594,tyrell shavers,1100.0,0.08333333333333333,0.015151247349826077
00-0040134,Pat Bryant,WR,DEN,NYJ,0.007610350076103498,0.319634703196347,0.0,0.4057534246575343,0.5034246575342466,3.707762557077625,0.17949211612991242,4.027397260273973,0.4474885844748858,0.0,0.029984779299847785,0.0,0.05829528158295281,192.41337065899612,3.489581384991804,0.7584430716851,1.1888237784855158,217.02190724512985,10.718827320534741,0.6666666666666666,25.5,-7.5,2025.0,6.0,4,0.09840873355098045,pat bryant,1000.0,0.09090909090909091,0.007499642641889542
00-0037282,James Mitchell,TE,CAR,DAL,0.00033050763065337947,0.00859319839698788,0.2023904473079279,0.31429070948561644,5.027011697815155,5.827741508705177,1.08310930495583,14.237545108246431,1.2823838027852614,0.00859319839698788,0.04163041795743613,0.00859319839698788,0.08056823158420076,275.21776503510904,3.128586359697945,1.944782385748136,0.5101003243288174,295.8972534830481,16.720401917006942,0.6,23.25,3.0,2025.0,6.0,4,0.09803277440709852,james mitchell,950.0,0.09523809523809523,0.002794679169003292
00-0040582,Arian Smith,WR,NYJ,DEN,0.0,0.0,0.0,0.539743387287801,2.004809245235617,6.111330438215554,0.5342787396439609,7.627319384129491,1.1409395973154361,0.0,0.043187500747706,0.0,0.0868919816288762,303.648721424597,2.8675655188466544,0.301653654745063,0.32951378494717426,237.76163752230835,5.5961975547083105,0.6666666666666666,18.0,7.5,2025.0,6.0,3,0.0969128222106568,arian smith,1300.0,0.07142857142857142,0.02548425078208537
00-0038394,Will Mallory,TE,IND,ARI,0.0,0.0,0.0006990298516774374,0.17000556451496718,0.642141506743994,12.04064349307945,-1.4735272951501583,5.053736344921896,0.59989745531687,0.0,0.03923219715108307,0.0,0.08301711900987101,303.78469041472533,3.238645302718608,0.3468965625030004,0.21949448724115686,261.06632162294767,8.459109437620938,1.0,26.75,-7.0,2025.0,6.0,4,0.0962389881262687,will mallory,1800.0,0.05263157894736842,0.04360740917890028
00-0036628,John Bates,TE,WAS,CHI,3.3247481108825605e-05,0.0011892670612358711,0.017317099402896063,0.4227529326436305,2.2825219265973935,9.03368547956298,0.32089558234740473,6.902534310362238,0.6738463022424004,9.85072161742857e-06,0.03607953788241899,9.85072161742857e-06,0.07574181164808397,181.0868447634795,2.5328875188519238,1.0636395218582104,0.20686220267509992,216.3009424952751,2.2220268308790274,0.6,27.0,-4.5,2025.0,6.0,2,0.09548359183792855,john bates,900.0,0.1,-0.004516408162071453
00-0031484,Chris Manhertz,TE,NYG,PHI,0.001976750860523149,0.051845291559205954,0.00070021115214512,0.28345108287701476,2.9034043204038347,1.4949191403563402,0.41615938917737816,5.2225915661885765,0.5182089815100064,0.05042334177060952,0.020292130107327045,0.05042334177060952,0.03643908847827478,281.740953200488,2.0287436089942354,0.6850769621567551,0.3505240642583315,223.7228313778224,1.6722472708415654,0.75,16.75,7.0,0.0,0.0,4,0.09515071325736675,chris manhertz,3500.0,0.027777777777777776,0.06737293547958897
00-0039379,Jamari Thrash,WR,CLE,PIT,0.0,0.0,0.3087205926273848,0.31239960081167795,0.9460605224652441,14.901044681990541,-0.2206986092436258,10.029102663306405,1.0461459210540065,0.0,0.041824477046173834,0.0,0.10610875814898076,249.19882327832448,3.0767739800928484,0.8709182458529937,0.7086324970551948,291.4563301847674,11.6850301524956,0.6666666666666666,16.0,5.5,2025.0,6.0,3,0.09469781320971818,jamari thrash,1500.0,0.0625,0.03219781320971818
00-0039912,Ben Sinnott,TE,WAS,CHI,0.0,0.0,0.0,0.34311225649550275,0.8947181026918108,2.4159774026264693,0.07601767151496312,3.7769330728886508,0.6053379705664147,0.03677885964814958,0.01969397109584741,0.03677885964814958,0.03662154170440449,181.0868447634795,2.5328875188519238,1.0636395218582104,0.20686220267509992,216.3009424952751,2.2220268308790274,0.6,27.0,-4.5,2025.0,6.0,3,0.09454501384417965,ben sinnott,1000.0,0.09090909090909091,0.0036359229350887423
00-0037348,Tanner Conner,TE,MIA,LAC,0.0034158439764900923,0.10589116327119301,0.0,0.2331059059938997,0.818176356797555,10.070980978765093,-0.2907714397778936,9.838523641543746,1.1205906111923625,0.0,0.04945662906680689,0.0,0.10334416922333688,217.41619374212303,2.513686810017259,0.6512503172398726,0.3384615981888598,189.94649521111361,4.517900080819495,0.5,20.0,4.5,2025.0,6.0,3,0.094167130400406,tanner conner,1800.0,0.05263157894736842,0.041535551453037584
00-0039521,Xavier Weaver,WR,ARI,IND,0.006992009132420091,0.2237442922374429,0.0,0.3346575342465753,0.0,22.78082191780822,-0.5937817034548358,0.0,0.0,0.0,0.028396118721461187,0.0,0.11404575763132814,242.55168920610166,2.5250341556532456,1.251953239466788,0.16159201534192277,251.70919258671782,4.736146203861735,0.75,19.75,7.0,2025.0,6.0,5,0.0932432049308729,xavier weaver,1100.0,0.08333333333333333,0.009909871597539574
00-0040009,Savion Williams,WR,GB,CIN,0.0,0.0,0.0,0.11132254243979471,0.0,-2.7749703908409002,-0.24309164045953607,8.820765890248717,1.319778918278721,0.0,0.039054181770328614,0.0,0.050954891365158655,205.08507979220423,3.598466246163977,0.8551403902070899,0.9867503460672847,260.38574808110116,12.786069425260925,0.8333333333333334,29.25,-14.0,2025.0,6.0,5,0.09314876750652352,savion williams,800.0,0.1111111111111111,-0.01796234360458758
00-0037340,Zaire Mitchell-Paden,TE,BAL,LA,0.014198782961460422,0.4117647058823529,0.0,0.2676470588235294,0.5882352941176471,2.1764705882352944,-0.219608650306541,1.7647058823529411,0.5882352941176471,0.0,0.04411764705882352,0.0,0.0748107690457022,269.62519015120307,2.51939446601506,0.7884021255760651,0.5863175053253961,264.0990696386573,8.448124893030688,0.5,18.5,7.5,2025.0,6.0,4,0.09232849031703591,zaire mitchellpaden,1900.0,0.05,0.04232849031703591
00-0038519,Nikko Remigio,WR,KC,DET,0.0,0.0,0.2096645032769621,0.07600536433148726,0.1624546929852219,5.226787819066086,0.20965914436544536,4.714274588833511,0.2096645032769621,0.0,0.02196436177710383,0.0,0.05663545822795283,322.7164713278669,3.2200840741160204,1.4695760152611035,0.4033735257493866,240.0909761203602,0.9433119178883833,1.0,27.5,-2.5,2025.0,6.0,7,0.09170761698985899,nikko remigio,2500.0,0.038461538461538464,0.05324607852832053
00-0034798,Durham Smythe,TE,CHI,WAS,0.007506819944848137,0.3060807621111129,0.00252324593697007,0.2884685361984337,0.5817955335445111,5.9357513293089115,-0.21408101124508933,3.8235417091695227,0.5882220965122115,4.449809305548608e-06,0.03481503248319108,4.449809305548608e-06,0.07096013385847258,239.6101130547383,2.9294614113804176,1.123200684457517,0.3856406419372324,249.36085301535792,7.17656603177427,0.2,22.5,4.5,2025.0,6.0,3,0.09168797299133594,durham smythe,1300.0,0.07142857142857142,0.020259401562764512
00-0034487,Trent Sherfield,WR,DEN,NYJ,5.957092010739316e-05,0.00234793271641746,3.087597737033278e-05,0.24125593224947975,0.5065760714005093,12.329176818395158,0.05887221010537447,6.499981425546748,0.7617304521117024,0.006936022001945381,0.030993360070878405,0.006936022001945381,0.07498216272766144,192.41337065899612,3.489581384991804,0.7584430716851,1.1888237784855158,217.02190724512985,10.718827320534741,0.6666666666666666,25.5,-7.5,2025.0,6.0,5,0.09117232862842045,trent sherfield,1300.0,0.07142857142857142,0.019743757199849027
00-0035298,Scott Miller,WR,PIT,CLE,0.0002846716963277355,0.007142310567902288,0.1801893430304092,0.25876813029722034,0.3929204122358386,13.086577966403551,0.12796155162034872,7.559882940206504,0.49940246098883,0.007066159596335477,0.05029401310249175,0.007066159596335477,0.1317220163446572,224.77456409164523,3.242450390342259,1.3228897975241016,0.6405033821990156,211.58849872447132,9.36601395400976,0.3333333333333333,21.5,-5.5,2025.0,6.0,4,0.09088169755073036,scott miller,550.0,0.15384615384615385,-0.0629644562954235
00-0040646,Jalen Royals,WR,KC,DET,0.0,0.0,0.0,0.19,0.0,0.0,0.0,0.0,0.0,0.0,0.0,0.0,0.0,322.7164713278669,3.2200840741160204,1.4695760152611035,0.4033735257493866,240.0909761203602,0.9433119178883833,1.0,27.5,-2.5,2025.0,6.0,5,0.0907231234756515,jalen royals,2000.0,0.047619047619047616,0.04310407585660388
00-0040432,Beaux Collins,WR,NYG,PHI,0.0,0.0,0.0,0.2235294117647059,0.29411764705882354,8.23529411764706,-3.5679447671453306,4.11764705882353,0.5882352941176471,0.0,0.04524886877828053,0.0,0.08544862597947248,281.740953200488,2.0287436089942354,0.6850769621567551,0.3505240642583315,223.7228313778224,1.6722472708415654,0.75,16.75,7.0,2025.0,6.0,4,0.09003886971285964,beaux collins,750.0,0.11764705882352941,-0.02760818911066977
00-0040737,Terrance Ferguson,TE,LA,BAL,0.0,0.0,1.0,0.06,1.1666666666666667,18.0,1.8968128987471573,21.0,1.0,0.0,0.0217391304347826,0.0,0.0564723320158102,258.1517548141938,2.7765042688404247,2.218142712004786,0.16550312979595241,250.9969962557053,12.65781230497643,0.6,26.0,-7.5,2025.0,6.0,4,0.08977987553842222,terrance ferguson,1700.0,0.05555555555555555,0.034224319982866666
00-0036429,Charlie Woerner,TE,ATL,BUF,0.0,0.0,0.0029082956725465002,0.4410666450086349,0.3807257433414973,0.9373422764566507,-0.9203178344998382,0.8646351499801358,0.6989845319207196,0.0,0.03691796175237334,0.0,0.06049537149815052,189.18334206901127,2.06551338403825,0.852084374131295,0.17512375432793473,196.64116876685523,4.938335425148214,0.6666666666666666,22.5,4.5,2025.0,6.0,2,0.089728206121111,charlie woerner,1400.0,0.06666666666666667,0.023061539454444335
00-0034073,Ross Dwelley,TE,DET,KC,4.962933976230459e-05,0.00203480293025449,0.04990314549965911,0.23996556306228062,0.8416694422834547,2.858803800765663,0.2644638741888711,4.371405101974081,0.2956116639966948,0.014258982941458465,0.013681217440090843,0.014258982941458465,0.029924528546054027,215.50486277610597,2.943734953936104,0.7859250601965803,0.03614559719905299,207.32110502554133,2.465027091830288,0.8333333333333334,25.0,2.5,2025.0,6.0,3,0.08961812673824776,ross dwelley,2500.0,0.038461538461538464,0.0511565882767093
00-0039920,Malachi Corley,WR,CLE,PIT,0.006102577528234655,0.23800052360115193,0.0,0.2825444975978948,0.1860370759482338,9.910318002699606,-0.548787592682534,2.127819881203739,0.34036454880200745,0.0,0.02730955810665615,0.0,0.07042313514290613,249.19882327832448,3.0767739800928484,0.8709182458529937,0.7086324970551948,291.4563301847674,11.6850301524956,0.6666666666666666,16.0,5.5,2025.0,6.0,4,0.0894317161620937,malachi corley,2200.0,0.043478260869565216,0.04595345529252848
00-0037654,Tucker Fisk,TE,LAC,MIA,0.0004900907793789696,0.017643268057642946,0.0,0.3153525944606141,0.6463183724330408,7.159505714570822,-0.15818445722103447,3.1599663244328036,0.4673619227552384,0.0,0.02785789531605664,0.0,0.05590505678761,193.85026840352617,2.5481333819495524,1.1298080880453603,0.6816146161285114,222.48999283769146,10.769471355198798,0.5,24.5,-4.5,2025.0,6.0,4,0.08926177706095868,tucker fisk,2800.0,0.034482758620689655,0.05477901844026903
00-0039816,Anthony Gould,WR,IND,ARI,0.0,0.0,0.01746360615181872,0.04283649295489866,0.02231460786065726,0.31434491073273707,0.03298199896305376,0.4016629414918307,0.01746360615181872,0.0,0.00048510017088385207,0.0,0.0013617754364782751,303.78469041472533,3.238645302718608,0.3468965625030004,0.21949448724115686,261.06632162294767,8.459109437620938,1.0,26.75,-7.0,2025.0,6.0,6,0.08875666842616187,anthony gould,700.0,0.125,-0.03624333157383813
00-0040727,Tre Harris,WR,LAC,MIA,0.0,0.0,0.1934465061192262,0.2259534149230162,0.5034445321752862,14.28938018160284,-2.907043802612969,8.066719305171734,0.5223055665219108,0.0,0.042007115976234424,0.0,0.09227273165886138,193.85026840352617,2.5481333819495524,1.1298080880453603,0.6816146161285114,222.48999283769146,10.769471355198798,0.5,24.5,-4.5,2025.0,6.0,4,0.08826879658397668,tre harris,650.0,0.13333333333333333,-0.04506453674935665
00-0037093,Dareke Young,WR,SEA,JAX,0.0,0.0,0.30048932089617425,0.08803050771564229,0.5475489039278771,12.665044634290922,0.8919764684951603,12.684312574924354,0.45604740611801436,0.0,0.016836515532849813,0.0,0.06070921170373958,328.4494592424077,3.715920263782671,0.5852019593852152,0.5648746267649548,275.71660736928004,1.5991928591659244,0.8,23.0,1.5,2025.0,6.0,5,0.08818665448690892,dareke young,2200.0,0.043478260869565216,0.0447083936173437
00-0036646,Simi Fehoko,WR,ARI,IND,0.0031369330537503624,0.08993435857024212,0.08630101338487878,0.178772857509912,0.07327219671457129,11.218905850053297,0.042946860792194674,4.3605091757179375,0.2647941006395001,0.012188749008064338,0.025441045861982536,0.012188749008064338,0.0664861462279199,242.55168920610166,2.5250341556532456,1.251953239466788,0.16159201534192277,251.70919258671782,4.736146203861735,0.75,19.75,7.0,2025.0,6.0,6,0.08782739655321684,simi fehoko,1300.0,0.07142857142857142,0.01639882512464541
00-0035891,Cody White,WR,SEA,JAX,0.0,0.0,0.15127309038741857,0.2122184833743574,0.3803551211952674,6.995765792724557,0.4528963750598176,8.265565153176938,0.6557247658509203,0.0,0.023565482001817493,0.0,0.05048731485394018,328.4494592424077,3.715920263782671,0.5852019593852152,0.5648746267649548,275.71660736928004,1.5991928591659244,0.8,23.0,1.5,2025.0,6.0,6,0.08766034489501363,cody white,1700.0,0.05555555555555555,0.03210478933945808
00-0036590,Quintin Morris,TE,JAX,SEA,0.0030662521965252967,0.09003193840123393,0.00023942266778235002,0.14813871703645895,0.2627944297190536,3.6752693119989526,0.03639320424576093,2.514720277446435,0.3527425320023467,0.014841486210712384,0.018458609916506188,0.014841486210712384,0.039803378178984855,241.14999572370118,3.4667593963779715,1.1097522386755507,0.34573584966363535,270.65009065677344,11.743633249111275,0.6,24.5,-1.5,2025.0,6.0,3,0.08636129225185522,quintin morris,1800.0,0.05263157894736842,0.033729713304486805
00-0038710,Blake Whiteheart,TE,CLE,PIT,0.0005631762883622903,0.01802164122759329,0.025745201753704712,0.21917023698957414,0.33771511746132654,11.800146407677895,-0.715106120340304,1.991889578227175,0.34021854443629423,0.01802164122759329,0.02338399731164257,0.01802164122759329,0.060921543156896144,249.19882327832448,3.0767739800928484,0.8709182458529937,0.7086324970551948,291.4563301847674,11.6850301524956,0.6666666666666666,16.0,5.5,2025.0,6.0,3,0.0858703021177082,blake whiteheart,3500.0,0.027777777777777776,0.058092524339930424
00-0036876,Kylen Granson,TE,PHI,NYG,6.776168512564912e-08,2.8761615956301157e-06,0.04017412429411809,0.2766502803572312,0.3316096085503747,6.707808357741707,-0.22699784334311154,3.563524145020315,0.4345701528642657,1.6235086823168144e-06,0.02499062150130721,1.6235086823168144e-06,0.05076197657067836,265.7917814138431,1.9957900279771055,1.0681695221769818,0.15609665556208752,246.57842420383076,5.0219970360877415,0.3333333333333333,23.75,-7.0,2025.0,6.0,3,0.08570677117545587,kylen granson,1600.0,0.058823529411764705,0.026883241763691168
00-0040241,Dominic Lovett,WR,DET,KC,0.0,0.0,0.0,0.0,0.0,0.0,0.0,0.0,0.0,0.0,0.0,0.0,0.0,215.50486277610597,2.943734953936104,0.7859250601965803,0.03614559719905299,207.32110502554133,2.465027091830288,0.8333333333333334,25.0,2.5,2025.0,6.0,5,0.08491399286592959,dominic lovett,2500.0,0.038461538461538464,0.04645245440439112
00-0035602,Alex Bachman,WR,LV,TEN,0.0,0.0,0.0,0.15307059649418175,0.5127349920798231,4.639865300884844,0.07996232215189245,5.140362154208607,0.5377918405826801,0.0,0.021400841098393977,0.0,0.04476582436287054,199.11353368982077,2.866821146647717,0.730415864691559,0.12041217042379,223.4760958971841,8.60509704223832,0.0,22.5,-3.5,2025.0,6.0,5,0.08442349905218349,alex bachman,1700.0,0.05555555555555555,0.02886794349662794
00-0038488,Brady Russell,TE,SEA,JAX,0.0,0.0,0.0,0.0,0.0,0.0,0.0,0.0,0.0,0.0,0.0,0.0,0.0,328.4494592424077,3.715920263782671,0.5852019593852152,0.5648746267649548,275.71660736928004,1.5991928591659244,0.8,23.0,1.5,0.0,0.0,4,0.08351716026482839,brady russell,3000.0,0.03225806451612903,0.05125909574869936
00-0039589,Kameron Johnson,WR,TB,SF,0.0005477702500788225,0.025745201753704712,0.0,0.08355069939808549,0.0,0.07723560526111413,-0.042424089704520974,0.0,0.0,0.0,0.0005477702500788225,0.0,0.0010006783012201544,298.27364827809953,3.362809757530586,0.9087467269393374,0.5528031768813274,246.39445255655266,8.077251382005793,0.5714285714285714,25.25,-3.0,2025.0,6.0,7,0.08323923719051698,kameron johnson,700.0,0.125,-0.041760762809483015
00-0039530,Brevyn Spann-Ford,TE,DAL,CAR,0.00022407056431295903,0.008514681443892443,0.0,0.24368026840000814,0.5957846564424589,3.715887839258209,-0.061756517531639125,1.59155874783202,0.2936924176759203,0.0,0.010941374844140329,0.0,0.024836968732564746,241.78371742546716,3.3343690131025543,0.9379186461560279,0.6514959014943852,229.6643907277994,9.195473418257997,0.5,26.25,-3.0,2025.0,6.0,3,0.0832078534537425,brevyn spannford,1900.0,0.05,0.0332078534537425
00-0040225,Thomas Fidone II,TE,NYG,PHI,0.0,0.0,0.0,0.0,0.0,0.0,0.0,0.0,0.0,0.0,0.0,0.0,0.0,281.740953200488,2.0287436089942354,0.6850769621567551,0.3505240642583315,223.7228313778224,1.6722472708415654,0.75,16.75,7.0,2025.0,6.0,4,0.08273062453508266,thomas fidone,3000.0,0.03225806451612903,0.05047256001895363
00-0038456,Travis Vokolek,TE,ARI,IND,0.0,0.0,0.0,0.16,0.0,0.0,0.0,0.0,0.0,0.0,0.0,0.0,0.0,242.55168920610166,2.5250341556532456,1.251953239466788,0.16159201534192277,251.70919258671782,4.736146203861735,0.75,19.75,7.0,2025.0,6.0,3,0.08272890211089214,travis vokolek,2500.0,0.038461538461538464,0.04426736364935367
00-0040184,KeAndre Lambert-Smith,WR,LAC,MIA,0.00398272218480759,0.13541255428345833,0.0,0.12690880378997235,0.0,4.06237662850375,-0.0877124467778964,0.0,0.0,0.0,0.00398272218480759,0.0,0.014288889241985145,193.85026840352617,2.5481333819495524,1.1298080880453603,0.6816146161285114,222.48999283769146,10.769471355198798,0.5,24.5,-4.5,2025.0,6.0,6,0.08258524964343945,keandre lambertsmith,550.0,0.15384615384615385,-0.0712609042027144
00-0040131,Kyle Williams,WR,NE,NO,0.0,0.0,0.0,0.19315068493150686,0.5890410958904109,4.922374429223744,0.4566444546832399,5.242009132420091,0.54337899543379,0.0,0.01385083713850834,0.0,0.033666714596530825,255.6614598185657,2.043784385337395,0.8975705341577704,0.9644864500276498,218.31437337674322,4.006126649188038,0.5,24.5,-3.5,2025.0,6.0,5,0.08256896603254295,kyle williams,1100.0,0.08333333333333333,-0.0007643673007903806
00-0037304,Connor Heyward,TE,PIT,CLE,6.910674769021456e-07,2.508282587925677e-05,9.850722946117317e-06,0.19054306794356352,0.399671638414597,2.125997110603646,0.024066477845528688,2.191536125341831,0.36144629597624917,0.005933604644733519,0.012429822764604331,0.005933604644733519,0.02536041322869264,224.77456409164523,3.242450390342259,1.3228897975241016,0.6405033821990156,211.58849872447132,9.36601395400976,0.3333333333333333,21.5,-5.5,0.0,0.0,4,0.08190125154740638,connor heyward,700.0,0.125,-0.04309874845259362
00-0038590,Justin Shorter,TE,LV,TEN,0.0,0.0,0.0,0.0022374429223744286,0.0,0.0,0.0,0.0,0.0,0.0,0.0,0.0,0.0,199.11353368982077,2.866821146647717,0.730415864691559,0.12041217042379,223.4760958971841,8.60509704223832,0.0,22.5,-3.5,2025.0,6.0,6,0.0817162100966228,justin shorter,1800.0,0.05263157894736842,0.029084631149254386
00-0040590,Konata Mumpfield,WR,LA,BAL,0.0,0.0,0.0,0.0,0.0,0.0,0.0,0.0,0.0,0.0,0.0,0.0,0.0,258.1517548141938,2.7765042688404247,2.218142712004786,0.16550312979595241,250.9969962557053,12.65781230497643,0.6,26.0,-7.5,2025.0,6.0,5,0.08159140077182818,konata mumpfield,1100.0,0.08333333333333333,-0.0017419325615051495
00-0040563,Efton Chism III,WR,NE,NO,0.0,0.0,0.0,0.0,0.0,0.0,0.0,0.0,0.0,0.0,0.0,0.0,0.0,255.6614598185657,2.043784385337395,0.8975705341577704,0.9644864500276498,218.31437337674322,4.006126649188038,0.5,24.5,-3.5,2025.0,6.0,6,0.0813670599099886,efton chism,1500.0,0.0625,0.018867059909988604
00-0039686,Colson Yankoff,TE,WAS,CHI,0.0,0.0,0.0,0.12150482114437941,0.0,0.0,0.0,0.0,0.0,0.0,0.0,0.0,0.0,181.0868447634795,2.5328875188519238,1.0636395218582104,0.20686220267509992,216.3009424952751,2.2220268308790274,0.6,27.0,-4.5,2025.0,6.0,4,0.08128507948491158,colson yankoff,1700.0,0.05555555555555555,0.025729523929356027
00-0035645,Gunner Olszewski,WR,NYG,PHI,0.0,0.0,8.224258871408118e-05,0.006985949237476485,0.0005161821404335237,0.007863990420146821,-0.0062110006080003015,0.006157649882987171,0.0018024968796085433,2.6437436136318436e-09,7.4899654416544e-05,2.6437436136318436e-09,0.00012796112565894744,281.740953200488,2.0287436089942354,0.6850769621567551,0.3505240642583315,223.7228313778224,1.6722472708415654,0.75,16.75,7.0,2025.0,6.0,5,0.0811907522824993,gunner olszewski,1500.0,0.0625,0.018690752282499307
00-0038090,Skyy Moore,WR,SF,TB,0.00011129246927156259,0.0043332661067675875,0.0049884151355031265,0.19425424327864518,0.16776643846813408,4.76724806690265,-0.2708938599277524,2.1290617139663044,0.21451195817905044,0.00034196749032521336,0.01691972034947997,0.00034196749032521336,0.03730060468035631,228.82250108518954,3.289888061778811,1.2036567662093542,1.0313212344359466,241.60597152041822,9.616773325372298,0.4,22.25,3.0,2025.0,6.0,5,0.08109926620125682,skyy moore,1000.0,0.09090909090909091,-0.009809824707834092
00-0039884,Tahj Washington,WR,MIA,LAC,0.0,0.0,0.0,0.0,0.0,0.0,0.0,0.0,0.0,0.0,0.0,0.0,0.0,217.41619374212303,2.513686810017259,0.6512503172398726,0.3384615981888598,189.94649521111361,4.517900080819495,0.5,20.0,4.5,2025.0,6.0,6,0.08106495123253424,tahj washington,1400.0,0.06666666666666667,0.014398284565867572
00-0036620,Dee Eskridge,WR,MIA,LAC,0.0,0.0,0.0,0.0,0.0,0.0,0.0,0.0,0.0,0.0,0.0,0.0,0.0,217.41619374212303,2.513686810017259,0.6512503172398726,0.3384615981888598,189.94649521111361,4.517900080819495,0.5,20.0,4.5,2025.0,6.0,4,0.08106495123253424,dee eskridge,2000.0,0.047619047619047616,0.03344590361348662
00-0040075,LaJohntay Wester,WR,BAL,LA,0.0,0.0,0.0,0.04520331622581918,0.0,0.0,0.0,0.0,0.0,0.0,0.0,0.0,0.0,269.62519015120307,2.51939446601506,0.7884021255760651,0.5863175053253961,264.0990696386573,8.448124893030688,0.5,18.5,7.5,2025.0,6.0,6,0.08026397445255017,lajohntay wester,3000.0,0.03225806451612903,0.048005909936421134
00-0038564,Cameron Latu,TE,PHI,NYG,0.0,0.0,0.0,0.07529411764705883,0.0,0.0,0.0,0.0,0.0,0.0,0.0,0.0,0.0,265.7917814138431,1.9957900279771055,1.0681695221769818,0.15609665556208752,246.57842420383076,5.0219970360877415,0.3333333333333333,23.75,-7.0,2025.0,6.0,4,0.08026055094505517,cameron latu,4000.0,0.024390243902439025,0.05587030704261615
00-0038359,Xavier Smith,WR,LA,BAL,0.0,0.0,0.07211219994087126,0.02735288792295614,0.07810095396133647,2.597037323541443,0.1941341650171108,2.602027951891831,0.07410845128102633,0.0,0.0026197968530663066,0.0,0.011972428435469348,258.1517548141938,2.7765042688404247,2.218142712004786,0.16550312979595241,250.9969962557053,12.65781230497643,0.6,26.0,-7.5,2025.0,6.0,6,0.08025049906281088,xavier smith,1200.0,0.07692307692307693,0.003327422139733957
00-0039648,David Martin-Robinson,TE,TEN,LV,0.0,0.0,0.0,0.1564307093144856,0.0,0.0,0.05367266626819589,0.7421297464930944,0.12368829108218239,0.0,0.006453811400216144,0.0,0.009680717100324211,232.80682662301757,2.3701388857125214,1.0831264674593981,0.40526997164011985,231.1276610084938,8.903986352462406,0.6666666666666666,19.0,3.5,2025.0,6.0,3,0.08013195596904747,david martinrobinson,4000.0,0.024390243902439025,0.05574171206660845
00-0040259,Gage Larvadain,WR,CLE,PIT,0.0,0.0,0.0,0.01,0.0,0.0,0.0,0.0,0.0,0.0,0.0,0.0,0.0,249.19882327832448,3.0767739800928484,0.8709182458529937,0.7086324970551948,291.4563301847674,11.6850301524956,0.6666666666666666,16.0,5.5,2025.0,6.0,5,0.08009879327751875,gage larvadain,2200.0,0.043478260869565216,0.03662053240795353
00-0038643,Brayden Willis,TE,SF,TB,0.0,0.0,0.0,0.03876865416589048,0.0,1.0271442837305718,-0.18443557633569369,0.0,0.0,0.0,0.006316315002141335,0.0,0.011761865987314109,228.82250108518954,3.289888061778811,1.2036567662093542,1.0313212344359466,241.60597152041822,9.616773325372298,0.4,22.25,3.0,2025.0,6.0,3,0.07988870036197909,brayden willis,2200.0,0.043478260869565216,0.036410439492413876
00-0036825,Feleipe Franks,TE,ATL,BUF,0.0,0.0,0.0,0.061046408937338155,0.14711738829824103,4.199114452953485,0.0059618314164696555,1.7654086595788923,0.14711738829824103,0.0,0.007266603397843534,0.0,0.019061889436762645,189.18334206901127,2.06551338403825,0.852084374131295,0.17512375432793473,196.64116876685523,4.938335425148214,0.6666666666666666,22.5,4.5,2025.0,6.0,4,0.07987791817710038,feleipe franks,3500.0,0.027777777777777776,0.052100140399322606
00-0038496,Xavier Gipson,WR,PHI,NYG,0.0003033572626993387,0.008502452119890867,0.0003599400477985953,0.07138610697542962,0.0461113831265656,1.3113719237794739,-0.011349618723660394,0.45566572733350463,0.07654496913899363,0.008591584647986093,0.0031840334468170597,0.008591584647986093,0.010011215545240001,265.7917814138431,1.9957900279771055,1.0681695221769818,0.15609665556208752,246.57842420383076,5.0219970360877415,0.3333333333333333,23.75,-7.0,2025.0,6.0,5,0.07980677522911021,xavier gipson,2800.0,0.034482758620689655,0.04532401660842056
00-0036331,Devin Duvernay,WR,CHI,WAS,4.9586173362742426e-08,1.5440328408614476e-06,0.02470760894439208,0.05608500889229955,0.15034447879244445,2.8895406312859384,0.09204441470358488,1.7623569036794329,0.23840696282683152,9.978246836208208e-07,0.00926064236506949,1.0633391149007326e-06,0.02072864515891534,239.6101130547383,2.9294614113804176,1.123200684457517,0.3856406419372324,249.36085301535792,7.17656603177427,0.2,22.5,4.5,2025.0,6.0,5,0.07964096697180044,devin duvernay,2000.0,0.047619047619047616,0.03202191935275282
00-0038576,Charlie Jones,WR,CIN,GB,0.0,0.0,0.004153522927495736,0.01759650063814303,0.012498210398964042,0.22605442702318074,0.016149887886280523,0.2468386557523694,0.023518158258618468,0.0,0.000817767923736962,0.0,0.002460280308373906,254.27605534774182,2.0481489259418537,1.0817800718387744,0.4598099781044459,232.59886521619262,8.570698314057788,0.6666666666666666,15.25,14.0,2025.0,6.0,5,0.07886428744352783,charlie jones,1400.0,0.06666666666666667,0.012197620776861165
