player_id,player_display_name,position,team,opponent_team,avg_endzone_target_share,avg_endzone_targets,avg_explosive_receiving_plays,avg_offense_snap_share,avg_racr,avg_rec_touchdown_exp,avg_rec_touchdown_exp_team,avg_receiving_air_yards,avg_receiving_epa,avg_receiving_yards,avg_receptions,avg_scored_touchdown,avg_target_share,avg_wopr,avg_explosive_receiving_plays_allowed,avg_receiving_yards_allowed,passing_tds_allowed_to_WR,avg_receiving_epa_allowed,avg_receiving_air_yards_allowed,passing_tds_allowed_to_TE,redzone_td_rate,implied_total,spread_line,season,week,depth_chart_rank,predicted_touchdown_probability,merge_name,price,market_implied_prob,model_edge
00-0036358,CeeDee Lamb,WR,DAL,CHI,0.015405589363744173,0.49243668537325086,1.7126723284987555,0.8266695331415704,1.0256222784423987,0.3370741571138245,1.5786745553900863,111.01659332931322,4.233535671451181,101.24664133258176,7.644445499755165,0.1899969803428495,0.2912678041061482,0.7037798817944242,3.45487248745295,244.65498468423627,1.7421214731800538,9.658071814998499,200.89151992546925,0.4221677605614388,0.75,26.0,-1.5,2025.0,3.0,1,0.2863181579852304,ceedee lamb,-115.0,0.5348837209302325,-0.2485655629450021
00-0036963,Amon-Ra St. Brown,WR,DET,BAL,0.03771444748716044,1.1889784723838492,1.2102688038189116,0.8648998698990549,1.1751239426045919,0.9063303760925709,1.971590292881587,70.03340046578107,7.401899937018913,84.17754348638066,7.085103923900962,0.5643633210317759,0.2760892535511008,0.6456324009578506,3.3892252735872743,246.3644205705692,0.7030399766902661,-1.1224292398194406,287.87392074109124,0.48251641339929346,0.75,24.0,4.5,2025.0,3.0,1,0.2837066511642128,amonra st brown,135.0,0.425531914893617,-0.14182526372940424
00-0031408,Mike Evans,WR,TB,NYJ,0.029560225450908726,1.0170423184563495,0.8658862083699288,0.779989353786284,0.5947802173274743,0.5401940694522166,1.8277209238082923,128.5535147213804,2.4577997628249015,71.849425616725,6.059730934052825,0.20296201462411623,0.30336657503081427,0.7643800459759049,2.8792460203842394,217.20381121029115,0.9079972935425729,9.150112936299884,184.37134302914276,0.4921976049140071,0.75,25.25,-7.0,2025.0,3.0,1,0.27519056335522446,mike evans,115.0,0.46511627906976744,-0.18992571571454298
00-0039064,Zay Flowers,WR,BAL,DET,0.014788011050399393,0.3047830855628538,1.212872366602014,0.7224963377581266,1.3312626623579713,0.21410783520367319,2.1288599256731473,89.93473686551533,3.876645460994403,75.19110920721322,5.043779690525627,0.23725785503426455,0.32872133614724336,0.7635559650480215,3.825318000338281,244.35853096314946,1.2320000444930022,6.179361023510649,308.3628901687074,0.3188732529136597,0.3333333333333333,28.5,-4.5,2025.0,3.0,1,0.269941822759443,zay flowers,115.0,0.46511627906976744,-0.19517445631032443
00-0037238,Drake London,WR,ATL,CAR,0.03365345011767498,1.2627501984731913,1.2592515437508798,0.8923367285458432,0.9685563373442698,0.640000748040114,1.5306651290208908,105.29600591776008,0.5836656194344766,79.8768764317387,5.96100491883758,0.21669115748733792,0.3075981164476436,0.7176884416018718,3.178918405546798,235.240206203497,1.2475762278601545,9.029731868012524,229.7980099867842,0.412524494152715,0.2,24.5,-5.5,2025.0,3.0,1,0.2670521505679907,drake london,130.0,0.43478260869565216,-0.16773045812766146
00-0036900,Ja'Marr Chase,WR,CIN,MIN,0.028157786017865522,1.2035723393602689,1.209140095453455,0.9405144987927345,1.0541367597324969,0.7715777900168264,2.534262098158925,99.536898867884,5.005571313589467,106.0246066940735,8.987948101352242,0.6231453230700489,0.307092147291632,0.7299550119770777,1.9675327422325182,204.07505266624693,0.6069819352179632,0.5994744373114015,219.64281685337448,0.07452471957457124,0.6,19.25,3.0,2025.0,3.0,1,0.26603632228829815,jamarr chase,130.0,0.43478260869565216,-0.168746286407354
00-0038544,Quentin Johnston,WR,LAC,DEN,0.02223135719997547,0.7618981863561023,1.277871546611926,0.7495000867568814,0.7899509585903091,0.45936789382857546,1.6658695668657792,94.81002392700015,4.335512195089764,77.59755534867328,5.169707193691128,0.6259699538868603,0.2528519262942801,0.6186396844460723,2.5351764397861496,243.182616683115,0.45088529080194006,6.826193173818093,279.2994793720019,0.08604602025414061,0.2,24.0,-2.5,2025.0,3.0,2,0.2639520414214489,quentin johnston,205.0,0.32786885245901637,-0.06391681103756747
00-0031381,Davante Adams,WR,LA,PHI,0.07101396211171239,2.4607685892613094,1.5213446062405995,0.866500699395133,1.118345207436772,1.231178807520929,2.222325396169591,98.73186697721691,2.003516208089872,84.12233198355284,5.766574532658139,0.6421290614894779,0.33749064842859827,0.7827731563366704,2.0838006093126427,179.6525696146404,0.9564926010401154,-2.4692825243399605,265.46633586148016,0.14730047888725403,0.4285714285714285,20.5,3.5,2025.0,3.0,2,0.26381169017293393,davante adams,165.0,0.37735849056603776,-0.11354680039310383
00-0039337,Malik Nabers,WR,NYG,KC,0.04035081690342902,1.5246195859512077,2.0018999538760935,0.9058461381744543,0.9022554197071109,0.7487986722507863,1.8696542904962319,144.79946368764578,4.3703973030720125,109.33702869941054,6.98528337630613,0.6051877891359848,0.34107920793325514,0.8535227848270528,3.002142722845786,220.7320846225701,1.4166911375993896,8.191704374595512,238.5564512422925,0.10538074985146975,0.125,19.75,6.0,2025.0,3.0,1,0.26036749539814386,malik nabers,145.0,0.40816326530612246,-0.1477957699079786
00-0036322,Justin Jefferson,WR,MIN,CIN,0.0476358187686845,1.409718502585343,1.2917631221218506,0.973931165576697,0.8989591674212194,0.7838422975814728,2.0016228561743974,88.64681834737263,-0.5503632616355983,76.12571539540045,4.782070807278551,0.37484988890453036,0.2982564495442544,0.7246507090942583,2.6456741870669225,244.69897399737843,1.0062402046854033,3.6119887771090062,250.58040755744986,0.27040917220777794,0.0,22.25,-3.0,2025.0,3.0,1,0.2581166786149302,justin jefferson,135.0,0.425531914893617,-0.16741523627868682
00-0030279,Keenan Allen,WR,LAC,DEN,0.030108531161154257,0.9247225710311742,0.6826693453827993,0.7352917396271461,0.9400192995965345,0.4135422296664608,1.3167801897761626,66.62955156239448,4.388102122502675,59.15470353109679,5.431627707171642,0.6778564474752241,0.26481280334715673,0.5725527547854505,2.5351764397861496,243.182616683115,0.45088529080194006,6.826193173818093,279.2994793720019,0.08604602025414061,0.2,24.0,-2.5,2025.0,3.0,3,0.2580626310902775,keenan allen,200.0,0.3333333333333333,-0.07527070224305582
00-0039919,Rome Odunze,WR,CHI,DAL,0.035309121211606134,1.1681440146554154,1.0472813850911724,0.9214611299635406,0.689602221318859,0.5424331283589434,1.1001822510219372,102.99271566426994,3.7647203581664663,62.83931537688027,4.593615123202996,0.5469151107193266,0.23355127070968665,0.5979304323965952,3.654770727982373,281.1115261896437,1.6728349438721037,12.380518455106754,303.66695345512966,0.18396596014230868,0.6666666666666666,24.5,1.5,2025.0,3.0,2,0.2579192868381762,rome odunze,160.0,0.38461538461538464,-0.12669609777720842
00-0039075,Puka Nacua,WR,LA,PHI,0.007834438286313455,0.2499070674664706,1.8537017280066566,0.7420442060972986,3.1581495447714625,0.27536160274833155,1.8154496088364487,72.43860481316563,6.250989052296691,104.34614095402465,8.648400519927137,0.4081465364967363,0.37142339558348647,0.7791200429145515,2.0838006093126427,179.6525696146404,0.9564926010401154,-2.4692825243399605,265.46633586148016,0.14730047888725403,0.4285714285714285,20.5,3.5,2025.0,3.0,1,0.2551010885741848,puka nacua,145.0,0.40816326530612246,-0.15306217673193767
00-0037744,Trey McBride,TE,ARI,SF,0.010638670998836733,0.3970069899773571,0.903145087155703,0.9227493900108702,1.368410073438604,0.5147925977318438,2.017348899002851,57.07449570270231,3.5592232021128423,74.08974939686453,6.951109634394108,0.2590005989890711,0.29992746502152895,0.6559790440931007,2.640844774141617,203.44446809490367,1.7747717986570017,4.252473002895718,211.08060722477575,0.5708547430942501,0.4,21.5,2.5,2025.0,3.0,1,0.2517482809304107,trey mcbride,170.0,0.37037037037037035,-0.11862208943995967
00-0039915,Ladd McConkey,WR,LAC,DEN,0.0110922993756543,0.41459534290206757,0.810873421483575,0.7667930031894228,1.2557033207899142,0.34302859098492217,1.6855005406661157,67.65199931225234,4.478232623428949,73.59422862667591,5.735975528517927,0.16224975068978945,0.2304927623310961,0.5104954718804148,2.5351764397861496,243.182616683115,0.45088529080194006,6.826193173818093,279.2994793720019,0.08604602025414061,0.2,24.0,-2.5,2025.0,3.0,1,0.2514658078962674,ladd mcconkey,150.0,0.4,-0.14853419210373264
00-0040128,Tyler Warren,TE,IND,TEN,0.014198782961460422,0.4117647058823529,1.0,0.8476470588235294,1.5107520764592106,0.3458823529411765,1.5670588235294116,51.70588235294118,1.443547963897997,77.76470588235294,5.235294117647058,0.0,0.252566230253857,0.5168030374959295,3.302685558739719,218.74663526875815,1.0886759903544163,6.406556985218197,204.28143932892377,0.3510558904483784,0.3333333333333333,24.0,-4.5,2025.0,3.0,1,0.24952014236632475,tyler warren,225.0,0.3076923076923077,-0.05817216532598296
00-0038543,Jaxon Smith-Njigba,WR,SEA,NO,0.0029632364296033387,0.09780488059873091,1.3817314259689826,0.805399305982238,0.8555030313513435,0.16987226323760127,1.1673091497567412,94.41528521837608,3.070587377042836,82.39613717215394,6.924967924085787,0.1355014819517113,0.3450607680406886,0.8377927342558668,2.407534651129448,231.9923422062492,1.1474359596436583,9.783358481835723,248.91679247395217,0.4503978134916653,0.4,24.5,-7.5,2025.0,3.0,1,0.24909512398552272,jaxon smithnjigba,125.0,0.4444444444444444,-0.1953493204589217
00-0036912,DeVonta Smith,WR,PHI,LA,0.015390494096656044,0.3474533772601435,1.1048667768941471,0.8285417273237496,1.5607959709397627,0.2616974078270953,0.8496223540911523,61.94822248113647,4.382751133771898,57.14099352101515,4.7674706668100075,0.3094889464362309,0.2782129111198874,0.6584605530751323,2.9195173936299317,213.5774625033715,0.8291607159652068,5.747307381363946,230.65944650496326,0.4061734849136826,1.0,24.0,-3.5,2025.0,3.0,2,0.24908713937985283,devonta smith,215.0,0.31746031746031744,-0.06837317808046461
00-0039893,Brian Thomas Jr.,WR,JAX,HOU,0.02329566976403865,0.8818688385148067,0.7543588719160658,0.8877153656640595,0.5468846235971806,0.6572154195498024,2.0012034008259265,128.82638201582893,-0.9319726964269691,64.36439910820118,4.900513155944533,0.47463014406660653,0.31398394477051744,0.8300998887713624,3.349521896313593,230.827565735838,0.9934937154562653,8.372756031823586,264.47437748659956,0.5112968436812407,0.5,23.0,-1.5,2025.0,3.0,1,0.2486231402642315,brian thomas,155.0,0.39215686274509803,-0.14353372248086654
00-0036252,Michael Pittman,WR,IND,TEN,0.006698789442713017,0.2612929817862398,0.5733106945601025,0.8710268716089954,1.0462425036515646,0.18627741961214908,1.4733996388817188,64.00999174308656,3.281766996432717,60.9044289585771,5.224825794047729,0.3201295932402195,0.2312146448172404,0.5019097177139256,3.302685558739719,218.74663526875815,1.0886759903544163,6.406556985218197,204.28143932892377,0.3510558904483784,0.3333333333333333,24.0,-4.5,2025.0,3.0,1,0.2474849736037293,michael pittman,230.0,0.30303030303030304,-0.055545329426573725
00-0034960,Jakobi Meyers,WR,LV,WAS,0.03247723021541431,1.271544111323889,1.9674611242138773,0.9205338712554928,0.8307933198085676,0.5370203867804317,1.4970435617491595,98.5146522153925,1.279055122313984,80.2332638514708,6.505105108732178,0.25901329606374157,0.2736295448239816,0.6359321176768706,3.056738808689271,227.83630616722328,0.5020428118294664,5.205153438202956,295.4522246493855,0.512071842382608,0.0,20.5,3.5,2025.0,3.0,1,0.24437488719874711,jakobi meyers,185.0,0.3508771929824561,-0.106502305783709
00-0038996,Tucker Kraft,TE,GB,CLE,0.023095640989271055,0.5932206298152636,0.7911209368809262,0.8877634056598993,2.1369958751720763,0.30559543086027846,1.9731451851908766,40.93045083016589,4.354248395162243,62.66340895970237,3.7147515013348325,0.5762943890791801,0.2040882012366616,0.4071926209875001,2.386152741522578,201.18804292848736,1.7576962026941942,9.10118571228429,237.4885250485291,0.5641498023294882,0.75,25.0,-8.5,2025.0,3.0,1,0.24263491991659825,tucker kraft,185.0,0.3508771929824561,-0.10824227306585787
00-0038117,Wan'Dale Robinson,WR,NYG,KC,0.02140893963595275,0.7711544287671283,1.2775622981861012,0.7473364696751701,1.6803465023610356,0.35259266198033645,1.8670569199124325,72.83898603998735,3.3156069516603703,77.91050889294527,6.826936204161388,0.40589229949628797,0.27214381147578187,0.5576437483449301,3.002142722845786,220.7320846225701,1.4166911375993896,8.191704374595512,238.5564512422925,0.10538074985146975,0.125,19.75,6.0,2025.0,3.0,2,0.24226217479848539,wandale robinson,235.0,0.29850746268656714,-0.05624528788808175
00-0040129,Emeka Egbuka,WR,TB,NYJ,0.028347523219814236,1.0,0.8235294117647058,0.9241176470588237,0.5991694539057146,0.5123529411764706,1.3447058823529412,76.88235294117646,3.573886453081607,44.64705882352941,4.0,1.0,0.19673202614379082,0.46608323600477064,2.8792460203842394,217.20381121029115,0.9079972935425729,9.150112936299884,184.37134302914276,0.4921976049140071,0.75,25.25,-7.0,2025.0,3.0,3,0.24173019774599394,emeka egbuka,155.0,0.39215686274509803,-0.1504266649991041
00-0035659,Terry McLaurin,WR,WAS,LV,0.014566082963621104,0.45699366754585774,0.19435698868341977,0.860348399934074,0.5117002398312354,0.3955939252906026,1.4652858375779712,96.39319568873215,0.9646092018222999,46.29615204858669,4.51704022724075,0.3436276703668345,0.22747968107222838,0.5867572801469646,3.0791221157799806,262.0369125612079,1.2423512170828008,8.547879610507932,262.4630513790614,0.3069095383093826,1.0,24.0,-3.5,2025.0,3.0,1,0.24011198707877432,terry mclaurin,205.0,0.32786885245901637,-0.08775686538024205
00-0037247,George Pickens,WR,DAL,CHI,0.03636572636670076,1.6290990328850694,0.7563024069069499,0.8946396340365874,0.5587204709834342,0.6392736297059937,1.3946623323974785,89.66816426656307,1.2017557343238994,49.267415936566195,3.649493928606425,0.40938144481624344,0.1898114241796858,0.5064407703709203,3.45487248745295,244.65498468423627,1.7421214731800538,9.658071814998499,200.89151992546925,0.4221677605614388,0.75,26.0,-1.5,2025.0,3.0,2,0.23821632310411292,george pickens,140.0,0.4166666666666667,-0.17845034356255376
00-0036410,Tee Higgins,WR,CIN,MIN,0.024053941838061088,1.022658605529686,0.7083020391660342,0.7916054804070329,0.7786815671846471,0.5982804081209061,2.4637771693133956,80.9535297584634,4.079264041215694,61.63085525110962,4.644347132969294,0.5879221429819993,0.2005748311306603,0.508945932872944,1.9675327422325182,204.07505266624693,0.6069819352179632,0.5994744373114015,219.64281685337448,0.07452471957457124,0.6,19.25,3.0,2025.0,3.0,2,0.23820839296548368,tee higgins,215.0,0.31746031746031744,-0.07925192449483376
00-0040124,Tetairoa McMillan,WR,CAR,ATL,0.0,0.0,2.1764705882352944,0.841764705882353,0.9865908840083876,0.4194117647058823,2.5029411764705882,91.05882352941177,2.341947544123019,86.82352941176471,5.588235294117648,0.0,0.21998433113533977,0.5314524060258466,2.32236250631193,202.7506062851912,0.9514137512215605,5.310292797663825,269.1631996698634,0.3820508916263106,0.75,19.0,5.5,2025.0,3.0,1,0.23587050839597137,tetairoa mcmillan,170.0,0.37037037037037035,-0.13449986197439898
00-0037740,Garrett Wilson,WR,NYJ,TB,0.008811074974874307,0.29198881126902954,0.8444563650537749,0.9582462442047536,1.2646327036824705,0.1902343237681515,1.429829491192035,66.99325262051342,1.8302667209418217,64.21791687087588,5.2617340733785,0.3777766766404185,0.3055873927153675,0.7097296233231531,3.5652713171394046,242.1194504968462,0.902789405858161,6.394502719666518,255.35131511717196,0.03300651439046672,1.0,18.25,7.0,2025.0,3.0,1,0.2354333101721526,garrett wilson,190.0,0.3448275862068966,-0.10939427603474397
00-0036259,Jauan Jennings,WR,SF,ARI,0.012326481795503002,0.4242036059276048,0.712964494228918,0.7559184826692728,0.7404836094213261,0.2942508825659788,1.6162354132819734,75.42933061344728,-0.3706371218828376,57.96065504330721,4.71046287202736,0.34977824708114663,0.23363450862754429,0.5523175656093605,3.0835140020950593,259.47032543133423,1.0113602405335607,7.998468280474132,273.1973481478859,0.027680720819690183,0.6666666666666666,24.0,-2.5,2025.0,3.0,1,0.23496265530867147,jauan jennings,190.0,0.3448275862068966,-0.1098649308982251
00-0034827,DJ Moore,WR,CHI,DAL,0.010064293110440109,0.3655941085897265,0.736346015485386,0.9057650972322698,2.313456898838597,0.17335564291188396,1.100691976113507,54.665298601466375,1.727228827097434,61.24359374847456,5.697693441962877,0.192833123443414,0.24557335643190648,0.509890220830083,3.654770727982373,281.1115261896437,1.6728349438721037,12.380518455106754,303.66695345512966,0.18396596014230868,0.6666666666666666,24.5,1.5,2025.0,3.0,1,0.23367515181060672,dj moore,195.0,0.3389830508474576,-0.1053078990368509
00-0036554,Nico Collins,WR,HOU,JAX,0.048688585726853834,1.2263319755619793,0.6522654218784358,0.7245709093649793,0.837904843690731,0.789228047498595,1.533397192589952,69.58804480994851,0.29423875031661084,49.44433499971383,3.9985498808060282,0.550962783429348,0.26562778033079826,0.6125696227886451,3.2330036844975587,249.09214976466356,1.2775567329015354,1.5674617646081483,309.526120240255,0.1599843345916856,0.0,21.5,1.5,2025.0,3.0,1,0.23348373854828125,nico collins,130.0,0.43478260869565216,-0.2012988701473709
00-0035676,A.J. Brown,WR,PHI,LA,0.03155103284357594,0.741161092827547,0.5210744950819093,0.9254639430272185,0.7641348225236597,0.3419988198047991,0.8512570760484982,62.876007002070054,1.1826666593722324,44.608432751475846,4.338890391557681,0.3560955817860305,0.30252509688142526,0.6920499204598894,2.9195173936299317,213.5774625033715,0.8291607159652068,5.747307381363946,230.65944650496326,0.4061734849136826,1.0,24.0,-3.5,2025.0,3.0,1,0.23303246447386117,aj brown,185.0,0.3508771929824561,-0.11784472850859495
00-0039901,Keon Coleman,WR,BUF,MIA,0.021414216317933242,0.7787430401722046,0.7668831843957065,0.7399276137752165,0.7182344679062516,0.38274269663316757,1.7340167839663783,84.95574448011764,2.199442632054466,49.20875812131092,3.6252453447543442,0.3519036177009065,0.18714177966973763,0.5131051031010323,2.723420938628441,245.82796745682745,1.3784492362838612,10.757370924887677,185.9366425758777,0.2554361986253772,0.4,31.0,-12.5,2025.0,3.0,1,0.23282282623748848,keon coleman,180.0,0.35714285714285715,-0.12432003090536867
00-0030506,Travis Kelce,TE,KC,NYG,0.015726378687660126,0.512944349343638,0.7533157055924936,0.8354565215746683,1.4127003242836715,0.40137127774157905,1.6081380837550843,43.48977989753652,1.375045750624919,54.64400155939051,4.628847580732113,0.37513364563780155,0.1977461154274181,0.4087883222005764,2.433790169029483,285.1907411190419,1.1987449626151134,11.790662879587133,293.1014035389026,0.4550922902684911,0.3333333333333333,25.75,-6.0,2025.0,3.0,1,0.2324966745951535,travis kelce,140.0,0.4166666666666667,-0.1841699920715132
00-0037240,Jameson Williams,WR,DET,BAL,0.004059512325532052,0.15934354207179194,0.8933259231734911,0.8594224133163034,1.1419447965936838,0.29441605399457904,1.9700877250486624,75.37888069404808,3.7959928600768347,69.76528400799823,3.852632485878171,0.5457868970404542,0.17534400332608377,0.4977449225987117,3.3892252735872743,246.3644205705692,0.7030399766902661,-1.1224292398194406,287.87392074109124,0.48251641339929346,0.75,24.0,4.5,2025.0,3.0,2,0.23128229252110227,jameson williams,220.0,0.3125,-0.08121770747889773
00-0039849,Marvin Harrison Jr.,WR,ARI,SF,0.03907988111100767,1.2247200067408706,0.764685602104247,0.8564961454170663,0.815806965811262,0.5874725107489348,2.017625713461738,72.48780564812733,2.645768938706145,52.638028676047654,3.857336071787274,0.40332324417965537,0.20981064125283388,0.5611458182221112,2.640844774141617,203.44446809490367,1.7747717986570017,4.252473002895718,211.08060722477575,0.5708547430942501,0.4,21.5,2.5,2025.0,3.0,1,0.2292679553606631,marvin harrison,170.0,0.37037037037037035,-0.14110241500970724
00-0034348,Courtland Sutton,WR,DEN,LAC,0.03778388414575333,1.2090328634579566,0.6709339616077806,0.8388348243368924,0.5132980477285695,0.5960440336923685,1.759137887338609,89.73859934917155,0.6024874415135004,50.34749271268796,4.076653594884601,0.5537801382980286,0.21387289178576246,0.6525525260256363,2.9728478426159377,213.31048166505545,0.5954819744602671,-2.249064787097675,263.8781158662501,0.3745236098800593,0.75,21.5,2.5,2025.0,3.0,1,0.22878474480141156,courtland sutton,180.0,0.35714285714285715,-0.1283581123414456
00-0035719,Deebo Samuel Sr.,WR,WAS,LV,0.00023996554413463207,0.006780141404259454,0.4200039276042129,0.813117243197953,3.680642116862846,0.13135887274273328,1.3068538692980924,27.58495936149994,1.8204531133162574,46.10027053019339,5.130506513830686,0.7662044658453829,0.20921129825164747,0.3869141442903781,3.0791221157799806,262.0369125612079,1.2423512170828008,8.547879610507932,262.4630513790614,0.3069095383093826,1.0,24.0,-3.5,2025.0,3.0,2,0.2279623428400508,deebo samuel,195.0,0.3389830508474576,-0.11102070800740682
00-0039338,Brock Bowers,TE,LV,WAS,0.015893996897354053,0.6266700504709601,1.0396984013393582,0.7896720801723119,1.0820492167876503,0.28555603520861916,1.5011474242128995,65.24648261289838,1.445476192679315,66.32545347946251,5.558777176807117,0.1945430563794181,0.23154467062520895,0.4955457730201837,3.056738808689271,227.83630616722328,0.5020428118294664,5.205153438202956,295.4522246493855,0.512071842382608,0.0,20.5,3.5,2025.0,3.0,1,0.22720022334451193,brock bowers,155.0,0.39215686274509803,-0.1649566394005861
00-0037816,Romeo Doubs,WR,GB,CLE,0.025564243598811702,0.6804006978594407,0.6085461713012924,0.740270540274429,0.5548087178114292,0.4892474373099455,2.1344210521566476,78.54399589633451,2.444736801199118,43.69331695357787,3.286714076127952,0.3814851623437604,0.20763904952926251,0.5042953126581391,2.386152741522578,201.18804292848736,1.7576962026941942,9.10118571228429,237.4885250485291,0.5641498023294882,0.75,25.0,-8.5,2025.0,3.0,2,0.22607418768683077,romeo doubs,180.0,0.35714285714285715,-0.13106866945602638
00-0030061,Zach Ertz,TE,WAS,LV,0.011339174406727976,0.3981877328454602,0.4513464041019868,0.751614601738334,1.1618561941235384,0.4053191250199086,1.4646074636452144,39.38507397639862,2.879467165952279,45.06062685563198,4.461040014469299,0.8415534433072595,0.17317399565451025,0.36230722570380075,3.0791221157799806,262.0369125612079,1.2423512170828008,8.547879610507932,262.4630513790614,0.3069095383093826,1.0,24.0,-3.5,2025.0,3.0,1,0.22073578300726593,zach ertz,320.0,0.23809523809523808,-0.017359455087972153
00-0035662,Marquise Brown,WR,KC,NYG,0.0029479705328332583,0.11377922209940902,0.41366231811597404,0.6999313130122652,0.8802252772065557,0.23731835753782005,1.3997373916111147,62.62837205112225,0.6515529979829721,49.22993401637479,5.358769935505296,0.019829818466874823,0.23707353808745057,0.5239900046444207,2.433790169029483,285.1907411190419,1.1987449626151134,11.790662879587133,293.1014035389026,0.4550922902684911,0.3333333333333333,25.75,-6.0,2025.0,3.0,2,0.2198648371778346,marquise brown,190.0,0.3448275862068966,-0.12496274902906199
00-0036040,Juwan Johnson,TE,NO,SEA,0.014037541902684754,0.5287072064252145,0.5567255794338251,0.857901942845236,0.9669533494137444,0.22039043220562057,1.6505343023196872,60.554987659748875,2.2938580011469707,56.260257337872126,5.3449951050994775,0.3547012954420861,0.22018922541400898,0.473531247251257,3.5561498436675603,241.70288821216602,0.8739132322902243,5.634363980187244,218.04955021487123,0.5794048095149831,1.0,17.0,7.5,2025.0,3.0,1,0.21985926758388308,juwan johnson,340.0,0.22727272727272727,-0.007413459688844187
00-0037664,Alec Pierce,WR,IND,TEN,0.029215902044792724,0.9772112066928015,0.9695009160566049,0.8173474985236131,0.6874566772063788,0.4016414585188083,1.5447718688963543,86.43483926761533,2.7266756219906503,55.64196582449076,2.6788926762933714,0.32264132526520906,0.13829446953773672,0.3988394196154338,3.302685558739719,218.74663526875815,1.0886759903544163,6.406556985218197,204.28143932892377,0.3510558904483784,0.3333333333333333,24.0,-4.5,2025.0,3.0,2,0.2188472317550673,alec pierce,350.0,0.2222222222222222,-0.0033749904671549202
00-0038608,Kayshon Boutte,WR,NE,PIT,0.019013378784138314,0.554553415063271,0.9933090718398175,0.7849294874938791,0.8435215098058507,0.24118116632666398,1.3397849931127679,73.09769073853873,4.448998948698721,57.92401607902071,3.768084833837365,0.5223534679823973,0.15592947064503415,0.4366173138925477,2.9730081226384617,265.6659799689118,1.1651392772510214,10.240063821118685,214.99759852719114,0.589045912357535,0.6,21.5,1.5,2025.0,3.0,2,0.21850625765118648,kayshon boutte,300.0,0.25,-0.031493742348813525
00-0036407,Jerry Jeudy,WR,CLE,GB,0.01151873543718919,0.42444899484458,0.8697081235705014,0.9074443023138874,0.6738544433546643,0.24994521570483805,1.1799350180633892,99.60492831272641,-1.0406119839529413,67.7878956658028,5.759674424977295,0.07295175942876175,0.25204171224832395,0.6214815003315727,1.7309161753915232,218.5282963595761,0.9832246364056573,3.474574074470003,215.01235785253246,0.3261428124580465,0.6666666666666666,16.5,8.5,2025.0,3.0,1,0.21826382314600126,jerry jeudy,250.0,0.2857142857142857,-0.06745046256828444
00-0035640,DK Metcalf,WR,PIT,NE,0.01821263506539076,0.6023704884793929,1.092356107410355,0.8973797583643871,1.1384535501826127,0.36458457960441654,1.4534060537934395,58.21087906018063,2.74790765294361,48.505406287156504,3.37288209148223,0.5316616965321704,0.19484747759214913,0.5102164235618734,3.9607754534845534,265.7907832774278,0.9581473650992105,12.348639732784902,286.25352399016214,0.05800530801414254,0.5,23.0,-1.5,2025.0,3.0,1,0.21765124770725203,dk metcalf,155.0,0.39215686274509803,-0.174505615037846
00-0033040,Tyreek Hill,WR,MIA,BUF,0.012968736678964853,0.48357486331406785,1.157952713053083,0.7378918245804176,0.7133551788915984,0.26815389660784195,1.2443611880561634,92.46617853092208,3.1696780770619424,67.75635640700872,4.9606872790125465,0.15368063911157348,0.20874388302132119,0.5993315001893649,2.5233626356800607,194.80807220657482,1.0148232481962065,8.376622928485652,197.87854830615598,0.5105648814225732,0.25,18.5,12.5,2025.0,3.0,1,0.21421199040955274,tyreek hill,175.0,0.36363636363636365,-0.1494243732268109
00-0039065,Sam LaPorta,TE,DET,BAL,0.011406245699799695,0.3829068781588313,0.5270169163653331,0.9052512914921468,1.4904199852866138,0.2780203661210471,1.9691632758645403,39.23193673261269,1.8151230059459937,53.17160591865576,4.8699026676424655,0.22140731861737048,0.19672116058259204,0.4362791742609532,3.3892252735872743,246.3644205705692,0.7030399766902661,-1.1224292398194406,287.87392074109124,0.48251641339929346,0.75,24.0,4.5,2025.0,3.0,1,0.213403790295122,sam laporta,210.0,0.3225806451612903,-0.10917685486616832
00-0034753,Mark Andrews,TE,BAL,DET,0.04220005253739197,1.1179670877737293,0.2948808358961339,0.7326096229129585,1.0293156862523658,0.6098558495535401,2.128566164635971,34.7632635097995,0.6338676088912351,26.119930256822357,2.2235222376066335,0.4576914205551287,0.13925094437347432,0.3014190317698455,3.825318000338281,244.35853096314946,1.2320000444930022,6.179361023510649,308.3628901687074,0.3188732529136597,0.3333333333333333,28.5,-4.5,2025.0,3.0,1,0.21169830495388167,mark andrews,140.0,0.4166666666666667,-0.204968361712785
00-0039894,Xavier Worthy,WR,KC,NYG,0.010473847740852747,0.42527443471147053,0.2391663220736222,0.5589722765548772,3.1915014893629765,0.34228726318880787,1.920900962864209,34.75545081760285,1.7280323899629597,40.818109811713825,4.287709875683849,0.5023051068113573,0.16483018240177527,0.3381380163116588,2.433790169029483,285.1907411190419,1.1987449626151134,11.790662879587133,293.1014035389026,0.4550922902684911,0.3333333333333333,25.75,-6.0,2025.0,3.0,1,0.20954183103337978,xavier worthy,125.0,0.4444444444444444,-0.23490261341106464
00-0037545,Rashid Shaheed,WR,NO,SEA,0.009639905271325846,0.3876915780691306,0.6875807063949966,0.765685094168352,0.6039517715938962,0.3685815710549287,1.6275518402824842,97.61754297452637,-1.0919692800010568,46.784565562880964,3.989245447006078,0.4909430701283301,0.20236023842003567,0.546601495586826,3.5561498436675603,241.70288821216602,0.8739132322902243,5.634363980187244,218.04955021487123,0.5794048095149831,1.0,17.0,7.5,2025.0,3.0,2,0.20944888342172543,rashid shaheed,340.0,0.22727272727272727,-0.01782384385100183
00-0036309,Darnell Mooney,WR,ATL,CAR,0.02879279154642214,0.6067911749786087,0.7230090240180241,0.9032307511712288,0.6374860588157996,0.27347084662121746,1.334532769700957,58.82565810350962,1.2235960957274086,44.48307182677844,2.80004252797767,0.03499103473857749,0.17517306389890805,0.4594491906384374,3.178918405546798,235.240206203497,1.2475762278601545,9.029731868012524,229.7980099867842,0.412524494152715,0.2,24.5,-5.5,2025.0,3.0,2,0.20944375557761086,darnell mooney,260.0,0.2777777777777778,-0.06833402220016693
00-0037239,Chris Olave,WR,NO,SEA,0.02063243212841788,0.7872219010728061,0.27404368865415696,0.7128407310843553,1.002420922640402,0.402945547117055,1.6999060630704612,84.67457962406525,-1.5141131945251451,49.8971684053443,5.0682847110582525,0.03798392601422952,0.23617393984263932,0.5750115187272741,3.5561498436675603,241.70288821216602,0.8739132322902243,5.634363980187244,218.04955021487123,0.5794048095149831,1.0,17.0,7.5,2025.0,3.0,1,0.20858529804161588,chris olave,260.0,0.2777777777777778,-0.06919247973616191
00-0033858,Jonnu Smith,TE,PIT,NE,0.006714017346440608,0.274623889184046,0.12805047569256114,0.5940442936296484,5.740228320327685,0.36673927020809705,1.5274084684606946,16.20280489740625,1.5686400960536349,37.34512754198352,5.46042712151323,0.5782912979782032,0.1968109812890758,0.3408983676949645,3.9607754534845534,265.7907832774278,0.9581473650992105,12.348639732784902,286.25352399016214,0.05800530801414254,0.5,23.0,-1.5,2025.0,3.0,1,0.20802329315857096,jonnu smith,310.0,0.24390243902439024,-0.03587914586581928
00-0034351,Dallas Goedert,TE,PHI,LA,0.01766339440659356,0.37036812983688133,0.1590368693371819,0.6313896697250856,1.2174860332975317,0.2503077124258056,0.9849096279600804,34.23954091607915,2.3056633619243776,43.40086946391283,4.7444491741400325,0.20232657684160252,0.23986791300935162,0.5036329739778875,2.9195173936299317,213.5774625033715,0.8291607159652068,5.747307381363946,230.65944650496326,0.4061734849136826,1.0,24.0,-3.5,2025.0,3.0,1,0.20665384627741465,dallas goedert,300.0,0.25,-0.04334615372258535
00-0034837,Calvin Ridley,WR,TEN,IND,0.010735292346708655,0.3502562019079582,1.4118829128780679,0.8345541610439664,0.6891853967042839,0.22137692144091844,0.7973909872637307,83.9903108231451,1.9821005170587749,57.81138551293331,3.6289702164904885,0.08178574157218046,0.2254422805913579,0.5721640122821009,2.306222028143563,210.98015331404417,1.3847033220606133,5.758191881437528,200.34894812274328,0.47111374735255923,0.3333333333333333,19.5,4.5,2025.0,3.0,1,0.20482061596330817,calvin ridley,215.0,0.31746031746031744,-0.11263970149700928
00-0038997,Josh Downs,WR,IND,TEN,0.014186729791163479,0.49455788065490575,0.2644280231390347,0.6041867257725146,0.8794584476358577,0.24048678413288832,1.4759202080351128,43.45508642200998,1.6727034235688398,46.662054509113005,4.915888636497158,0.11144634058952814,0.22185879013278081,0.4244613177616786,3.302685558739719,218.74663526875815,1.0886759903544163,6.406556985218197,204.28143932892377,0.3510558904483784,0.3333333333333333,24.0,-4.5,2025.0,3.0,3,0.20450663396590352,josh downs,285.0,0.2597402597402597,-0.0552336257743562
00-0036613,Jaylen Waddle,WR,MIA,BUF,0.02365402574986163,0.7945226786149904,0.6851512027645302,0.7537405031013743,0.8063769948880989,0.35745008602187006,1.3757459951086335,71.7185090212087,1.6321681318414178,51.05485241399954,4.283738989031365,0.34799912288057466,0.17435023914834152,0.46222251353069777,2.5233626356800607,194.80807220657482,1.0148232481962065,8.376622928485652,197.87854830615598,0.5105648814225732,0.25,18.5,12.5,2025.0,3.0,2,0.20387959232061398,jaylen waddle,185.0,0.3508771929824561,-0.14699760066184214
00-0033908,Cooper Kupp,WR,SEA,NO,0.004952782204132622,0.13923810510909546,0.317875590017298,0.7991100129050819,1.0405140633879344,0.09926676460654825,1.1436554715873648,42.985532198198214,0.1077331550936091,48.44333664174088,3.93678497394626,0.1055863262135704,0.20600236401228156,0.45016996658441366,2.407534651129448,231.9923422062492,1.1474359596436583,9.783358481835723,248.91679247395217,0.4503978134916653,0.4,24.5,-7.5,2025.0,3.0,2,0.20078285426074718,cooper kupp,210.0,0.3225806451612903,-0.12179779090054313
00-0031588,Stefon Diggs,WR,NE,PIT,0.0051852633462664425,0.16666889973155177,0.31812810814735676,0.6002425784085823,0.8946687927880161,0.13550610796720958,1.5152605529122682,63.25884661876712,2.0033690956882637,52.81514071986448,5.159681484971209,0.12184270438801159,0.2286317297550824,0.5375929733799822,2.9730081226384617,265.6659799689118,1.1651392772510214,10.240063821118685,214.99759852719114,0.589045912357535,0.6,21.5,1.5,2025.0,3.0,1,0.20035717386786964,stefon diggs,240.0,0.29411764705882354,-0.0937604731909539
00-0038979,Cedric Tillman,WR,CLE,GB,0.019082696386166123,0.8828727541423477,0.6999082431400723,0.8270510495017299,0.5932195532749518,0.35887256879210977,1.2853197397261393,73.46780864604875,-0.8985214008883528,40.38520085691854,3.403820063194254,0.6326983737419061,0.1733423310420666,0.41296576011375,1.7309161753915232,218.5282963595761,0.9832246364056573,3.474574074470003,215.01235785253246,0.3261428124580465,0.6666666666666666,16.5,8.5,2025.0,3.0,2,0.20012054759715667,cedric tillman,340.0,0.22727272727272727,-0.027152179675570598
00-0038933,Dalton Kincaid,TE,BUF,MIA,0.017614155523652815,0.5794388467049535,0.32190839960529827,0.47849363825247176,0.8801625596046957,0.3084603270598203,1.8210349074301642,36.54027534999363,0.6276764732999853,35.80361366009819,3.592691982274125,0.2390372165799883,0.17906578742994306,0.37602392220577047,2.723420938628441,245.82796745682745,1.3784492362838612,10.757370924887677,185.9366425758777,0.2554361986253772,0.4,31.0,-12.5,2025.0,3.0,1,0.199971552568607,dalton kincaid,255.0,0.28169014084507044,-0.08171858827646344
00-0040170,Elic Ayomanor,WR,TEN,IND,0.017825311942959,0.5882352941176471,0.5882352941176471,0.7547058823529411,0.5176560326647822,0.2064705882352941,0.7782352941176471,95.3529411764706,3.0563452352516305,38.29411764705882,3.1764705882352944,0.5882352941176471,0.229146110056926,0.6062590647661915,2.306222028143563,210.98015331404417,1.3847033220606133,5.758191881437528,200.34894812274328,0.47111374735255923,0.3333333333333333,19.5,4.5,2025.0,3.0,2,0.19974307189879456,elic ayomanor,320.0,0.23809523809523808,-0.03835216619644352
00-0037261,Khalil Shakir,WR,BUF,MIA,0.006284554304509295,0.19963904270001137,0.37548906656125747,0.6153713998571528,0.9578417199159412,0.21670339444815345,1.7709223202179607,48.652190403088845,0.5610432821908894,37.47806856240065,3.5747990239287826,0.1255682950866356,0.18259415445926497,0.39336046724107476,2.723420938628441,245.82796745682745,1.3784492362838612,10.757370924887677,185.9366425758777,0.2554361986253772,0.4,31.0,-12.5,2025.0,3.0,2,0.19899948598919603,khalil shakir,240.0,0.29411764705882354,-0.0951181610696275
00-0033885,David Njoku,TE,CLE,GB,0.01705141322897967,0.7351716949158111,0.5018076550514374,0.8139238730674175,0.9513347169620703,0.33228326993530594,1.2466044666815903,54.79040934254805,-2.625561239984803,44.887539636831285,5.198937974937204,0.20908513092717132,0.20436881596527587,0.43632539994609715,1.7309161753915232,218.5282963595761,0.9832246364056573,3.474574074470003,215.01235785253246,0.3261428124580465,0.6666666666666666,16.5,8.5,2025.0,3.0,1,0.19898276859233183,david njoku,390.0,0.20408163265306123,-0.005098864060729402
00-0038393,Dontayvion Wicks,WR,GB,CLE,0.002951288317897771,0.0936061744611483,0.059246453064085575,0.5834137699846054,0.8730682778068418,0.39855443956849385,1.973137893819954,66.04828850230776,1.7999447310391328,36.19364951432106,3.385871891553248,0.07888963001938522,0.1809324395375243,0.41943998572099817,2.386152741522578,201.18804292848736,1.7576962026941942,9.10118571228429,237.4885250485291,0.5641498023294882,0.75,25.0,-8.5,2025.0,3.0,3,0.19881598293985056,dontayvion wicks,255.0,0.28169014084507044,-0.08287415790521988
00-0034775,Christian Kirk,WR,HOU,JAX,0.01740317478793442,0.4602847719352012,1.124802271493492,0.6513127573393265,0.7169195858447253,0.2591259553884242,1.860820722251687,78.03954827989699,0.5519456118703175,50.05388752074562,2.8257729690342264,0.07794983425999169,0.1757261042662742,0.46733060524801984,3.2330036844975587,249.09214976466356,1.2775567329015354,1.5674617646081483,309.526120240255,0.1599843345916856,0.0,21.5,1.5,2025.0,3.0,2,0.1983853982750504,christian kirk,340.0,0.22727272727272727,-0.028887328997676875
00-0038129,Cade Otton,TE,TB,NYJ,0.008586122838456415,0.2822211021035046,0.3055812955811608,0.9084931515808765,1.1339354363735223,0.2409094674017745,1.4992889160174891,29.579835663481628,0.3742420339826932,27.755467184277283,2.5557988618481424,0.050764743856371454,0.1354105665813302,0.2826402523374527,2.8792460203842394,217.20381121029115,0.9079972935425729,9.150112936299884,184.37134302914276,0.4921976049140071,0.75,25.25,-7.0,2025.0,3.0,1,0.19475459125769246,cade otton,270.0,0.2702702702702703,-0.07551567901257783
00-0033090,Hunter Henry,TE,NE,PIT,0.024776360842673224,0.7058637232671413,0.22435934262281648,0.8175872780471153,0.7716923951313486,0.3618173483242249,1.4044692791539906,47.38216172232802,0.5628260380837856,31.598249017095164,2.7503613490694985,0.10801753269337538,0.16813903902011468,0.3800602819899635,2.9730081226384617,265.6659799689118,1.1651392772510214,10.240063821118685,214.99759852719114,0.589045912357535,0.6,21.5,1.5,2025.0,3.0,1,0.19433510526619618,hunter henry,310.0,0.24390243902439024,-0.049567333758194054
00-0038041,Jake Ferguson,TE,DAL,CHI,0.00438697252036297,0.14919045822264346,0.12888472334468146,0.6826600628310814,1.1507156746717553,0.1403044946809392,1.7402756688162235,39.25678309343779,-0.8291804347563189,39.64493152912369,5.316779857144412,0.0002985725013699645,0.18776830173511694,0.36922721270454223,3.45487248745295,244.65498468423627,1.7421214731800538,9.658071814998499,200.89151992546925,0.4221677605614388,0.75,26.0,-1.5,2025.0,3.0,1,0.19393063415193834,jake ferguson,220.0,0.3125,-0.11856936584806166
00-0030564,DeAndre Hopkins,WR,BAL,DET,0.018423299938429456,0.613278966708431,0.9061446412135937,0.3698289672819063,0.8242282393130582,0.40046699977487393,2.3529243555487045,54.776958671925605,2.967916375242383,42.13165059692759,2.7707422279045035,0.5957684618227954,0.11236677902282076,0.32117759140747976,3.825318000338281,244.35853096314946,1.2320000444930022,6.179361023510649,308.3628901687074,0.3188732529136597,0.3333333333333333,28.5,-4.5,2025.0,3.0,3,0.1938363222823468,deandre hopkins,350.0,0.2222222222222222,-0.02838589993987542
00-0038976,Marvin Mims Jr.,WR,DEN,LAC,0.01844017976372541,0.577852615175862,0.802383807802479,0.39247151753502685,0.9505694767305422,0.27656744534692385,1.7575972267253552,22.846139337572463,3.8729042099616295,39.29912748270873,3.497069883761162,0.602493704656889,0.12251319694968645,0.2698069927723877,2.9728478426159377,213.31048166505545,0.5954819744602671,-2.249064787097675,263.8781158662501,0.3745236098800593,0.75,21.5,2.5,2025.0,3.0,3,0.19319863920270344,marvin mims,310.0,0.24390243902439024,-0.050703799821686796
00-0038563,Tre Tucker,WR,LV,WAS,0.019066636235900478,0.7170994427920002,0.5539171672039206,0.8932474847922557,0.46622816304019105,0.29828784851095147,1.5010186879079839,68.20831370878224,-1.2468776447100167,28.83763218195598,2.529091596221205,0.34014859769677497,0.14241064032900166,0.36922956921781075,3.056738808689271,227.83630616722328,0.5020428118294664,5.205153438202956,295.4522246493855,0.512071842382608,0.0,20.5,3.5,2025.0,3.0,2,0.1931127704640323,tre tucker,350.0,0.2222222222222222,-0.029109451758189908
00-0036550,Rashod Bateman,WR,BAL,DET,0.014124468429784707,0.3770833133887813,0.4574121590985554,0.658292662266175,0.6064574577975209,0.23346170041936498,2.1403309853938612,47.56333421336938,0.5508509013142685,29.179126268947655,2.41649573578965,0.3323862127915409,0.1730834950017496,0.39891101065159607,3.825318000338281,244.35853096314946,1.2320000444930022,6.179361023510649,308.3628901687074,0.3188732529136597,0.3333333333333333,28.5,-4.5,2025.0,3.0,2,0.19308607882898385,rashod bateman,220.0,0.3125,-0.11941392117101615
00-0036626,Dyami Brown,WR,JAX,HOU,0.014978315173670596,0.6226237560909095,0.3692319120824252,0.6412128101671469,1.3458703078762022,0.33827577892104016,2.2579803195215,43.187000939419406,2.2674085874318557,41.4544906673707,3.57429990147117,0.3029890520874189,0.13933037237913198,0.32421300761486127,3.349521896313593,230.827565735838,0.9934937154562653,8.372756031823586,264.47437748659956,0.5112968436812407,0.5,23.0,-1.5,2025.0,3.0,3,0.19287906824572096,dyami brown,370.0,0.2127659574468085,-0.019886889201087554
00-0037837,Calvin Austin III,WR,PIT,NE,0.008781785601485672,0.2674049315959529,0.9167378945932126,0.7627634386525569,0.5339626820045579,0.1732111277241348,1.2086410417961273,64.15194475689974,0.8220154419371037,35.528438245355446,2.2941019779053202,0.25910151971332435,0.14245986465462934,0.4627356146134327,3.9607754534845534,265.7907832774278,0.9581473650992105,12.348639732784902,286.25352399016214,0.05800530801414254,0.5,23.0,-1.5,2025.0,3.0,2,0.19213208105603055,calvin austin,340.0,0.22727272727272727,-0.035140646216696714
00-0030035,Adam Thielen,WR,MIN,CIN,0.01202866011777431,0.35712041643421094,0.5235853988887952,0.730706091457205,0.5661500479843755,0.21788925930380687,1.3099078838226752,55.52607184430993,2.9451125513268424,39.810265980006044,3.159541772824189,0.21194654291226855,0.16402002230808033,0.3908168947428158,2.6456741870669225,244.69897399737843,1.0062402046854033,3.6119887771090062,250.58040755744986,0.27040917220777794,0.0,22.25,-3.0,2025.0,3.0,3,0.19204854759656098,adam thielen,450.0,0.18181818181818182,0.010230365778379158
00-0039342,Xavier Legette,WR,CAR,ATL,0.024317954583187452,1.0835777933731985,0.15007010989096342,0.7131015613716561,0.2565705995774783,0.46372761359825004,2.0110840803197605,61.19579882065324,-3.8839799755780606,16.29887428371939,2.556830789022997,0.02682980927205836,0.19360667009866728,0.4247197424099098,2.32236250631193,202.7506062851912,0.9514137512215605,5.310292797663825,269.1631996698634,0.3820508916263106,0.75,19.0,5.5,2025.0,3.0,2,0.19202232815682888,xavier legette,340.0,0.22727272727272727,-0.03525039911589839
00-0036970,Kyle Pitts,TE,ATL,CAR,0.007381883705544293,0.24043753662220613,0.13321139588961148,0.6437749258578953,1.7509897709402116,0.14937448076770826,1.5306505469511758,30.058781325026064,1.0743396538404992,34.86054374531544,3.8427718795993435,0.1095773430078584,0.17086013665723646,0.3555595834512243,3.178918405546798,235.240206203497,1.2475762278601545,9.029731868012524,229.7980099867842,0.412524494152715,0.2,24.5,-5.5,2025.0,3.0,1,0.19156944995924294,kyle pitts,245.0,0.2898550724637681,-0.09828562250452519
00-0036894,Pat Freiermuth,TE,PIT,NE,0.01593946009681214,0.503852702919856,0.42268159488156076,0.594387382914872,1.1954739498042708,0.24923149489473986,1.2088308883498315,36.08430281745311,0.16966491099722564,41.42298619935948,4.217823422889753,0.2693869671161226,0.17855576704650167,0.3946190051251719,3.9607754534845534,265.7907832774278,0.9581473650992105,12.348639732784902,286.25352399016214,0.05800530801414254,0.5,23.0,-1.5,2025.0,3.0,2,0.19141824392317133,pat freiermuth,350.0,0.2222222222222222,-0.030803978299050877
00-0034521,Allen Lazard,WR,NYJ,TB,0.0031426195874444496,0.1261519999996658,0.46293638857748026,0.827789374747487,0.8955348760394362,0.13968980151452864,2.2101260148634543,46.68805666413376,1.6847422036653623,37.542413938048796,2.176975560268407,0.37818829848171054,0.10583992478088661,0.30526741176104866,3.5652713171394046,242.1194504968462,0.902789405858161,6.394502719666518,255.35131511717196,0.03300651439046672,1.0,18.25,7.0,2025.0,3.0,5,0.18840755743827256,allen lazard,425.0,0.19047619047619047,-0.002068633037917905
00-0037291,Jalen Nailor,WR,MIN,CIN,0.004856705243823678,0.18195800643491844,0.5770337460956574,0.732796466974569,0.8634937255644167,0.18175727834113023,1.9943476642388018,46.97219386308744,0.13712696987615725,33.580047462893056,2.314797234873217,0.14071050931182624,0.14555649909090723,0.3526680422804845,2.6456741870669225,244.69897399737843,1.0062402046854033,3.6119887771090062,250.58040755744986,0.27040917220777794,0.0,22.25,-3.0,2025.0,3.0,2,0.18816745239821003,jalen nailor,330.0,0.23255813953488372,-0.044390687136673684
00-0031236,Brandin Cooks,WR,NO,SEA,0.01640604399866758,0.564262269030231,0.4901239669327629,0.6992306039993658,0.9016595096394096,0.3145977134330152,1.906916117649368,44.795458576948384,-0.17348282975540696,27.910977005285716,2.6991982712696605,0.07667319849084227,0.1385283357543012,0.3320155694863143,3.5561498436675603,241.70288821216602,0.8739132322902243,5.634363980187244,218.04955021487123,0.5794048095149831,1.0,17.0,7.5,2025.0,3.0,3,0.18767283409120833,brandin cooks,650.0,0.13333333333333333,0.054339500757875
00-0039868,Troy Franklin,WR,DEN,LAC,0.0021934056337555054,0.07242879851113283,0.3696967348812407,0.5587896795391951,0.7715218101497336,0.22696603533083057,1.7590931028669137,40.25445610763566,0.9884209362046427,42.59065214654977,4.103039003689974,0.3207233435660403,0.16828906717212144,0.40737604601694266,2.9728478426159377,213.31048166505545,0.5954819744602671,-2.249064787097675,263.8781158662501,0.3745236098800593,0.75,21.5,2.5,2025.0,3.0,2,0.18755201526681764,troy franklin,270.0,0.2702702702702703,-0.08271825500345265
00-0034270,Tyler Conklin,TE,LAC,DEN,0.006502407307365756,0.23781428570571633,0.5731731590455637,0.5747131515950674,1.7405854043095261,0.20732472322202175,2.2847653491927207,25.416384365284163,1.7720247495702806,38.38141710829925,3.3450223759822912,0.37758041072791637,0.1171401128011755,0.24802250941907525,2.5351764397861496,243.182616683115,0.45088529080194006,6.826193173818093,279.2994793720019,0.08604602025414061,0.2,24.0,-2.5,2025.0,3.0,2,0.18654410234429344,tyler conklin,600.0,0.14285714285714285,0.043686959487150595
00-0035208,Olamide Zaccheaus,WR,CHI,DAL,0.009455752775990851,0.3222163321487157,0.3763697241661602,0.522668260976479,1.3349383373882555,0.1977994860228789,1.4591517664894975,55.165416867394654,-0.30575596816605327,37.26151085081299,3.289750412757127,0.17512128183003944,0.17186439571237808,0.3904771696315879,3.654770727982373,281.1115261896437,1.6728349438721037,12.380518455106754,303.66695345512966,0.18396596014230868,0.6666666666666666,24.5,1.5,2025.0,3.0,3,0.1850792009367277,olamide zaccheaus,370.0,0.2127659574468085,-0.027686756510080818
00-0040718,Travis Hunter,WR,JAX,HOU,0.014005602240896354,0.5882352941176471,0.0,0.6105882352941175,0.6616816218012629,0.3552941176470588,2.8323529411764707,41.94117647058823,-5.002661943203434,26.52941176470588,4.235294117647059,0.0,0.19967347746499772,0.4158767301899668,3.349521896313593,230.827565735838,0.9934937154562653,8.372756031823586,264.47437748659956,0.5112968436812407,0.5,23.0,-1.5,2025.0,3.0,2,0.18473035513487185,travis hunter,225.0,0.3076923076923077,-0.12296195255743586
00-0040663,Harold Fannin Jr.,TE,CLE,GB,0.0,0.0,1.0,0.6670588235294117,1.4448466566113625,0.06294117647058824,1.157058823529412,42.64705882352941,1.1279901207102847,54.17647058823529,5.823529411764706,0.0,0.15997130559540884,0.34421789353640136,1.7309161753915232,218.5282963595761,0.9832246364056573,3.474574074470003,215.01235785253246,0.3261428124580465,0.6666666666666666,16.5,8.5,2025.0,3.0,2,0.18416454482566186,harold fannin,425.0,0.19047619047619047,-0.006311645650528608
00-0038104,Tyquan Thornton,WR,KC,NYG,0.01856656426602177,0.5842198929935319,0.5125564132648994,0.5316068038570263,0.35800810934647576,0.188633534657623,1.0196967694760317,88.20296242641427,0.10029404520062926,32.30084471393274,1.6281996792604956,0.30105700314256056,0.11229817920987867,0.39099918562512037,2.433790169029483,285.1907411190419,1.1987449626151134,11.790662879587133,293.1014035389026,0.4550922902684911,0.3333333333333333,25.75,-6.0,2025.0,3.0,3,0.18303068317879942,tyquan thornton,310.0,0.24390243902439024,-0.06087175584559082
00-0034829,Mike Gesicki,TE,CIN,MIN,0.012836173489881343,0.38004329506008344,0.048587380542921214,0.47370930183214294,0.8985912954734909,0.48767607197797347,2.5377611194873357,40.283210798955785,-0.21415883148756512,34.132923103597626,4.001784497510672,0.00874357090019188,0.1357568663286982,0.3126237394286469,1.9675327422325182,204.07505266624693,0.6069819352179632,0.5994744373114015,219.64281685337448,0.07452471957457124,0.6,19.25,3.0,2025.0,3.0,1,0.18294632702587124,mike gesicki,400.0,0.2,-0.01705367297412877
00-0033591,Noah Brown,WR,WAS,LV,0.007876146051286007,0.2428960240313366,0.08374056027120852,0.5305730589577868,0.5286763892862711,0.16482757615196156,1.2889607707160342,55.78125007597298,-0.37642068708455584,27.503198014298768,2.4014695644969484,0.026501244640510603,0.14455575184073693,0.37831465744674725,3.0791221157799806,262.0369125612079,1.2423512170828008,8.547879610507932,262.4630513790614,0.3069095383093826,1.0,24.0,-3.5,2025.0,3.0,3,0.18234940985619108,noah brown,500.0,0.16666666666666666,0.015682743189524423
00-0035644,Noah Fant,TE,CIN,MIN,0.01154276595023881,0.2875578032850028,0.47288368045287316,0.4859274222428966,3.5575197038037003,0.23957261509555666,1.7439320571834716,21.095146334366216,0.4518921520669656,35.449594111265405,3.642271199675952,0.35700479245106653,0.16678946174440049,0.30569597938334625,1.9675327422325182,204.07505266624693,0.6069819352179632,0.5994744373114015,219.64281685337448,0.07452471957457124,0.6,19.25,3.0,2025.0,3.0,2,0.18225836564737702,noah fant,500.0,0.16666666666666666,0.015591698980710361
00-0038935,Brenton Strange,TE,JAX,HOU,0.0009785254932863866,0.03860212583467868,0.4243139633625272,0.7478233225066535,1.0657777839675346,0.10935396229132807,2.0075187065707087,28.10644589736128,2.4395460750303064,33.92603587769883,3.2126692059867312,0.00653080963519651,0.1196399214318616,0.25527183908463,3.349521896313593,230.827565735838,0.9934937154562653,8.372756031823586,264.47437748659956,0.5112968436812407,0.5,23.0,-1.5,2025.0,3.0,1,0.18159058615032336,brenton strange,350.0,0.2222222222222222,-0.04063163607189885
00-0039356,Ja'Tavion Sanders,TE,CAR,ATL,0.006457819914204213,0.32546341722032,0.23182904880681093,0.5832393327016324,0.9271842599184378,0.23592270487498862,1.9911537289595158,36.82731376476052,1.6116758842131682,32.04395685850425,3.4110369567982675,0.02476389838409418,0.11383116752332315,0.25325818955440416,2.32236250631193,202.7506062851912,0.9514137512215605,5.310292797663825,269.1631996698634,0.3820508916263106,0.75,19.0,5.5,2025.0,3.0,1,0.18064021677775652,jatavion sanders,400.0,0.2,-0.019359783222243493
00-0039847,Theo Johnson,TE,NYG,KC,0.00017114334028782308,0.0059900169100738235,0.20268558265269856,0.8346583335920166,1.0355185842568235,0.08575187212602685,1.6049276930781797,27.224802857064564,0.4163151457394229,31.27867980277523,3.160561713029872,0.05091430364961729,0.13560011484425594,0.2681855565546811,3.002142722845786,220.7320846225701,1.4166911375993896,8.191704374595512,238.5564512422925,0.10538074985146975,0.125,19.75,6.0,2025.0,3.0,1,0.18020283254575314,theo johnson,425.0,0.19047619047619047,-0.010273357930437321
00-0035229,T.J. Hockenson,TE,MIN,CIN,0.005095223811938528,0.19092663027387585,0.1742182398417991,0.7245696404116393,0.786802290439536,0.1278213824413921,2.0041970128879893,37.80847671638697,-1.2493100048411916,25.679648711525264,2.6550073613023595,0.002516743092599933,0.17369025163970386,0.3632059566151365,2.6456741870669225,244.69897399737843,1.0062402046854033,3.6119887771090062,250.58040755744986,0.27040917220777794,0.0,22.25,-3.0,2025.0,3.0,1,0.1801527369865969,tj hockenson,280.0,0.2631578947368421,-0.0830051577502452
00-0040581,Dont'e Thornton Jr.,WR,LV,WAS,0.0,0.0,1.0,0.7235294117647059,0.29733893557422963,0.20176470588235296,1.4988235294117647,102.94117647058823,0.5786975328913232,30.294117647058826,1.411764705882353,0.0,0.1046304356837872,0.38787348857722725,3.056738808689271,227.83630616722328,0.5020428118294664,5.205153438202956,295.4522246493855,0.512071842382608,0.0,20.5,3.5,2025.0,3.0,3,0.18008764299235008,donte thornton,360.0,0.21739130434782608,-0.037303661355476
00-0034983,Hunter Renfrow,WR,CAR,ATL,0.01639374552085894,0.9010782373713149,0.10907442867519676,0.5601645225299824,0.8309818144046879,0.4296830394544993,1.7315283394494874,38.64374161658665,0.4175583233631523,24.704780985904378,3.2441410877718893,0.3015571768737618,0.1324650649424382,0.2894566386338043,2.32236250631193,202.7506062851912,0.9514137512215605,5.310292797663825,269.1631996698634,0.3820508916263106,0.75,19.0,5.5,2025.0,3.0,3,0.17957291031299388,hunter renfrow,370.0,0.2127659574468085,-0.03319304713381463
00-0032385,Sterling Shepard,WR,TB,NYJ,0.002202764243506422,0.06876118737376177,0.1906891821732204,0.6102644657221704,0.8302951955861271,0.08030479321254122,1.5937562650213186,41.29847857865796,1.2911167661907355,29.469178678499276,2.7438665894015117,0.003271952392153376,0.12482342016782512,0.2838702311930118,2.8792460203842394,217.20381121029115,0.9079972935425729,9.150112936299884,184.37134302914276,0.4921976049140071,0.75,25.25,-7.0,2025.0,3.0,4,0.1794261611975637,sterling shepard,215.0,0.31746031746031744,-0.13803415626275375
00-0034407,Ray-Ray McCloud,WR,ATL,CAR,0.014662884162220688,0.30917248611046877,0.473956321838704,0.6179431596035935,1.2574955790061786,0.10716658068286981,1.5302547089681084,34.863796160812235,0.16521211977939046,31.502657587457673,2.1973774297139754,0.008476710471040325,0.12778901762791733,0.2888995285237977,3.178918405546798,235.240206203497,1.2475762278601545,9.029731868012524,229.7980099867842,0.412524494152715,0.2,24.5,-5.5,2025.0,3.0,3,0.1788439793229077,rayray mccloud,450.0,0.18181818181818182,-0.0029742024952741364
00-0034383,Dalton Schultz,TE,HOU,JAX,0.0037911326804643776,0.14719643630757398,0.12522417666805002,0.6345832034237998,1.1205394227985024,0.08317597805964214,1.5482195235301965,29.49123169803131,0.9568938811167428,29.796453152848876,3.0735313719009167,0.1074419941514452,0.16953446717510778,0.3463424512807444,3.2330036844975587,249.09214976466356,1.2775567329015354,1.5674617646081483,309.526120240255,0.1599843345916856,0.0,21.5,1.5,2025.0,3.0,1,0.1772273135069607,dalton schultz,295.0,0.25316455696202533,-0.07593724345506464
00-0038606,Parker Washington,WR,JAX,HOU,0.005603684361633185,0.13942086876204537,0.8360743036146121,0.5288258481039205,1.0773482275071682,0.15877484403041212,1.7696973383976515,34.356727924424106,2.9329215745701043,39.04703793313727,2.99734133632466,0.27506592802732016,0.10500958321509488,0.24721685116210348,3.349521896313593,230.827565735838,0.9934937154562653,8.372756031823586,264.47437748659956,0.5112968436812407,0.5,23.0,-1.5,2025.0,3.0,4,0.17471576334620603,parker washington,650.0,0.13333333333333333,0.0413824300128727
00-0033282,Curtis Samuel,WR,BUF,MIA,0.001450143255409817,0.037907759521342524,0.09214772083415926,0.5067299993604542,8.59022792839223,0.18026321317887448,1.9656335688960083,7.730396919608503,-0.695726886398273,25.176449690348853,3.2946150346298664,0.07285831451540772,0.13490532019691445,0.22415961669670173,2.723420938628441,245.82796745682745,1.3784492362838612,10.757370924887677,185.9366425758777,0.2554361986253772,0.4,31.0,-12.5,2025.0,3.0,6,0.17256685571710914,curtis samuel,750.0,0.11764705882352941,0.05491979689357973
00-0038621,DeMario Douglas,WR,NE,PIT,0.022586556803507234,0.7948048086179736,0.18533545175672717,0.5567908062763454,1.03699145257561,0.3315650705933791,1.3388668684834477,21.59315606090229,0.3584533307601874,19.47573575403216,2.5216966572420683,0.36623171507662317,0.1274093261142988,0.25164757651721337,2.9730081226384617,265.6659799689118,1.1651392772510214,10.240063821118685,214.99759852719114,0.589045912357535,0.6,21.5,1.5,2025.0,3.0,4,0.17176554692888404,demario douglas,450.0,0.18181818181818182,-0.010052634889297779
00-0032392,Austin Hooper,TE,NE,PIT,0.002258415957142185,0.0799968438890657,0.4717133439765925,0.5344186242976527,1.8285284987430068,0.08036475267511904,1.3405680664658215,22.282536473101878,0.8908984003790046,30.025144685053657,2.8476229730387423,0.06142535384363522,0.12075944104591305,0.26663598625679663,2.9730081226384617,265.6659799689118,1.1651392772510214,10.240063821118685,214.99759852719114,0.589045912357535,0.6,21.5,1.5,2025.0,3.0,2,0.1716643502099845,austin hooper,700.0,0.125,0.046664350209984495
00-0033881,Evan Engram,TE,DEN,LAC,0.0010329165359760609,0.03622893536670521,0.056167750113950615,0.5618116091328496,1.539363498100889,0.04163803586004414,1.4023210713965077,22.689567816239958,0.3298717970302527,26.840844780276438,3.5507164048924635,0.03306573493537777,0.16216529740057295,0.30944579197835176,2.9728478426159377,213.31048166505545,0.5954819744602671,-2.249064787097675,263.8781158662501,0.3745236098800593,0.75,21.5,2.5,2025.0,3.0,1,0.17006274027044158,evan engram,275.0,0.26666666666666666,-0.09660392639622509
00-0033110,Tyler Higbee,TE,LA,PHI,0.0036011591019925577,0.11542181314498641,0.3589462075707024,0.5934346580982374,1.3421756020955184,0.23859101382707631,1.820839753064634,4.581266594672158,1.6035090436217097,26.191498367798136,2.868653108629001,0.23133644848595686,0.10680297669904824,0.17997159531810436,2.0838006093126427,179.6525696146404,0.9564926010401154,-2.4692825243399605,265.46633586148016,0.14730047888725403,0.4285714285714285,20.5,3.5,2025.0,3.0,1,0.16903753138930439,tyler higbee,400.0,0.2,-0.030962468610695626
00-0037666,Jalen Tolbert,WR,DAL,CHI,0.014442308785658713,0.4706843861964415,0.4757439206151958,0.6000997802783818,0.7497232321227113,0.20701539817784756,1.7464269151877982,29.40603936256723,1.23608840141707,26.81078485499928,2.104581136662214,0.25197138908921,0.10020572808947122,0.22835248841402214,3.45487248745295,244.65498468423627,1.7421214731800538,9.658071814998499,200.89151992546925,0.4221677605614388,0.75,26.0,-1.5,2025.0,3.0,3,0.16821369824834168,jalen tolbert,450.0,0.18181818181818182,-0.013604483569840148
00-0038619,Andrei Iosivas,WR,CIN,MIN,0.004984986459108454,0.16034628665810427,0.33413177441929354,0.8037026824839828,0.6745971078812069,0.226249539196052,2.839549520200531,42.634074279541295,-1.9336121573077587,26.124222945607617,1.9989440686186404,0.15328389264592895,0.0961733419825221,0.2437076741253336,1.9675327422325182,204.07505266624693,0.6069819352179632,0.5994744373114015,219.64281685337448,0.07452471957457124,0.6,19.25,3.0,2025.0,3.0,3,0.16818469125874583,andrei iosivas,600.0,0.14285714285714285,0.02532754840160298
00-0036182,Nick Westbrook-Ikhine,WR,MIA,BUF,0.008451554444758293,0.27980124111458815,0.06070133675500968,0.6387127888489058,0.7178261303591624,0.1005118519165223,0.8835412279942679,36.53054344233278,0.3731405148584197,24.992077446735657,2.1964099756805404,0.14129537881352422,0.1319591577516004,0.29437803775395105,2.5233626356800607,194.80807220657482,1.0148232481962065,8.376622928485652,197.87854830615598,0.5105648814225732,0.25,18.5,12.5,2025.0,3.0,4,0.1676166254406326,nick westbrookikhine,800.0,0.1111111111111111,0.0565055143295215
00-0037801,KaVontae Turpin,WR,DAL,CHI,0.010091367385141155,0.4315766596019444,0.19282300502456082,0.3359937134024875,1.4460571710105028,0.18315720762118495,1.7380646263523243,27.352033584489867,2.8031191411144207,31.383769367833345,2.470135198141047,0.31317140385497166,0.0872772440550596,0.20330533483975302,3.45487248745295,244.65498468423627,1.7421214731800538,9.658071814998499,200.89151992546925,0.4221677605614388,0.75,26.0,-1.5,2025.0,3.0,4,0.16660602397447788,kavontae turpin,425.0,0.19047619047619047,-0.023870166501712586
00-0035535,Darius Slayton,WR,NYG,KC,0.011068714476134906,0.4455378737355062,0.5480645715695047,0.9064750892767672,0.7082308935161975,0.14444674827861895,1.8715765827437667,33.05777877370011,0.8469960824346845,27.513257591340828,1.0884715465921173,0.10693416309997847,0.07092543363443433,0.19240418280144692,3.002142722845786,220.7320846225701,1.4166911375993896,8.191704374595512,238.5564512422925,0.10538074985146975,0.125,19.75,6.0,2025.0,3.0,3,0.16651601132123675,darius slayton,380.0,0.20833333333333334,-0.04181732201209659
00-0038465,Malik Heath,WR,GB,CLE,0.01168951040813671,0.32880921078294006,0.5108318455234961,0.3931361136014038,1.0578432068067805,0.16783530661676177,1.7711303794674453,26.750461836119566,1.9433328791663338,27.213378790782265,1.7486750581955024,0.2587956838807119,0.08735556153576053,0.1994047845869714,2.386152741522578,201.18804292848736,1.7576962026941942,9.10118571228429,237.4885250485291,0.5641498023294882,0.75,25.0,-8.5,2025.0,3.0,5,0.1659584825285216,malik heath,700.0,0.125,0.040958482528521606
00-0037741,Jahan Dotson,WR,PHI,LA,0.003534694592198849,0.11134495151696469,0.2400957630465769,0.5200584479243588,0.7106678447988964,0.05953899814478268,0.8706120779986264,29.284357075921925,0.880028057039167,29.56728882628587,2.1987618788739214,0.0002273947173241625,0.10692875056194222,0.27569228499594006,2.9195173936299317,213.5774625033715,0.8291607159652068,5.747307381363946,230.65944650496326,0.4061734849136826,1.0,24.0,-3.5,2025.0,3.0,3,0.16547341978549787,jahan dotson,850.0,0.10526315789473684,0.060210261890761035
00-0039793,AJ Barner,TE,SEA,NO,0.007855742554540524,0.25048269919057603,0.008494017145744305,0.670341459802997,1.2237772985050273,0.3174809907169337,1.2604987316508647,5.144813282677798,-0.44838545573887706,17.224221314330997,2.144242261631918,0.5885986292350581,0.10205426898341109,0.17071627857354071,2.407534651129448,231.9923422062492,1.1474359596436583,9.783358481835723,248.91679247395217,0.4503978134916653,0.4,24.5,-7.5,2025.0,3.0,1,0.16459973410973422,aj barner,360.0,0.21739130434782608,-0.05279157023809186
00-0035689,Dawson Knox,TE,BUF,MIA,0.0003562811778886402,0.01043200367911181,0.1677623412831147,0.5792996430898781,2.259288732212479,0.13222939387623883,1.771872470017507,15.876633116702864,-0.019517581605471443,20.371770735923583,1.823993624447182,0.005280239368657049,0.11334525991225602,0.22494413196159585,2.723420938628441,245.82796745682745,1.3784492362838612,10.757370924887677,185.9366425758777,0.2554361986253772,0.4,31.0,-12.5,2025.0,3.0,2,0.16346980947407314,dawson knox,500.0,0.16666666666666666,-0.003196857192593522
00-0039880,Malik Washington,WR,MIA,BUF,0.0021255933814913323,0.07227017497070544,0.19807927548093346,0.6212459809262154,0.7968507381880198,0.06799367508366695,1.2333472790876645,25.77075705635933,-0.4279757833658754,21.314193494779662,2.3142229368657463,0.00850251381512852,0.11726889657395895,0.2585305622727514,2.5233626356800607,194.80807220657482,1.0148232481962065,8.376622928485652,197.87854830615598,0.5105648814225732,0.25,18.5,12.5,2025.0,3.0,3,0.16203313712555226,malik washington,500.0,0.16666666666666666,-0.004633529541114401
00-0033555,Mack Hollins,WR,NE,PIT,0.016372910135825876,0.3899982916245087,0.15244568590639287,0.6711775321059334,0.6368374785067388,0.2786386005803228,1.6739059860644891,24.050550000517376,1.5214060915026086,16.32601923905325,1.6538901946900144,0.37187275281712745,0.08661137355220164,0.20231539334087414,2.9730081226384617,265.6659799689118,1.1651392772510214,10.240063821118685,214.99759852719114,0.589045912357535,0.6,21.5,1.5,2025.0,3.0,3,0.16166767602039595,mack hollins,550.0,0.15384615384615385,0.00782152217424209
00-0039424,Devaughn Vele,WR,NO,SEA,0.021773790801444898,0.7801345187136227,0.2247396752165351,0.4116527784378197,0.9551884568038879,0.41006571116753876,1.9415227181863903,20.398580972379904,1.983674460264341,20.169906457118678,1.8244569789141554,0.5336697118831588,0.07079135688076403,0.17542314100363857,3.5561498436675603,241.70288821216602,0.8739132322902243,5.634363980187244,218.04955021487123,0.5794048095149831,1.0,17.0,7.5,2025.0,3.0,4,0.16156483114996292,devaughn vele,800.0,0.1111111111111111,0.05045372003885182
00-0036980,Elijah Moore,WR,BUF,MIA,0.0045277644712250365,0.19707535947316052,0.5208543875518789,0.5428691863435793,1.2111259451654084,0.07071371114520902,1.336350067273839,33.20234221958591,-1.1921081719189508,22.95034503501361,1.8466817155010165,0.31247636214389213,0.09209349726920336,0.22933412093689842,2.723420938628441,245.82796745682745,1.3784492362838612,10.757370924887677,185.9366425758777,0.2554361986253772,0.4,31.0,-12.5,2025.0,3.0,4,0.16142311736980355,elijah moore,1000.0,0.09090909090909091,0.07051402646071264
00-0036290,Cole Kmet,TE,CHI,DAL,0.001983930160261651,0.07701655347066771,0.5573765338002075,0.9194988933862638,0.982136396661424,0.0504314998240286,1.0201722465395335,21.022128894826952,0.6952408354225204,20.237978803603006,1.6142975371512664,0.07790573776675004,0.07150161834837196,0.1601458149274057,3.654770727982373,281.1115261896437,1.6728349438721037,12.380518455106754,303.66695345512966,0.18396596014230868,0.6666666666666666,24.5,1.5,2025.0,3.0,1,0.16141917503563172,cole kmet,400.0,0.2,-0.03858082496436829
00-0037086,Grant Calcaterra,TE,PHI,LA,0.0034381829161440978,0.0722790699181454,0.27811720051273375,0.7196966392596368,0.8499710414237339,0.06650613381421096,1.0690816052693184,15.001726703947856,0.09338250207363626,14.182863187072856,1.3550209956259804,0.07203966101287555,0.09188672569517732,0.19113767543509014,2.9195173936299317,213.5774625033715,0.8291607159652068,5.747307381363946,230.65944650496326,0.4061734849136826,1.0,24.0,-3.5,2025.0,3.0,2,0.16079894132787015,grant calcaterra,400.0,0.2,-0.03920105867212986
00-0038618,Xavier Hutchinson,WR,HOU,JAX,0.006366060765708173,0.18159715922483177,0.5101910318597972,0.6135189421390006,0.8265377842678255,0.10655508140241816,1.58897573861789,26.253924957010337,0.20029019495350256,19.762812707617588,1.578592899637739,0.0,0.09044819553016292,0.22068793399372438,3.2330036844975587,249.09214976466356,1.2775567329015354,1.5674617646081483,309.526120240255,0.1599843345916856,0.0,21.5,1.5,2025.0,3.0,4,0.16014551430418958,xavier hutchinson,500.0,0.16666666666666666,-0.006521152362477078
00-0038492,Jason Brownlee,WR,KC,NYG,0.00924634006744279,0.3606072626302694,0.176697558688832,0.6032447441491471,0.4788503840467347,0.20528289639753347,1.277462046085608,14.028055245032634,-0.7660605293983567,7.668674047095309,0.6502470159749016,0.12368829108218239,0.04460097406904035,0.12263877549603323,2.433790169029483,285.1907411190419,1.1987449626151134,11.790662879587133,293.1014035389026,0.4550922902684911,0.3333333333333333,25.75,-6.0,2025.0,3.0,6,0.15849893630448733,jason brownlee,1200.0,0.07692307692307693,0.0815758593814104
00-0036427,Tyler Johnson,WR,NYJ,TB,0.00905498776937591,0.28040594761418625,0.4152933573257542,0.6036895420398752,0.7784390660792178,0.13626409670885445,1.2061570620100233,21.066077795301748,0.24786502876678468,16.992186106681014,1.5168882560747539,0.14990771242345072,0.0859011589882922,0.20426352829526803,3.5652713171394046,242.1194504968462,0.902789405858161,6.394502719666518,255.35131511717196,0.03300651439046672,1.0,18.25,7.0,2025.0,3.0,3,0.15836188187703318,tyler johnson,800.0,0.1111111111111111,0.04725077076592207
00-0037005,Tommy Tremble,TE,CAR,ATL,0.004914306908794048,0.1719842348281895,0.04592147915830109,0.5514950368074498,1.179093981784181,0.10894929716627641,2.1755485152781118,14.134299574251012,1.4025369777021164,19.13882528162345,2.2249737682055457,0.1981746900472129,0.07071415008172126,0.13760677271080846,2.32236250631193,202.7506062851912,0.9514137512215605,5.310292797663825,269.1631996698634,0.3820508916263106,0.75,19.0,5.5,2025.0,3.0,2,0.157722850064337,tommy tremble,750.0,0.11764705882352941,0.040075791240807596
00-0040667,Matthew Golden,WR,GB,CLE,0.018975332068311174,0.5882352941176471,0.0,0.5447058823529412,0.6588235294117647,0.17470588235294118,2.7464705882352938,51.76470588235294,-1.2013876543530977,6.588235294117647,0.8235294117647058,0.0,0.08100613982966919,0.21464931396103348,2.386152741522578,201.18804292848736,1.7576962026941942,9.10118571228429,237.4885250485291,0.5641498023294882,0.75,25.0,-8.5,2025.0,3.0,1,0.157566827440504,matthew golden,225.0,0.3076923076923077,-0.15012548025180372
00-0040130,Jayden Higgins,WR,HOU,JAX,0.0,0.0,1.0,0.43,4.371040723981901,0.008235294117647058,1.397058823529412,23.764705882352942,-0.1963827533866552,29.647058823529413,1.411764705882353,0.0,0.07132708155726057,0.20257798071394684,3.2330036844975587,249.09214976466356,1.2775567329015354,1.5674617646081483,309.526120240255,0.1599843345916856,0.0,21.5,1.5,2025.0,3.0,3,0.1574959628911204,jayden higgins,360.0,0.21739130434782608,-0.05989534145670569
00-0039066,Michael Mayer,TE,LV,WAS,2.585026157569004e-05,0.0006979570625436318,0.03558289872830415,0.5841199968047315,1.495701529019193,0.054048320707944304,1.5060257391395435,13.754704486890613,1.0665949874663982,18.947040184233384,2.548254469715035,0.003604900263475044,0.08208079806850127,0.15388525316056434,3.056738808689271,227.83630616722328,0.5020428118294664,5.205153438202956,295.4522246493855,0.512071842382608,0.0,20.5,3.5,2025.0,3.0,2,0.15725091801472285,michael mayer,425.0,0.19047619047619047,-0.033225272461467614
00-0034159,Will Dissly,TE,LAC,DEN,0.005044137958554458,0.16429453677421108,0.0819931807369574,0.5043564783388322,2.273447029268424,0.12058678677059116,1.6821505082999408,9.914441492318613,0.9548265464695469,20.98964309528705,2.073107472238999,0.17240445666396884,0.07831930565292945,0.1441771908225869,2.5351764397861496,243.182616683115,0.45088529080194006,6.826193173818093,279.2994793720019,0.08604602025414061,0.2,24.0,-2.5,2025.0,3.0,1,0.15705541813587337,will dissly,500.0,0.16666666666666666,-0.009611248530793287
00-0033943,Josh Reynolds,WR,NYJ,TB,0.010123263591884854,0.3113581383742086,0.11554461499859929,0.6437415689257573,0.4504454426450746,0.1324272958512852,0.8373532321669995,25.03001276138604,0.018050265531614273,13.874980731838274,1.2409860572961005,0.07662823133659047,0.09374270201292557,0.22280984866813167,3.5652713171394046,242.1194504968462,0.902789405858161,6.394502719666518,255.35131511717196,0.03300651439046672,1.0,18.25,7.0,2025.0,3.0,2,0.15702261474434318,josh reynolds,550.0,0.15384615384615385,0.0031764608981893205
00-0034386,Justin Watson,WR,HOU,JAX,0.017941861444916635,0.5193944306468818,0.10473203230949475,0.5538770462623739,0.6787672608346147,0.19079236277105188,1.5006261244848975,29.291073440190008,0.41950229067420075,15.391555116926067,1.2537638937758089,0.13873617734464713,0.08380129517634922,0.23300013659753274,3.2330036844975587,249.09214976466356,1.2775567329015354,1.5674617646081483,309.526120240255,0.1599843345916856,0.0,21.5,1.5,2025.0,3.0,5,0.1569557862722806,justin watson,900.0,0.1,0.056955786272280595
00-0033589,David Moore,WR,CAR,ATL,0.006829710838462833,0.2032284578641495,0.1279938645313231,0.4937209889612312,0.4426231258777352,0.15858228578658073,1.1612994607709153,30.24726526158576,0.8871381470571574,15.497094586313017,1.2433721899028893,0.3379846633746347,0.07792443782893504,0.19316569501669947,2.32236250631193,202.7506062851912,0.9514137512215605,5.310292797663825,269.1631996698634,0.3820508916263106,0.75,19.0,5.5,2025.0,3.0,5,0.15680471376673094,david moore,1600.0,0.058823529411764705,0.09798118435496624
00-0039792,Devontez Walker,WR,BAL,DET,0.03496467321017738,0.9830240821160678,0.5882352941176471,0.1966442953020134,0.5882352941176471,0.45850769838136596,2.2711014607185156,31.737070667193052,2.9183566970478614,14.326885116462693,0.9830240821160678,0.5882352941176471,0.07080348918090724,0.2073534011487964,3.825318000338281,244.35853096314946,1.2320000444930022,6.179361023510649,308.3628901687074,0.3188732529136597,0.3333333333333333,28.5,-4.5,2025.0,3.0,5,0.1564656468967606,devontez walker,450.0,0.18181818181818182,-0.025352534921421227
00-0040648,Tory Horton,WR,SEA,NO,0.0,0.0,0.5882352941176471,0.45764705882352946,0.23827252419955325,0.22941176470588237,0.911764705882353,46.470588235294116,1.1056720773237483,18.823529411764707,1.1764705882352942,0.5882352941176471,0.07843137254901959,0.2403995560488346,2.407534651129448,231.9923422062492,1.1474359596436583,9.783358481835723,248.91679247395217,0.4503978134916653,0.4,24.5,-7.5,2025.0,3.0,3,0.15634043094366826,tory horton,340.0,0.22727272727272727,-0.07093229632905901
00-0036422,Adam Trautman,TE,DEN,LAC,0.012471995799647757,0.3827912503900222,0.027683289703207384,0.549934031763141,1.4882983589484082,0.2178997049283533,1.6938082809183428,8.00637842559584,0.4502295965971323,8.3860534006366,1.6142728816880645,0.38104223934535913,0.0644017074748977,0.12585423757606284,2.9728478426159377,213.31048166505545,0.5954819744602671,-2.249064787097675,263.8781158662501,0.3745236098800593,0.75,21.5,2.5,2025.0,3.0,2,0.15628431105679783,adam trautman,475.0,0.17391304347826086,-0.01762873242146304
00-0037475,Stone Smartt,TE,NYJ,TB,6.450006751241708e-05,0.002421720326233088,0.39576614684662725,0.39266923280302934,1.3389804471854396,0.051432402463902196,1.4709662411407627,24.99324883265689,1.3025790366062822,29.785719779847195,2.4683901336666447,0.001424541368372404,0.08518287123447443,0.18834644057708375,3.5652713171394046,242.1194504968462,0.902789405858161,6.394502719666518,255.35131511717196,0.03300651439046672,1.0,18.25,7.0,2025.0,3.0,3,0.1560832613770453,stone smartt,2000.0,0.047619047619047616,0.1084642137579977
00-0033375,Tim Patrick,WR,JAX,HOU,0.011930724281284694,0.5101205048409087,0.07860681728069727,0.49139343823775716,0.614374594713775,0.26200663395493773,2.619873785695984,18.70537615803478,0.33448444811142536,11.901822499903206,1.3025903402555379,0.12306352863262823,0.05572638156847011,0.13724928299168745,3.349521896313593,230.827565735838,0.9934937154562653,8.372756031823586,264.47437748659956,0.5112968436812407,0.5,23.0,-1.5,2025.0,3.0,5,0.1559788505700696,tim patrick,700.0,0.125,0.030978850570069605
00-0035249,Josh Oliver,TE,MIN,CIN,0.0023834954704057346,0.07930610239132534,0.18401871853482799,0.49430272757178945,0.7392333475329571,0.04313564228703981,2.1697165957286297,8.691193374361179,0.2595032499719272,12.707711259813122,1.2949768815544158,0.05105290076862759,0.05925014687245554,0.10684215710711176,2.6456741870669225,244.69897399737843,1.0062402046854033,3.6119887771090062,250.58040755744986,0.27040917220777794,0.0,22.25,-3.0,2025.0,3.0,2,0.15546266969574118,josh oliver,850.0,0.10526315789473684,0.05019951180100435
00-0033857,JuJu Smith-Schuster,WR,KC,NYG,0.0003837748908648386,0.013171550204562229,0.058839330956233074,0.6818409514264622,1.3248416330315294,0.03856105825429785,1.2844460670408844,17.325393524064562,0.30385194502551427,18.95199862274768,1.9743636583690862,0.05685938818364919,0.09503056031613252,0.19302595909389494,2.433790169029483,285.1907411190419,1.1987449626151134,11.790662879587133,293.1014035389026,0.4550922902684911,0.3333333333333333,25.75,-6.0,2025.0,3.0,4,0.1553042304669416,juju smithschuster,320.0,0.23809523809523808,-0.08279100762829647
00-0036754,Brock Wright,TE,DET,BAL,0.0051136645803595985,0.19743136550015125,0.001060808629047818,0.5155605273189829,3.452564648427378,0.17979440422482904,1.947711725911523,5.321410266906779,1.141298527143655,12.521514790071278,1.3400053993461065,0.3763101981335701,0.05294042786244662,0.0957086945462546,3.3892252735872743,246.3644205705692,0.7030399766902661,-1.1224292398194406,287.87392074109124,0.48251641339929346,0.75,24.0,4.5,2025.0,3.0,2,0.15522484549604418,brock wright,850.0,0.10526315789473684,0.04996168760130734
00-0039394,Casey Washington,WR,ATL,CAR,0.0,0.0,0.0,0.4657534246575343,1.1963470319634704,0.06757990867579909,0.9894520547945206,56.42465753424657,1.3947865897454705,18.200913242009133,1.593607305936073,0.0,0.08246857762682036,0.26733413626490204,3.178918405546798,235.240206203497,1.2475762278601545,9.029731868012524,229.7980099867842,0.412524494152715,0.2,24.5,-5.5,2025.0,3.0,4,0.15515663526346585,casey washington,1000.0,0.09090909090909091,0.06424754435437494
00-0039050,Payne Durham,TE,TB,NYJ,0.007835414378201483,0.25073326010244745,0.14715800665178194,0.431181630045157,0.4231157989770805,0.13622822743371876,1.403415264959393,11.917601649712108,0.8139982484068559,9.5399001077981,0.9345919836228471,0.25073326010244745,0.041678847730265686,0.09135047663502657,2.8792460203842394,217.20381121029115,0.9079972935425729,9.150112936299884,184.37134302914276,0.4921976049140071,0.75,25.25,-7.0,2025.0,3.0,2,0.15486344193770124,payne durham,1100.0,0.08333333333333333,0.07153010860436791
00-0038824,Ryan Miller,WR,TB,NYJ,0.016619966135213007,0.6038405945613518,0.4646621463544646,0.30173518975853736,0.8869989935956775,0.23315538117777165,1.7530543615416918,20.424288506782084,1.0780832154523443,13.249007155905707,1.013967344232802,0.4286706218451281,0.049194744842913196,0.12528465280706683,2.8792460203842394,217.20381121029115,0.9079972935425729,9.150112936299884,184.37134302914276,0.4921976049140071,0.75,25.25,-7.0,2025.0,3.0,6,0.15472856346735125,ryan miller,650.0,0.13333333333333333,0.021395230134017923
00-0040736,Mason Taylor,TE,NYJ,TB,0.0,0.0,0.4117647058823529,0.7858823529411764,0.8251633986928104,0.05529411764705883,0.7182352941176471,12.11764705882353,0.5504132720970494,11.176470588235295,1.0,0.0,0.07563025210084032,0.16329684206144265,3.5652713171394046,242.1194504968462,0.902789405858161,6.394502719666518,255.35131511717196,0.03300651439046672,1.0,18.25,7.0,2025.0,3.0,1,0.15455567819846416,mason taylor,500.0,0.16666666666666666,-0.012110988468202494
00-0036637,Noah Gray,TE,KC,NYG,0.0030331770256645883,0.11798761758740249,0.07416193540218656,0.4818367845740589,0.5345600678844384,0.0837040671619867,1.3087222988337228,21.14285646560052,-1.0039349683235272,7.857776267059836,1.34651130721298,0.07994565223392466,0.09105862104727551,0.185252221880535,2.433790169029483,285.1907411190419,1.1987449626151134,11.790662879587133,293.1014035389026,0.4550922902684911,0.3333333333333333,25.75,-6.0,2025.0,3.0,2,0.15441603751331506,noah gray,450.0,0.18181818181818182,-0.02740214430486676
00-0036630,Tylan Wallace,WR,BAL,DET,0.010344866774495915,0.300001136460382,0.034588937029358904,0.4235571285698095,0.8546633937654374,0.14090714497468482,1.9153037005290272,8.204706447560985,1.1517762920906336,11.860837010776207,0.9986536412071284,0.31729560497506143,0.043131801129406094,0.08558089398533984,3.825318000338281,244.35853096314946,1.2320000444930022,6.179361023510649,308.3628901687074,0.3188732529136597,0.3333333333333333,28.5,-4.5,2025.0,3.0,4,0.15431747233141638,tylan wallace,600.0,0.14285714285714285,0.011460329474273528
00-0039890,Adonai Mitchell,WR,IND,TEN,0.008056587570009856,0.27541878082059573,0.09860895532657227,0.2487563833079169,0.552267154632364,0.1835228181101445,1.4850310328966827,52.300964943337306,0.3373683140120729,17.453869840130952,1.451971716079915,0.0,0.0899211661195676,0.264068901694416,3.302685558739719,218.74663526875815,1.0886759903544163,6.406556985218197,204.28143932892377,0.3510558904483784,0.3333333333333333,24.0,-4.5,2025.0,3.0,4,0.1538278110706195,adonai mitchell,600.0,0.14285714285714285,0.010970668213476642
00-0034854,KhaDarel Hodge,WR,ATL,CAR,0.011356525317158136,0.44750952180490533,0.26073981893991965,0.3737614450508773,0.8476882119759542,0.17009081093475456,1.2907539690401189,25.221087498191746,0.4144200306002548,10.181331575633747,0.61040780035553,0.024713051838690027,0.046269869528343284,0.11705655194994566,3.178918405546798,235.240206203497,1.2475762278601545,9.029731868012524,229.7980099867842,0.412524494152715,0.2,24.5,-5.5,2025.0,3.0,5,0.15337675052984323,khadarel hodge,1400.0,0.06666666666666667,0.08671008386317657
00-0037614,John Metchie III,WR,PHI,LA,0.004304501850328568,0.13928956963026543,0.17286699456714552,0.32490970089592225,0.35672560629236383,0.11807298124966494,0.9324978052075054,18.314276146599404,-0.4125565538846205,13.172472397718114,1.5929187615533762,0.017296026661101995,0.08836546782196736,0.18521074030332066,2.9195173936299317,213.5774625033715,0.8291607159652068,5.747307381363946,230.65944650496326,0.4061734849136826,1.0,24.0,-3.5,2025.0,3.0,5,0.152882308751107,john metchie,1700.0,0.05555555555555555,0.09732675319555145
00-0033757,Robert Tonyan,TE,KC,NYG,0.018895762366016387,0.3039679359225696,0.22004448015014796,0.39068925962860024,0.7651037555199209,0.1693687156689144,1.4859800992813332,20.01485821210865,0.3520886819822833,12.326298015213958,0.978642914897447,0.0029561310750452485,0.06647336332540708,0.1555920456339967,2.433790169029483,285.1907411190419,1.1987449626151134,11.790662879587133,293.1014035389026,0.4550922902684911,0.3333333333333333,25.75,-6.0,2025.0,3.0,3,0.15266041136499414,robert tonyan,1200.0,0.07692307692307693,0.07573733444191721
00-0039074,Davis Allen,TE,LA,PHI,0.008875178675470833,0.28152499004477655,0.002916362238589083,0.3636663559153068,0.7111002475635553,0.2291431417567953,1.8282501411363825,13.178328268390842,0.491303231597411,7.564252718205485,0.8665174564745235,0.5146168930599104,0.04487207428400756,0.10763769642107365,2.0838006093126427,179.6525696146404,0.9564926010401154,-2.4692825243399605,265.46633586148016,0.14730047888725403,0.4285714285714285,20.5,3.5,2025.0,3.0,3,0.1524275714841108,davis allen,900.0,0.1,0.052427571484110785
00-0040705,Chimere Dike,WR,TEN,IND,0.017825311942959,0.5882352941176471,0.0,0.32117647058823534,-0.015479876160990705,0.1947058823529412,0.7782352941176471,30.58823529411765,-2.1866183123861322,-0.5882352941176471,1.1764705882352942,0.0,0.11134724857685006,0.25940573378638776,2.306222028143563,210.98015331404417,1.3847033220606133,5.758191881437528,200.34894812274328,0.47111374735255923,0.3333333333333333,19.5,4.5,2025.0,3.0,4,0.15215628804778317,chimere dike,550.0,0.15384615384615385,-0.0016898657983706877
00-0032394,Nick Vannett,TE,MIN,CIN,0.0034686914309685593,0.1114859582398643,0.024881124978918232,0.34381809043319084,0.8128203478077226,0.12671632691477644,0.8733413816431866,1.03485188484276,0.7887754843213761,12.964742584005794,1.3106741771095285,0.24329146129650564,0.05094355166750663,0.079290239914466,2.6456741870669225,244.69897399737843,1.0062402046854033,3.6119887771090062,250.58040755744986,0.27040917220777794,0.0,22.25,-3.0,2025.0,3.0,4,0.1521438862695422,nick vannett,3000.0,0.03225806451612903,0.11988582175341317
00-0040669,Isaac TeSlaa,WR,DET,BAL,0.010558069381598775,0.4117647058823529,0.5882352941176471,0.18705882352941175,1.0435729847494555,0.15882352941176472,1.9464705882352942,21.23529411764706,2.245860533145092,22.411764705882355,1.0,0.4117647058823529,0.03184431667403802,0.11132992018223818,3.3892252735872743,246.3644205705692,0.7030399766902661,-1.1224292398194406,287.87392074109124,0.48251641339929346,0.75,24.0,4.5,2025.0,3.0,4,0.15149190785295452,isaac teslaa,450.0,0.18181818181818182,-0.0303262739652273
00-0036415,Van Jefferson,WR,TEN,IND,0.002687441759846701,0.07196581816732159,0.17141656836702396,0.5247196865919105,0.7695297643224706,0.06962789574969676,0.966949279552958,18.06891416589768,0.16868172436570625,13.39979734189788,1.7179099556269986,0.05635589745101619,0.08384920771932183,0.1834606654904835,2.306222028143563,210.98015331404417,1.3847033220606133,5.758191881437528,200.34894812274328,0.47111374735255923,0.3333333333333333,19.5,4.5,2025.0,3.0,5,0.15132683702212762,van jefferson,950.0,0.09523809523809523,0.05608874178403239
00-0036534,Shane Zylstra,TE,DET,BAL,0.005773024242910503,0.2346216946416846,0.30293510828593617,0.30720521838950143,1.1297170959444232,0.1070787330162601,1.2542102990101853,6.966195382639675,0.3632206041353972,10.411530767942196,0.9442583503631228,0.08495924380572635,0.03821463377691202,0.07727408009449208,3.3892252735872743,246.3644205705692,0.7030399766902661,-1.1224292398194406,287.87392074109124,0.48251641339929346,0.75,24.0,4.5,2025.0,3.0,3,0.1512995390291659,shane zylstra,1100.0,0.08333333333333333,0.06796620569583257
00-0032211,Tyler Lockett,WR,TEN,IND,0.002156348569653237,0.06994338835313228,0.07681998721938745,0.5804481593559488,0.654569218469229,0.07756066510871311,1.0719101792642673,25.370701990560732,-0.14910468133243598,13.679131044422912,1.6183001600689022,0.011755511435099732,0.0939992203005511,0.2278092825305137,2.306222028143563,210.98015331404417,1.3847033220606133,5.758191881437528,200.34894812274328,0.47111374735255923,0.3333333333333333,19.5,4.5,2025.0,3.0,3,0.15117700052082295,tyler lockett,650.0,0.13333333333333333,0.017843667187489615
00-0038839,Mitchell Tinsley,WR,CIN,MIN,0.0222222222222222,1.0,0.0,0.14,1.0,0.27,2.41,13.0,1.734047771722544,13.0,1.0,1.0,0.0232558139534883,0.0601614987080103,1.9675327422325182,204.07505266624693,0.6069819352179632,0.5994744373114015,219.64281685337448,0.07452471957457124,0.6,19.25,3.0,2025.0,3.0,4,0.15104500262223108,mitchell tinsley,1200.0,0.07692307692307693,0.07412192569915416
00-0037277,Teagan Quitoriano,TE,ATL,CAR,0.0032867669710523024,0.10066532847259632,0.5205029191697708,0.4290343471130307,2.425772626188572,0.05971700007147221,1.185990662001042,15.70154337978902,0.8794552429106066,18.193322288559816,0.8928607689017863,0.06434465947057712,0.0435957094687797,0.10076126157070682,3.178918405546798,235.240206203497,1.2475762278601545,9.029731868012524,229.7980099867842,0.412524494152715,0.2,24.5,-5.5,2025.0,3.0,3,0.15026353510059567,teagan quitoriano,1700.0,0.05555555555555555,0.09470797954504012
00-0038679,Tyrell Shavers,WR,BUF,MIA,0.0,0.0,0.4117647058823529,0.251764705882353,0.0,0.0058823529411764705,1.4170588235294117,13.882352941176471,1.9327082332388004,28.41176470588235,0.4117647058823529,0.4117647058823529,0.062309368191721115,0.16114587118758325,2.723420938628441,245.82796745682745,1.3784492362838612,10.757370924887677,185.9366425758777,0.2554361986253772,0.4,31.0,-12.5,2025.0,3.0,5,0.1502169179502705,tyrell shavers,900.0,0.1,0.0502169179502705
00-0033217,Mo Alie-Cox,TE,IND,TEN,0.004242471541066469,0.1680556468769182,0.22664111253735697,0.41240556401586836,2.355299115047361,0.10040106402652961,1.4993229433386546,8.972663643602997,0.22347286141548173,10.029992287676428,0.8324926313625041,0.009715099962126635,0.04898232517420495,0.09509466210206259,3.302685558739719,218.74663526875815,1.0886759903544163,6.406556985218197,204.28143932892377,0.3510558904483784,0.3333333333333333,24.0,-4.5,2025.0,3.0,2,0.1498404730235982,mo aliecox,800.0,0.1111111111111111,0.038729361912487104
00-0039623,Mason Tipton,WR,NO,SEA,0.0,0.0,0.0,0.6065237725329522,0.3816276525674686,0.03379014193825037,0.9875976323916635,33.88830995689471,-1.3896023954370569,8.812720883118036,1.183615851927659,0.0,0.08306656274883988,0.21567994994419665,3.5561498436675603,241.70288821216602,0.8739132322902243,5.634363980187244,218.04955021487123,0.5794048095149831,1.0,17.0,7.5,2025.0,3.0,5,0.14961546424513403,mason tipton,1800.0,0.05263157894736842,0.09698388529776561
00-0040134,Pat Bryant,WR,DEN,LAC,0.0,0.0,0.0,0.24,2.25,0.02,2.2,8.0,2.1824397174059413,18.0,2.0,0.0,0.1,0.1880952380952381,2.9728478426159377,213.31048166505545,0.5954819744602671,-2.249064787097675,263.8781158662501,0.3745236098800593,0.75,21.5,2.5,2025.0,3.0,4,0.1492443594028504,pat bryant,850.0,0.10526315789473684,0.04398120150811358
00-0038752,Jake Bobo,WR,SEA,NO,0.011120733401335101,0.3002532243410374,0.00040219077772014254,0.29224683162347587,0.9671405245223276,0.13873027688282322,1.419281541401959,6.146837906536312,0.6430711242604195,5.546671499908909,0.8632539944861861,0.30049262361348983,0.03022613702431971,0.06353455643396635,2.407534651129448,231.9923422062492,1.1474359596436583,9.783358481835723,248.91679247395217,0.4503978134916653,0.4,24.5,-7.5,2025.0,3.0,4,0.148865497602752,jake bobo,950.0,0.09523809523809523,0.05362740236465677
00-0036628,John Bates,TE,WAS,LV,4.749640195012496e-05,0.0016989529577177056,0.02473871362338743,0.3853613313873651,1.3321741564367438,0.025581707099375788,1.7257445179296407,12.048122191109387,-0.001799843245166495,6.003620420279409,0.5340661424692901,1.4072459561935788e-05,0.032908656520746045,0.07774181731002405,3.0791221157799806,262.0369125612079,1.2423512170828008,8.547879610507932,262.4630513790614,0.3069095383093826,1.0,24.0,-3.5,2025.0,3.0,2,0.14832768627770512,john bates,3000.0,0.03225806451612903,0.11606962176157609
00-0040727,Tre Harris,WR,LAC,DEN,0.0,0.0,0.5882352941176471,0.21529411764705883,1.5308823529411766,0.033529411764705884,1.5105882352941176,20.88235294117647,1.2183095219517954,24.529411764705884,1.5882352941176472,0.0,0.07747020376778159,0.17442120058025065,2.5351764397861496,243.182616683115,0.45088529080194006,6.826193173818093,279.2994793720019,0.08604602025414061,0.2,24.0,-2.5,2025.0,3.0,4,0.14828082143638077,tre harris,750.0,0.11764705882352941,0.030633762612851362
00-0039912,Ben Sinnott,TE,WAS,LV,0.0,0.0,0.0,0.28540509178528933,1.3016261577587371,0.030192380662346783,1.1644906379409248,3.5147376300441624,0.11058968114996304,5.494641126613422,0.8806390911319666,0.053505484718082884,0.028650574802697698,0.053276620285757914,3.0791221157799806,262.0369125612079,1.2423512170828008,8.547879610507932,262.4630513790614,0.3069095383093826,1.0,24.0,-3.5,2025.0,3.0,3,0.1480054559983761,ben sinnott,2500.0,0.038461538461538464,0.10954391753683765
00-0031484,Chris Manhertz,TE,NYG,KC,0.0040341873009673915,0.1058067665480858,0.0014290030141846037,0.39479822959553185,2.9253149595283467,0.0590843773689745,0.6247423044095854,2.622284985299378,0.671510525856524,7.658352350509555,0.6289980222164644,0.10290482685789598,0.0271268023538351,0.051880591278337565,3.002142722845786,220.7320846225701,1.4166911375993896,8.191704374595512,238.5564512422925,0.10538074985146975,0.125,19.75,6.0,0.0,0.0,4,0.14791731876128844,chris manhertz,1400.0,0.06666666666666667,0.08125065209462178
00-0036849,Tutu Atwell,WR,LA,PHI,6.692506192244215e-06,0.00021194482971452925,0.2615247788050255,0.4033713789497906,0.5577685358764514,0.019880294378126665,1.7942697506615655,24.38742898447779,-0.37575657938318197,13.776862756470722,1.5225932304154026,0.00010455947510522136,0.07893149825930995,0.20442982996255266,2.0838006093126427,179.6525696146404,0.9564926010401154,-2.4692825243399605,265.46633586148016,0.14730047888725403,0.4285714285714285,20.5,3.5,2025.0,3.0,4,0.1476146875314435,tutu atwell,550.0,0.15384615384615385,-0.00623146631471036
00-0033246,Johnny Mundt,TE,JAX,HOU,0.003197259487962587,0.10159130857340268,0.010596464118772792,0.3335578888362572,2.4971220744033316,0.07639379456763064,1.6854302478960006,0.4128662388341728,0.02200343245701033,4.710017618358258,0.561954998252507,0.07718411312031216,0.03428398648198211,0.05232223379855511,3.349521896313593,230.827565735838,0.9934937154562653,8.372756031823586,264.47437748659956,0.5112968436812407,0.5,23.0,-1.5,2025.0,3.0,2,0.147465762305844,johnny mundt,1200.0,0.07692307692307693,0.07054268538276706
00-0032464,Kalif Raymond,WR,DET,BAL,5.495664727351094e-09,1.9958748247178308e-07,0.10436743918248491,0.3964288434377759,0.9075803174777363,0.024942193561133894,1.6158103009355747,14.810840759286913,0.9602105018716295,14.05110170991176,1.2288910968791238,0.04201036765748537,0.05076320858933022,0.12611625770750826,3.3892252735872743,246.3644205705692,0.7030399766902661,-1.1224292398194406,287.87392074109124,0.48251641339929346,0.75,24.0,4.5,2025.0,3.0,3,0.1474239350786166,kalif raymond,650.0,0.13333333333333333,0.01409060174528326
00-0036876,Kylen Granson,TE,PHI,LA,1.97555933585559e-07,8.385310786088503e-06,0.11712572696782911,0.4359774940899773,0.9667918630068671,0.059194732388488346,0.88214822395565,19.55629261535405,-0.6618012934655051,10.389283236076034,1.2669683774588194,4.733261471060361e-06,0.0728589549155902,0.14799410099488086,2.9195173936299317,213.5774625033715,0.8291607159652068,5.747307381363946,230.65944650496326,0.4061734849136826,1.0,24.0,-3.5,2025.0,3.0,3,0.14733869867497038,kylen granson,1500.0,0.0625,0.08483869867497038
00-0040164,Jaylin Lane,WR,WAS,LV,0.0,0.0,0.0,0.4294117647058823,0.3,0.01,1.071764705882353,17.647058823529413,-2.2640129449941657,5.705882352941177,1.0,0.0,0.0872210953346856,0.17510741782808786,3.0791221157799806,262.0369125612079,1.2423512170828008,8.547879610507932,262.4630513790614,0.3069095383093826,1.0,24.0,-3.5,2025.0,3.0,4,0.14714087195958758,jaylin lane,550.0,0.15384615384615385,-0.006705281886566272
00-0039144,Luke Musgrave,TE,GB,CLE,0.00014841793175634038,0.005936717270253614,0.32076664661101906,0.3058071100225494,2.037921048145791,0.0368902543105136,2.00878099926625,13.028358192227556,0.6405880386301789,15.728740054243957,1.372268098845441,0.0041557020891775315,0.055718543032427445,0.11236403881140394,2.386152741522578,201.18804292848736,1.7576962026941942,9.10118571228429,237.4885250485291,0.5641498023294882,0.75,25.0,-8.5,2025.0,3.0,2,0.14692279273191527,luke musgrave,255.0,0.28169014084507044,-0.13476734811315516
00-0039751,Jordan Whittington,WR,LA,PHI,0.00014366316446251615,0.004166231769412976,0.6039738314883178,0.42886895010480286,1.8294272662655442,0.058974738129442754,1.5970696451586028,12.037000057993119,1.1705658488981807,26.860208016679852,1.2272058927613985,0.0,0.04025232107384118,0.09368464397822228,2.0838006093126427,179.6525696146404,0.9564926010401154,-2.4692825243399605,265.46633586148016,0.14730047888725403,0.4285714285714285,20.5,3.5,2025.0,3.0,3,0.14633910253748802,jordan whittington,800.0,0.1111111111111111,0.03522799142637692
00-0040739,Elijah Arroyo,TE,SEA,NO,0.0,0.0,0.5882352941176471,0.36294117647058827,3.615686274509804,0.023529411764705882,0.9652941176470589,5.588235294117648,0.8768337597892455,21.11764705882353,1.5882352941176472,0.0,0.07754010695187163,0.13294875150258623,2.407534651129448,231.9923422062492,1.1474359596436583,9.783358481835723,248.91679247395217,0.4503978134916653,0.4,24.5,-7.5,2025.0,3.0,2,0.1463205469739293,elijah arroyo,500.0,0.16666666666666666,-0.020346119692737363
00-0040126,Colston Loveland,TE,CHI,DAL,0.0,0.0,0.0,0.5464705882352942,0.9882352941176471,0.0,1.0858823529411765,15.0,-0.5705417268361677,4.941176470588235,0.8235294117647058,0.0,0.042046765230156234,0.09543068827492061,3.654770727982373,281.1115261896437,1.6728349438721037,12.380518455106754,303.66695345512966,0.18396596014230868,0.6666666666666666,24.5,1.5,2025.0,3.0,2,0.14625625469996756,colston loveland,400.0,0.2,-0.05374374530003245
00-0035631,Drew Sample,TE,CIN,MIN,0.000310412832031754,0.012106102551777048,0.00011729840858863463,0.5846600822544066,0.7811046495923751,0.02588909703467555,2.516008502011038,-1.1459863116784306,-0.2500675909391459,6.9720732848554805,1.3372353084155766,0.012565534629173099,0.04866703510559801,0.07077759030524479,1.9675327422325182,204.07505266624693,0.6069819352179632,0.5994744373114015,219.64281685337448,0.07452471957457124,0.6,19.25,3.0,2025.0,3.0,3,0.14592894989461128,drew sample,1300.0,0.07142857142857142,0.07450037846603985
00-0037539,Lucas Krull,TE,DEN,LAC,0.00011709502533703343,0.003910025367775089,0.018749202909951444,0.353929785415286,1.1750287873885348,0.008453498894111499,1.4997479186641434,7.628649988452921,0.06939504244988474,10.700501392195838,1.6337650471295064,0.002911411293950176,0.05955591501916379,0.116079032549836,2.9728478426159377,213.31048166505545,0.5954819744602671,-2.249064787097675,263.8781158662501,0.3745236098800593,0.75,21.5,2.5,2025.0,3.0,4,0.1458887548690419,lucas krull,1500.0,0.0625,0.0833887548690419
00-0040584,Gunnar Helm,TE,TEN,IND,0.0,0.0,0.0,0.3588235294117647,0.20588235294117646,0.026470588235294117,0.7782352941176471,12.588235294117647,0.1290195723173811,11.882352941176471,1.5882352941176472,0.0,0.07089184060721059,0.1357951252519012,2.306222028143563,210.98015331404417,1.3847033220606133,5.758191881437528,200.34894812274328,0.47111374735255923,0.3333333333333333,19.5,4.5,2025.0,3.0,2,0.14570992144403663,gunnar helm,1100.0,0.08333333333333333,0.062376588110703304
00-0034613,Tanner Hudson,TE,CIN,MIN,0.0009005541305293226,0.050428557440578774,0.003372907101427815,0.1356660107135178,2.85297113705182,0.06180152389153661,2.537638088113068,6.929162021089398,1.2627141841519511,15.6885212098639,1.7285599604667128,0.05332851170484073,0.04727061137314528,0.08875047211511058,1.9675327422325182,204.07505266624693,0.6069819352179632,0.5994744373114015,219.64281685337448,0.07452471957457124,0.6,19.25,3.0,2025.0,3.0,4,0.14526359623722448,tanner hudson,3000.0,0.03225806451612903,0.11300553172109545
00-0039920,Malachi Corley,WR,CLE,GB,0.00924634006744279,0.3606072626302694,0.0,0.34052215931628865,0.28187467695599394,0.19562943997692114,1.5339104251559625,15.015650355198153,-0.831497294914968,3.2239731708196606,0.5157044462875483,0.0,0.041378165238775515,0.10670184084251312,1.7309161753915232,218.5282963595761,0.9832246364056573,3.474574074470003,215.01235785253246,0.3261428124580465,0.6666666666666666,16.5,8.5,0.0,0.0,4,0.14511225483649928,malachi corley,1600.0,0.058823529411764705,0.08628872542473458
00-0039355,Luke McCaffrey,WR,WAS,LV,0.00032010080616137006,0.012163830634132065,0.020297436641158063,0.20205518984121143,0.5169780014644576,0.018572524094485,0.7706663512747298,10.529529364717224,0.1278791687075851,8.902603198179158,0.6889847856589015,0.0,0.02772297065737535,0.06929292800838073,3.0791221157799806,262.0369125612079,1.2423512170828008,8.547879610507932,262.4630513790614,0.3069095383093826,1.0,24.0,-3.5,2025.0,3.0,5,0.14496887332265945,luke mccaffrey,1200.0,0.07692307692307693,0.06804579639958253
00-0037348,Tanner Conner,TE,MIA,BUF,0.010545921323271824,0.32692356102142694,0.0,0.22147956449858588,0.4855692731470932,0.16599125021781286,0.7317209027405674,15.432764083131433,-1.1172453726007465,9.053494175366376,1.0863669932742017,0.0,0.06831861120812478,0.15106362592065925,2.5233626356800607,194.80807220657482,1.0148232481962065,8.376622928485652,197.87854830615598,0.5105648814225732,0.25,18.5,12.5,2025.0,3.0,3,0.14473126583746515,tanner conner,900.0,0.1,0.044731265837465145
00-0036590,Quintin Morris,TE,JAX,HOU,0.006258905814360763,0.18377530177596535,0.000488715158254385,0.27298496986797893,0.5364221462324962,0.06699542191471677,0.7914518304020419,7.5020458174573195,0.07428666106301889,5.133105940808267,0.7200263197605543,0.03029478933378286,0.037678146977720296,0.08124758798312803,3.349521896313593,230.827565735838,0.9934937154562653,8.372756031823586,264.47437748659956,0.5112968436812407,0.5,23.0,-1.5,0.0,0.0,4,0.14467815838661416,quintin morris,1400.0,0.06666666666666667,0.07801149171994749
00-0038547,Luke Schoonmaker,TE,DAL,CHI,0.0008688271487313023,0.029472305247143404,0.066713245692822,0.3442340257277795,0.8863998187137423,0.017546385337424027,1.662897320511136,14.578199330997037,-0.026604945107445422,7.49785991932108,0.8848620119629987,0.025237415295361634,0.046847104907046154,0.10332052569857342,3.45487248745295,244.65498468423627,1.7421214731800538,9.658071814998499,200.89151992546925,0.4221677605614388,0.75,26.0,-1.5,2025.0,3.0,2,0.14465706613671261,luke schoonmaker,1000.0,0.09090909090909091,0.0537479752276217
00-0039739,Roman Wilson,WR,PIT,NE,0.0,0.0,0.0,0.35,0.3043478260869565,0.01,1.58,23.0,-1.351503019221127,7.0,1.0,0.0,0.064516129032258,0.1833333333333333,3.9607754534845534,265.7907832774278,0.9581473650992105,12.348639732784902,286.25352399016214,0.05800530801414254,0.5,23.0,-1.5,2025.0,3.0,3,0.14433217074205346,roman wilson,800.0,0.1111111111111111,0.03322105963094235
00-0040729,Jack Bech,WR,LV,WAS,0.0,0.0,1.0,0.06,1.7692307692307692,0.0,0.84,13.0,2.974110698560253,23.0,1.0,0.0,0.0303030303030303,0.0714545454545454,3.056738808689271,227.83630616722328,0.5020428118294664,5.205153438202956,295.4522246493855,0.512071842382608,0.0,20.5,3.5,2025.0,3.0,4,0.14425949323074183,jack bech,600.0,0.14285714285714285,0.0014023503735989817
00-0038558,Darnell Washington,TE,PIT,NE,0.0016088316657393625,0.05459473172342339,0.08109097534922702,0.4552245888562728,0.7165164343946542,0.04241079140094224,1.345418146145317,8.242778846667484,0.33310038589758784,7.815441648285753,0.8049805633202657,0.0041540103039922555,0.0493651935543459,0.10176262092577952,3.9607754534845534,265.7907832774278,0.9581473650992105,12.348639732784902,286.25352399016214,0.05800530801414254,0.5,23.0,-1.5,2025.0,3.0,3,0.1442285894918596,darnell washington,1000.0,0.09090909090909091,0.05331949858276869
00-0034798,Durham Smythe,TE,CHI,DAL,0.007506819944848137,0.3060807621111129,0.00252324593697007,0.2884685361984337,0.5817955335445111,0.1222415544533933,1.8117166327817273,5.9357513293089115,-0.21408101124508933,3.8235417091695227,0.5882220965122115,4.449809305548608e-06,0.03481503248319108,0.07096013385847258,3.654770727982373,281.1115261896437,1.6728349438721037,12.380518455106754,303.66695345512966,0.18396596014230868,0.6666666666666666,24.5,1.5,2025.0,3.0,3,0.14373576348124834,durham smythe,2000.0,0.047619047619047616,0.09611671586220072
00-0040194,Jackson Hawes,TE,BUF,MIA,0.0,0.0,0.4117647058823529,0.35470588235294115,0.45927601809954754,0.061764705882352944,1.4623529411764704,9.529411764705882,1.250534176686094,14.88235294117647,1.0,0.0,0.03267973856209149,0.06211428955143695,2.723420938628441,245.82796745682745,1.3784492362838612,10.757370924887677,185.9366425758777,0.2554361986253772,0.4,31.0,-12.5,2025.0,3.0,3,0.1433946072747205,jackson hawes,1300.0,0.07142857142857142,0.07196603584614908
00-0038938,Jalin Hyatt,WR,NYG,KC,4.092208335590178e-05,0.0011867404173211543,0.007418213604975929,0.3153105500049301,0.40821205772001085,0.02242560087016666,0.8249732409972801,32.90658378593074,-0.9374609118786954,6.270448166018874,0.7873239469545165,0.0,0.05406914474817516,0.2053139809226335,3.002142722845786,220.7320846225701,1.4166911375993896,8.191704374595512,238.5564512422925,0.10538074985146975,0.125,19.75,6.0,2025.0,3.0,4,0.14334933903394545,jalin hyatt,1500.0,0.0625,0.08084933903394545
00-0038519,Nikko Remigio,WR,KC,NYG,0.0,0.0,0.6473086508224253,0.16860360158610238,0.5015552298670392,0.006473086508224253,0.29890621184189065,16.136946972017633,0.6472921059627588,14.554636936673925,0.6473086508224253,0.0,0.06781177150111785,0.17485373766783077,2.433790169029483,285.1907411190419,1.1987449626151134,11.790662879587133,293.1014035389026,0.4550922902684911,0.3333333333333333,25.75,-6.0,2025.0,3.0,7,0.14281915634428932,nikko remigio,1400.0,0.06666666666666667,0.07615248967762266
00-0038840,Brycen Tremayne,WR,CAR,ATL,0.0,0.0,0.3947887879984209,0.2002013422818792,0.3056429326439387,0.014551914725621791,1.6518041847611529,24.206079747335178,1.0934754924960726,18.679036715357284,1.319778918278721,0.0,0.042259505071146106,0.10846596034098288,2.32236250631193,202.7506062851912,0.9514137512215605,5.310292797663825,269.1631996698634,0.3820508916263106,0.75,19.0,5.5,2025.0,3.0,4,0.14271805289270262,brycen tremayne,900.0,0.1,0.04271805289270261
00-0036429,Charlie Woerner,TE,ATL,CAR,0.0,0.0,0.004154709237305439,0.5400952972260775,0.5438940674679998,0.004120154404161192,0.8728092468592608,3.4819198521996686,-0.562552960102691,3.3780525003202038,0.5699777854066143,0.0,0.0422869885714239,0.0756444913374613,3.178918405546798,235.240206203497,1.2475762278601545,9.029731868012524,229.7980099867842,0.412524494152715,0.2,24.5,-5.5,2025.0,3.0,2,0.1425354855060684,charlie woerner,1200.0,0.07692307692307693,0.06561240858299147
00-0038046,Charlie Kolar,TE,BAL,DET,0.0011186500351595646,0.04160184213722403,0.05263109854630741,0.3393043140351581,1.7626494090577858,0.02522685847862586,1.4759334403593956,4.528196403319268,0.4347812087179027,7.61178886862459,0.7990581166670614,0.041259602200661286,0.035160297359997796,0.06543280691246398,3.825318000338281,244.35853096314946,1.2320000444930022,6.179361023510649,308.3628901687074,0.3188732529136597,0.3333333333333333,28.5,-4.5,2025.0,3.0,3,0.14245232020700088,charlie kolar,550.0,0.15384615384615385,-0.011393833639152973
00-0036741,Jack Stoll,TE,NO,SEA,0.0,0.0,0.002376792258742362,0.4054619773220225,0.4979036479958202,0.0074873784650116414,0.3190350031692853,1.790946869975236,-0.044865232639100194,2.2616967694548005,0.33697057713839407,0.0,0.01870611284837561,0.033650476877987154,3.5561498436675603,241.70288821216602,0.8739132322902243,5.634363980187244,218.04955021487123,0.5794048095149831,1.0,17.0,7.5,2025.0,3.0,2,0.1416102945185023,jack stoll,2000.0,0.047619047619047616,0.09399124689945468
00-0038115,Daniel Bellinger,TE,NYG,KC,6.013000584414674e-08,1.6235101577919621e-06,0.002187534315893897,0.43343805628277565,1.8377250768724855,0.033242952280491185,1.0274611119408816,5.404594257786245,0.6190099599561446,8.38736516049616,0.9429693615429922,3.149772057132188e-06,0.032153468924615396,0.06501498972981308,3.002142722845786,220.7320846225701,1.4166911375993896,8.191704374595512,238.5564512422925,0.10538074985146975,0.125,19.75,6.0,2025.0,3.0,2,0.14156169193478702,daniel bellinger,650.0,0.13333333333333333,0.008228358601453684
00-0038573,Derius Davis,WR,LAC,DEN,0.004896074883163692,0.17493094667303508,0.10290055686649123,0.1520655032975399,0.538010183092937,0.044991114275321174,1.3593044391792315,3.9003621606556895,0.5421417434917436,6.492182276367658,0.6530820015546054,0.17493094667303508,0.022528925008957233,0.04279184896176763,2.5351764397861496,243.182616683115,0.45088529080194006,6.826193173818093,279.2994793720019,0.08604602025414061,0.2,24.0,-2.5,2025.0,3.0,6,0.14136633961313655,derius davis,1300.0,0.07142857142857142,0.06993776818456512
00-0034365,Ian Thomas,TE,LV,WAS,0.00037833358090709663,0.012106744874228803,0.017394901648125547,0.2648286082144702,0.6706724277139076,0.015953065014017585,0.7527718262079565,6.336054088717538,-0.7832484474428839,2.7335327779427567,0.6819103610331153,7.707707393555745e-09,0.04877119583199218,0.09813207964412539,3.056738808689271,227.83630616722328,0.5020428118294664,5.205153438202956,295.4522246493855,0.512071842382608,0.0,20.5,3.5,2025.0,3.0,3,0.14124036752178726,ian thomas,1300.0,0.07142857142857142,0.06981179609321583
00-0035298,Scott Miller,WR,PIT,NE,0.00040667385503128815,0.010203300889933042,0.2574133491703657,0.2625259005211465,0.5613148789490775,0.024286580876157867,0.724745639220803,15.26654000801344,0.5631820496182198,10.79983285496553,0.713432092625826,0.010094513786856243,0.052368070719184756,0.1260768173692112,3.9607754534845534,265.7907832774278,0.9581473650992105,12.348639732784902,286.25352399016214,0.05800530801414254,0.5,23.0,-1.5,2025.0,3.0,4,0.14058830719435675,scott miller,1600.0,0.058823529411764705,0.08176477778259204
00-0040782,Isaiah Bond,WR,CLE,GB,0.0,0.0,0.0,0.33882352941176475,0.39215686274509803,0.029411764705882356,1.157058823529412,3.647058823529412,-0.8045305432066979,5.588235294117648,1.0,0.0,0.05284552845528451,0.08692289298458593,1.7309161753915232,218.5282963595761,0.9832246364056573,3.474574074470003,215.01235785253246,0.3261428124580465,0.6666666666666666,16.5,8.5,2025.0,3.0,3,0.1401516180005903,isaiah bond,1000.0,0.09090909090909091,0.0492425270914994
00-0037654,Tucker Fisk,TE,LAC,DEN,0.0010216349902263746,0.03677885964814958,0.0,0.37155914620313696,1.3473044013202475,0.024289059147226958,1.5622673552528008,3.4407633197866874,0.3793765020014156,6.587212616137036,0.9742547982462955,0.0,0.03135859612355893,0.055153324801964755,2.5351764397861496,243.182616683115,0.45088529080194006,6.826193173818093,279.2994793720019,0.08604602025414061,0.2,24.0,-2.5,2025.0,3.0,4,0.13994302696616487,tucker fisk,1500.0,0.0625,0.07744302696616487
00-0039686,Colson Yankoff,TE,WAS,LV,0.0,0.0,0.0,0.04107316721358768,0.0,0.0,0.0,0.0,0.0,0.0,0.0,0.0,0.0,0.0,3.0791221157799806,262.0369125612079,1.2423512170828008,8.547879610507932,262.4630513790614,0.3069095383093826,1.0,24.0,-3.5,2025.0,3.0,4,0.1397397678119563,colson yankoff,3000.0,0.03225806451612903,0.10748170329582726
00-0038720,Julian Hill,TE,MIA,BUF,0.00015113294002560155,0.005871602416008893,0.0,0.5459901687885512,0.4173207902690225,0.008512910099267156,1.2717344585576849,1.9703636808340093,0.32590241983519846,2.540050079295021,0.2661311604108761,0.0,0.015270831310690965,0.029360092993129628,2.5233626356800607,194.80807220657482,1.0148232481962065,8.376622928485652,197.87854830615598,0.5105648814225732,0.25,18.5,12.5,2025.0,3.0,2,0.1396250541378611,julian hill,1200.0,0.07692307692307693,0.06270197721478418
00-0040138,Jaylin Noel,WR,HOU,JAX,0.0,0.0,0.0,0.29352941176470587,1.4411764705882353,0.004117647058823529,0.061764705882352944,0.8235294117647058,-0.3058361780507874,2.8823529411764706,0.4117647058823529,0.0,0.030501089324618702,0.049103207174342585,3.2330036844975587,249.09214976466356,1.2775567329015354,1.5674617646081483,309.526120240255,0.1599843345916856,0.0,21.5,1.5,2025.0,3.0,6,0.13947442520510855,jaylin noel,700.0,0.125,0.014474425205108554
00-0038710,Blake Whiteheart,TE,CLE,GB,0.0012019446884565578,0.03846223003060985,0.054946042900871225,0.33365313214021497,0.7207599112961934,0.030998058400971088,1.2817516891323089,7.837198278158988,-0.8997200098688984,4.251139737264611,0.7261027867291265,0.03846223003060985,0.030283439329790867,0.06559148515589068,1.7309161753915232,218.5282963595761,0.9832246364056573,3.474574074470003,215.01235785253246,0.3261428124580465,0.6666666666666666,16.5,8.5,2025.0,3.0,3,0.13930355003210468,blake whiteheart,1200.0,0.07692307692307693,0.06238047310902775
00-0040184,KeAndre Lambert-Smith,WR,LAC,DEN,0.012110726643598593,0.4117647058823529,0.0,0.14941176470588236,0.0,0.11941176470588234,1.0458823529411765,12.352941176470589,-0.2667174402021748,0.0,0.0,0.0,0.012110726643598593,0.04344988769501606,2.5351764397861496,243.182616683115,0.45088529080194006,6.826193173818093,279.2994793720019,0.08604602025414061,0.2,24.0,-2.5,2025.0,3.0,5,0.13883282068242375,keandre lambertsmith,1100.0,0.08333333333333333,0.05549948734909042
00-0036862,Ben Skowronek,WR,PIT,NE,3.874527169085994e-05,0.0014310761409094066,0.24574766836209608,0.13786969461926832,1.143972768056917,0.007233243090118109,0.5731515300657557,4.759052514901995,1.0943481995357829,9.458409944836607,0.5572715086772464,0.21034528392157037,0.020841715607435002,0.04958446784900177,3.9607754534845534,265.7907832774278,0.9581473650992105,12.348639732784902,286.25352399016214,0.05800530801414254,0.5,23.0,-1.5,2025.0,3.0,5,0.13810507281935744,ben skowronek,2000.0,0.047619047619047616,0.09048602520030982
00-0040244,Moliki Matavao,TE,NO,SEA,0.0,0.0,0.0,0.0,0.0,0.0,0.0,0.0,0.0,0.0,0.0,0.0,0.0,0.0,3.5561498436675603,241.70288821216602,0.8739132322902243,5.634363980187244,218.04955021487123,0.5794048095149831,1.0,17.0,7.5,2025.0,3.0,3,0.13788059611335418,moliki matavao,2500.0,0.038461538461538464,0.09941905765181572
00-0039410,Ryan Flournoy,WR,DAL,CHI,0.0,0.0,0.10589116327119301,0.18213611170353475,0.5941652144690611,0.013661794788465877,1.1200097767366108,10.085880046656339,0.04863195996550791,9.286679464615032,1.0428112076542113,0.0,0.03977909066720897,0.08733715829289458,3.45487248745295,244.65498468423627,1.7421214731800538,9.658071814998499,200.89151992546925,0.4221677605614388,0.75,26.0,-1.5,2025.0,3.0,5,0.13786726703172694,ryan flournoy,1100.0,0.08333333333333333,0.054533933698393613
00-0039631,Cam Grandy,TE,CIN,MIN,0.0,0.0,0.0,0.12710225029609157,3.3767601000131595,0.058033951835767865,3.3693762337149624,3.066324516383735,0.77760683570316,7.8089222266087654,1.1934465061192263,0.0,0.027783930743130163,0.05138630070639126,1.9675327422325182,204.07505266624693,0.6069819352179632,0.5994744373114015,219.64281685337448,0.07452471957457124,0.6,19.25,3.0,2025.0,3.0,5,0.13740539571039545,cam grandy,2800.0,0.034482758620689655,0.1029226370897058
00-0040735,Luther Burden III,WR,CHI,DAL,0.0,0.0,0.0,0.21705882352941178,0.4901960784313726,0.07647058823529412,1.0858823529411765,1.4705882352941178,-1.1087602022898329,1.7058823529411766,1.0,0.0,0.0477613505295166,0.07349338971089682,3.654770727982373,281.1115261896437,1.6728349438721037,12.380518455106754,303.66695345512966,0.18396596014230868,0.6666666666666666,24.5,1.5,2025.0,3.0,4,0.1373748215045295,luther burden,750.0,0.11764705882352941,0.0197277626810001
00-0040187,Mitchell Evans,TE,CAR,ATL,0.0,0.0,0.0,0.07,1.8,0.01,3.45,5.0,0.8130568566266447,9.0,1.0,0.0,0.0188679245283018,0.0376352201257861,2.32236250631193,202.7506062851912,0.9514137512215605,5.310292797663825,269.1631996698634,0.3820508916263106,0.75,19.0,5.5,2025.0,3.0,3,0.13730047048148977,mitchell evans,1400.0,0.06666666666666667,0.0706338038148231
00-0036497,Tim Jones,WR,MIN,CIN,0.0,0.0,0.050545073072595106,0.20256277032032155,0.3787275624211211,0.003448617647196439,0.513136217136255,5.190387458602977,0.20458185557358385,4.5656606446399195,0.3933841133974177,0.0,0.021313400489435468,0.05180779882014107,2.6456741870669225,244.69897399737843,1.0062402046854033,3.6119887771090062,250.58040755744986,0.27040917220777794,0.0,22.25,-3.0,2025.0,3.0,6,0.13728632506811855,tim jones,1700.0,0.05555555555555555,0.081730769512563
00-0039379,Jamari Thrash,WR,CLE,GB,0.0,0.0,0.0,0.31569962949831515,0.9319639363206524,0.023462570498736887,1.1963032246581238,7.96991299397585,0.06703957592912824,3.629228702536088,0.6423244142562908,0.0,0.02637155327827167,0.06043529972419092,1.7309161753915232,218.5282963595761,0.9832246364056573,3.474574074470003,215.01235785253246,0.3261428124580465,0.6666666666666666,16.5,8.5,2025.0,3.0,4,0.13690936971264292,jamari thrash,900.0,0.1,0.036909369712642914
00-0040131,Kyle Williams,WR,NE,PIT,0.0,0.0,0.0,0.1,1.0,0.01,1.64,12.0,0.7949473195185419,12.0,1.0,0.0,0.0222222222222222,0.0571293673276676,2.9730081226384617,265.6659799689118,1.1651392772510214,10.240063821118685,214.99759852719114,0.589045912357535,0.6,21.5,1.5,2025.0,3.0,5,0.13632854448794357,kyle williams,1600.0,0.058823529411764705,0.07750501507617887
00-0034487,Trent Sherfield,WR,DEN,LAC,8.51013144435818e-05,0.0033541895950574283,4.410853910278119e-05,0.2503656175008442,0.5545071696782526,0.019004066893247903,1.2429681265759398,1.3273954529331453,0.043963916695548305,2.857116321574864,0.6596149315703524,0.009908602860439951,0.02046670486132536,0.035554033000300904,2.9728478426159377,213.31048166505545,0.5954819744602671,-2.249064787097675,263.8781158662501,0.3745236098800593,0.75,21.5,2.5,2025.0,3.0,5,0.13601783674867007,trent sherfield,1300.0,0.07142857142857142,0.06458926532009865
00-0037311,Ko Kieft,TE,TB,NYJ,0.0,0.0,0.0,0.12948085534572334,0.0038377567928353606,0.026639897106440977,0.1359602224666949,0.5178650304138886,0.03371346528761124,0.12191898888246301,0.052517300760959125,0.05076630282924856,0.003461848040884582,0.006513039812706889,2.8792460203842394,217.20381121029115,0.9079972935425729,9.150112936299884,184.37134302914276,0.4921976049140071,0.75,25.25,-7.0,2025.0,3.0,3,0.13588676947510464,ko kieft,1200.0,0.07692307692307693,0.05896369255202771
00-0039589,Kameron Johnson,WR,TB,NYJ,0.0017368974381956367,0.08163417959519512,0.0,0.09552113614649954,0.0,0.04408245698140536,1.0585953889098558,0.24490253878558535,-0.1345204357391829,0.0,0.0,0.0,0.0017368974381956367,0.003173001048518324,2.8792460203842394,217.20381121029115,0.9079972935425729,9.150112936299884,184.37134302914276,0.4921976049140071,0.75,25.25,-7.0,2025.0,3.0,7,0.13537587067540632,kameron johnson,600.0,0.14285714285714285,-0.007481272181736526
00-0038590,Justin Shorter,WR,LV,WAS,0.0,0.0,0.0,0.004117647058823529,0.0,0.0,0.0,0.0,0.0,0.0,0.0,0.0,0.0,0.0,3.056738808689271,227.83630616722328,0.5020428118294664,5.205153438202956,295.4522246493855,0.512071842382608,0.0,20.5,3.5,2025.0,3.0,5,0.1353320546516496,justin shorter,1300.0,0.07142857142857142,0.06390348322307818
00-0039530,Brevyn Spann-Ford,TE,DAL,CHI,0.00045956858294259794,0.01746360615181872,0.0,0.2092176633937717,1.221953946247852,0.010775222421141976,1.1797203892194394,7.621283562602974,-0.12666257764159017,3.2642859656901164,0.6023629593032727,0.0,0.022440752751183873,0.05094060685754363,3.45487248745295,244.65498468423627,1.7421214731800538,9.658071814998499,200.89151992546925,0.4221677605614388,0.75,26.0,-1.5,2025.0,3.0,3,0.13527384715566398,brevyn spannford,1200.0,0.07692307692307693,0.05835077023258706
00-0040009,Savion Williams,WR,GB,CLE,0.0,0.0,0.0,0.11882352941176472,0.0,0.024705882352941175,2.7464705882352938,-1.2352941176470587,-0.16273184830103726,0.4117647058823529,0.4117647058823529,0.0,0.01871657754010693,0.024657056498488688,2.386152741522578,201.18804292848736,1.7576962026941942,9.10118571228429,237.4885250485291,0.5641498023294882,0.75,25.0,-8.5,2025.0,3.0,4,0.13525731898012158,savion williams,600.0,0.14285714285714285,-0.007599823877021267
00-0040509,Ben Yurosek,TE,MIN,CIN,0.0,0.0,0.0,0.09,0.0,0.0,0.0,0.0,0.0,0.0,0.0,0.0,0.0,0.0,2.6456741870669225,244.69897399737843,1.0062402046854033,3.6119887771090062,250.58040755744986,0.27040917220777794,0.0,22.25,-3.0,0.0,0.0,4,0.13525289134056068,ben yurosek,2200.0,0.043478260869565216,0.09177463047099546
00-0040237,Tez Johnson,WR,TB,NYJ,0.0,0.0,0.0,0.14,0.0,0.01,1.08,5.0,-0.7956633317517117,0.0,0.0,0.0,0.0333333333333333,0.0604790419161676,2.8792460203842394,217.20381121029115,0.9079972935425729,9.150112936299884,184.37134302914276,0.4921976049140071,0.75,25.25,-7.0,2025.0,3.0,5,0.1349418912513394,tez johnson,800.0,0.1111111111111111,0.023830780140228297
00-0040506,Myles Price,WR,MIN,CIN,0.0,0.0,0.0,0.0,0.0,0.0,0.0,0.0,0.0,0.0,0.0,0.0,0.0,0.0,2.6456741870669225,244.69897399737843,1.0062402046854033,3.6119887771090062,250.58040755744986,0.27040917220777794,0.0,22.25,-3.0,2025.0,3.0,5,0.13470916034124975,myles price,1500.0,0.0625,0.07220916034124975
00-0040154,Tai Felton,WR,MIN,CIN,0.0,0.0,0.0,0.0,0.0,0.0,0.0,0.0,0.0,0.0,0.0,0.0,0.0,0.0,2.6456741870669225,244.69897399737843,1.0062402046854033,3.6119887771090062,250.58040755744986,0.27040917220777794,0.0,22.25,-3.0,2025.0,3.0,4,0.13470916034124975,tai felton,1800.0,0.05263157894736842,0.08207758139388133
00-0040432,Beaux Collins,WR,NYG,KC,0.0,0.0,0.0,0.0,0.0,0.0,0.0,0.0,0.0,0.0,0.0,0.0,0.0,0.0,3.002142722845786,220.7320846225701,1.4166911375993896,8.191704374595512,238.5564512422925,0.10538074985146975,0.125,19.75,6.0,2025.0,3.0,5,0.13455021051437938,beaux collins,1100.0,0.08333333333333333,0.05121687718104605
00-0037306,John FitzPatrick,TE,GB,CLE,0.0,0.0,0.0,0.22949370488615076,1.1043224295093448,0.0,0.8175793986746772,1.0424422933730455,-0.15296276953340598,2.2086448590186896,0.5212211466865228,0.0,0.02182095709701468,0.035677867443395496,2.386152741522578,201.18804292848736,1.7576962026941942,9.10118571228429,237.4885250485291,0.5641498023294882,0.75,25.0,-8.5,2025.0,3.0,3,0.13439594097415555,john fitzpatrick,600.0,0.14285714285714285,-0.008461201882987296
00-0040241,Dominic Lovett,WR,DET,BAL,0.0,0.0,0.0,0.0,0.0,0.0,0.0,0.0,0.0,0.0,0.0,0.0,0.0,0.0,3.3892252735872743,246.3644205705692,0.7030399766902661,-1.1224292398194406,287.87392074109124,0.48251641339929346,0.75,24.0,4.5,2025.0,3.0,5,0.13378630821244097,dominic lovett,1500.0,0.0625,0.07128630821244097
00-0035645,Gunner Olszewski,WR,NYG,KC,0.0,0.0,0.00023977431128309587,0.011795770376638285,0.0015049042005397333,5.974767293299291e-05,0.011127551661348437,0.022927085788639914,-0.018107873505046685,0.017952332032599248,0.0052550929470447216,7.707707333622934e-09,0.00021836633955557715,0.0003730645065484256,3.002142722845786,220.7320846225701,1.4166911375993896,8.191704374595512,238.5564512422925,0.10538074985146975,0.125,19.75,6.0,2025.0,3.0,6,0.13325348690552277,gunner olszewski,1500.0,0.0625,0.07075348690552277
00-0040737,Terrance Ferguson,TE,LA,PHI,0.0,0.0,0.0,0.0,0.0,0.0,0.0,0.0,0.0,0.0,0.0,0.0,0.0,0.0,2.0838006093126427,179.6525696146404,0.9564926010401154,-2.4692825243399605,265.46633586148016,0.14730047888725403,0.4285714285714285,20.5,3.5,2025.0,3.0,4,0.13323400189564746,terrance ferguson,1700.0,0.05555555555555555,0.07767844634009191
00-0040590,Konata Mumpfield,WR,LA,PHI,0.0,0.0,0.0,0.0,0.0,0.0,0.0,0.0,0.0,0.0,0.0,0.0,0.0,0.0,2.0838006093126427,179.6525696146404,0.9564926010401154,-2.4692825243399605,265.46633586148016,0.14730047888725403,0.4285714285714285,20.5,3.5,2025.0,3.0,5,0.13323400189564746,konata mumpfield,1700.0,0.05555555555555555,0.07767844634009191
00-0040189,Oronde Gadsden II,TE,LAC,DEN,0.0,0.0,0.0,0.0,0.0,0.0,0.0,0.0,0.0,0.0,0.0,0.0,0.0,0.0,2.5351764397861496,243.182616683115,0.45088529080194006,6.826193173818093,279.2994793720019,0.08604602025414061,0.2,24.0,-2.5,2025.0,3.0,3,0.1331006937691378,oronde gadsden,1900.0,0.05,0.0831006937691378
00-0040646,Jalen Royals,WR,KC,NYG,0.0,0.0,0.0,0.0,0.0,0.0,0.0,0.0,0.0,0.0,0.0,0.0,0.0,0.0,2.433790169029483,285.1907411190419,1.1987449626151134,11.790662879587133,293.1014035389026,0.4550922902684911,0.3333333333333333,25.75,-6.0,2025.0,3.0,5,0.13276150484305724,jalen royals,500.0,0.16666666666666666,-0.03390516182360942
00-0036331,Devin Duvernay,WR,CHI,DAL,1.0119627216911615e-07,3.151087430337396e-06,0.05042369172337574,0.11445920182130684,0.3068254669241263,0.016361945932223756,0.35535271345264086,5.8970216965167195,0.18784574429350193,3.5966467422119535,0.486544822096796,2.036376905353726e-06,0.018899270132842323,0.04230335746728036,3.654770727982373,281.1115261896437,1.6728349438721037,12.380518455106754,303.66695345512966,0.18396596014230868,0.6666666666666666,24.5,1.5,2025.0,3.0,5,0.13260630347476382,devin duvernay,1400.0,0.06666666666666667,0.06593963680809715
00-0037304,Connor Heyward,TE,PIT,NE,9.872393173957832e-07,3.5832610746491716e-05,1.4072462273545672e-05,0.1436329439607904,0.5709595208555184,0.00160165853442974,0.7072958921557249,3.0371389284102404,0.03438068488890092,3.1307660984558643,0.516351885223147,0.00847657861924334,0.017756890827053257,0.036229164128808646,3.9607754534845534,265.7907832774278,0.9581473650992105,12.348639732784902,286.25352399016214,0.05800530801414254,0.5,23.0,-1.5,0.0,0.0,4,0.13259917087590214,connor heyward,2000.0,0.047619047619047616,0.08498012325685453
00-0036620,Dee Eskridge,WR,MIA,BUF,0.0,0.0,0.0,0.0,0.0,0.0,0.0,0.0,0.0,0.0,0.0,0.0,0.0,0.0,2.5233626356800607,194.80807220657482,1.0148232481962065,8.376622928485652,197.87854830615598,0.5105648814225732,0.25,18.5,12.5,2025.0,3.0,5,0.13251994491917682,dee eskridge,2200.0,0.043478260869565216,0.0890416840496116
00-0038359,Xavier Smith,WR,LA,PHI,0.0,0.0,0.21070021857348525,0.030777819143311756,0.2281983920050198,0.012671176736795006,0.4168426912668891,7.588124230884057,0.5672287218421546,7.6027060420770045,0.21653294305066342,0.0,0.0076546239056887455,0.034981505075108145,2.0838006093126427,179.6525696146404,0.9564926010401154,-2.4692825243399605,265.46633586148016,0.14730047888725403,0.4285714285714285,20.5,3.5,2025.0,3.0,6,0.13251049597755177,xavier smith,1800.0,0.05263157894736842,0.07987891703018335
00-0040075,LaJohntay Wester,WR,BAL,DET,0.0,0.0,0.0,0.029411764705882356,0.0,0.0,0.0,0.0,0.0,0.0,0.0,0.0,0.0,0.0,3.825318000338281,244.35853096314946,1.2320000444930022,6.179361023510649,308.3628901687074,0.3188732529136597,0.3333333333333333,28.5,-4.5,2025.0,3.0,6,0.13224075705513316,lajohntay wester,1900.0,0.05,0.08224075705513316
00-0035021,Ashton Dulin,WR,IND,TEN,0.00022981808464738861,0.004963680160636264,0.0022120877461252815,0.14968782124802862,0.01002402666047042,0.00557665012732806,0.4972244021822319,4.086486775681753,-0.15563986270348515,0.20108790663109966,0.008977801647267624,0.0027560201085686416,0.005632430658654056,0.017268735933465378,3.302685558739719,218.74663526875815,1.0886759903544163,6.406556985218197,204.28143932892377,0.3510558904483784,0.3333333333333333,24.0,-4.5,2025.0,3.0,5,0.13198194503521055,ashton dulin,1400.0,0.06666666666666667,0.06531527836854388
00-0036825,Feleipe Franks,TE,ATL,CAR,0.0,0.0,0.0,0.06578598679131539,0.21023964997338562,0.00034919440396836537,0.8918849861013507,6.000788642314966,0.008519817845447033,2.5228757996806275,0.21023964997338562,0.0,0.010384415958778308,0.027240593442918477,3.178918405546798,235.240206203497,1.2475762278601545,9.029731868012524,229.7980099867842,0.412524494152715,0.2,24.5,-5.5,2025.0,3.0,4,0.13190622877373168,feleipe franks,2000.0,0.047619047619047616,0.08428718115468406
00-0037093,Dareke Young,WR,SEA,NO,0.0,0.0,0.0,0.05690912311888957,0.2919319352191697,0.0003698797478542201,0.02861727337760703,0.23558112799574146,-0.018346050590177614,0.2919319352191697,0.02432766126826413,0.0,0.0018618108113467443,0.003760385215878084,2.407534651129448,231.9923422062492,1.1474359596436583,9.783358481835723,248.91679247395217,0.4503978134916653,0.4,24.5,-7.5,2025.0,3.0,5,0.13162450858911368,dareke young,1300.0,0.07142857142857142,0.06019593716054225
00-0039648,David Martin-Robinson,TE,TEN,IND,0.0,0.0,0.0,0.1564307093144856,0.0,0.0,0.3325978147199884,0.0,0.05367266626819589,0.7421297464930944,0.12368829108218239,0.0,0.006453811400216144,0.009680717100324211,2.306222028143563,210.98015331404417,1.3847033220606133,5.758191881437528,200.34894812274328,0.47111374735255923,0.3333333333333333,19.5,4.5,2025.0,3.0,3,0.13161299632033158,david martinrobinson,1900.0,0.05,0.08161299632033157
00-0039816,Anthony Gould,WR,IND,TEN,0.0,0.0,0.05188667000288455,0.0062147777862655,0.0662996338925747,0.0005188667000288458,0.04047160260224996,0.9339600600519221,0.09799385541303149,1.1933934100663448,0.05188667000288455,0.0,0.0014412963889690112,0.004046013868860857,3.302685558739719,218.74663526875815,1.0886759903544163,6.406556985218197,204.28143932892377,0.3510558904483784,0.3333333333333333,24.0,-4.5,2025.0,3.0,6,0.13152426869484637,anthony gould,1800.0,0.05263157894736842,0.07889268974747796
00-0038576,Charlie Jones,WR,CIN,MIN,0.0,0.0,0.012115749531129826,0.02988298336605777,0.036457048492208176,0.0010422233612954772,0.044982045850406466,0.6593965811733769,0.047108924159466645,0.7200237918271505,0.06860203250802599,0.0,0.0023854139032194565,0.007176592139483188,1.9675327422325182,204.07505266624693,0.6069819352179632,0.5994744373114015,219.64281685337448,0.07452471957457124,0.6,19.25,3.0,2025.0,3.0,5,0.1314523853088918,charlie jones,2000.0,0.047619047619047616,0.08383333768984419
00-0036133,James Proche,WR,TEN,IND,1.9939758700370118e-05,0.0006978915545129559,1.931975365300787e-06,0.03215280751349653,0.07231792219771686,0.0029994756059594794,0.12714400944730406,1.91483910792858,-0.02532044241291567,1.4055066400486855,0.17975964845051423,0.0,0.007006280525469413,0.014947449418839078,2.306222028143563,210.98015331404417,1.3847033220606133,5.758191881437528,200.34894812274328,0.47111374735255923,0.3333333333333333,19.5,4.5,0.0,0.0,4,0.1312895950510433,james proche,1300.0,0.07142857142857142,0.059861023622471865
00-0031763,DeAndre Carter,WR,CLE,GB,7.993629627232132e-05,0.004155025561989685,4.62438697388894e-06,0.016401147942795232,0.05939895664090824,0.005529063118785996,0.05026308146218464,0.7312929406969838,-0.008489981660409261,0.5000554097631276,0.07734455916998462,5.932097482568517e-07,0.0032417193236903667,0.006654740755606963,1.7309161753915232,218.5282963595761,0.9832246364056573,3.474574074470003,215.01235785253246,0.3261428124580465,0.6666666666666666,16.5,8.5,2025.0,3.0,5,0.13127047459471525,deandre carter,850.0,0.10526315789473684,0.02600731669997841
